generation,HV_mean,HV_std,IGD_plus_mean,IGD_plus_std,Spacing_mean,Spacing_std,FeasRatio_soft_mean,FeasRatio_soft_std,FeasRatio_strict_mean,FeasRatio_strict_std,MinCost_best,MinEmis_best,MinTime_best,MinCost_mean,MinCost_std,MinEmis_mean,MinEmis_std,MinTime_mean,MinTime_std,boost_triggered_best
0,0.0067,0.0,1.1221593818703202,0.0,0.09155778327583988,0.0,0.4266666666666667,0.0,0.4266666666666667,0.0,7347887.051375923,9310513578.199999,388.04570948446457,7347887.051375923,0.0,9310513578.199999,0.0,388.04570948446457,0.0,0
1,0.0067,0.0,1.1221593818703202,0.0,0.09155778327583988,0.0,0.6833333333333333,0.0,0.6833333333333333,0.0,7347887.051375923,9310513578.199999,378.9371521951156,7347887.051375923,0.0,9310513578.199999,0.0,378.9371521951156,0.0,0
2,0.0067,0.0,1.1221593818703202,0.0,0.09155778327583988,0.0,0.9433333333333334,0.0,0.9433333333333334,0.0,7347887.051375923,9310513578.199999,370.3862247668756,7347887.051375923,0.0,9310513578.199999,0.0,370.3862247668756,0.0,0
3,0.0067,0.0,1.1221593818703202,0.0,0.09155778327583988,0.0,1.0,0.0,1.0,0.0,7272094.35273081,9310513578.199999,366.1501158674161,7272094.35273081,0.0,9310513578.199999,0.0,366.1501158674161,0.0,0
4,0.0067,0.0,1.1221593818703202,0.0,0.09155778327583988,0.0,1.0,0.0,1.0,0.0,7272094.35273081,9157661731.98,355.21003524901926,7272094.35273081,0.0,9157661731.98,0.0,355.21003524901926,0.0,0
5,0.03518,0.0,0.921312629802879,0.0,0.19501115750108425,0.0,1.0,0.0,1.0,0.0,7242597.103531418,8925768006.09,348.59703594268063,7242597.103531418,0.0,8925768006.09,0.0,348.59703594268063,0.0,0
6,0.03518,0.0,0.921312629802879,0.0,0.19501115750108425,0.0,1.0,0.0,1.0,0.0,7242597.103531418,8925768006.09,348.59703594268063,7242597.103531418,0.0,8925768006.09,0.0,348.59703594268063,0.0,0
7,0.03518,0.0,0.921312629802879,0.0,0.19501115750108425,0.0,1.0,0.0,1.0,0.0,7205130.908298312,8873675362.449999,348.59703594268063,7205130.908298312,0.0,8873675362.449999,0.0,348.59703594268063,0.0,0
8,0.03518,0.0,0.921312629802879,0.0,0.19501115750108425,0.0,1.0,0.0,1.0,0.0,7092174.263662457,8733367096.539999,348.59703594268063,7092174.263662457,0.0,8733367096.539999,0.0,348.59703594268063,0.0,0
9,0.03518,0.0,0.921312629802879,0.0,0.19501115750108425,0.0,1.0,0.0,1.0,0.0,6982011.631961281,8564695944.430001,348.50217968531655,6982011.631961281,0.0,8564695944.430001,0.0,348.50217968531655,0.0,0
10,0.12066,0.0,0.6743223350284078,0.0,0.04277509383515489,0.0,1.0,0.0,1.0,0.0,6943393.419042486,8517920121.86,332.2375118088736,6943393.419042486,0.0,8517920121.86,0.0,332.2375118088736,0.0,0
11,0.12066,0.0,0.6743223350284078,0.0,0.04277509383515489,0.0,1.0,0.0,1.0,0.0,6903684.648524787,8337622953.849999,332.2375118088736,6903684.648524787,0.0,8337622953.849999,0.0,332.2375118088736,0.0,0
12,0.12066,0.0,0.6743223350284078,0.0,0.04277509383515489,0.0,1.0,0.0,1.0,0.0,6830779.7267927155,8250845191.72,332.2375118088736,6830779.7267927155,0.0,8250845191.72,0.0,332.2375118088736,0.0,0
13,0.12066,0.0,0.6743223350284078,0.0,0.04277509383515489,0.0,1.0,0.0,1.0,0.0,6830779.7267927155,8246564598.569999,331.7939399976082,6830779.7267927155,0.0,8246564598.569999,0.0,331.7939399976082,0.0,0
14,0.12066,0.0,0.6743223350284078,0.0,0.04277509383515489,0.0,1.0,0.0,1.0,0.0,6826406.082645804,8236097808.27,331.7939399976082,6826406.082645804,0.0,8236097808.27,0.0,331.7939399976082,0.0,0
15,0.23226,0.0,0.49194195618169057,0.0,0.10272702254407108,0.0,1.0,0.0,1.0,0.0,6826406.082645804,8124827665.750001,320.05232514793266,6826406.082645804,0.0,8124827665.750001,0.0,320.05232514793266,0.0,0
16,0.23226,0.0,0.49194195618169057,0.0,0.10272702254407108,0.0,1.0,0.0,1.0,0.0,6724861.9780524485,8030807736.74,315.5016000133377,6724861.9780524485,0.0,8030807736.74,0.0,315.5016000133377,0.0,0
17,0.23226,0.0,0.49194195618169057,0.0,0.10272702254407108,0.0,1.0,0.0,1.0,0.0,6724861.9780524485,8030807736.74,315.5016000133377,6724861.9780524485,0.0,8030807736.74,0.0,315.5016000133377,0.0,0
18,0.23226,0.0,0.49194195618169057,0.0,0.10272702254407108,0.0,1.0,0.0,1.0,0.0,6724861.9780524485,8018762853.1,315.5016000133377,6724861.9780524485,0.0,8018762853.1,0.0,315.5016000133377,0.0,0
19,0.23226,0.0,0.49194195618169057,0.0,0.10272702254407108,0.0,1.0,0.0,1.0,0.0,6724861.9780524485,7851978409.579999,315.5016000133377,6724861.9780524485,0.0,7851978409.579999,0.0,315.5016000133377,0.0,0
20,0.38762,0.0,0.3189729098652191,0.0,0.045841872976807425,0.0,1.0,0.0,1.0,0.0,6596606.445415755,7851713373.099999,315.5016000133377,6596606.445415755,0.0,7851713373.099999,0.0,315.5016000133377,0.0,0
21,0.38762,0.0,0.3189729098652191,0.0,0.045841872976807425,0.0,1.0,0.0,1.0,0.0,6596606.445415755,7851713373.099999,315.5016000133377,6596606.445415755,0.0,7851713373.099999,0.0,315.5016000133377,0.0,0
22,0.38762,0.0,0.3189729098652191,0.0,0.045841872976807425,0.0,1.0,0.0,1.0,0.0,6596606.445415755,7851713373.099999,314.9519543221814,6596606.445415755,0.0,7851713373.099999,0.0,314.9519543221814,0.0,0
23,0.38762,0.0,0.3189729098652191,0.0,0.045841872976807425,0.0,1.0,0.0,1.0,0.0,6596606.445415755,7759091144.539998,314.9519543221814,6596606.445415755,0.0,7759091144.539998,0.0,314.9519543221814,0.0,0
24,0.38762,0.0,0.3189729098652191,0.0,0.045841872976807425,0.0,1.0,0.0,1.0,0.0,6589531.7157332385,7759091144.539998,314.9519543221814,6589531.7157332385,0.0,7759091144.539998,0.0,314.9519543221814,0.0,0
25,0.44968,0.0,0.263512221245373,0.0,0.03901861383710702,0.0,1.0,0.0,1.0,0.0,6589531.7157332385,7759091144.539998,314.9519543221814,6589531.7157332385,0.0,7759091144.539998,0.0,314.9519543221814,0.0,0
26,0.44968,0.0,0.263512221245373,0.0,0.03901861383710702,0.0,1.0,0.0,1.0,0.0,6529421.351204759,7732724541.189999,314.9519543221814,6529421.351204759,0.0,7732724541.189999,0.0,314.9519543221814,0.0,0
27,0.44968,0.0,0.263512221245373,0.0,0.03901861383710702,0.0,1.0,0.0,1.0,0.0,6529421.351204759,7682855998.51,314.9519543221814,6529421.351204759,0.0,7682855998.51,0.0,314.9519543221814,0.0,0
28,0.44968,0.0,0.263512221245373,0.0,0.03901861383710702,0.0,1.0,0.0,1.0,0.0,6529421.351204759,7682855998.51,314.9519543221814,6529421.351204759,0.0,7682855998.51,0.0,314.9519543221814,0.0,0
29,0.44968,0.0,0.263512221245373,0.0,0.03901861383710702,0.0,1.0,0.0,1.0,0.0,6529421.351204759,7631882390.989999,314.9519543221814,6529421.351204759,0.0,7631882390.989999,0.0,314.9519543221814,0.0,0
30,0.5309,0.0,0.19044880178537832,0.0,0.05296775401433022,0.0,1.0,0.0,1.0,0.0,6519198.857479191,7631882390.989999,314.9519543221814,6519198.857479191,0.0,7631882390.989999,0.0,314.9519543221814,0.0,0
31,0.5309,0.0,0.19044880178537832,0.0,0.05296775401433022,0.0,1.0,0.0,1.0,0.0,6519198.857479191,7607729027.409998,314.9519543221814,6519198.857479191,0.0,7607729027.409998,0.0,314.9519543221814,0.0,0
32,0.5309,0.0,0.19044880178537832,0.0,0.05296775401433022,0.0,1.0,0.0,1.0,0.0,6519198.857479191,7607729027.409998,314.9519543221814,6519198.857479191,0.0,7607729027.409998,0.0,314.9519543221814,0.0,0
33,0.5309,0.0,0.19044880178537832,0.0,0.05296775401433022,0.0,1.0,0.0,1.0,0.0,6519198.857479191,7557062713.559999,314.9519543221814,6519198.857479191,0.0,7557062713.559999,0.0,314.9519543221814,0.0,0
34,0.5309,0.0,0.19044880178537832,0.0,0.05296775401433022,0.0,1.0,0.0,1.0,0.0,6519198.857479191,7557062713.559999,314.9519543221814,6519198.857479191,0.0,7557062713.559999,0.0,314.9519543221814,0.0,0
35,0.57968,0.0,0.14999755564138822,0.0,0.02084882230009509,0.0,1.0,0.0,1.0,0.0,6499037.041366328,7557062713.559999,314.9519543221814,6499037.041366328,0.0,7557062713.559999,0.0,314.9519543221814,0.0,0
36,0.57968,0.0,0.14999755564138822,0.0,0.02084882230009509,0.0,1.0,0.0,1.0,0.0,6499037.041366328,7500307324.409999,314.9519543221814,6499037.041366328,0.0,7500307324.409999,0.0,314.9519543221814,0.0,0
37,0.57968,0.0,0.14999755564138822,0.0,0.02084882230009509,0.0,1.0,0.0,1.0,0.0,6499037.041366328,7500307324.409999,314.9519543221814,6499037.041366328,0.0,7500307324.409999,0.0,314.9519543221814,0.0,0
38,0.57968,0.0,0.14999755564138822,0.0,0.02084882230009509,0.0,1.0,0.0,1.0,0.0,6499037.041366328,7500307324.409999,314.9519543221814,6499037.041366328,0.0,7500307324.409999,0.0,314.9519543221814,0.0,0
39,0.57968,0.0,0.14999755564138822,0.0,0.02084882230009509,0.0,1.0,0.0,1.0,0.0,6499037.041366328,7489004606.939998,314.9519543221814,6499037.041366328,0.0,7489004606.939998,0.0,314.9519543221814,0.0,0
40,0.61838,0.0,0.11451740413678858,0.0,0.08576103894901095,0.0,1.0,0.0,1.0,0.0,6497703.397469508,7468018719.86,314.9519543221814,6497703.397469508,0.0,7468018719.86,0.0,314.9519543221814,0.0,0
41,0.61838,0.0,0.11451740413678858,0.0,0.08576103894901095,0.0,1.0,0.0,1.0,0.0,6497703.397469508,7467822853.61,314.9519543221814,6497703.397469508,0.0,7467822853.61,0.0,314.9519543221814,0.0,0
42,0.61838,0.0,0.11451740413678858,0.0,0.08576103894901095,0.0,1.0,0.0,1.0,0.0,6497703.397469508,7452046205.239998,314.9519543221814,6497703.397469508,0.0,7452046205.239998,0.0,314.9519543221814,0.0,0
43,0.61838,0.0,0.11451740413678858,0.0,0.08576103894901095,0.0,1.0,0.0,1.0,0.0,6492582.681757134,7452046205.239998,314.9519543221814,6492582.681757134,0.0,7452046205.239998,0.0,314.9519543221814,0.0,0
44,0.61838,0.0,0.11451740413678858,0.0,0.08576103894901095,0.0,1.0,0.0,1.0,0.0,6492582.681757134,7452046205.239998,314.9519543221814,6492582.681757134,0.0,7452046205.239998,0.0,314.9519543221814,0.0,0
45,0.63544,0.0,0.1023390384767011,0.0,0.06076950974029112,0.0,1.0,0.0,1.0,0.0,6492582.681757134,7447984933.939998,314.9519543221814,6492582.681757134,0.0,7447984933.939998,0.0,314.9519543221814,0.0,0
46,0.63544,0.0,0.1023390384767011,0.0,0.06076950974029112,0.0,1.0,0.0,1.0,0.0,6487130.388051573,7447984933.939998,314.9519543221814,6487130.388051573,0.0,7447984933.939998,0.0,314.9519543221814,0.0,0
47,0.63544,0.0,0.1023390384767011,0.0,0.06076950974029112,0.0,1.0,0.0,1.0,0.0,6487130.388051573,7417188048.259998,314.9519543221814,6487130.388051573,0.0,7417188048.259998,0.0,314.9519543221814,0.0,0
48,0.63544,0.0,0.1023390384767011,0.0,0.06076950974029112,0.0,1.0,0.0,1.0,0.0,6487130.388051573,7417188048.259998,314.9519543221814,6487130.388051573,0.0,7417188048.259998,0.0,314.9519543221814,0.0,0
49,0.63544,0.0,0.1023390384767011,0.0,0.06076950974029112,0.0,1.0,0.0,1.0,0.0,6487130.388051573,7399066776.959999,314.9519543221814,6487130.388051573,0.0,7399066776.959999,0.0,314.9519543221814,0.0,0
50,0.6561,0.0,0.09221607015998727,0.0,0.050228979641643474,0.0,1.0,0.0,1.0,0.0,6481818.08691149,7399066776.959999,314.9519543221814,6481818.08691149,0.0,7399066776.959999,0.0,314.9519543221814,0.0,0
51,0.6561,0.0,0.09221607015998727,0.0,0.050228979641643474,0.0,1.0,0.0,1.0,0.0,6481818.08691149,7399066776.959999,314.9519543221814,6481818.08691149,0.0,7399066776.959999,0.0,314.9519543221814,0.0,0
52,0.6561,0.0,0.09221607015998727,0.0,0.050228979641643474,0.0,1.0,0.0,1.0,0.0,6481818.08691149,7399066776.959999,314.9519543221814,6481818.08691149,0.0,7399066776.959999,0.0,314.9519543221814,0.0,0
53,0.6561,0.0,0.09221607015998727,0.0,0.050228979641643474,0.0,1.0,0.0,1.0,0.0,6481818.08691149,7399066776.959999,314.9519543221814,6481818.08691149,0.0,7399066776.959999,0.0,314.9519543221814,0.0,0
54,0.6561,0.0,0.09221607015998727,0.0,0.050228979641643474,0.0,1.0,0.0,1.0,0.0,6481818.08691149,7399066776.959999,314.9519543221814,6481818.08691149,0.0,7399066776.959999,0.0,314.9519543221814,0.0,0
55,0.66168,0.0,0.08901310020168715,0.0,0.029406145505724086,0.0,1.0,0.0,1.0,0.0,6481818.08691149,7384169852.0599985,314.9519543221814,6481818.08691149,0.0,7384169852.0599985,0.0,314.9519543221814,0.0,0
56,0.66168,0.0,0.08901310020168715,0.0,0.029406145505724086,0.0,1.0,0.0,1.0,0.0,6481818.08691149,7384169852.0599985,314.9519543221814,6481818.08691149,0.0,7384169852.0599985,0.0,314.9519543221814,0.0,0
57,0.66168,0.0,0.08901310020168715,0.0,0.029406145505724086,0.0,1.0,0.0,1.0,0.0,6481818.08691149,7384169852.0599985,314.9519543221814,6481818.08691149,0.0,7384169852.0599985,0.0,314.9519543221814,0.0,0
58,0.66168,0.0,0.08901310020168715,0.0,0.029406145505724086,0.0,1.0,0.0,1.0,0.0,6481818.08691149,7384169852.0599985,314.9519543221814,6481818.08691149,0.0,7384169852.0599985,0.0,314.9519543221814,0.0,0
59,0.66168,0.0,0.08901310020168715,0.0,0.029406145505724086,0.0,1.0,0.0,1.0,0.0,6481818.08691149,7384169852.0599985,314.9519543221814,6481818.08691149,0.0,7384169852.0599985,0.0,314.9519543221814,0.0,0
60,0.66706,0.0,0.08594570523578003,0.0,0.025898687223032485,0.0,1.0,0.0,1.0,0.0,6481818.08691149,7367847640.909999,314.9519543221814,6481818.08691149,0.0,7367847640.909999,0.0,314.9519543221814,0.0,0
61,0.66706,0.0,0.08594570523578003,0.0,0.025898687223032485,0.0,1.0,0.0,1.0,0.0,6481818.08691149,7367847640.909999,314.9519543221814,6481818.08691149,0.0,7367847640.909999,0.0,314.9519543221814,0.0,0
62,0.66706,0.0,0.08594570523578003,0.0,0.025898687223032485,0.0,1.0,0.0,1.0,0.0,6481818.08691149,7367847640.909999,314.9519543221814,6481818.08691149,0.0,7367847640.909999,0.0,314.9519543221814,0.0,0
63,0.66706,0.0,0.08594570523578003,0.0,0.025898687223032485,0.0,1.0,0.0,1.0,0.0,6481818.08691149,7353534069.139999,314.9519543221814,6481818.08691149,0.0,7353534069.139999,0.0,314.9519543221814,0.0,0
64,0.66706,0.0,0.08594570523578003,0.0,0.025898687223032485,0.0,1.0,0.0,1.0,0.0,6481818.08691149,7353534069.139999,314.9519543221814,6481818.08691149,0.0,7353534069.139999,0.0,314.9519543221814,0.0,0
65,0.67488,0.0,0.08032640239156713,0.0,0.025574854401821338,0.0,1.0,0.0,1.0,0.0,6481818.08691149,7353534069.139999,314.9519543221814,6481818.08691149,0.0,7353534069.139999,0.0,314.9519543221814,0.0,0
66,0.67488,0.0,0.08032640239156713,0.0,0.025574854401821338,0.0,1.0,0.0,1.0,0.0,6481818.08691149,7353534069.139999,314.9519543221814,6481818.08691149,0.0,7353534069.139999,0.0,314.9519543221814,0.0,0
67,0.67488,0.0,0.08032640239156713,0.0,0.025574854401821338,0.0,1.0,0.0,1.0,0.0,6481818.08691149,7353534069.139999,314.9519543221814,6481818.08691149,0.0,7353534069.139999,0.0,314.9519543221814,0.0,0
68,0.67488,0.0,0.08032640239156713,0.0,0.025574854401821338,0.0,1.0,0.0,1.0,0.0,6474197.369557649,7336894425.379999,314.9519543221814,6474197.369557649,0.0,7336894425.379999,0.0,314.9519543221814,0.0,0
69,0.67488,0.0,0.08032640239156713,0.0,0.025574854401821338,0.0,1.0,0.0,1.0,0.0,6474197.369557649,7319254781.359999,314.9519543221814,6474197.369557649,0.0,7319254781.359999,0.0,314.9519543221814,0.0,0
70,0.69284,0.0,0.06700041394454148,0.0,0.025833044453883763,0.0,1.0,0.0,1.0,0.0,6474197.369557649,7319254781.359999,314.9519543221814,6474197.369557649,0.0,7319254781.359999,0.0,314.9519543221814,0.0,0
71,0.69284,0.0,0.06700041394454148,0.0,0.025833044453883763,0.0,1.0,0.0,1.0,0.0,6474197.369557649,7319254781.359999,314.9519543221814,6474197.369557649,0.0,7319254781.359999,0.0,314.9519543221814,0.0,0
72,0.69284,0.0,0.06700041394454148,0.0,0.025833044453883763,0.0,1.0,0.0,1.0,0.0,6474197.369557649,7319254781.359999,314.9519543221814,6474197.369557649,0.0,7319254781.359999,0.0,314.9519543221814,0.0,0
73,0.69284,0.0,0.06700041394454148,0.0,0.025833044453883763,0.0,1.0,0.0,1.0,0.0,6474197.369557649,7287592905.69,314.9519543221814,6474197.369557649,0.0,7287592905.69,0.0,314.9519543221814,0.0,0
74,0.69284,0.0,0.06700041394454148,0.0,0.025833044453883763,0.0,1.0,0.0,1.0,0.0,6474197.369557649,7287592905.69,314.9519543221814,6474197.369557649,0.0,7287592905.69,0.0,314.9519543221814,0.0,0
75,0.70158,0.0,0.06379070938370406,0.0,0.021861277626471016,0.0,1.0,0.0,1.0,0.0,6474197.369557649,7287592905.69,314.9519543221814,6474197.369557649,0.0,7287592905.69,0.0,314.9519543221814,0.0,0
76,0.70158,0.0,0.06379070938370406,0.0,0.021861277626471016,0.0,1.0,0.0,1.0,0.0,6474197.369557649,7272699991.069999,314.9519543221814,6474197.369557649,0.0,7272699991.069999,0.0,314.9519543221814,0.0,0
77,0.70158,0.0,0.06379070938370406,0.0,0.021861277626471016,0.0,1.0,0.0,1.0,0.0,6474197.369557649,7239681794.869999,314.9519543221814,6474197.369557649,0.0,7239681794.869999,0.0,314.9519543221814,0.0,0
78,0.70158,0.0,0.06379070938370406,0.0,0.021861277626471016,0.0,1.0,0.0,1.0,0.0,6474197.369557649,7239681794.869999,314.9519543221814,6474197.369557649,0.0,7239681794.869999,0.0,314.9519543221814,0.0,0
79,0.70158,0.0,0.06379070938370406,0.0,0.021861277626471016,0.0,1.0,0.0,1.0,0.0,6474197.369557649,7239681794.869999,314.9519543221814,6474197.369557649,0.0,7239681794.869999,0.0,314.9519543221814,0.0,0
80,0.71004,0.0,0.05916802055990837,0.0,0.02238379132903359,0.0,1.0,0.0,1.0,0.0,6474197.369557649,7239681794.869999,314.9519543221814,6474197.369557649,0.0,7239681794.869999,0.0,314.9519543221814,0.0,0
81,0.71004,0.0,0.05916802055990837,0.0,0.02238379132903359,0.0,1.0,0.0,1.0,0.0,6474197.369557649,7239681794.869999,314.9519543221814,6474197.369557649,0.0,7239681794.869999,0.0,314.9519543221814,0.0,0
82,0.71004,0.0,0.05916802055990837,0.0,0.02238379132903359,0.0,1.0,0.0,1.0,0.0,6474197.369557649,7239681794.869999,314.9519543221814,6474197.369557649,0.0,7239681794.869999,0.0,314.9519543221814,0.0,0
83,0.71004,0.0,0.05916802055990837,0.0,0.02238379132903359,0.0,1.0,0.0,1.0,0.0,6474197.369557649,7239681794.869999,314.9519543221814,6474197.369557649,0.0,7239681794.869999,0.0,314.9519543221814,0.0,0
84,0.71004,0.0,0.05916802055990837,0.0,0.02238379132903359,0.0,1.0,0.0,1.0,0.0,6474197.369557649,7239681794.869999,314.9519543221814,6474197.369557649,0.0,7239681794.869999,0.0,314.9519543221814,0.0,0
85,0.71136,0.0,0.05842007172190085,0.0,0.009079347004628976,0.0,1.0,0.0,1.0,0.0,6474197.369557649,7239681794.869999,314.9519543221814,6474197.369557649,0.0,7239681794.869999,0.0,314.9519543221814,0.0,0
86,0.71136,0.0,0.05842007172190085,0.0,0.009079347004628976,0.0,1.0,0.0,1.0,0.0,6474197.369557649,7239681794.869999,314.9519543221814,6474197.369557649,0.0,7239681794.869999,0.0,314.9519543221814,0.0,0
87,0.71136,0.0,0.05842007172190085,0.0,0.009079347004628976,0.0,1.0,0.0,1.0,0.0,6474197.369557649,7239681794.869999,314.9519543221814,6474197.369557649,0.0,7239681794.869999,0.0,314.9519543221814,0.0,0
88,0.71136,0.0,0.05842007172190085,0.0,0.009079347004628976,0.0,1.0,0.0,1.0,0.0,6474197.369557649,7239681794.869999,313.3520009504811,6474197.369557649,0.0,7239681794.869999,0.0,313.3520009504811,0.0,0
89,0.71136,0.0,0.05842007172190085,0.0,0.009079347004628976,0.0,1.0,0.0,1.0,0.0,6474197.369557649,7239681794.869999,310.8123359052032,6474197.369557649,0.0,7239681794.869999,0.0,310.8123359052032,0.0,0
90,0.71524,0.0,0.055450184927440575,0.0,0.008902253079884978,0.0,1.0,0.0,1.0,0.0,6474197.369557649,7239681794.869999,310.8123359052032,6474197.369557649,0.0,7239681794.869999,0.0,310.8123359052032,0.0,0
91,0.71524,0.0,0.055450184927440575,0.0,0.008902253079884978,0.0,1.0,0.0,1.0,0.0,6474197.369557649,7239681794.869999,310.8123359052032,6474197.369557649,0.0,7239681794.869999,0.0,310.8123359052032,0.0,0
92,0.71524,0.0,0.055450184927440575,0.0,0.008902253079884978,0.0,1.0,0.0,1.0,0.0,6474197.369557649,7239681794.869999,310.8123359052032,6474197.369557649,0.0,7239681794.869999,0.0,310.8123359052032,0.0,0
93,0.71524,0.0,0.055450184927440575,0.0,0.008902253079884978,0.0,1.0,0.0,1.0,0.0,6474197.369557649,7236365657.969999,310.8123359052032,6474197.369557649,0.0,7236365657.969999,0.0,310.8123359052032,0.0,0
94,0.71524,0.0,0.055450184927440575,0.0,0.008902253079884978,0.0,1.0,0.0,1.0,0.0,6474197.369557649,7236365657.969999,310.8123359052032,6474197.369557649,0.0,7236365657.969999,0.0,310.8123359052032,0.0,0
95,0.71662,0.0,0.055057580212539016,0.0,0.008100576195955715,0.0,1.0,0.0,1.0,0.0,6474197.369557649,7236365657.969999,310.8123359052032,6474197.369557649,0.0,7236365657.969999,0.0,310.8123359052032,0.0,0
96,0.71662,0.0,0.055057580212539016,0.0,0.008100576195955715,0.0,1.0,0.0,1.0,0.0,6474197.369557649,7236365657.969999,310.8123359052032,6474197.369557649,0.0,7236365657.969999,0.0,310.8123359052032,0.0,0
97,0.71662,0.0,0.055057580212539016,0.0,0.008100576195955715,0.0,1.0,0.0,1.0,0.0,6474197.369557649,7236365657.969999,310.8123359052032,6474197.369557649,0.0,7236365657.969999,0.0,310.8123359052032,0.0,0
98,0.71662,0.0,0.055057580212539016,0.0,0.008100576195955715,0.0,1.0,0.0,1.0,0.0,6474197.369557649,7236365657.969999,310.8123359052032,6474197.369557649,0.0,7236365657.969999,0.0,310.8123359052032,0.0,0
99,0.71662,0.0,0.055057580212539016,0.0,0.008100576195955715,0.0,1.0,0.0,1.0,0.0,6474197.369557649,7236365657.969999,310.8123359052032,6474197.369557649,0.0,7236365657.969999,0.0,310.8123359052032,0.0,0
100,0.71774,0.0,0.05518072015487616,0.0,0.008198652067600207,0.0,1.0,0.0,1.0,0.0,6474197.369557649,7236365657.969999,310.8123359052032,6474197.369557649,0.0,7236365657.969999,0.0,310.8123359052032,0.0,0
101,0.71774,0.0,0.05518072015487616,0.0,0.008198652067600207,0.0,1.0,0.0,1.0,0.0,6474197.369557649,7236365657.969999,310.8123359052032,6474197.369557649,0.0,7236365657.969999,0.0,310.8123359052032,0.0,0
102,0.71774,0.0,0.05518072015487616,0.0,0.008198652067600207,0.0,1.0,0.0,1.0,0.0,6474197.369557649,7236365657.969999,310.8123359052032,6474197.369557649,0.0,7236365657.969999,0.0,310.8123359052032,0.0,0
103,0.71774,0.0,0.05518072015487616,0.0,0.008198652067600207,0.0,1.0,0.0,1.0,0.0,6474197.369557649,7236365657.969999,310.8123359052032,6474197.369557649,0.0,7236365657.969999,0.0,310.8123359052032,0.0,0
104,0.71774,0.0,0.05518072015487616,0.0,0.008198652067600207,0.0,1.0,0.0,1.0,0.0,6474197.369557649,7236365657.969999,309.76275384796133,6474197.369557649,0.0,7236365657.969999,0.0,309.76275384796133,0.0,0
105,0.71932,0.0,0.05471277507734434,0.0,0.010369183451795796,0.0,1.0,0.0,1.0,0.0,6474197.369557649,7236365657.969999,309.76275384796133,6474197.369557649,0.0,7236365657.969999,0.0,309.76275384796133,0.0,0
106,0.71932,0.0,0.05471277507734434,0.0,0.010369183451795796,0.0,1.0,0.0,1.0,0.0,6474197.369557649,7236365657.969999,309.76275384796133,6474197.369557649,0.0,7236365657.969999,0.0,309.76275384796133,0.0,0
107,0.71932,0.0,0.05471277507734434,0.0,0.010369183451795796,0.0,1.0,0.0,1.0,0.0,6474197.369557649,7236365657.969999,309.76275384796133,6474197.369557649,0.0,7236365657.969999,0.0,309.76275384796133,0.0,0
108,0.71932,0.0,0.05471277507734434,0.0,0.010369183451795796,0.0,1.0,0.0,1.0,0.0,6474197.369557649,7236365657.969999,309.76275384796133,6474197.369557649,0.0,7236365657.969999,0.0,309.76275384796133,0.0,0
109,0.71932,0.0,0.05471277507734434,0.0,0.010369183451795796,0.0,1.0,0.0,1.0,0.0,6474197.369557649,7236365657.969999,309.76275384796133,6474197.369557649,0.0,7236365657.969999,0.0,309.76275384796133,0.0,0
110,0.72024,0.0,0.05388103196167485,0.0,0.010151549765979453,0.0,1.0,0.0,1.0,0.0,6474197.369557649,7236365657.969999,309.76275384796133,6474197.369557649,0.0,7236365657.969999,0.0,309.76275384796133,0.0,0
111,0.72024,0.0,0.05388103196167485,0.0,0.010151549765979453,0.0,1.0,0.0,1.0,0.0,6474197.369557649,7236365657.969999,309.76275384796133,6474197.369557649,0.0,7236365657.969999,0.0,309.76275384796133,0.0,0
112,0.72024,0.0,0.05388103196167485,0.0,0.010151549765979453,0.0,1.0,0.0,1.0,0.0,6474197.369557649,7236365657.969999,309.76275384796133,6474197.369557649,0.0,7236365657.969999,0.0,309.76275384796133,0.0,0
113,0.72024,0.0,0.05388103196167485,0.0,0.010151549765979453,0.0,1.0,0.0,1.0,0.0,6474197.369557649,7236365657.969999,309.76275384796133,6474197.369557649,0.0,7236365657.969999,0.0,309.76275384796133,0.0,0
114,0.72024,0.0,0.05388103196167485,0.0,0.010151549765979453,0.0,1.0,0.0,1.0,0.0,6474197.369557649,7236365657.969999,309.76275384796133,6474197.369557649,0.0,7236365657.969999,0.0,309.76275384796133,0.0,0
115,0.72266,0.0,0.053631905137549576,0.0,0.0100731928592101,0.0,1.0,0.0,1.0,0.0,6474197.369557649,7236365657.969999,309.76275384796133,6474197.369557649,0.0,7236365657.969999,0.0,309.76275384796133,0.0,0
116,0.72266,0.0,0.053631905137549576,0.0,0.0100731928592101,0.0,1.0,0.0,1.0,0.0,6474197.369557649,7236365657.969999,309.76275384796133,6474197.369557649,0.0,7236365657.969999,0.0,309.76275384796133,0.0,0
117,0.72266,0.0,0.053631905137549576,0.0,0.0100731928592101,0.0,1.0,0.0,1.0,0.0,6474197.369557649,7218453970.7699995,309.76275384796133,6474197.369557649,0.0,7218453970.7699995,0.0,309.76275384796133,0.0,0
118,0.72266,0.0,0.053631905137549576,0.0,0.0100731928592101,0.0,1.0,0.0,1.0,0.0,6474197.369557649,7218453970.7699995,309.76275384796133,6474197.369557649,0.0,7218453970.7699995,0.0,309.76275384796133,0.0,0
119,0.72266,0.0,0.053631905137549576,0.0,0.0100731928592101,0.0,1.0,0.0,1.0,0.0,6474197.369557649,7218453970.7699995,309.76275384796133,6474197.369557649,0.0,7218453970.7699995,0.0,309.76275384796133,0.0,0
120,0.72724,0.0,0.05135447431138354,0.0,0.01276246322445961,0.0,1.0,0.0,1.0,0.0,6474197.369557649,7218453970.7699995,309.76275384796133,6474197.369557649,0.0,7218453970.7699995,0.0,309.76275384796133,0.0,0
121,0.72724,0.0,0.05135447431138354,0.0,0.01276246322445961,0.0,1.0,0.0,1.0,0.0,6474197.369557649,7203674535.469999,309.76275384796133,6474197.369557649,0.0,7203674535.469999,0.0,309.76275384796133,0.0,0
122,0.72724,0.0,0.05135447431138354,0.0,0.01276246322445961,0.0,1.0,0.0,1.0,0.0,6474197.369557649,7203674535.469999,309.76275384796133,6474197.369557649,0.0,7203674535.469999,0.0,309.76275384796133,0.0,0
123,0.72724,0.0,0.05135447431138354,0.0,0.01276246322445961,0.0,1.0,0.0,1.0,0.0,6474197.369557649,7203674535.469999,309.76275384796133,6474197.369557649,0.0,7203674535.469999,0.0,309.76275384796133,0.0,0
124,0.72724,0.0,0.05135447431138354,0.0,0.01276246322445961,0.0,1.0,0.0,1.0,0.0,6474197.369557649,7203674535.469999,309.76275384796133,6474197.369557649,0.0,7203674535.469999,0.0,309.76275384796133,0.0,0
125,0.72964,0.0,0.05011463563474405,0.0,0.01072560392969903,0.0,1.0,0.0,1.0,0.0,6474197.369557649,7203674535.469999,309.76275384796133,6474197.369557649,0.0,7203674535.469999,0.0,309.76275384796133,0.0,0
126,0.72964,0.0,0.05011463563474405,0.0,0.01072560392969903,0.0,1.0,0.0,1.0,0.0,6474197.369557649,7203674535.469999,309.76275384796133,6474197.369557649,0.0,7203674535.469999,0.0,309.76275384796133,0.0,0
127,0.72964,0.0,0.05011463563474405,0.0,0.01072560392969903,0.0,1.0,0.0,1.0,0.0,6473684.168649022,7203674535.469999,309.76275384796133,6473684.168649022,0.0,7203674535.469999,0.0,309.76275384796133,0.0,0
128,0.72964,0.0,0.05011463563474405,0.0,0.01072560392969903,0.0,1.0,0.0,1.0,0.0,6473684.168649022,7203674535.469999,309.76275384796133,6473684.168649022,0.0,7203674535.469999,0.0,309.76275384796133,0.0,0
129,0.72964,0.0,0.05011463563474405,0.0,0.01072560392969903,0.0,1.0,0.0,1.0,0.0,6473684.168649022,7203674535.469999,309.76275384796133,6473684.168649022,0.0,7203674535.469999,0.0,309.76275384796133,0.0,0
130,0.73316,0.0,0.04508134540359221,0.0,0.01357325737752618,0.0,1.0,0.0,1.0,0.0,6473684.168649022,7203674535.469999,309.76275384796133,6473684.168649022,0.0,7203674535.469999,0.0,309.76275384796133,0.0,0
131,0.73316,0.0,0.04508134540359221,0.0,0.01357325737752618,0.0,1.0,0.0,1.0,0.0,6473684.168649022,7203674535.469999,309.76275384796133,6473684.168649022,0.0,7203674535.469999,0.0,309.76275384796133,0.0,0
132,0.73316,0.0,0.04508134540359221,0.0,0.01357325737752618,0.0,1.0,0.0,1.0,0.0,6473684.168649022,7203674535.469999,309.76275384796133,6473684.168649022,0.0,7203674535.469999,0.0,309.76275384796133,0.0,0
133,0.73316,0.0,0.04508134540359221,0.0,0.01357325737752618,0.0,1.0,0.0,1.0,0.0,6473684.168649022,7203557045.869999,309.76275384796133,6473684.168649022,0.0,7203557045.869999,0.0,309.76275384796133,0.0,0
134,0.73316,0.0,0.04508134540359221,0.0,0.01357325737752618,0.0,1.0,0.0,1.0,0.0,6473684.168649022,7203557045.869999,309.76275384796133,6473684.168649022,0.0,7203557045.869999,0.0,309.76275384796133,0.0,0
135,0.74732,0.0,0.03516271047326378,0.0,0.01566605932841319,0.0,1.0,0.0,1.0,0.0,6473684.168649022,7203557045.869999,309.76275384796133,6473684.168649022,0.0,7203557045.869999,0.0,309.76275384796133,0.0,0
136,0.74732,0.0,0.03516271047326378,0.0,0.01566605932841319,0.0,1.0,0.0,1.0,0.0,6473684.168649022,7190756204.569999,309.76275384796133,6473684.168649022,0.0,7190756204.569999,0.0,309.76275384796133,0.0,0
137,0.74732,0.0,0.03516271047326378,0.0,0.01566605932841319,0.0,1.0,0.0,1.0,0.0,6449083.712893409,7190756204.569999,309.76275384796133,6449083.712893409,0.0,7190756204.569999,0.0,309.76275384796133,0.0,0
138,0.74732,0.0,0.03516271047326378,0.0,0.01566605932841319,0.0,1.0,0.0,1.0,0.0,6449083.712893409,7190756204.569999,309.76275384796133,6449083.712893409,0.0,7190756204.569999,0.0,309.76275384796133,0.0,0
139,0.74732,0.0,0.03516271047326378,0.0,0.01566605932841319,0.0,1.0,0.0,1.0,0.0,6449083.712893409,7167960476.789999,309.76275384796133,6449083.712893409,0.0,7167960476.789999,0.0,309.76275384796133,0.0,0
140,0.7714,0.0,0.022852357071014514,0.0,0.01978084463123196,0.0,1.0,0.0,1.0,0.0,6449083.712893409,7167960476.789999,309.76275384796133,6449083.712893409,0.0,7167960476.789999,0.0,309.76275384796133,0.0,0
141,0.7714,0.0,0.022852357071014514,0.0,0.01978084463123196,0.0,1.0,0.0,1.0,0.0,6446737.1431061225,7152237335.669999,309.76275384796133,6446737.1431061225,0.0,7152237335.669999,0.0,309.76275384796133,0.0,0
142,0.7714,0.0,0.022852357071014514,0.0,0.01978084463123196,0.0,1.0,0.0,1.0,0.0,6446737.1431061225,7152237335.669999,309.76275384796133,6446737.1431061225,0.0,7152237335.669999,0.0,309.76275384796133,0.0,0
143,0.7714,0.0,0.022852357071014514,0.0,0.01978084463123196,0.0,1.0,0.0,1.0,0.0,6446737.1431061225,7152237335.669999,309.76275384796133,6446737.1431061225,0.0,7152237335.669999,0.0,309.76275384796133,0.0,0
144,0.7714,0.0,0.022852357071014514,0.0,0.01978084463123196,0.0,1.0,0.0,1.0,0.0,6446737.1431061225,7152237335.669999,309.76275384796133,6446737.1431061225,0.0,7152237335.669999,0.0,309.76275384796133,0.0,0
145,0.77632,0.0,0.021337145309499893,0.0,0.016037099150722874,0.0,1.0,0.0,1.0,0.0,6446737.1431061225,7152237335.669999,309.76275384796133,6446737.1431061225,0.0,7152237335.669999,0.0,309.76275384796133,0.0,0
146,0.77632,0.0,0.021337145309499893,0.0,0.016037099150722874,0.0,1.0,0.0,1.0,0.0,6446737.1431061225,7152237335.669999,309.76275384796133,6446737.1431061225,0.0,7152237335.669999,0.0,309.76275384796133,0.0,0
147,0.77632,0.0,0.021337145309499893,0.0,0.016037099150722874,0.0,1.0,0.0,1.0,0.0,6446737.1431061225,7137340410.769999,309.76275384796133,6446737.1431061225,0.0,7137340410.769999,0.0,309.76275384796133,0.0,0
148,0.77632,0.0,0.021337145309499893,0.0,0.016037099150722874,0.0,1.0,0.0,1.0,0.0,6446737.1431061225,7137340410.769999,309.76275384796133,6446737.1431061225,0.0,7137340410.769999,0.0,309.76275384796133,0.0,0
149,0.77632,0.0,0.021337145309499893,0.0,0.016037099150722874,0.0,1.0,0.0,1.0,0.0,6446737.1431061225,7137340410.769999,309.76275384796133,6446737.1431061225,0.0,7137340410.769999,0.0,309.76275384796133,0.0,0
150,0.77996,0.0,0.018321346024681,0.0,0.013079382851578565,0.0,1.0,0.0,1.0,0.0,6446737.1431061225,7137340410.769999,309.76275384796133,6446737.1431061225,0.0,7137340410.769999,0.0,309.76275384796133,0.0,0
151,0.77996,0.0,0.018321346024681,0.0,0.013079382851578565,0.0,1.0,0.0,1.0,0.0,6446737.1431061225,7137340410.769999,309.76275384796133,6446737.1431061225,0.0,7137340410.769999,0.0,309.76275384796133,0.0,0
152,0.77996,0.0,0.018321346024681,0.0,0.013079382851578565,0.0,1.0,0.0,1.0,0.0,6446737.1431061225,7137340410.769999,309.76275384796133,6446737.1431061225,0.0,7137340410.769999,0.0,309.76275384796133,0.0,0
153,0.77996,0.0,0.018321346024681,0.0,0.013079382851578565,0.0,1.0,0.0,1.0,0.0,6446737.1431061225,7137340410.769999,309.76275384796133,6446737.1431061225,0.0,7137340410.769999,0.0,309.76275384796133,0.0,0
154,0.77996,0.0,0.018321346024681,0.0,0.013079382851578565,0.0,1.0,0.0,1.0,0.0,6446737.1431061225,7137340410.769999,309.76275384796133,6446737.1431061225,0.0,7137340410.769999,0.0,309.76275384796133,0.0,0
155,0.78178,0.0,0.017462050526062835,0.0,0.009755675438810707,0.0,1.0,0.0,1.0,0.0,6446737.1431061225,7137340410.769999,309.76275384796133,6446737.1431061225,0.0,7137340410.769999,0.0,309.76275384796133,0.0,0
156,0.78178,0.0,0.017462050526062835,0.0,0.009755675438810707,0.0,1.0,0.0,1.0,0.0,6446737.1431061225,7137340410.769999,309.76275384796133,6446737.1431061225,0.0,7137340410.769999,0.0,309.76275384796133,0.0,0
157,0.78178,0.0,0.017462050526062835,0.0,0.009755675438810707,0.0,1.0,0.0,1.0,0.0,6446737.1431061225,7137340410.769999,309.76275384796133,6446737.1431061225,0.0,7137340410.769999,0.0,309.76275384796133,0.0,0
158,0.78178,0.0,0.017462050526062835,0.0,0.009755675438810707,0.0,1.0,0.0,1.0,0.0,6446737.1431061225,7137340410.769999,309.76275384796133,6446737.1431061225,0.0,7137340410.769999,0.0,309.76275384796133,0.0,0
159,0.78178,0.0,0.017462050526062835,0.0,0.009755675438810707,0.0,1.0,0.0,1.0,0.0,6446737.1431061225,7137340410.769999,309.76275384796133,6446737.1431061225,0.0,7137340410.769999,0.0,309.76275384796133,0.0,0
160,0.7821,0.0,0.017314282981198213,0.0,0.008793050185092965,0.0,1.0,0.0,1.0,0.0,6446737.1431061225,7137340410.769999,309.76275384796133,6446737.1431061225,0.0,7137340410.769999,0.0,309.76275384796133,0.0,0
161,0.7821,0.0,0.017314282981198213,0.0,0.008793050185092965,0.0,1.0,0.0,1.0,0.0,6446737.1431061225,7137340410.769999,309.76275384796133,6446737.1431061225,0.0,7137340410.769999,0.0,309.76275384796133,0.0,0
162,0.7821,0.0,0.017314282981198213,0.0,0.008793050185092965,0.0,1.0,0.0,1.0,0.0,6446737.1431061225,7137340410.769999,309.76275384796133,6446737.1431061225,0.0,7137340410.769999,0.0,309.76275384796133,0.0,0
163,0.7821,0.0,0.017314282981198213,0.0,0.008793050185092965,0.0,1.0,0.0,1.0,0.0,6446737.1431061225,7137340410.769999,309.76275384796133,6446737.1431061225,0.0,7137340410.769999,0.0,309.76275384796133,0.0,0
164,0.7821,0.0,0.017314282981198213,0.0,0.008793050185092965,0.0,1.0,0.0,1.0,0.0,6446737.1431061225,7137340410.769999,309.76275384796133,6446737.1431061225,0.0,7137340410.769999,0.0,309.76275384796133,0.0,0
165,0.7827,0.0,0.017087365970430164,0.0,0.009947351641809798,0.0,1.0,0.0,1.0,0.0,6446737.1431061225,7137340410.769999,309.76275384796133,6446737.1431061225,0.0,7137340410.769999,0.0,309.76275384796133,0.0,0
166,0.7827,0.0,0.017087365970430164,0.0,0.009947351641809798,0.0,1.0,0.0,1.0,0.0,6446737.1431061225,7137340410.769999,309.76275384796133,6446737.1431061225,0.0,7137340410.769999,0.0,309.76275384796133,0.0,0
167,0.7827,0.0,0.017087365970430164,0.0,0.009947351641809798,0.0,1.0,0.0,1.0,0.0,6446737.1431061225,7137340410.769999,309.76275384796133,6446737.1431061225,0.0,7137340410.769999,0.0,309.76275384796133,0.0,0
168,0.7827,0.0,0.017087365970430164,0.0,0.009947351641809798,0.0,1.0,0.0,1.0,0.0,6446737.1431061225,7137340410.769999,309.76275384796133,6446737.1431061225,0.0,7137340410.769999,0.0,309.76275384796133,0.0,0
169,0.7827,0.0,0.017087365970430164,0.0,0.009947351641809798,0.0,1.0,0.0,1.0,0.0,6446737.1431061225,7137340410.769999,309.76275384796133,6446737.1431061225,0.0,7137340410.769999,0.0,309.76275384796133,0.0,0
170,0.78302,0.0,0.01700518453130387,0.0,0.00847975607767479,0.0,1.0,0.0,1.0,0.0,6446737.1431061225,7137340410.769999,309.76275384796133,6446737.1431061225,0.0,7137340410.769999,0.0,309.76275384796133,0.0,0
171,0.78302,0.0,0.01700518453130387,0.0,0.00847975607767479,0.0,1.0,0.0,1.0,0.0,6446737.1431061225,7137340410.769999,309.76275384796133,6446737.1431061225,0.0,7137340410.769999,0.0,309.76275384796133,0.0,0
172,0.78302,0.0,0.01700518453130387,0.0,0.00847975607767479,0.0,1.0,0.0,1.0,0.0,6446737.1431061225,7137340410.769999,309.76275384796133,6446737.1431061225,0.0,7137340410.769999,0.0,309.76275384796133,0.0,0
173,0.78302,0.0,0.01700518453130387,0.0,0.00847975607767479,0.0,1.0,0.0,1.0,0.0,6446737.1431061225,7137340410.769999,309.76275384796133,6446737.1431061225,0.0,7137340410.769999,0.0,309.76275384796133,0.0,0
174,0.78302,0.0,0.01700518453130387,0.0,0.00847975607767479,0.0,1.0,0.0,1.0,0.0,6446737.1431061225,7137340410.769999,309.76275384796133,6446737.1431061225,0.0,7137340410.769999,0.0,309.76275384796133,0.0,0
175,0.78338,0.0,0.016148924644140156,0.0,0.008356265050683903,0.0,1.0,0.0,1.0,0.0,6446737.1431061225,7137340410.769999,309.76275384796133,6446737.1431061225,0.0,7137340410.769999,0.0,309.76275384796133,0.0,0
176,0.78338,0.0,0.016148924644140156,0.0,0.008356265050683903,0.0,1.0,0.0,1.0,0.0,6446737.1431061225,7137340410.769999,309.76275384796133,6446737.1431061225,0.0,7137340410.769999,0.0,309.76275384796133,0.0,0
177,0.78338,0.0,0.016148924644140156,0.0,0.008356265050683903,0.0,1.0,0.0,1.0,0.0,6446737.1431061225,7137340410.769999,309.76275384796133,6446737.1431061225,0.0,7137340410.769999,0.0,309.76275384796133,0.0,0
178,0.78338,0.0,0.016148924644140156,0.0,0.008356265050683903,0.0,1.0,0.0,1.0,0.0,6446737.1431061225,7128924074.819999,309.76275384796133,6446737.1431061225,0.0,7128924074.819999,0.0,309.76275384796133,0.0,0
179,0.78338,0.0,0.016148924644140156,0.0,0.008356265050683903,0.0,1.0,0.0,1.0,0.0,6446737.1431061225,7128924074.819999,309.76275384796133,6446737.1431061225,0.0,7128924074.819999,0.0,309.76275384796133,0.0,0
180,0.78564,0.0,0.015410969808985821,0.0,0.009602018263883573,0.0,1.0,0.0,1.0,0.0,6446737.1431061225,7128924074.819999,309.76275384796133,6446737.1431061225,0.0,7128924074.819999,0.0,309.76275384796133,0.0,0
181,0.78564,0.0,0.015410969808985821,0.0,0.009602018263883573,0.0,1.0,0.0,1.0,0.0,6446737.1431061225,7128924074.819999,309.76275384796133,6446737.1431061225,0.0,7128924074.819999,0.0,309.76275384796133,0.0,0
182,0.78564,0.0,0.015410969808985821,0.0,0.009602018263883573,0.0,1.0,0.0,1.0,0.0,6446737.1431061225,7128924074.819999,309.76275384796133,6446737.1431061225,0.0,7128924074.819999,0.0,309.76275384796133,0.0,0
183,0.78564,0.0,0.015410969808985821,0.0,0.009602018263883573,0.0,1.0,0.0,1.0,0.0,6446737.1431061225,7128924074.819999,309.76275384796133,6446737.1431061225,0.0,7128924074.819999,0.0,309.76275384796133,0.0,0
184,0.78564,0.0,0.015410969808985821,0.0,0.009602018263883573,0.0,1.0,0.0,1.0,0.0,6446737.1431061225,7128924074.819999,309.76275384796133,6446737.1431061225,0.0,7128924074.819999,0.0,309.76275384796133,0.0,0
185,0.78574,0.0,0.015313840261515605,0.0,0.009282666257355346,0.0,1.0,0.0,1.0,0.0,6446737.1431061225,7128924074.819999,309.76275384796133,6446737.1431061225,0.0,7128924074.819999,0.0,309.76275384796133,0.0,0
186,0.78574,0.0,0.015313840261515605,0.0,0.009282666257355346,0.0,1.0,0.0,1.0,0.0,6446737.1431061225,7128924074.819999,309.76275384796133,6446737.1431061225,0.0,7128924074.819999,0.0,309.76275384796133,0.0,0
187,0.78574,0.0,0.015313840261515605,0.0,0.009282666257355346,0.0,1.0,0.0,1.0,0.0,6446737.1431061225,7128924074.819999,309.76275384796133,6446737.1431061225,0.0,7128924074.819999,0.0,309.76275384796133,0.0,0
188,0.78574,0.0,0.015313840261515605,0.0,0.009282666257355346,0.0,1.0,0.0,1.0,0.0,6446737.1431061225,7128924074.819999,309.76275384796133,6446737.1431061225,0.0,7128924074.819999,0.0,309.76275384796133,0.0,0
189,0.78574,0.0,0.015313840261515605,0.0,0.009282666257355346,0.0,1.0,0.0,1.0,0.0,6446737.1431061225,7128924074.819999,309.76275384796133,6446737.1431061225,0.0,7128924074.819999,0.0,309.76275384796133,0.0,0
190,0.78604,0.0,0.015540225819160454,0.0,0.008224027312796861,0.0,1.0,0.0,1.0,0.0,6446737.1431061225,7128924074.819999,309.76275384796133,6446737.1431061225,0.0,7128924074.819999,0.0,309.76275384796133,0.0,0
191,0.78604,0.0,0.015540225819160454,0.0,0.008224027312796861,0.0,1.0,0.0,1.0,0.0,6446737.1431061225,7128924074.819999,309.76275384796133,6446737.1431061225,0.0,7128924074.819999,0.0,309.76275384796133,0.0,0
192,0.78604,0.0,0.015540225819160454,0.0,0.008224027312796861,0.0,1.0,0.0,1.0,0.0,6446737.1431061225,7128924074.819999,309.76275384796133,6446737.1431061225,0.0,7128924074.819999,0.0,309.76275384796133,0.0,0
193,0.78604,0.0,0.015540225819160454,0.0,0.008224027312796861,0.0,1.0,0.0,1.0,0.0,6446737.1431061225,7128924074.819999,309.76275384796133,6446737.1431061225,0.0,7128924074.819999,0.0,309.76275384796133,0.0,0
194,0.78604,0.0,0.015540225819160454,0.0,0.008224027312796861,0.0,1.0,0.0,1.0,0.0,6446737.1431061225,7128924074.819999,309.76275384796133,6446737.1431061225,0.0,7128924074.819999,0.0,309.76275384796133,0.0,0
195,0.78546,0.0,0.015720556401520817,0.0,0.00827663093648783,0.0,1.0,0.0,1.0,0.0,6446737.1431061225,7128924074.819999,309.76275384796133,6446737.1431061225,0.0,7128924074.819999,0.0,309.76275384796133,0.0,0
196,0.78546,0.0,0.015720556401520817,0.0,0.00827663093648783,0.0,1.0,0.0,1.0,0.0,6446737.1431061225,7128924074.819999,309.76275384796133,6446737.1431061225,0.0,7128924074.819999,0.0,309.76275384796133,0.0,0
197,0.78546,0.0,0.015720556401520817,0.0,0.00827663093648783,0.0,1.0,0.0,1.0,0.0,6446737.1431061225,7128924074.819999,309.76275384796133,6446737.1431061225,0.0,7128924074.819999,0.0,309.76275384796133,0.0,0
198,0.78546,0.0,0.015720556401520817,0.0,0.00827663093648783,0.0,1.0,0.0,1.0,0.0,6446737.1431061225,7128924074.819999,309.76275384796133,6446737.1431061225,0.0,7128924074.819999,0.0,309.76275384796133,0.0,0
199,0.78546,0.0,0.015720556401520817,0.0,0.00827663093648783,0.0,1.0,0.0,1.0,0.0,6446737.1431061225,7128924074.819999,309.76275384796133,6446737.1431061225,0.0,7128924074.819999,0.0,309.76275384796133,0.0,0
200,0.7849,0.0,0.016811527770575457,0.0,0.010130867670632777,0.0,1.0,0.0,1.0,0.0,6446737.1431061225,7128924074.819999,309.76275384796133,6446737.1431061225,0.0,7128924074.819999,0.0,309.76275384796133,0.0,0
201,0.7849,0.0,0.016811527770575457,0.0,0.010130867670632777,0.0,1.0,0.0,1.0,0.0,6446737.1431061225,7128924074.819999,309.76275384796133,6446737.1431061225,0.0,7128924074.819999,0.0,309.76275384796133,0.0,0
202,0.7849,0.0,0.016811527770575457,0.0,0.010130867670632777,0.0,1.0,0.0,1.0,0.0,6446737.1431061225,7128924074.819999,309.76275384796133,6446737.1431061225,0.0,7128924074.819999,0.0,309.76275384796133,0.0,0
203,0.7849,0.0,0.016811527770575457,0.0,0.010130867670632777,0.0,1.0,0.0,1.0,0.0,6446737.1431061225,7128924074.819999,309.76275384796133,6446737.1431061225,0.0,7128924074.819999,0.0,309.76275384796133,0.0,0
204,0.7849,0.0,0.016811527770575457,0.0,0.010130867670632777,0.0,1.0,0.0,1.0,0.0,6446737.1431061225,7128924074.819999,309.76275384796133,6446737.1431061225,0.0,7128924074.819999,0.0,309.76275384796133,0.0,0
205,0.78514,0.0,0.016688130318644023,0.0,0.011395078622380277,0.0,1.0,0.0,1.0,0.0,6446737.1431061225,7128924074.819999,309.76275384796133,6446737.1431061225,0.0,7128924074.819999,0.0,309.76275384796133,0.0,0
206,0.78514,0.0,0.016688130318644023,0.0,0.011395078622380277,0.0,1.0,0.0,1.0,0.0,6446737.1431061225,7128924074.819999,309.76275384796133,6446737.1431061225,0.0,7128924074.819999,0.0,309.76275384796133,0.0,0
207,0.78514,0.0,0.016688130318644023,0.0,0.011395078622380277,0.0,1.0,0.0,1.0,0.0,6446737.1431061225,7128924074.819999,309.76275384796133,6446737.1431061225,0.0,7128924074.819999,0.0,309.76275384796133,0.0,0
208,0.78514,0.0,0.016688130318644023,0.0,0.011395078622380277,0.0,1.0,0.0,1.0,0.0,6446737.1431061225,7128924074.819999,309.76275384796133,6446737.1431061225,0.0,7128924074.819999,0.0,309.76275384796133,0.0,0
209,0.78514,0.0,0.016688130318644023,0.0,0.011395078622380277,0.0,1.0,0.0,1.0,0.0,6446737.1431061225,7128924074.819999,309.76275384796133,6446737.1431061225,0.0,7128924074.819999,0.0,309.76275384796133,0.0,0
210,0.78498,0.0,0.016470688729730034,0.0,0.00964316021193977,0.0,1.0,0.0,1.0,0.0,6446737.1431061225,7128924074.819999,309.76275384796133,6446737.1431061225,0.0,7128924074.819999,0.0,309.76275384796133,0.0,0
211,0.78498,0.0,0.016470688729730034,0.0,0.00964316021193977,0.0,1.0,0.0,1.0,0.0,6446737.1431061225,7128924074.819999,309.76275384796133,6446737.1431061225,0.0,7128924074.819999,0.0,309.76275384796133,0.0,0
212,0.78498,0.0,0.016470688729730034,0.0,0.00964316021193977,0.0,1.0,0.0,1.0,0.0,6446737.1431061225,7128924074.819999,309.76275384796133,6446737.1431061225,0.0,7128924074.819999,0.0,309.76275384796133,0.0,0
213,0.78498,0.0,0.016470688729730034,0.0,0.00964316021193977,0.0,1.0,0.0,1.0,0.0,6446737.1431061225,7128924074.819999,309.76275384796133,6446737.1431061225,0.0,7128924074.819999,0.0,309.76275384796133,0.0,0
214,0.78498,0.0,0.016470688729730034,0.0,0.00964316021193977,0.0,1.0,0.0,1.0,0.0,6446737.1431061225,7128924074.819999,309.76275384796133,6446737.1431061225,0.0,7128924074.819999,0.0,309.76275384796133,0.0,0
215,0.78514,0.0,0.01676168003008206,0.0,0.009388857966476793,0.0,1.0,0.0,1.0,0.0,6446737.1431061225,7128924074.819999,309.76275384796133,6446737.1431061225,0.0,7128924074.819999,0.0,309.76275384796133,0.0,0
216,0.78514,0.0,0.01676168003008206,0.0,0.009388857966476793,0.0,1.0,0.0,1.0,0.0,6446737.1431061225,7128924074.819999,309.76275384796133,6446737.1431061225,0.0,7128924074.819999,0.0,309.76275384796133,0.0,0
217,0.78514,0.0,0.01676168003008206,0.0,0.009388857966476793,0.0,1.0,0.0,1.0,0.0,6446737.1431061225,7128924074.819999,309.76275384796133,6446737.1431061225,0.0,7128924074.819999,0.0,309.76275384796133,0.0,0
218,0.78514,0.0,0.01676168003008206,0.0,0.009388857966476793,0.0,1.0,0.0,1.0,0.0,6446737.1431061225,7128924074.819999,309.76275384796133,6446737.1431061225,0.0,7128924074.819999,0.0,309.76275384796133,0.0,0
219,0.78514,0.0,0.01676168003008206,0.0,0.009388857966476793,0.0,1.0,0.0,1.0,0.0,6446737.1431061225,7128924074.819999,309.76275384796133,6446737.1431061225,0.0,7128924074.819999,0.0,309.76275384796133,0.0,0
220,0.78508,0.0,0.01663359450723345,0.0,0.010201724560528012,0.0,1.0,0.0,1.0,0.0,6446737.1431061225,7128924074.819999,309.76275384796133,6446737.1431061225,0.0,7128924074.819999,0.0,309.76275384796133,0.0,0
221,0.78508,0.0,0.01663359450723345,0.0,0.010201724560528012,0.0,1.0,0.0,1.0,0.0,6446737.1431061225,7128924074.819999,309.76275384796133,6446737.1431061225,0.0,7128924074.819999,0.0,309.76275384796133,0.0,0
222,0.78508,0.0,0.01663359450723345,0.0,0.010201724560528012,0.0,1.0,0.0,1.0,0.0,6446737.1431061225,7128924074.819999,309.76275384796133,6446737.1431061225,0.0,7128924074.819999,0.0,309.76275384796133,0.0,0
223,0.78508,0.0,0.01663359450723345,0.0,0.010201724560528012,0.0,1.0,0.0,1.0,0.0,6446737.1431061225,7128924074.819999,309.76275384796133,6446737.1431061225,0.0,7128924074.819999,0.0,309.76275384796133,0.0,0
224,0.78508,0.0,0.01663359450723345,0.0,0.010201724560528012,0.0,1.0,0.0,1.0,0.0,6446737.1431061225,7128924074.819999,309.76275384796133,6446737.1431061225,0.0,7128924074.819999,0.0,309.76275384796133,0.0,0
225,0.7863,0.0,0.015365055755653565,0.0,0.008679637248520838,0.0,1.0,0.0,1.0,0.0,6446737.1431061225,7128924074.819999,309.76275384796133,6446737.1431061225,0.0,7128924074.819999,0.0,309.76275384796133,0.0,0
226,0.7863,0.0,0.015365055755653565,0.0,0.008679637248520838,0.0,1.0,0.0,1.0,0.0,6446737.1431061225,7128924074.819999,309.76275384796133,6446737.1431061225,0.0,7128924074.819999,0.0,309.76275384796133,0.0,0
227,0.7863,0.0,0.015365055755653565,0.0,0.008679637248520838,0.0,1.0,0.0,1.0,0.0,6446737.1431061225,7128924074.819999,309.76275384796133,6446737.1431061225,0.0,7128924074.819999,0.0,309.76275384796133,0.0,0
228,0.7863,0.0,0.015365055755653565,0.0,0.008679637248520838,0.0,1.0,0.0,1.0,0.0,6446737.1431061225,7127826853.499999,309.76275384796133,6446737.1431061225,0.0,7127826853.499999,0.0,309.76275384796133,0.0,0
229,0.7863,0.0,0.015365055755653565,0.0,0.008679637248520838,0.0,1.0,0.0,1.0,0.0,6446737.1431061225,7127826853.499999,309.76275384796133,6446737.1431061225,0.0,7127826853.499999,0.0,309.76275384796133,0.0,0
230,0.78612,0.0,0.013856361405616722,0.0,0.010165812993721126,0.0,1.0,0.0,1.0,0.0,6446737.1431061225,7127826853.499999,309.76275384796133,6446737.1431061225,0.0,7127826853.499999,0.0,309.76275384796133,0.0,0
231,0.78612,0.0,0.013856361405616722,0.0,0.010165812993721126,0.0,1.0,0.0,1.0,0.0,6446737.1431061225,7127826853.499999,309.76275384796133,6446737.1431061225,0.0,7127826853.499999,0.0,309.76275384796133,0.0,0
232,0.78612,0.0,0.013856361405616722,0.0,0.010165812993721126,0.0,1.0,0.0,1.0,0.0,6446737.1431061225,7127826853.499999,309.76275384796133,6446737.1431061225,0.0,7127826853.499999,0.0,309.76275384796133,0.0,0
233,0.78612,0.0,0.013856361405616722,0.0,0.010165812993721126,0.0,1.0,0.0,1.0,0.0,6446737.1431061225,7127826853.499999,309.76275384796133,6446737.1431061225,0.0,7127826853.499999,0.0,309.76275384796133,0.0,0
234,0.78612,0.0,0.013856361405616722,0.0,0.010165812993721126,0.0,1.0,0.0,1.0,0.0,6446737.1431061225,7127826853.499999,309.76275384796133,6446737.1431061225,0.0,7127826853.499999,0.0,309.76275384796133,0.0,0
235,0.78716,0.0,0.01223061410298556,0.0,0.01109492377098432,0.0,1.0,0.0,1.0,0.0,6446737.1431061225,7127826853.499999,309.76275384796133,6446737.1431061225,0.0,7127826853.499999,0.0,309.76275384796133,0.0,0
236,0.78716,0.0,0.01223061410298556,0.0,0.01109492377098432,0.0,1.0,0.0,1.0,0.0,6446737.1431061225,7127826853.499999,309.76275384796133,6446737.1431061225,0.0,7127826853.499999,0.0,309.76275384796133,0.0,0
237,0.78716,0.0,0.01223061410298556,0.0,0.01109492377098432,0.0,1.0,0.0,1.0,0.0,6446737.1431061225,7127826853.499999,309.76275384796133,6446737.1431061225,0.0,7127826853.499999,0.0,309.76275384796133,0.0,0
238,0.78716,0.0,0.01223061410298556,0.0,0.01109492377098432,0.0,1.0,0.0,1.0,0.0,6446737.1431061225,7127826853.499999,309.76275384796133,6446737.1431061225,0.0,7127826853.499999,0.0,309.76275384796133,0.0,0
239,0.78716,0.0,0.01223061410298556,0.0,0.01109492377098432,0.0,1.0,0.0,1.0,0.0,6446737.1431061225,7127826853.499999,309.76275384796133,6446737.1431061225,0.0,7127826853.499999,0.0,309.76275384796133,0.0,0
240,0.78586,0.0,0.013264225144333909,0.0,0.012860726711974543,0.0,1.0,0.0,1.0,0.0,6446737.1431061225,7127826853.499999,309.76275384796133,6446737.1431061225,0.0,7127826853.499999,0.0,309.76275384796133,0.0,0
241,0.78586,0.0,0.013264225144333909,0.0,0.012860726711974543,0.0,1.0,0.0,1.0,0.0,6446737.1431061225,7127826853.499999,309.76275384796133,6446737.1431061225,0.0,7127826853.499999,0.0,309.76275384796133,0.0,0
242,0.78586,0.0,0.013264225144333909,0.0,0.012860726711974543,0.0,1.0,0.0,1.0,0.0,6446737.1431061225,7127826853.499999,309.76275384796133,6446737.1431061225,0.0,7127826853.499999,0.0,309.76275384796133,0.0,0
243,0.78586,0.0,0.013264225144333909,0.0,0.012860726711974543,0.0,1.0,0.0,1.0,0.0,6446737.1431061225,7127826853.499999,309.76275384796133,6446737.1431061225,0.0,7127826853.499999,0.0,309.76275384796133,0.0,0
244,0.78586,0.0,0.013264225144333909,0.0,0.012860726711974543,0.0,1.0,0.0,1.0,0.0,6446737.1431061225,7127826853.499999,309.76275384796133,6446737.1431061225,0.0,7127826853.499999,0.0,309.76275384796133,0.0,0
245,0.78686,0.0,0.01271964857635657,0.0,0.011779238115030647,0.0,1.0,0.0,1.0,0.0,6446737.1431061225,7127826853.499999,309.73485823093654,6446737.1431061225,0.0,7127826853.499999,0.0,309.73485823093654,0.0,0
246,0.78686,0.0,0.01271964857635657,0.0,0.011779238115030647,0.0,1.0,0.0,1.0,0.0,6446737.1431061225,7127826853.499999,309.73485823093654,6446737.1431061225,0.0,7127826853.499999,0.0,309.73485823093654,0.0,0
247,0.78686,0.0,0.01271964857635657,0.0,0.011779238115030647,0.0,1.0,0.0,1.0,0.0,6446737.1431061225,7127826853.499999,309.73485823093654,6446737.1431061225,0.0,7127826853.499999,0.0,309.73485823093654,0.0,0
248,0.78686,0.0,0.01271964857635657,0.0,0.011779238115030647,0.0,1.0,0.0,1.0,0.0,6446737.1431061225,7127826853.499999,309.73485823093654,6446737.1431061225,0.0,7127826853.499999,0.0,309.73485823093654,0.0,0
249,0.78686,0.0,0.01271964857635657,0.0,0.011779238115030647,0.0,1.0,0.0,1.0,0.0,6446737.1431061225,7127826853.499999,309.73485823093654,6446737.1431061225,0.0,7127826853.499999,0.0,309.73485823093654,0.0,0
250,0.7874,0.0,0.012278195980396369,0.0,0.011285763834410031,0.0,1.0,0.0,1.0,0.0,6446737.1431061225,7127826853.499999,309.73485823093654,6446737.1431061225,0.0,7127826853.499999,0.0,309.73485823093654,0.0,0
251,0.7874,0.0,0.012278195980396369,0.0,0.011285763834410031,0.0,1.0,0.0,1.0,0.0,6446737.1431061225,7127826853.499999,309.73485823093654,6446737.1431061225,0.0,7127826853.499999,0.0,309.73485823093654,0.0,0
252,0.7874,0.0,0.012278195980396369,0.0,0.011285763834410031,0.0,1.0,0.0,1.0,0.0,6446737.1431061225,7127826853.499999,309.73485823093654,6446737.1431061225,0.0,7127826853.499999,0.0,309.73485823093654,0.0,0
253,0.7874,0.0,0.012278195980396369,0.0,0.011285763834410031,0.0,1.0,0.0,1.0,0.0,6446737.1431061225,7127826853.499999,309.73485823093654,6446737.1431061225,0.0,7127826853.499999,0.0,309.73485823093654,0.0,0
254,0.7874,0.0,0.012278195980396369,0.0,0.011285763834410031,0.0,1.0,0.0,1.0,0.0,6446737.1431061225,7127826853.499999,309.73485823093654,6446737.1431061225,0.0,7127826853.499999,0.0,309.73485823093654,0.0,0
255,0.78788,0.0,0.01153550755148325,0.0,0.010785764980410447,0.0,1.0,0.0,1.0,0.0,6446737.1431061225,7127826853.499999,309.73485823093654,6446737.1431061225,0.0,7127826853.499999,0.0,309.73485823093654,0.0,0
256,0.78788,0.0,0.01153550755148325,0.0,0.010785764980410447,0.0,1.0,0.0,1.0,0.0,6446737.1431061225,7127826853.499999,309.73485823093654,6446737.1431061225,0.0,7127826853.499999,0.0,309.73485823093654,0.0,0
257,0.78788,0.0,0.01153550755148325,0.0,0.010785764980410447,0.0,1.0,0.0,1.0,0.0,6446737.1431061225,7127826853.499999,309.73485823093654,6446737.1431061225,0.0,7127826853.499999,0.0,309.73485823093654,0.0,0
258,0.78788,0.0,0.01153550755148325,0.0,0.010785764980410447,0.0,1.0,0.0,1.0,0.0,6446737.1431061225,7127826853.499999,309.73485823093654,6446737.1431061225,0.0,7127826853.499999,0.0,309.73485823093654,0.0,0
259,0.78788,0.0,0.01153550755148325,0.0,0.010785764980410447,0.0,1.0,0.0,1.0,0.0,6446737.1431061225,7127826853.499999,309.73485823093654,6446737.1431061225,0.0,7127826853.499999,0.0,309.73485823093654,0.0,0
260,0.7877,0.0,0.011128589500110286,0.0,0.010649173772770856,0.0,1.0,0.0,1.0,0.0,6446737.1431061225,7127826853.499999,309.73485823093654,6446737.1431061225,0.0,7127826853.499999,0.0,309.73485823093654,0.0,0
261,0.7877,0.0,0.011128589500110286,0.0,0.010649173772770856,0.0,1.0,0.0,1.0,0.0,6446737.1431061225,7127826853.499999,309.73485823093654,6446737.1431061225,0.0,7127826853.499999,0.0,309.73485823093654,0.0,0
262,0.7877,0.0,0.011128589500110286,0.0,0.010649173772770856,0.0,1.0,0.0,1.0,0.0,6446737.1431061225,7127826853.499999,309.73485823093654,6446737.1431061225,0.0,7127826853.499999,0.0,309.73485823093654,0.0,0
263,0.7877,0.0,0.011128589500110286,0.0,0.010649173772770856,0.0,1.0,0.0,1.0,0.0,6446737.1431061225,7127826853.499999,309.73485823093654,6446737.1431061225,0.0,7127826853.499999,0.0,309.73485823093654,0.0,0
264,0.7877,0.0,0.011128589500110286,0.0,0.010649173772770856,0.0,1.0,0.0,1.0,0.0,6446737.1431061225,7127826853.499999,309.73485823093654,6446737.1431061225,0.0,7127826853.499999,0.0,309.73485823093654,0.0,0
265,0.78836,0.0,0.01085624374750145,0.0,0.010755732834003858,0.0,1.0,0.0,1.0,0.0,6446737.1431061225,7127826853.499999,309.73485823093654,6446737.1431061225,0.0,7127826853.499999,0.0,309.73485823093654,0.0,0
266,0.78836,0.0,0.01085624374750145,0.0,0.010755732834003858,0.0,1.0,0.0,1.0,0.0,6446737.1431061225,7127826853.499999,309.73485823093654,6446737.1431061225,0.0,7127826853.499999,0.0,309.73485823093654,0.0,0
267,0.78836,0.0,0.01085624374750145,0.0,0.010755732834003858,0.0,1.0,0.0,1.0,0.0,6446737.1431061225,7127826853.499999,309.73485823093654,6446737.1431061225,0.0,7127826853.499999,0.0,309.73485823093654,0.0,0
268,0.78836,0.0,0.01085624374750145,0.0,0.010755732834003858,0.0,1.0,0.0,1.0,0.0,6446737.1431061225,7127826853.499999,309.73485823093654,6446737.1431061225,0.0,7127826853.499999,0.0,309.73485823093654,0.0,0
269,0.78836,0.0,0.01085624374750145,0.0,0.010755732834003858,0.0,1.0,0.0,1.0,0.0,6446737.1431061225,7127826853.499999,309.73485823093654,6446737.1431061225,0.0,7127826853.499999,0.0,309.73485823093654,0.0,0
270,0.789,0.0,0.010192720916003784,0.0,0.010713337398514492,0.0,1.0,0.0,1.0,0.0,6446737.1431061225,7127826853.499999,309.73485823093654,6446737.1431061225,0.0,7127826853.499999,0.0,309.73485823093654,0.0,0
271,0.789,0.0,0.010192720916003784,0.0,0.010713337398514492,0.0,1.0,0.0,1.0,0.0,6446737.1431061225,7127826853.499999,309.73485823093654,6446737.1431061225,0.0,7127826853.499999,0.0,309.73485823093654,0.0,0
272,0.789,0.0,0.010192720916003784,0.0,0.010713337398514492,0.0,1.0,0.0,1.0,0.0,6446737.1431061225,7127826853.499999,309.73485823093654,6446737.1431061225,0.0,7127826853.499999,0.0,309.73485823093654,0.0,0
273,0.789,0.0,0.010192720916003784,0.0,0.010713337398514492,0.0,1.0,0.0,1.0,0.0,6446737.1431061225,7127826853.499999,309.73485823093654,6446737.1431061225,0.0,7127826853.499999,0.0,309.73485823093654,0.0,0
274,0.789,0.0,0.010192720916003784,0.0,0.010713337398514492,0.0,1.0,0.0,1.0,0.0,6446737.1431061225,7127826853.499999,309.73485823093654,6446737.1431061225,0.0,7127826853.499999,0.0,309.73485823093654,0.0,0
275,0.79108,0.0,0.009349040579456442,0.0,0.016726762072686936,0.0,1.0,0.0,1.0,0.0,6446737.1431061225,7117080280.049999,309.73485823093654,6446737.1431061225,0.0,7117080280.049999,0.0,309.73485823093654,0.0,0
276,0.79108,0.0,0.009349040579456442,0.0,0.016726762072686936,0.0,1.0,0.0,1.0,0.0,6446737.1431061225,7117080280.049999,309.73485823093654,6446737.1431061225,0.0,7117080280.049999,0.0,309.73485823093654,0.0,0
277,0.79108,0.0,0.009349040579456442,0.0,0.016726762072686936,0.0,1.0,0.0,1.0,0.0,6446737.1431061225,7117080280.049999,309.73485823093654,6446737.1431061225,0.0,7117080280.049999,0.0,309.73485823093654,0.0,0
278,0.79108,0.0,0.009349040579456442,0.0,0.016726762072686936,0.0,1.0,0.0,1.0,0.0,6446737.1431061225,7117080280.049999,309.73485823093654,6446737.1431061225,0.0,7117080280.049999,0.0,309.73485823093654,0.0,0
279,0.79108,0.0,0.009349040579456442,0.0,0.016726762072686936,0.0,1.0,0.0,1.0,0.0,6446737.1431061225,7117080280.049999,309.73485823093654,6446737.1431061225,0.0,7117080280.049999,0.0,309.73485823093654,0.0,0
280,0.79166,0.0,0.010022119343858792,0.0,0.010860891308267723,0.0,1.0,0.0,1.0,0.0,6446737.1431061225,7117080280.049999,309.73485823093654,6446737.1431061225,0.0,7117080280.049999,0.0,309.73485823093654,0.0,0
281,0.79166,0.0,0.010022119343858792,0.0,0.010860891308267723,0.0,1.0,0.0,1.0,0.0,6446737.1431061225,7117080280.049999,309.73485823093654,6446737.1431061225,0.0,7117080280.049999,0.0,309.73485823093654,0.0,0
282,0.79166,0.0,0.010022119343858792,0.0,0.010860891308267723,0.0,1.0,0.0,1.0,0.0,6446737.1431061225,7117080280.049999,309.73485823093654,6446737.1431061225,0.0,7117080280.049999,0.0,309.73485823093654,0.0,0
283,0.79166,0.0,0.010022119343858792,0.0,0.010860891308267723,0.0,1.0,0.0,1.0,0.0,6446737.1431061225,7117080280.049999,309.73485823093654,6446737.1431061225,0.0,7117080280.049999,0.0,309.73485823093654,0.0,0
284,0.79166,0.0,0.010022119343858792,0.0,0.010860891308267723,0.0,1.0,0.0,1.0,0.0,6446737.1431061225,7117080280.049999,309.73485823093654,6446737.1431061225,0.0,7117080280.049999,0.0,309.73485823093654,0.0,0
285,0.79334,0.0,0.009300672173759147,0.0,0.010684768916621446,0.0,1.0,0.0,1.0,0.0,6446737.1431061225,7117080280.049999,309.73485823093654,6446737.1431061225,0.0,7117080280.049999,0.0,309.73485823093654,0.0,0
286,0.79334,0.0,0.009300672173759147,0.0,0.010684768916621446,0.0,1.0,0.0,1.0,0.0,6446737.1431061225,7117080280.049999,309.73485823093654,6446737.1431061225,0.0,7117080280.049999,0.0,309.73485823093654,0.0,0
287,0.79334,0.0,0.009300672173759147,0.0,0.010684768916621446,0.0,1.0,0.0,1.0,0.0,6446737.1431061225,7117080280.049999,309.73485823093654,6446737.1431061225,0.0,7117080280.049999,0.0,309.73485823093654,0.0,0
288,0.79334,0.0,0.009300672173759147,0.0,0.010684768916621446,0.0,1.0,0.0,1.0,0.0,6446737.1431061225,7117080280.049999,309.73485823093654,6446737.1431061225,0.0,7117080280.049999,0.0,309.73485823093654,0.0,0
289,0.79334,0.0,0.009300672173759147,0.0,0.010684768916621446,0.0,1.0,0.0,1.0,0.0,6446737.1431061225,7116884413.799999,309.73485823093654,6446737.1431061225,0.0,7116884413.799999,0.0,309.73485823093654,0.0,0
290,0.79444,0.0,0.00806805859652643,0.0,0.011703051992213909,0.0,1.0,0.0,1.0,0.0,6446737.1431061225,7116884413.799999,309.73485823093654,6446737.1431061225,0.0,7116884413.799999,0.0,309.73485823093654,0.0,0
291,0.79444,0.0,0.00806805859652643,0.0,0.011703051992213909,0.0,1.0,0.0,1.0,0.0,6446737.1431061225,7116884413.799999,309.73485823093654,6446737.1431061225,0.0,7116884413.799999,0.0,309.73485823093654,0.0,0
292,0.79444,0.0,0.00806805859652643,0.0,0.011703051992213909,0.0,1.0,0.0,1.0,0.0,6446737.1431061225,7116884413.799999,309.73485823093654,6446737.1431061225,0.0,7116884413.799999,0.0,309.73485823093654,0.0,0
293,0.79444,0.0,0.00806805859652643,0.0,0.011703051992213909,0.0,1.0,0.0,1.0,0.0,6446737.1431061225,7101161272.679999,309.73485823093654,6446737.1431061225,0.0,7101161272.679999,0.0,309.73485823093654,0.0,0
294,0.79444,0.0,0.00806805859652643,0.0,0.011703051992213909,0.0,1.0,0.0,1.0,0.0,6446737.1431061225,7101161272.679999,309.73485823093654,6446737.1431061225,0.0,7101161272.679999,0.0,309.73485823093654,0.0,0
295,0.79458,0.0,0.007546294755392647,0.0,0.009635668766794045,0.0,1.0,0.0,1.0,0.0,6446737.1431061225,7101161272.679999,309.73485823093654,6446737.1431061225,0.0,7101161272.679999,0.0,309.73485823093654,0.0,0
296,0.79458,0.0,0.007546294755392647,0.0,0.009635668766794045,0.0,1.0,0.0,1.0,0.0,6446737.1431061225,7101161272.679999,309.73485823093654,6446737.1431061225,0.0,7101161272.679999,0.0,309.73485823093654,0.0,0
297,0.79458,0.0,0.007546294755392647,0.0,0.009635668766794045,0.0,1.0,0.0,1.0,0.0,6446737.1431061225,7101161272.679999,309.73485823093654,6446737.1431061225,0.0,7101161272.679999,0.0,309.73485823093654,0.0,0
298,0.79458,0.0,0.007546294755392647,0.0,0.009635668766794045,0.0,1.0,0.0,1.0,0.0,6446737.1431061225,7101161272.679999,309.73485823093654,6446737.1431061225,0.0,7101161272.679999,0.0,309.73485823093654,0.0,0
299,0.79458,0.0,0.007546294755392647,0.0,0.009635668766794045,0.0,1.0,0.0,1.0,0.0,6446737.1431061225,7101161272.679999,309.73485823093654,6446737.1431061225,0.0,7101161272.679999,0.0,309.73485823093654,0.0,0
300,0.79502,0.0,0.0076980766349390925,0.0,0.010086068418567991,0.0,1.0,0.0,1.0,0.0,6446737.1431061225,7101161272.679999,309.73485823093654,6446737.1431061225,0.0,7101161272.679999,0.0,309.73485823093654,0.0,0
301,0.79502,0.0,0.0076980766349390925,0.0,0.010086068418567991,0.0,1.0,0.0,1.0,0.0,6446737.1431061225,7101161272.679999,309.73485823093654,6446737.1431061225,0.0,7101161272.679999,0.0,309.73485823093654,0.0,0
302,0.79502,0.0,0.0076980766349390925,0.0,0.010086068418567991,0.0,1.0,0.0,1.0,0.0,6446737.1431061225,7101161272.679999,309.73485823093654,6446737.1431061225,0.0,7101161272.679999,0.0,309.73485823093654,0.0,0
303,0.79502,0.0,0.0076980766349390925,0.0,0.010086068418567991,0.0,1.0,0.0,1.0,0.0,6446737.1431061225,7101161272.679999,309.73485823093654,6446737.1431061225,0.0,7101161272.679999,0.0,309.73485823093654,0.0,0
304,0.79502,0.0,0.0076980766349390925,0.0,0.010086068418567991,0.0,1.0,0.0,1.0,0.0,6446737.1431061225,7101161272.679999,309.73485823093654,6446737.1431061225,0.0,7101161272.679999,0.0,309.73485823093654,0.0,0
305,0.79532,0.0,0.00748391883938196,0.0,0.010620964605516968,0.0,1.0,0.0,1.0,0.0,6446737.1431061225,7101161272.679999,309.73485823093654,6446737.1431061225,0.0,7101161272.679999,0.0,309.73485823093654,0.0,0
306,0.79532,0.0,0.00748391883938196,0.0,0.010620964605516968,0.0,1.0,0.0,1.0,0.0,6446737.1431061225,7101161272.679999,309.73485823093654,6446737.1431061225,0.0,7101161272.679999,0.0,309.73485823093654,0.0,0
307,0.79532,0.0,0.00748391883938196,0.0,0.010620964605516968,0.0,1.0,0.0,1.0,0.0,6446737.1431061225,7101161272.679999,309.73485823093654,6446737.1431061225,0.0,7101161272.679999,0.0,309.73485823093654,0.0,0
308,0.79532,0.0,0.00748391883938196,0.0,0.010620964605516968,0.0,1.0,0.0,1.0,0.0,6446737.1431061225,7101161272.679999,309.73485823093654,6446737.1431061225,0.0,7101161272.679999,0.0,309.73485823093654,0.0,0
309,0.79532,0.0,0.00748391883938196,0.0,0.010620964605516968,0.0,1.0,0.0,1.0,0.0,6446737.1431061225,7101161272.679999,309.73485823093654,6446737.1431061225,0.0,7101161272.679999,0.0,309.73485823093654,0.0,0
310,0.79416,0.0,0.00785604083927548,0.0,0.009837085460114315,0.0,1.0,0.0,1.0,0.0,6446737.1431061225,7101161272.679999,309.73485823093654,6446737.1431061225,0.0,7101161272.679999,0.0,309.73485823093654,0.0,0
311,0.79416,0.0,0.00785604083927548,0.0,0.009837085460114315,0.0,1.0,0.0,1.0,0.0,6446737.1431061225,7101161272.679999,309.73485823093654,6446737.1431061225,0.0,7101161272.679999,0.0,309.73485823093654,0.0,0
312,0.79416,0.0,0.00785604083927548,0.0,0.009837085460114315,0.0,1.0,0.0,1.0,0.0,6446737.1431061225,7101161272.679999,309.73485823093654,6446737.1431061225,0.0,7101161272.679999,0.0,309.73485823093654,0.0,0
313,0.79416,0.0,0.00785604083927548,0.0,0.009837085460114315,0.0,1.0,0.0,1.0,0.0,6446737.1431061225,7101161272.679999,309.73485823093654,6446737.1431061225,0.0,7101161272.679999,0.0,309.73485823093654,0.0,0
314,0.79416,0.0,0.00785604083927548,0.0,0.009837085460114315,0.0,1.0,0.0,1.0,0.0,6446737.1431061225,7101161272.679999,309.73485823093654,6446737.1431061225,0.0,7101161272.679999,0.0,309.73485823093654,0.0,0
315,0.79462,0.0,0.008227709842505381,0.0,0.00991590367663318,0.0,1.0,0.0,1.0,0.0,6446737.1431061225,7101161272.679999,309.73485823093654,6446737.1431061225,0.0,7101161272.679999,0.0,309.73485823093654,0.0,0
316,0.79462,0.0,0.008227709842505381,0.0,0.00991590367663318,0.0,1.0,0.0,1.0,0.0,6446737.1431061225,7100460724.78,309.73485823093654,6446737.1431061225,0.0,7100460724.78,0.0,309.73485823093654,0.0,0
317,0.79462,0.0,0.008227709842505381,0.0,0.00991590367663318,0.0,1.0,0.0,1.0,0.0,6446737.1431061225,7100460724.78,309.73485823093654,6446737.1431061225,0.0,7100460724.78,0.0,309.73485823093654,0.0,0
318,0.79462,0.0,0.008227709842505381,0.0,0.00991590367663318,0.0,1.0,0.0,1.0,0.0,6446737.1431061225,7100460724.78,309.73485823093654,6446737.1431061225,0.0,7100460724.78,0.0,309.73485823093654,0.0,0
319,0.79462,0.0,0.008227709842505381,0.0,0.00991590367663318,0.0,1.0,0.0,1.0,0.0,6446737.1431061225,7100460724.78,309.73485823093654,6446737.1431061225,0.0,7100460724.78,0.0,309.73485823093654,0.0,0
320,0.795,0.0,0.00732762412985272,0.0,0.010975199620942629,0.0,1.0,0.0,1.0,0.0,6446737.1431061225,7100460724.78,309.73485823093654,6446737.1431061225,0.0,7100460724.78,0.0,309.73485823093654,0.0,0
321,0.795,0.0,0.00732762412985272,0.0,0.010975199620942629,0.0,1.0,0.0,1.0,0.0,6446737.1431061225,7100460724.78,309.73485823093654,6446737.1431061225,0.0,7100460724.78,0.0,309.73485823093654,0.0,0
322,0.795,0.0,0.00732762412985272,0.0,0.010975199620942629,0.0,1.0,0.0,1.0,0.0,6446737.1431061225,7100460724.78,309.73485823093654,6446737.1431061225,0.0,7100460724.78,0.0,309.73485823093654,0.0,0
323,0.795,0.0,0.00732762412985272,0.0,0.010975199620942629,0.0,1.0,0.0,1.0,0.0,6446737.1431061225,7100460724.78,309.73485823093654,6446737.1431061225,0.0,7100460724.78,0.0,309.73485823093654,0.0,0
324,0.795,0.0,0.00732762412985272,0.0,0.010975199620942629,0.0,1.0,0.0,1.0,0.0,6446737.1431061225,7100460724.78,309.73485823093654,6446737.1431061225,0.0,7100460724.78,0.0,309.73485823093654,0.0,0
325,0.79514,0.0,0.007741344593092419,0.0,0.00990693983949278,0.0,1.0,0.0,1.0,0.0,6446737.1431061225,7100460724.78,309.73485823093654,6446737.1431061225,0.0,7100460724.78,0.0,309.73485823093654,0.0,0
326,0.79514,0.0,0.007741344593092419,0.0,0.00990693983949278,0.0,1.0,0.0,1.0,0.0,6446737.1431061225,7100460724.78,309.73485823093654,6446737.1431061225,0.0,7100460724.78,0.0,309.73485823093654,0.0,0
327,0.79514,0.0,0.007741344593092419,0.0,0.00990693983949278,0.0,1.0,0.0,1.0,0.0,6446737.1431061225,7100460724.78,309.73485823093654,6446737.1431061225,0.0,7100460724.78,0.0,309.73485823093654,0.0,0
328,0.79514,0.0,0.007741344593092419,0.0,0.00990693983949278,0.0,1.0,0.0,1.0,0.0,6446737.1431061225,7100460724.78,309.73485823093654,6446737.1431061225,0.0,7100460724.78,0.0,309.73485823093654,0.0,0
329,0.79514,0.0,0.007741344593092419,0.0,0.00990693983949278,0.0,1.0,0.0,1.0,0.0,6446737.1431061225,7100460724.78,309.73485823093654,6446737.1431061225,0.0,7100460724.78,0.0,309.73485823093654,0.0,0
330,0.79516,0.0,0.0077321077091146075,0.0,0.010362986099119209,0.0,1.0,0.0,1.0,0.0,6446737.1431061225,7100460724.78,309.73485823093654,6446737.1431061225,0.0,7100460724.78,0.0,309.73485823093654,0.0,0
331,0.79516,0.0,0.0077321077091146075,0.0,0.010362986099119209,0.0,1.0,0.0,1.0,0.0,6446737.1431061225,7100460724.78,309.73485823093654,6446737.1431061225,0.0,7100460724.78,0.0,309.73485823093654,0.0,0
332,0.79516,0.0,0.0077321077091146075,0.0,0.010362986099119209,0.0,1.0,0.0,1.0,0.0,6446737.1431061225,7100460724.78,309.73485823093654,6446737.1431061225,0.0,7100460724.78,0.0,309.73485823093654,0.0,0
333,0.79516,0.0,0.0077321077091146075,0.0,0.010362986099119209,0.0,1.0,0.0,1.0,0.0,6446737.1431061225,7100460724.78,309.73485823093654,6446737.1431061225,0.0,7100460724.78,0.0,309.73485823093654,0.0,0
334,0.79516,0.0,0.0077321077091146075,0.0,0.010362986099119209,0.0,1.0,0.0,1.0,0.0,6446737.1431061225,7100460724.78,309.73485823093654,6446737.1431061225,0.0,7100460724.78,0.0,309.73485823093654,0.0,0
335,0.79408,0.0,0.008831572738591696,0.0,0.010125385664953565,0.0,1.0,0.0,1.0,0.0,6446737.1431061225,7100460724.78,309.73485823093654,6446737.1431061225,0.0,7100460724.78,0.0,309.73485823093654,0.0,0
336,0.79408,0.0,0.008831572738591696,0.0,0.010125385664953565,0.0,1.0,0.0,1.0,0.0,6446737.1431061225,7100460724.78,309.73485823093654,6446737.1431061225,0.0,7100460724.78,0.0,309.73485823093654,0.0,0
337,0.79408,0.0,0.008831572738591696,0.0,0.010125385664953565,0.0,1.0,0.0,1.0,0.0,6446737.1431061225,7100460724.78,309.73485823093654,6446737.1431061225,0.0,7100460724.78,0.0,309.73485823093654,0.0,0
338,0.79408,0.0,0.008831572738591696,0.0,0.010125385664953565,0.0,1.0,0.0,1.0,0.0,6446737.1431061225,7100460724.78,309.73485823093654,6446737.1431061225,0.0,7100460724.78,0.0,309.73485823093654,0.0,0
339,0.79408,0.0,0.008831572738591696,0.0,0.010125385664953565,0.0,1.0,0.0,1.0,0.0,6446737.1431061225,7100460724.78,309.73485823093654,6446737.1431061225,0.0,7100460724.78,0.0,309.73485823093654,0.0,0
340,0.794,0.0,0.008582276176070215,0.0,0.01019075962176198,0.0,1.0,0.0,1.0,0.0,6446737.1431061225,7100460724.78,309.73485823093654,6446737.1431061225,0.0,7100460724.78,0.0,309.73485823093654,0.0,0
341,0.794,0.0,0.008582276176070215,0.0,0.01019075962176198,0.0,1.0,0.0,1.0,0.0,6446737.1431061225,7100460724.78,309.73485823093654,6446737.1431061225,0.0,7100460724.78,0.0,309.73485823093654,0.0,0
342,0.794,0.0,0.008582276176070215,0.0,0.01019075962176198,0.0,1.0,0.0,1.0,0.0,6446737.1431061225,7100460724.78,309.73485823093654,6446737.1431061225,0.0,7100460724.78,0.0,309.73485823093654,0.0,0
343,0.794,0.0,0.008582276176070215,0.0,0.01019075962176198,0.0,1.0,0.0,1.0,0.0,6446737.1431061225,7100460724.78,309.73485823093654,6446737.1431061225,0.0,7100460724.78,0.0,309.73485823093654,0.0,0
344,0.794,0.0,0.008582276176070215,0.0,0.01019075962176198,0.0,1.0,0.0,1.0,0.0,6446737.1431061225,7100460724.78,309.73485823093654,6446737.1431061225,0.0,7100460724.78,0.0,309.73485823093654,0.0,0
345,0.7949,0.0,0.007570054859856196,0.0,0.01041305227471787,0.0,1.0,0.0,1.0,0.0,6446737.1431061225,7100460724.78,309.73485823093654,6446737.1431061225,0.0,7100460724.78,0.0,309.73485823093654,0.0,0
346,0.7949,0.0,0.007570054859856196,0.0,0.01041305227471787,0.0,1.0,0.0,1.0,0.0,6446737.1431061225,7100460724.78,309.73485823093654,6446737.1431061225,0.0,7100460724.78,0.0,309.73485823093654,0.0,0
347,0.7949,0.0,0.007570054859856196,0.0,0.01041305227471787,0.0,1.0,0.0,1.0,0.0,6446737.1431061225,7100460724.78,309.73485823093654,6446737.1431061225,0.0,7100460724.78,0.0,309.73485823093654,0.0,0
348,0.7949,0.0,0.007570054859856196,0.0,0.01041305227471787,0.0,1.0,0.0,1.0,0.0,6446737.1431061225,7100460724.78,309.73485823093654,6446737.1431061225,0.0,7100460724.78,0.0,309.73485823093654,0.0,0
349,0.7949,0.0,0.007570054859856196,0.0,0.01041305227471787,0.0,1.0,0.0,1.0,0.0,6446737.1431061225,7100460724.78,309.73485823093654,6446737.1431061225,0.0,7100460724.78,0.0,309.73485823093654,0.0,0
350,0.79504,0.0,0.008445883951816951,0.0,0.010055084959419433,0.0,1.0,0.0,1.0,0.0,6446737.1431061225,7100460724.78,309.73485823093654,6446737.1431061225,0.0,7100460724.78,0.0,309.73485823093654,0.0,0
351,0.79504,0.0,0.008445883951816951,0.0,0.010055084959419433,0.0,1.0,0.0,1.0,0.0,6446737.1431061225,7100460724.78,309.73485823093654,6446737.1431061225,0.0,7100460724.78,0.0,309.73485823093654,0.0,0
352,0.79504,0.0,0.008445883951816951,0.0,0.010055084959419433,0.0,1.0,0.0,1.0,0.0,6446737.1431061225,7100460724.78,309.73485823093654,6446737.1431061225,0.0,7100460724.78,0.0,309.73485823093654,0.0,0
353,0.79504,0.0,0.008445883951816951,0.0,0.010055084959419433,0.0,1.0,0.0,1.0,0.0,6446737.1431061225,7100460724.78,304.3840585760432,6446737.1431061225,0.0,7100460724.78,0.0,304.3840585760432,0.0,0
354,0.79504,0.0,0.008445883951816951,0.0,0.010055084959419433,0.0,1.0,0.0,1.0,0.0,6446737.1431061225,7100460724.78,304.3840585760432,6446737.1431061225,0.0,7100460724.78,0.0,304.3840585760432,0.0,0
355,0.7966,0.0,0.007640700813725459,0.0,0.02759642672122482,0.0,1.0,0.0,1.0,0.0,6446737.1431061225,7100460724.78,304.3840585760432,6446737.1431061225,0.0,7100460724.78,0.0,304.3840585760432,0.0,0
356,0.7966,0.0,0.007640700813725459,0.0,0.02759642672122482,0.0,1.0,0.0,1.0,0.0,6446737.1431061225,7100460724.78,304.3840585760432,6446737.1431061225,0.0,7100460724.78,0.0,304.3840585760432,0.0,0
357,0.7966,0.0,0.007640700813725459,0.0,0.02759642672122482,0.0,1.0,0.0,1.0,0.0,6446737.1431061225,7100460724.78,304.3840585760432,6446737.1431061225,0.0,7100460724.78,0.0,304.3840585760432,0.0,0
358,0.7966,0.0,0.007640700813725459,0.0,0.02759642672122482,0.0,1.0,0.0,1.0,0.0,6446737.1431061225,7100460724.78,304.3840585760432,6446737.1431061225,0.0,7100460724.78,0.0,304.3840585760432,0.0,0
359,0.7966,0.0,0.007640700813725459,0.0,0.02759642672122482,0.0,1.0,0.0,1.0,0.0,6446737.1431061225,7100460724.78,301.50792633055215,6446737.1431061225,0.0,7100460724.78,0.0,301.50792633055215,0.0,0
360,0.79714,0.0,0.008262572505963761,0.0,0.011687410198281963,0.0,1.0,0.0,1.0,0.0,6446737.1431061225,7100460724.78,301.50792633055215,6446737.1431061225,0.0,7100460724.78,0.0,301.50792633055215,0.0,0
361,0.79714,0.0,0.008262572505963761,0.0,0.011687410198281963,0.0,1.0,0.0,1.0,0.0,6446737.1431061225,7100460724.78,301.50792633055215,6446737.1431061225,0.0,7100460724.78,0.0,301.50792633055215,0.0,0
362,0.79714,0.0,0.008262572505963761,0.0,0.011687410198281963,0.0,1.0,0.0,1.0,0.0,6446737.1431061225,7100460724.78,301.50792633055215,6446737.1431061225,0.0,7100460724.78,0.0,301.50792633055215,0.0,0
363,0.79714,0.0,0.008262572505963761,0.0,0.011687410198281963,0.0,1.0,0.0,1.0,0.0,6446737.1431061225,7100460724.78,301.50792633055215,6446737.1431061225,0.0,7100460724.78,0.0,301.50792633055215,0.0,0
364,0.79714,0.0,0.008262572505963761,0.0,0.011687410198281963,0.0,1.0,0.0,1.0,0.0,6446737.1431061225,7100460724.78,301.50792633055215,6446737.1431061225,0.0,7100460724.78,0.0,301.50792633055215,0.0,0
365,0.79722,0.0,0.007206433805411905,0.0,0.011537847134371183,0.0,1.0,0.0,1.0,0.0,6446737.1431061225,7100460724.78,301.50792633055215,6446737.1431061225,0.0,7100460724.78,0.0,301.50792633055215,0.0,0
366,0.79722,0.0,0.007206433805411905,0.0,0.011537847134371183,0.0,1.0,0.0,1.0,0.0,6446737.1431061225,7100460724.78,301.50792633055215,6446737.1431061225,0.0,7100460724.78,0.0,301.50792633055215,0.0,0
367,0.79722,0.0,0.007206433805411905,0.0,0.011537847134371183,0.0,1.0,0.0,1.0,0.0,6446737.1431061225,7100460724.78,301.50792633055215,6446737.1431061225,0.0,7100460724.78,0.0,301.50792633055215,0.0,0
368,0.79722,0.0,0.007206433805411905,0.0,0.011537847134371183,0.0,1.0,0.0,1.0,0.0,6446737.1431061225,7100460724.78,301.50792633055215,6446737.1431061225,0.0,7100460724.78,0.0,301.50792633055215,0.0,0
369,0.79722,0.0,0.007206433805411905,0.0,0.011537847134371183,0.0,1.0,0.0,1.0,0.0,6446737.1431061225,7100460724.78,301.50792633055215,6446737.1431061225,0.0,7100460724.78,0.0,301.50792633055215,0.0,0
370,0.79652,0.0,0.006082776608520791,0.0,0.010859334244544907,0.0,1.0,0.0,1.0,0.0,6446737.1431061225,7100460724.78,301.50792633055215,6446737.1431061225,0.0,7100460724.78,0.0,301.50792633055215,0.0,0
371,0.79652,0.0,0.006082776608520791,0.0,0.010859334244544907,0.0,1.0,0.0,1.0,0.0,6446737.1431061225,7100460724.78,301.50792633055215,6446737.1431061225,0.0,7100460724.78,0.0,301.50792633055215,0.0,0
372,0.79652,0.0,0.006082776608520791,0.0,0.010859334244544907,0.0,1.0,0.0,1.0,0.0,6446737.1431061225,7100460724.78,301.50792633055215,6446737.1431061225,0.0,7100460724.78,0.0,301.50792633055215,0.0,0
373,0.79652,0.0,0.006082776608520791,0.0,0.010859334244544907,0.0,1.0,0.0,1.0,0.0,6446737.1431061225,7100460724.78,301.50792633055215,6446737.1431061225,0.0,7100460724.78,0.0,301.50792633055215,0.0,0
374,0.79652,0.0,0.006082776608520791,0.0,0.010859334244544907,0.0,1.0,0.0,1.0,0.0,6446737.1431061225,7100460724.78,301.50792633055215,6446737.1431061225,0.0,7100460724.78,0.0,301.50792633055215,0.0,0
375,0.79696,0.0,0.005415288999069419,0.0,0.01136372630274309,0.0,1.0,0.0,1.0,0.0,6446737.1431061225,7100460724.78,301.50792633055215,6446737.1431061225,0.0,7100460724.78,0.0,301.50792633055215,0.0,0
376,0.79696,0.0,0.005415288999069419,0.0,0.01136372630274309,0.0,1.0,0.0,1.0,0.0,6446737.1431061225,7100460724.78,301.50792633055215,6446737.1431061225,0.0,7100460724.78,0.0,301.50792633055215,0.0,0
377,0.79696,0.0,0.005415288999069419,0.0,0.01136372630274309,0.0,1.0,0.0,1.0,0.0,6446737.1431061225,7100460724.78,301.50792633055215,6446737.1431061225,0.0,7100460724.78,0.0,301.50792633055215,0.0,0
378,0.79696,0.0,0.005415288999069419,0.0,0.01136372630274309,0.0,1.0,0.0,1.0,0.0,6446737.1431061225,7100460724.78,301.50792633055215,6446737.1431061225,0.0,7100460724.78,0.0,301.50792633055215,0.0,0
379,0.79696,0.0,0.005415288999069419,0.0,0.01136372630274309,0.0,1.0,0.0,1.0,0.0,6446737.1431061225,7100460724.78,301.50792633055215,6446737.1431061225,0.0,7100460724.78,0.0,301.50792633055215,0.0,0
380,0.79736,0.0,0.004622592213758452,0.0,0.00991592310468802,0.0,1.0,0.0,1.0,0.0,6446737.1431061225,7100460724.78,301.50792633055215,6446737.1431061225,0.0,7100460724.78,0.0,301.50792633055215,0.0,0
381,0.79736,0.0,0.004622592213758452,0.0,0.00991592310468802,0.0,1.0,0.0,1.0,0.0,6446737.1431061225,7100460724.78,301.50792633055215,6446737.1431061225,0.0,7100460724.78,0.0,301.50792633055215,0.0,0
382,0.79736,0.0,0.004622592213758452,0.0,0.00991592310468802,0.0,1.0,0.0,1.0,0.0,6446737.1431061225,7100460724.78,301.50792633055215,6446737.1431061225,0.0,7100460724.78,0.0,301.50792633055215,0.0,0
383,0.79736,0.0,0.004622592213758452,0.0,0.00991592310468802,0.0,1.0,0.0,1.0,0.0,6446737.1431061225,7100460724.78,301.50792633055215,6446737.1431061225,0.0,7100460724.78,0.0,301.50792633055215,0.0,0
384,0.79736,0.0,0.004622592213758452,0.0,0.00991592310468802,0.0,1.0,0.0,1.0,0.0,6446737.1431061225,7100460724.78,301.50792633055215,6446737.1431061225,0.0,7100460724.78,0.0,301.50792633055215,0.0,0
385,0.7969,0.0,0.005134408657073186,0.0,0.011162132632394125,0.0,1.0,0.0,1.0,0.0,6446737.1431061225,7100460724.78,301.50792633055215,6446737.1431061225,0.0,7100460724.78,0.0,301.50792633055215,0.0,0
386,0.7969,0.0,0.005134408657073186,0.0,0.011162132632394125,0.0,1.0,0.0,1.0,0.0,6446737.1431061225,7100460724.78,301.50792633055215,6446737.1431061225,0.0,7100460724.78,0.0,301.50792633055215,0.0,0
387,0.7969,0.0,0.005134408657073186,0.0,0.011162132632394125,0.0,1.0,0.0,1.0,0.0,6446737.1431061225,7100460724.78,301.50792633055215,6446737.1431061225,0.0,7100460724.78,0.0,301.50792633055215,0.0,0
388,0.7969,0.0,0.005134408657073186,0.0,0.011162132632394125,0.0,1.0,0.0,1.0,0.0,6446737.1431061225,7100460724.78,301.50792633055215,6446737.1431061225,0.0,7100460724.78,0.0,301.50792633055215,0.0,0
389,0.7969,0.0,0.005134408657073186,0.0,0.011162132632394125,0.0,1.0,0.0,1.0,0.0,6446737.1431061225,7100460724.78,301.50792633055215,6446737.1431061225,0.0,7100460724.78,0.0,301.50792633055215,0.0,0
390,0.79766,0.0,0.003666591559275557,0.0,0.011153056927332886,0.0,1.0,0.0,1.0,0.0,6446737.1431061225,7100460724.78,301.50792633055215,6446737.1431061225,0.0,7100460724.78,0.0,301.50792633055215,0.0,0
391,0.79766,0.0,0.003666591559275557,0.0,0.011153056927332886,0.0,1.0,0.0,1.0,0.0,6446737.1431061225,7100460724.78,301.50792633055215,6446737.1431061225,0.0,7100460724.78,0.0,301.50792633055215,0.0,0
392,0.79766,0.0,0.003666591559275557,0.0,0.011153056927332886,0.0,1.0,0.0,1.0,0.0,6446737.1431061225,7100460724.78,301.50792633055215,6446737.1431061225,0.0,7100460724.78,0.0,301.50792633055215,0.0,0
393,0.79766,0.0,0.003666591559275557,0.0,0.011153056927332886,0.0,1.0,0.0,1.0,0.0,6446737.1431061225,7100460724.78,301.50792633055215,6446737.1431061225,0.0,7100460724.78,0.0,301.50792633055215,0.0,0
394,0.79766,0.0,0.003666591559275557,0.0,0.011153056927332886,0.0,1.0,0.0,1.0,0.0,6446737.1431061225,7100460724.78,301.50792633055215,6446737.1431061225,0.0,7100460724.78,0.0,301.50792633055215,0.0,0
395,0.7961,0.0,0.004266283920004066,0.0,0.011458007401189976,0.0,1.0,0.0,1.0,0.0,6446737.1431061225,7100460724.78,301.50792633055215,6446737.1431061225,0.0,7100460724.78,0.0,301.50792633055215,0.0,0
396,0.7961,0.0,0.004266283920004066,0.0,0.011458007401189976,0.0,1.0,0.0,1.0,0.0,6446737.1431061225,7100460724.78,301.50792633055215,6446737.1431061225,0.0,7100460724.78,0.0,301.50792633055215,0.0,0
397,0.7961,0.0,0.004266283920004066,0.0,0.011458007401189976,0.0,1.0,0.0,1.0,0.0,6446737.1431061225,7100460724.78,301.50792633055215,6446737.1431061225,0.0,7100460724.78,0.0,301.50792633055215,0.0,0
398,0.7961,0.0,0.004266283920004066,0.0,0.011458007401189976,0.0,1.0,0.0,1.0,0.0,6446737.1431061225,7100460724.78,301.50792633055215,6446737.1431061225,0.0,7100460724.78,0.0,301.50792633055215,0.0,0
399,0.7961,0.0,0.004266283920004066,0.0,0.011458007401189976,0.0,1.0,0.0,1.0,0.0,6446737.1431061225,7100460724.78,301.50792633055215,6446737.1431061225,0.0,7100460724.78,0.0,301.50792633055215,0.0,0
400,0.79714,0.0,0.004788010912768982,0.0,0.01335931097126213,0.0,1.0,0.0,1.0,0.0,6446737.1431061225,7100460724.78,301.50792633055215,6446737.1431061225,0.0,7100460724.78,0.0,301.50792633055215,0.0,0
401,0.79714,0.0,0.004788010912768982,0.0,0.01335931097126213,0.0,1.0,0.0,1.0,0.0,6446737.1431061225,7100460724.78,301.50792633055215,6446737.1431061225,0.0,7100460724.78,0.0,301.50792633055215,0.0,0
402,0.79714,0.0,0.004788010912768982,0.0,0.01335931097126213,0.0,1.0,0.0,1.0,0.0,6446737.1431061225,7100460724.78,301.50792633055215,6446737.1431061225,0.0,7100460724.78,0.0,301.50792633055215,0.0,0
403,0.79714,0.0,0.004788010912768982,0.0,0.01335931097126213,0.0,1.0,0.0,1.0,0.0,6446737.1431061225,7100460724.78,301.50792633055215,6446737.1431061225,0.0,7100460724.78,0.0,301.50792633055215,0.0,0
404,0.79714,0.0,0.004788010912768982,0.0,0.01335931097126213,0.0,1.0,0.0,1.0,0.0,6446737.1431061225,7100460724.78,301.50792633055215,6446737.1431061225,0.0,7100460724.78,0.0,301.50792633055215,0.0,0
405,0.79816,0.0,0.004270936867183382,0.0,0.010879029085885361,0.0,1.0,0.0,1.0,0.0,6446737.1431061225,7100460724.78,301.50792633055215,6446737.1431061225,0.0,7100460724.78,0.0,301.50792633055215,0.0,0
406,0.79816,0.0,0.004270936867183382,0.0,0.010879029085885361,0.0,1.0,0.0,1.0,0.0,6446737.1431061225,7100460724.78,301.50792633055215,6446737.1431061225,0.0,7100460724.78,0.0,301.50792633055215,0.0,0
407,0.79816,0.0,0.004270936867183382,0.0,0.010879029085885361,0.0,1.0,0.0,1.0,0.0,6446737.1431061225,7100460724.78,301.50792633055215,6446737.1431061225,0.0,7100460724.78,0.0,301.50792633055215,0.0,0
408,0.79816,0.0,0.004270936867183382,0.0,0.010879029085885361,0.0,1.0,0.0,1.0,0.0,6446737.1431061225,7100460724.78,301.50792633055215,6446737.1431061225,0.0,7100460724.78,0.0,301.50792633055215,0.0,0
409,0.79816,0.0,0.004270936867183382,0.0,0.010879029085885361,0.0,1.0,0.0,1.0,0.0,6446737.1431061225,7100460724.78,301.50792633055215,6446737.1431061225,0.0,7100460724.78,0.0,301.50792633055215,0.0,0
410,0.79784,0.0,0.004538575460010654,0.0,0.011238036431468694,0.0,1.0,0.0,1.0,0.0,6446737.1431061225,7100460724.78,301.50792633055215,6446737.1431061225,0.0,7100460724.78,0.0,301.50792633055215,0.0,0
411,0.79784,0.0,0.004538575460010654,0.0,0.011238036431468694,0.0,1.0,0.0,1.0,0.0,6446737.1431061225,7100460724.78,301.50792633055215,6446737.1431061225,0.0,7100460724.78,0.0,301.50792633055215,0.0,0
412,0.79784,0.0,0.004538575460010654,0.0,0.011238036431468694,0.0,1.0,0.0,1.0,0.0,6446737.1431061225,7100460724.78,301.50792633055215,6446737.1431061225,0.0,7100460724.78,0.0,301.50792633055215,0.0,0
413,0.79784,0.0,0.004538575460010654,0.0,0.011238036431468694,0.0,1.0,0.0,1.0,0.0,6446737.1431061225,7100460724.78,301.50792633055215,6446737.1431061225,0.0,7100460724.78,0.0,301.50792633055215,0.0,0
414,0.79784,0.0,0.004538575460010654,0.0,0.011238036431468694,0.0,1.0,0.0,1.0,0.0,6446737.1431061225,7100460724.78,301.50792633055215,6446737.1431061225,0.0,7100460724.78,0.0,301.50792633055215,0.0,0
415,0.79668,0.0,0.004934173065690509,0.0,0.011342590287952842,0.0,1.0,0.0,1.0,0.0,6446737.1431061225,7100460724.78,301.50792633055215,6446737.1431061225,0.0,7100460724.78,0.0,301.50792633055215,0.0,0
416,0.79668,0.0,0.004934173065690509,0.0,0.011342590287952842,0.0,1.0,0.0,1.0,0.0,6446737.1431061225,7100460724.78,301.50792633055215,6446737.1431061225,0.0,7100460724.78,0.0,301.50792633055215,0.0,0
417,0.79668,0.0,0.004934173065690509,0.0,0.011342590287952842,0.0,1.0,0.0,1.0,0.0,6446737.1431061225,7100460724.78,301.50792633055215,6446737.1431061225,0.0,7100460724.78,0.0,301.50792633055215,0.0,0
418,0.79668,0.0,0.004934173065690509,0.0,0.011342590287952842,0.0,1.0,0.0,1.0,0.0,6446737.1431061225,7100460724.78,301.50792633055215,6446737.1431061225,0.0,7100460724.78,0.0,301.50792633055215,0.0,0
419,0.79668,0.0,0.004934173065690509,0.0,0.011342590287952842,0.0,1.0,0.0,1.0,0.0,6446737.1431061225,7100460724.78,301.50792633055215,6446737.1431061225,0.0,7100460724.78,0.0,301.50792633055215,0.0,0
420,0.79796,0.0,0.004555513915810026,0.0,0.011982999459445321,0.0,1.0,0.0,1.0,0.0,6446737.1431061225,7100460724.78,301.50792633055215,6446737.1431061225,0.0,7100460724.78,0.0,301.50792633055215,0.0,0
421,0.79796,0.0,0.004555513915810026,0.0,0.011982999459445321,0.0,1.0,0.0,1.0,0.0,6446737.1431061225,7100460724.78,301.50792633055215,6446737.1431061225,0.0,7100460724.78,0.0,301.50792633055215,0.0,0
422,0.79796,0.0,0.004555513915810026,0.0,0.011982999459445321,0.0,1.0,0.0,1.0,0.0,6446737.1431061225,7100460724.78,301.50792633055215,6446737.1431061225,0.0,7100460724.78,0.0,301.50792633055215,0.0,0
423,0.79796,0.0,0.004555513915810026,0.0,0.011982999459445321,0.0,1.0,0.0,1.0,0.0,6446737.1431061225,7100460724.78,301.50792633055215,6446737.1431061225,0.0,7100460724.78,0.0,301.50792633055215,0.0,0
424,0.79796,0.0,0.004555513915810026,0.0,0.011982999459445321,0.0,1.0,0.0,1.0,0.0,6446737.1431061225,7100460724.78,301.50792633055215,6446737.1431061225,0.0,7100460724.78,0.0,301.50792633055215,0.0,0
425,0.79556,0.0,0.004497044617993711,0.0,0.010225537236527308,0.0,1.0,0.0,1.0,0.0,6446737.1431061225,7100460724.78,301.50792633055215,6446737.1431061225,0.0,7100460724.78,0.0,301.50792633055215,0.0,0
426,0.79556,0.0,0.004497044617993711,0.0,0.010225537236527308,0.0,1.0,0.0,1.0,0.0,6446737.1431061225,7100460724.78,301.50792633055215,6446737.1431061225,0.0,7100460724.78,0.0,301.50792633055215,0.0,0
427,0.79556,0.0,0.004497044617993711,0.0,0.010225537236527308,0.0,1.0,0.0,1.0,0.0,6446737.1431061225,7100460724.78,301.50792633055215,6446737.1431061225,0.0,7100460724.78,0.0,301.50792633055215,0.0,0
428,0.79556,0.0,0.004497044617993711,0.0,0.010225537236527308,0.0,1.0,0.0,1.0,0.0,6446737.1431061225,7100460724.78,301.50792633055215,6446737.1431061225,0.0,7100460724.78,0.0,301.50792633055215,0.0,0
429,0.79556,0.0,0.004497044617993711,0.0,0.010225537236527308,0.0,1.0,0.0,1.0,0.0,6446737.1431061225,7100460724.78,301.50792633055215,6446737.1431061225,0.0,7100460724.78,0.0,301.50792633055215,0.0,0
430,0.79558,0.0,0.004704090175624586,0.0,0.010586080712437934,0.0,1.0,0.0,1.0,0.0,6446737.1431061225,7100460724.78,301.50792633055215,6446737.1431061225,0.0,7100460724.78,0.0,301.50792633055215,0.0,0
431,0.79558,0.0,0.004704090175624586,0.0,0.010586080712437934,0.0,1.0,0.0,1.0,0.0,6446737.1431061225,7100460724.78,301.50792633055215,6446737.1431061225,0.0,7100460724.78,0.0,301.50792633055215,0.0,0
432,0.79558,0.0,0.004704090175624586,0.0,0.010586080712437934,0.0,1.0,0.0,1.0,0.0,6446737.1431061225,7100460724.78,301.50792633055215,6446737.1431061225,0.0,7100460724.78,0.0,301.50792633055215,0.0,0
433,0.79558,0.0,0.004704090175624586,0.0,0.010586080712437934,0.0,1.0,0.0,1.0,0.0,6446737.1431061225,7100460724.78,301.50792633055215,6446737.1431061225,0.0,7100460724.78,0.0,301.50792633055215,0.0,0
434,0.79558,0.0,0.004704090175624586,0.0,0.010586080712437934,0.0,1.0,0.0,1.0,0.0,6446737.1431061225,7100460724.78,301.50792633055215,6446737.1431061225,0.0,7100460724.78,0.0,301.50792633055215,0.0,0
435,0.79584,0.0,0.005197423798442435,0.0,0.012412015777999599,0.0,1.0,0.0,1.0,0.0,6446737.1431061225,7100460724.78,301.50792633055215,6446737.1431061225,0.0,7100460724.78,0.0,301.50792633055215,0.0,0
436,0.79584,0.0,0.005197423798442435,0.0,0.012412015777999599,0.0,1.0,0.0,1.0,0.0,6446737.1431061225,7100460724.78,301.50792633055215,6446737.1431061225,0.0,7100460724.78,0.0,301.50792633055215,0.0,0
437,0.79584,0.0,0.005197423798442435,0.0,0.012412015777999599,0.0,1.0,0.0,1.0,0.0,6446737.1431061225,7100460724.78,301.50792633055215,6446737.1431061225,0.0,7100460724.78,0.0,301.50792633055215,0.0,0
438,0.79584,0.0,0.005197423798442435,0.0,0.012412015777999599,0.0,1.0,0.0,1.0,0.0,6446737.1431061225,7100460724.78,301.50792633055215,6446737.1431061225,0.0,7100460724.78,0.0,301.50792633055215,0.0,0
439,0.79584,0.0,0.005197423798442435,0.0,0.012412015777999599,0.0,1.0,0.0,1.0,0.0,6446737.1431061225,7100460724.78,301.50792633055215,6446737.1431061225,0.0,7100460724.78,0.0,301.50792633055215,0.0,0
440,0.7965,0.0,0.0055444062413106164,0.0,0.012015598115120306,0.0,1.0,0.0,1.0,0.0,6446737.1431061225,7100460724.78,301.50792633055215,6446737.1431061225,0.0,7100460724.78,0.0,301.50792633055215,0.0,0
441,0.7965,0.0,0.0055444062413106164,0.0,0.012015598115120306,0.0,1.0,0.0,1.0,0.0,6446737.1431061225,7100460724.78,301.50792633055215,6446737.1431061225,0.0,7100460724.78,0.0,301.50792633055215,0.0,0
442,0.7965,0.0,0.0055444062413106164,0.0,0.012015598115120306,0.0,1.0,0.0,1.0,0.0,6446737.1431061225,7100460724.78,301.50792633055215,6446737.1431061225,0.0,7100460724.78,0.0,301.50792633055215,0.0,0
443,0.7965,0.0,0.0055444062413106164,0.0,0.012015598115120306,0.0,1.0,0.0,1.0,0.0,6446737.1431061225,7100460724.78,301.50792633055215,6446737.1431061225,0.0,7100460724.78,0.0,301.50792633055215,0.0,0
444,0.7965,0.0,0.0055444062413106164,0.0,0.012015598115120306,0.0,1.0,0.0,1.0,0.0,6446737.1431061225,7100460724.78,301.50792633055215,6446737.1431061225,0.0,7100460724.78,0.0,301.50792633055215,0.0,0
445,0.79668,0.0,0.003694529742157695,0.0,0.011130226872701285,0.0,1.0,0.0,1.0,0.0,6446737.1431061225,7100460724.78,301.50792633055215,6446737.1431061225,0.0,7100460724.78,0.0,301.50792633055215,0.0,0
446,0.79668,0.0,0.003694529742157695,0.0,0.011130226872701285,0.0,1.0,0.0,1.0,0.0,6446737.1431061225,7100460724.78,301.50792633055215,6446737.1431061225,0.0,7100460724.78,0.0,301.50792633055215,0.0,0
447,0.79668,0.0,0.003694529742157695,0.0,0.011130226872701285,0.0,1.0,0.0,1.0,0.0,6446737.1431061225,7100460724.78,301.50792633055215,6446737.1431061225,0.0,7100460724.78,0.0,301.50792633055215,0.0,0
448,0.79668,0.0,0.003694529742157695,0.0,0.011130226872701285,0.0,1.0,0.0,1.0,0.0,6446737.1431061225,7100460724.78,301.50792633055215,6446737.1431061225,0.0,7100460724.78,0.0,301.50792633055215,0.0,0
449,0.79668,0.0,0.003694529742157695,0.0,0.011130226872701285,0.0,1.0,0.0,1.0,0.0,6446737.1431061225,7100460724.78,301.50792633055215,6446737.1431061225,0.0,7100460724.78,0.0,301.50792633055215,0.0,0
450,0.79732,0.0,0.00415129371564429,0.0,0.011376640383653566,0.0,1.0,0.0,1.0,0.0,6446737.1431061225,7100460724.78,301.50792633055215,6446737.1431061225,0.0,7100460724.78,0.0,301.50792633055215,0.0,0
451,0.79732,0.0,0.00415129371564429,0.0,0.011376640383653566,0.0,1.0,0.0,1.0,0.0,6446737.1431061225,7100460724.78,301.50792633055215,6446737.1431061225,0.0,7100460724.78,0.0,301.50792633055215,0.0,0
452,0.79732,0.0,0.00415129371564429,0.0,0.011376640383653566,0.0,1.0,0.0,1.0,0.0,6446737.1431061225,7100460724.78,301.50792633055215,6446737.1431061225,0.0,7100460724.78,0.0,301.50792633055215,0.0,0
453,0.79732,0.0,0.00415129371564429,0.0,0.011376640383653566,0.0,1.0,0.0,1.0,0.0,6446737.1431061225,7100460724.78,301.50792633055215,6446737.1431061225,0.0,7100460724.78,0.0,301.50792633055215,0.0,0
454,0.79732,0.0,0.00415129371564429,0.0,0.011376640383653566,0.0,1.0,0.0,1.0,0.0,6446737.1431061225,7100460724.78,301.50792633055215,6446737.1431061225,0.0,7100460724.78,0.0,301.50792633055215,0.0,0
455,0.79796,0.0,0.0038611632275461867,0.0,0.016613013182211846,0.0,1.0,0.0,1.0,0.0,6446737.1431061225,7100460724.78,301.50792633055215,6446737.1431061225,0.0,7100460724.78,0.0,301.50792633055215,0.0,0
456,0.79796,0.0,0.0038611632275461867,0.0,0.016613013182211846,0.0,1.0,0.0,1.0,0.0,6446737.1431061225,7100460724.78,301.50792633055215,6446737.1431061225,0.0,7100460724.78,0.0,301.50792633055215,0.0,0
457,0.79796,0.0,0.0038611632275461867,0.0,0.016613013182211846,0.0,1.0,0.0,1.0,0.0,6446737.1431061225,7100460724.78,301.50792633055215,6446737.1431061225,0.0,7100460724.78,0.0,301.50792633055215,0.0,0
458,0.79796,0.0,0.0038611632275461867,0.0,0.016613013182211846,0.0,1.0,0.0,1.0,0.0,6446737.1431061225,7100460724.78,301.50792633055215,6446737.1431061225,0.0,7100460724.78,0.0,301.50792633055215,0.0,0
459,0.79796,0.0,0.0038611632275461867,0.0,0.016613013182211846,0.0,1.0,0.0,1.0,0.0,6446737.1431061225,7100460724.78,301.50792633055215,6446737.1431061225,0.0,7100460724.78,0.0,301.50792633055215,0.0,0
460,0.79836,0.0,0.003695145873385483,0.0,0.01645064912521099,0.0,1.0,0.0,1.0,0.0,6446737.1431061225,7100460724.78,301.50792633055215,6446737.1431061225,0.0,7100460724.78,0.0,301.50792633055215,0.0,0
461,0.79836,0.0,0.003695145873385483,0.0,0.01645064912521099,0.0,1.0,0.0,1.0,0.0,6446737.1431061225,7100460724.78,301.50792633055215,6446737.1431061225,0.0,7100460724.78,0.0,301.50792633055215,0.0,0
462,0.79836,0.0,0.003695145873385483,0.0,0.01645064912521099,0.0,1.0,0.0,1.0,0.0,6446737.1431061225,7100460724.78,301.50792633055215,6446737.1431061225,0.0,7100460724.78,0.0,301.50792633055215,0.0,0
463,0.79836,0.0,0.003695145873385483,0.0,0.01645064912521099,0.0,1.0,0.0,1.0,0.0,6446737.1431061225,7100460724.78,301.50792633055215,6446737.1431061225,0.0,7100460724.78,0.0,301.50792633055215,0.0,0
464,0.79836,0.0,0.003695145873385483,0.0,0.01645064912521099,0.0,1.0,0.0,1.0,0.0,6446737.1431061225,7100460724.78,301.50792633055215,6446737.1431061225,0.0,7100460724.78,0.0,301.50792633055215,0.0,0
465,0.7985,0.0,0.0035595453295683014,0.0,0.01613656959050425,0.0,1.0,0.0,1.0,0.0,6446737.1431061225,7100460724.78,301.50792633055215,6446737.1431061225,0.0,7100460724.78,0.0,301.50792633055215,0.0,0
466,0.7985,0.0,0.0035595453295683014,0.0,0.01613656959050425,0.0,1.0,0.0,1.0,0.0,6446737.1431061225,7100460724.78,301.50792633055215,6446737.1431061225,0.0,7100460724.78,0.0,301.50792633055215,0.0,0
467,0.7985,0.0,0.0035595453295683014,0.0,0.01613656959050425,0.0,1.0,0.0,1.0,0.0,6446737.1431061225,7100460724.78,301.50792633055215,6446737.1431061225,0.0,7100460724.78,0.0,301.50792633055215,0.0,0
468,0.7985,0.0,0.0035595453295683014,0.0,0.01613656959050425,0.0,1.0,0.0,1.0,0.0,6446737.1431061225,7100460724.78,301.50792633055215,6446737.1431061225,0.0,7100460724.78,0.0,301.50792633055215,0.0,0
469,0.7985,0.0,0.0035595453295683014,0.0,0.01613656959050425,0.0,1.0,0.0,1.0,0.0,6446737.1431061225,7100460724.78,301.50792633055215,6446737.1431061225,0.0,7100460724.78,0.0,301.50792633055215,0.0,0
470,0.79912,0.0,0.0029453049990684405,0.0,0.016349979333562838,0.0,1.0,0.0,1.0,0.0,6446737.1431061225,7100460724.78,301.50792633055215,6446737.1431061225,0.0,7100460724.78,0.0,301.50792633055215,0.0,0
471,0.79912,0.0,0.0029453049990684405,0.0,0.016349979333562838,0.0,1.0,0.0,1.0,0.0,6446737.1431061225,7100460724.78,301.50792633055215,6446737.1431061225,0.0,7100460724.78,0.0,301.50792633055215,0.0,0
472,0.79912,0.0,0.0029453049990684405,0.0,0.016349979333562838,0.0,1.0,0.0,1.0,0.0,6446737.1431061225,7100460724.78,301.50792633055215,6446737.1431061225,0.0,7100460724.78,0.0,301.50792633055215,0.0,0
473,0.79912,0.0,0.0029453049990684405,0.0,0.016349979333562838,0.0,1.0,0.0,1.0,0.0,6446737.1431061225,7100460724.78,301.50792633055215,6446737.1431061225,0.0,7100460724.78,0.0,301.50792633055215,0.0,0
474,0.79912,0.0,0.0029453049990684405,0.0,0.016349979333562838,0.0,1.0,0.0,1.0,0.0,6446737.1431061225,7100460724.78,301.50792633055215,6446737.1431061225,0.0,7100460724.78,0.0,301.50792633055215,0.0,0
475,0.79832,0.0,0.00296100971863615,0.0,0.011229710707406424,0.0,1.0,0.0,1.0,0.0,6446737.1431061225,7100460724.78,301.50792633055215,6446737.1431061225,0.0,7100460724.78,0.0,301.50792633055215,0.0,0
476,0.79832,0.0,0.00296100971863615,0.0,0.011229710707406424,0.0,1.0,0.0,1.0,0.0,6446737.1431061225,7100460724.78,301.50792633055215,6446737.1431061225,0.0,7100460724.78,0.0,301.50792633055215,0.0,0
477,0.79832,0.0,0.00296100971863615,0.0,0.011229710707406424,0.0,1.0,0.0,1.0,0.0,6446737.1431061225,7100460724.78,301.50792633055215,6446737.1431061225,0.0,7100460724.78,0.0,301.50792633055215,0.0,0
478,0.79832,0.0,0.00296100971863615,0.0,0.011229710707406424,0.0,1.0,0.0,1.0,0.0,6446737.1431061225,7100460724.78,301.50792633055215,6446737.1431061225,0.0,7100460724.78,0.0,301.50792633055215,0.0,0
479,0.79832,0.0,0.00296100971863615,0.0,0.011229710707406424,0.0,1.0,0.0,1.0,0.0,6446737.1431061225,7100460724.78,301.50792633055215,6446737.1431061225,0.0,7100460724.78,0.0,301.50792633055215,0.0,0
480,0.79808,0.0,0.0035839553884974684,0.0,0.01646736834876864,0.0,1.0,0.0,1.0,0.0,6446737.1431061225,7100460724.78,301.50792633055215,6446737.1431061225,0.0,7100460724.78,0.0,301.50792633055215,0.0,0
481,0.79808,0.0,0.0035839553884974684,0.0,0.01646736834876864,0.0,1.0,0.0,1.0,0.0,6446737.1431061225,7100460724.78,301.50792633055215,6446737.1431061225,0.0,7100460724.78,0.0,301.50792633055215,0.0,0
482,0.79808,0.0,0.0035839553884974684,0.0,0.01646736834876864,0.0,1.0,0.0,1.0,0.0,6446737.1431061225,7100460724.78,301.50792633055215,6446737.1431061225,0.0,7100460724.78,0.0,301.50792633055215,0.0,0
483,0.79808,0.0,0.0035839553884974684,0.0,0.01646736834876864,0.0,1.0,0.0,1.0,0.0,6446737.1431061225,7090142756.57,301.50792633055215,6446737.1431061225,0.0,7090142756.57,0.0,301.50792633055215,0.0,0
484,0.79808,0.0,0.0035839553884974684,0.0,0.01646736834876864,0.0,1.0,0.0,1.0,0.0,6446737.1431061225,7090142756.57,301.50792633055215,6446737.1431061225,0.0,7090142756.57,0.0,301.50792633055215,0.0,0
485,0.79916,0.0,0.0026807936050505855,0.0,0.015166046344867226,0.0,1.0,0.0,1.0,0.0,6446737.1431061225,7090142756.57,301.50792633055215,6446737.1431061225,0.0,7090142756.57,0.0,301.50792633055215,0.0,0
486,0.79916,0.0,0.0026807936050505855,0.0,0.015166046344867226,0.0,1.0,0.0,1.0,0.0,6446737.1431061225,7090142756.57,301.50792633055215,6446737.1431061225,0.0,7090142756.57,0.0,301.50792633055215,0.0,0
487,0.79916,0.0,0.0026807936050505855,0.0,0.015166046344867226,0.0,1.0,0.0,1.0,0.0,6446737.1431061225,7090142756.57,301.50792633055215,6446737.1431061225,0.0,7090142756.57,0.0,301.50792633055215,0.0,0
488,0.79916,0.0,0.0026807936050505855,0.0,0.015166046344867226,0.0,1.0,0.0,1.0,0.0,6446737.1431061225,7090142756.57,301.50792633055215,6446737.1431061225,0.0,7090142756.57,0.0,301.50792633055215,0.0,0
489,0.79916,0.0,0.0026807936050505855,0.0,0.015166046344867226,0.0,1.0,0.0,1.0,0.0,6446737.1431061225,7074419615.45,301.50792633055215,6446737.1431061225,0.0,7074419615.45,0.0,301.50792633055215,0.0,0
490,0.79974,0.0,0.004117205843127926,0.0,0.013405219245536719,0.0,1.0,0.0,1.0,0.0,6446737.1431061225,7074419615.45,301.50792633055215,6446737.1431061225,0.0,7074419615.45,0.0,301.50792633055215,0.0,0
491,0.79974,0.0,0.004117205843127926,0.0,0.013405219245536719,0.0,1.0,0.0,1.0,0.0,6446737.1431061225,7074419615.45,301.50792633055215,6446737.1431061225,0.0,7074419615.45,0.0,301.50792633055215,0.0,0
492,0.79974,0.0,0.004117205843127926,0.0,0.013405219245536719,0.0,1.0,0.0,1.0,0.0,6446737.1431061225,7074419615.45,301.50792633055215,6446737.1431061225,0.0,7074419615.45,0.0,301.50792633055215,0.0,0
493,0.79974,0.0,0.004117205843127926,0.0,0.013405219245536719,0.0,1.0,0.0,1.0,0.0,6446737.1431061225,7074419615.45,301.50792633055215,6446737.1431061225,0.0,7074419615.45,0.0,301.50792633055215,0.0,0
494,0.79974,0.0,0.004117205843127926,0.0,0.013405219245536719,0.0,1.0,0.0,1.0,0.0,6446737.1431061225,7074419615.45,301.50792633055215,6446737.1431061225,0.0,7074419615.45,0.0,301.50792633055215,0.0,0
495,0.79832,0.0,0.002845602959329425,0.0,0.013385766606287737,0.0,1.0,0.0,1.0,0.0,6446737.1431061225,7074419615.45,301.50792633055215,6446737.1431061225,0.0,7074419615.45,0.0,301.50792633055215,0.0,0
496,0.79832,0.0,0.002845602959329425,0.0,0.013385766606287737,0.0,1.0,0.0,1.0,0.0,6446737.1431061225,7074419615.45,301.50792633055215,6446737.1431061225,0.0,7074419615.45,0.0,301.50792633055215,0.0,0
497,0.79832,0.0,0.002845602959329425,0.0,0.013385766606287737,0.0,1.0,0.0,1.0,0.0,6446737.1431061225,7074419615.45,301.50792633055215,6446737.1431061225,0.0,7074419615.45,0.0,301.50792633055215,0.0,0
498,0.79832,0.0,0.002845602959329425,0.0,0.013385766606287737,0.0,1.0,0.0,1.0,0.0,6446737.1431061225,7074419615.45,301.50792633055215,6446737.1431061225,0.0,7074419615.45,0.0,301.50792633055215,0.0,0
499,0.79832,0.0,0.002845602959329425,0.0,0.013385766606287737,0.0,1.0,0.0,1.0,0.0,6446737.1431061225,7074419615.45,301.50792633055215,6446737.1431061225,0.0,7074419615.45,0.0,301.50792633055215,0.0,0
