solution_id,S,objective,seeds,mean_coverage,sd_coverage,q90_mean,q90_sd
formal-run-01-CCP30-solution-0000,30,cost,10,0.8652200000000001,0.060555608970414766,11905711.693748664,92112.66064829176
formal-run-01-CCP30-solution-0000,30,emission,10,0.87134,0.03587571756928509,9869418656.678444,2105889.034942197
formal-run-01-CCP30-solution-0000,30,makespan,10,0.8693,0.0488844669717397,568.5538406423946,9.241959774864995
formal-run-01-CCP30-solution-0000,100,cost,10,0.8894400000000001,0.023053136687034816,11925718.689783677,36412.81518352392
formal-run-01-CCP30-solution-0000,100,emission,10,0.89164,0.031080082939972272,9870595305.669048,1947323.250938442
formal-run-01-CCP30-solution-0000,100,makespan,10,0.8846399999999999,0.020335584574828414,572.4913954372645,0.4674385297305507
formal-run-01-CCP30-solution-0000,300,cost,10,0.89666,0.01637506234084825,11935207.940052118,27856.480580874817
formal-run-01-CCP30-solution-0000,300,emission,10,0.893,0.01971891365049191,9870612366.4613,1221734.4486803475
formal-run-01-CCP30-solution-0000,300,makespan,10,0.90312,0.010539744884114707,572.9445550631838,0.30472380749993516
formal-run-01-CCP30-solution-0001,30,cost,10,0.8924000000000001,0.06962355923105337,12323337.502135392,139839.5332891617
formal-run-01-CCP30-solution-0001,30,emission,10,0.8755000000000001,0.04295271301740503,9278239180.35202,2483050.0129470723
formal-run-01-CCP30-solution-0001,30,makespan,10,0.8765600000000001,0.06531073078411812,568.2852559550189,15.768211217213937
formal-run-01-CCP30-solution-0001,100,cost,10,0.90434,0.031085409224693616,12319806.524853595,66527.91895786763
formal-run-01-CCP30-solution-0001,100,emission,10,0.8956999999999999,0.022658675061784962,9279329042.6356,1435928.4357749464
formal-run-01-CCP30-solution-0001,100,makespan,10,0.9040399999999998,0.026412926128444505,573.7544384710552,3.0465539955136896
formal-run-01-CCP30-solution-0001,300,cost,10,0.8996600000000001,0.02112314160136013,12305386.87484793,44260.00585601232
formal-run-01-CCP30-solution-0001,300,emission,10,0.8920800000000002,0.019777922596223855,9279124836.293207,1250420.1986281746
formal-run-01-CCP30-solution-0001,300,makespan,10,0.8953800000000001,0.0173167741414695,572.93611557985,0.9431350615537825
formal-run-01-CCP30-solution-0002,30,cost,10,0.88304,0.0606845980825814,12051363.31526438,123934.07693294625
formal-run-01-CCP30-solution-0002,30,emission,10,0.86988,0.046045117970191916,10267045388.673094,2598498.0409904555
formal-run-01-CCP30-solution-0002,30,makespan,10,0.8777999999999999,0.05071208490641609,554.1969403312363,19.733439623910048
formal-run-01-CCP30-solution-0002,100,cost,10,0.8932,0.0292637052412104,12050986.694649318,54584.31434297711
formal-run-01-CCP30-solution-0002,100,emission,10,0.8882000000000001,0.025822642949335967,10268023528.899317,1633683.054388964
formal-run-01-CCP30-solution-0002,100,makespan,10,0.8950000000000001,0.026063512170593307,559.1990969291537,13.76522668312081
formal-run-01-CCP30-solution-0002,300,cost,10,0.89944,0.02044478743673637,12060319.180277633,40253.60938553471
formal-run-01-CCP30-solution-0002,300,emission,10,0.89408,0.019882812231226815,10268343367.180098,1245534.777626141
formal-run-01-CCP30-solution-0002,300,makespan,10,0.8987200000000002,0.013180187150922165,562.8049786237203,6.8996758277048365
formal-run-01-CCP30-solution-0003,30,cost,10,0.87676,0.07097510048523277,11978277.920363003,103583.15107267922
formal-run-01-CCP30-solution-0003,30,emission,10,0.8711399999999999,0.04375264309476375,10349502316.002691,2510374.1621494894
formal-run-01-CCP30-solution-0003,30,makespan,10,0.8771000000000001,0.04668421098782282,557.9836776710084,17.159635744262957
formal-run-01-CCP30-solution-0003,100,cost,10,0.8880800000000001,0.03663916544415885,11981786.936107703,57870.67572709269
formal-run-01-CCP30-solution-0003,100,emission,10,0.8930200000000001,0.025645350455784394,10350674999.03509,1687049.3249571878
formal-run-01-CCP30-solution-0003,100,makespan,10,0.8922800000000001,0.02762224546347463,561.5672897083887,9.67422324802032
formal-run-01-CCP30-solution-0003,300,cost,10,0.8965400000000001,0.02216324284335065,11991274.173294744,38283.321461511856
formal-run-01-CCP30-solution-0003,300,emission,10,0.89592,0.01856764210483748,10350782245.024408,1192314.7707198502
formal-run-01-CCP30-solution-0003,300,makespan,10,0.9057799999999998,0.016792180720005784,570.1563662229403,3.3225271911450442
formal-run-01-CCP30-solution-0004,30,cost,10,0.88964,0.06762844897756498,12389389.00654132,140290.56453781502
formal-run-01-CCP30-solution-0004,30,emission,10,0.87388,0.039271612591737996,9359512394.518404,2330713.314576896
formal-run-01-CCP30-solution-0004,30,makespan,10,0.8744200000000001,0.06430347839217823,567.8560333291424,13.073634318402751
formal-run-01-CCP30-solution-0004,100,cost,10,0.8976799999999999,0.027886627619703317,12375379.129865963,60091.830977402315
formal-run-01-CCP30-solution-0004,100,emission,10,0.8864599999999999,0.016110465887463076,9360117964.70145,1096473.184269394
formal-run-01-CCP30-solution-0004,100,makespan,10,0.89484,0.019526574484817125,571.7279292636724,6.254695682948077
formal-run-01-CCP30-solution-0004,300,cost,10,0.8988799999999999,0.020153014662824032,12373654.913584456,39994.097155762225
formal-run-01-CCP30-solution-0004,300,emission,10,0.89306,0.013969824623093883,9360554497.349642,967026.4481483924
formal-run-01-CCP30-solution-0004,300,makespan,10,0.90276,0.0113915368195477,574.336497503793,2.5740899756499918
formal-run-01-CCP30-solution-0005,30,cost,10,0.8837400000000001,0.06184202454641988,12055690.445561435,116350.53569931039
formal-run-01-CCP30-solution-0005,30,emission,10,0.8741999999999999,0.043232703670562464,9503157216.413858,2515709.201101355
formal-run-01-CCP30-solution-0005,30,makespan,10,0.8745,0.05160518923088603,569.72297745237,13.476050613457893
formal-run-01-CCP30-solution-0005,100,cost,10,0.90068,0.027612267804969087,12063114.125856075,49095.3452769066
formal-run-01-CCP30-solution-0005,100,emission,10,0.8888400000000001,0.025914697674400047,9503935319.271767,1653894.9703727372
formal-run-01-CCP30-solution-0005,100,makespan,10,0.8923,0.02175096421872934,574.1154256147703,1.4225518586418453
formal-run-01-CCP30-solution-0005,300,cost,10,0.89728,0.02139079760603194,12054975.829451585,36226.070377162665
formal-run-01-CCP30-solution-0005,300,emission,10,0.8932799999999999,0.017754173218335646,9504174555.293633,1119104.252572787
formal-run-01-CCP30-solution-0005,300,makespan,10,0.8920599999999999,0.01655161623528047,573.9575226804421,1.2231108857833235
formal-run-01-CCP30-solution-0006,30,cost,10,0.88138,0.06322548361046972,12027817.892191118,116839.46550414513
formal-run-01-CCP30-solution-0006,30,emission,10,0.86496,0.04426273074871605,9628952112.160675,2435683.955755213
formal-run-01-CCP30-solution-0006,30,makespan,10,0.8831399999999998,0.05518188511137007,571.5456968590508,10.518736341355993
formal-run-01-CCP30-solution-0006,100,cost,10,0.8988800000000001,0.027675934190797113,12034331.548379,45095.99469818599
formal-run-01-CCP30-solution-0006,100,emission,10,0.88834,0.028351766552838782,9630256367.57348,1755605.9640745749
formal-run-01-CCP30-solution-0006,100,makespan,10,0.89978,0.020374810155898135,574.1167240790597,2.71613016545606
formal-run-01-CCP30-solution-0006,300,cost,10,0.8971600000000001,0.020145868062707045,12029693.22619902,34207.389529860586
formal-run-01-CCP30-solution-0006,300,emission,10,0.8958,0.01579310679449177,9630627264.08672,1038800.8727572279
formal-run-01-CCP30-solution-0006,300,makespan,10,0.9050600000000001,0.009656799561851632,574.4632635788863,1.559444806446955
formal-run-01-CCP30-solution-0007,30,cost,10,0.87984,0.05761040029562564,11943469.50017168,92233.54928999118
formal-run-01-CCP30-solution-0007,30,emission,10,0.86782,0.040515176854551124,9898784059.624905,2308482.6871147747
formal-run-01-CCP30-solution-0007,30,makespan,10,0.8838000000000001,0.04161249812255928,566.6661121386317,10.108878511126383
formal-run-01-CCP30-solution-0007,100,cost,10,0.8999400000000002,0.018043170453110508,11956316.902621038,31247.354502303067
formal-run-01-CCP30-solution-0007,100,emission,10,0.8913,0.025686702136838574,9900096531.553387,1683881.061903616
formal-run-01-CCP30-solution-0007,100,makespan,10,0.8904,0.023946607275353218,568.5215769630644,5.856193043718945
formal-run-01-CCP30-solution-0007,300,cost,10,0.89886,0.015015266305404704,11953600.51333208,25118.095649175026
formal-run-01-CCP30-solution-0007,300,emission,10,0.89272,0.015384898800808254,9900151672.796461,958011.3753671474
formal-run-01-CCP30-solution-0007,300,makespan,10,0.90832,0.008647774280125482,572.0825923549656,0.4224860949987974
formal-run-01-CCP30-solution-0009,30,cost,10,0.8835599999999999,0.062443346767734643,12120386.267015224,128852.57853677221
formal-run-01-CCP30-solution-0009,30,emission,10,0.87462,0.04064671095071667,10116559729.299953,2335624.742934195
formal-run-01-CCP30-solution-0009,30,makespan,10,0.8773799999999999,0.051314840824939596,554.1969403312363,19.733439623910048
formal-run-01-CCP30-solution-0009,100,cost,10,0.89592,0.031095866106106273,12125034.900721349,61835.66474630383
formal-run-01-CCP30-solution-0009,100,emission,10,0.88778,0.02384141121848471,10117249578.274853,1484514.31477404
formal-run-01-CCP30-solution-0009,100,makespan,10,0.8949400000000001,0.026170560219877265,559.1990969291537,13.76522668312081
formal-run-01-CCP30-solution-0009,300,cost,10,0.8933200000000001,0.02258695788871683,12118050.142228493,43621.462600492
formal-run-01-CCP30-solution-0009,300,emission,10,0.8914800000000002,0.016814332510622528,10117444738.188301,1016611.9861470299
formal-run-01-CCP30-solution-0009,300,makespan,10,0.8987200000000002,0.013180187150922165,562.8049786237203,6.8996758277048365
formal-run-01-CCP30-solution-0010,30,cost,10,0.8706200000000001,0.06718183947731375,11915238.494967546,90365.86990459429
formal-run-01-CCP30-solution-0010,30,emission,10,0.86738,0.037575340613522364,9987314337.440151,2172519.571160978
formal-run-01-CCP30-solution-0010,30,makespan,10,0.88154,0.0362890923311981,558.4041010288621,13.14279202090467
formal-run-01-CCP30-solution-0010,100,cost,10,0.88656,0.033907167383902766,11922941.248342376,46139.2956679575
formal-run-01-CCP30-solution-0010,100,emission,10,0.8916999999999999,0.026026183397152607,9988690878.982944,1679179.6815581087
formal-run-01-CCP30-solution-0010,100,makespan,10,0.8919,0.018074229659318177,563.5783815484867,7.905821597758463
formal-run-01-CCP30-solution-0010,300,cost,10,0.89674,0.013083339702758556,11934504.685741011,23494.806566434952
formal-run-01-CCP30-solution-0010,300,emission,10,0.8917400000000001,0.016800806858931244,9988649035.596046,1068515.4297497624
formal-run-01-CCP30-solution-0010,300,makespan,10,0.9057600000000001,0.012687281470477072,569.0148590297456,3.4715974741449758
formal-run-01-CCP30-solution-0011,30,cost,10,0.87992,0.06499813330652916,12125714.85324833,126585.99269198501
formal-run-01-CCP30-solution-0011,30,emission,10,0.86534,0.03832887510306906,9586536277.534595,2154423.9693985656
formal-run-01-CCP30-solution-0011,30,makespan,10,0.8796799999999999,0.05308661266689035,566.3187456652713,17.05821702128689
formal-run-01-CCP30-solution-0011,100,cost,10,0.8992800000000001,0.027923100751090585,12139394.255149173,55404.85429800152
formal-run-01-CCP30-solution-0011,100,emission,10,0.88728,0.022706866313469538,9587723243.729055,1403575.263682118
formal-run-01-CCP30-solution-0011,100,makespan,10,0.89438,0.014920962137580518,572.0240820635714,1.5853787689026921
formal-run-01-CCP30-solution-0011,300,cost,10,0.8982000000000001,0.020275875100994052,12135600.531405613,40564.28797113959
formal-run-01-CCP30-solution-0011,300,emission,10,0.89252,0.013623248103476988,9588001879.39966,894238.2379592812
formal-run-01-CCP30-solution-0011,300,makespan,10,0.9034000000000001,0.009727852338060623,572.8168875156133,0.7065860852586114
formal-run-01-CCP30-solution-0012,30,cost,10,0.87504,0.06659815145916421,12337257.748574035,138816.30191237156
formal-run-01-CCP30-solution-0012,30,emission,10,0.8745800000000001,0.030253367122061354,9390043140.526049,1819024.3327615776
formal-run-01-CCP30-solution-0012,30,makespan,10,0.87666,0.044622171868054804,568.6908648035004,11.527132362867324
formal-run-01-CCP30-solution-0012,100,cost,10,0.89068,0.02893536091205898,12341934.513337106,54879.32481014171
formal-run-01-CCP30-solution-0012,100,emission,10,0.8869399999999998,0.019602732235867313,9390753565.363483,1317056.4362927359
formal-run-01-CCP30-solution-0012,100,makespan,10,0.89352,0.020184306334928195,573.6585077996946,4.406333663295983
formal-run-01-CCP30-solution-0012,300,cost,10,0.8960799999999999,0.023540074577433068,12351745.852423478,45799.11644282858
formal-run-01-CCP30-solution-0012,300,emission,10,0.8930400000000001,0.013277483027876777,9391129925.548395,976232.2142222289
formal-run-01-CCP30-solution-0012,300,makespan,10,0.9051400000000001,0.01175719165258252,576.0505691617561,2.7141004342169346
formal-run-01-CCP30-solution-0013,30,cost,10,0.8883000000000001,0.0718801626165229,12332414.85899872,144375.10444708558
formal-run-01-CCP30-solution-0013,30,emission,10,0.87532,0.04342535869486604,9310403196.759768,2502034.679276808
formal-run-01-CCP30-solution-0013,30,makespan,10,0.87944,0.062126308615772625,569.8492685667259,11.620467538622881
formal-run-01-CCP30-solution-0013,100,cost,10,0.8985999999999998,0.03155538341111105,12330749.441362862,68378.1528499126
formal-run-01-CCP30-solution-0013,100,emission,10,0.88724,0.023193064097316293,9310996328.525341,1459896.1688699084
formal-run-01-CCP30-solution-0013,100,makespan,10,0.9031400000000002,0.019808202565828333,574.0156841308728,2.755169935550105
formal-run-01-CCP30-solution-0013,300,cost,10,0.89558,0.021913456038597744,12319643.749644455,46736.77336017322
formal-run-01-CCP30-solution-0013,300,emission,10,0.8910399999999999,0.016285453631999316,9311218408.795605,1045388.356206264
formal-run-01-CCP30-solution-0013,300,makespan,10,0.9059200000000001,0.00850003921559581,573.6159870013224,0.9120741875015929
formal-run-01-CCP30-solution-0014,30,cost,10,0.8869399999999998,0.05685037281222426,12133034.911106443,112683.04492255933
formal-run-01-CCP30-solution-0014,30,emission,10,0.8671200000000001,0.045742875583708854,9444963279.706783,2513017.501523288
formal-run-01-CCP30-solution-0014,30,makespan,10,0.8811399999999999,0.040445524405605685,566.6004796742556,11.349631914088466
formal-run-01-CCP30-solution-0014,100,cost,10,0.9004999999999999,0.028578974400383542,12143483.87736327,59399.312935447386
formal-run-01-CCP30-solution-0014,100,emission,10,0.88576,0.02547012192964751,9445933981.516958,1537143.9232123052
formal-run-01-CCP30-solution-0014,100,makespan,10,0.8958999999999999,0.016388139342558408,572.4546952809899,4.679775470634544
formal-run-01-CCP30-solution-0014,300,cost,10,0.8952199999999999,0.022063232361152853,12130062.31243797,41122.963463140986
formal-run-01-CCP30-solution-0014,300,emission,10,0.8933600000000002,0.01749661554574357,9446338352.979343,1146598.207374575
formal-run-01-CCP30-solution-0014,300,makespan,10,0.89904,0.012103553197305314,573.7968966416987,2.1797804059075534
formal-run-01-CCP30-solution-0015,30,cost,10,0.8844200000000001,0.06386509740591233,12107852.831359431,126039.01734450864
formal-run-01-CCP30-solution-0015,30,emission,10,0.86904,0.04078439788829927,9602058916.875599,2224961.134976129
formal-run-01-CCP30-solution-0015,30,makespan,10,0.88072,0.04574093231328902,563.202747618789,14.68029273636868
formal-run-01-CCP30-solution-0015,100,cost,10,0.90148,0.028540217238136094,12121689.491501354,56741.243325525604
formal-run-01-CCP30-solution-0015,100,emission,10,0.88738,0.028948912856194713,9603056746.163612,1716237.3067263048
formal-run-01-CCP30-solution-0015,100,makespan,10,0.8941000000000001,0.02157390398915628,570.002281947124,7.3180102623622245
formal-run-01-CCP30-solution-0015,300,cost,10,0.8974399999999999,0.02158781549341614,12111522.37135956,43189.27268079217
formal-run-01-CCP30-solution-0015,300,emission,10,0.8922800000000001,0.016988152734577492,9603253790.765224,1068683.7203231363
formal-run-01-CCP30-solution-0015,300,makespan,10,0.9008200000000001,0.01135035975934976,572.7773755729257,2.1345218473601903
formal-run-01-CCP30-solution-0016,30,cost,10,0.88278,0.06205950191371003,11991264.907480387,115448.74700906093
formal-run-01-CCP30-solution-0016,30,emission,10,0.8701800000000001,0.046872825579196496,9810015177.623388,2617638.148163341
formal-run-01-CCP30-solution-0016,30,makespan,10,0.8843,0.04873303693480315,558.0707640526255,17.60895633179954
formal-run-01-CCP30-solution-0016,100,cost,10,0.8978400000000001,0.028734617140693242,11998320.185958844,48513.534535603656
formal-run-01-CCP30-solution-0016,100,emission,10,0.8870199999999999,0.02675459669747321,9810913068.080135,1678973.053771993
formal-run-01-CCP30-solution-0016,100,makespan,10,0.8953,0.022439498905080537,565.4638226422264,9.380694072422754
formal-run-01-CCP30-solution-0016,300,cost,10,0.89538,0.021031922826450698,11992144.921619425,34954.05037402602
formal-run-01-CCP30-solution-0016,300,emission,10,0.8942,0.019404466839708152,9811311024.020077,1239471.7459991456
formal-run-01-CCP30-solution-0016,300,makespan,10,0.8981200000000001,0.012816031627093726,566.2921119028387,6.9438363937551975
formal-run-01-CCP30-solution-0017,30,cost,10,0.88476,0.062064539884793414,12024234.649534434,123593.06428832238
formal-run-01-CCP30-solution-0017,30,emission,10,0.87012,0.04169862241263027,9739518193.382732,2393338.7980567324
formal-run-01-CCP30-solution-0017,30,makespan,10,0.8841800000000001,0.05241810119923588,562.9737349827244,13.935370525883615
formal-run-01-CCP30-solution-0017,100,cost,10,0.90062,0.02581807291199111,12031855.059916237,49344.64592833373
formal-run-01-CCP30-solution-0017,100,emission,10,0.8864599999999999,0.023308758487363117,9740394173.616001,1382506.0297849118
formal-run-01-CCP30-solution-0017,100,makespan,10,0.89582,0.017306248068897606,570.1136965092122,4.788852452701994
formal-run-01-CCP30-solution-0017,300,cost,10,0.8966,0.02033344262265709,12022806.789349357,38893.640631775466
formal-run-01-CCP30-solution-0017,300,emission,10,0.89316,0.019137815967345907,9740779057.928097,1188241.290786261
formal-run-01-CCP30-solution-0017,300,makespan,10,0.9069200000000001,0.010218153779752322,572.5918570966776,0.5527542684443177
formal-run-01-CCP30-solution-0019,30,cost,10,0.8829,0.06322104080130285,12343799.645112086,125647.16405400854
formal-run-01-CCP30-solution-0019,30,emission,10,0.8746,0.039210429451585684,9371392306.558613,2296076.4456727174
formal-run-01-CCP30-solution-0019,30,makespan,10,0.8774999999999998,0.06094873984660296,567.1132432166472,12.787445256282796
formal-run-01-CCP30-solution-0019,100,cost,10,0.8998000000000002,0.024810571223662804,12354136.917078286,52998.33971750973
formal-run-01-CCP30-solution-0019,100,emission,10,0.88684,0.01804655707391917,9372009758.601759,1236449.9260458413
formal-run-01-CCP30-solution-0019,100,makespan,10,0.89534,0.020929097235932344,570.380136247416,7.442208175911138
formal-run-01-CCP30-solution-0019,300,cost,10,0.8989800000000001,0.016463144022668047,12350892.389346417,34109.6605079636
formal-run-01-CCP30-solution-0019,300,emission,10,0.8929600000000001,0.012928452687343864,9372402965.786108,922870.2624546642
formal-run-01-CCP30-solution-0019,300,makespan,10,0.9043599999999999,0.011741966520893253,573.6340982317854,2.817204206465929
formal-run-01-CCP30-solution-0021,30,cost,10,0.8881600000000001,0.06583000329130582,12159926.7085516,117996.12551642943
formal-run-01-CCP30-solution-0021,30,emission,10,0.8662599999999999,0.04544007531292664,9389655849.805738,2469117.5216506007
formal-run-01-CCP30-solution-0021,30,makespan,10,0.88188,0.05940521488518964,569.2100287582646,11.81529694599994
formal-run-01-CCP30-solution-0021,100,cost,10,0.89868,0.03529333585190775,12164684.972773474,67880.21683134977
formal-run-01-CCP30-solution-0021,100,emission,10,0.8890399999999999,0.02987601044316325,9390871733.960535,1881760.840600986
formal-run-01-CCP30-solution-0021,100,makespan,10,0.8983000000000001,0.015141774444672377,572.8716605864431,1.3730747309281444
formal-run-01-CCP30-solution-0021,300,cost,10,0.8987400000000001,0.023862392540937267,12158245.730649827,47804.703943344604
formal-run-01-CCP30-solution-0021,300,emission,10,0.8957200000000001,0.01771683443006178,9391162736.153786,1128462.0643611455
formal-run-01-CCP30-solution-0021,300,makespan,10,0.90588,0.007933165264326178,573.4012623942659,0.7655275475425372
formal-run-01-CCP30-solution-0022,30,cost,10,0.88318,0.06524262069809549,12079591.850360977,129977.09703029746
formal-run-01-CCP30-solution-0022,30,emission,10,0.8709,0.0468917666310172,9828617654.08359,2603518.7811503876
formal-run-01-CCP30-solution-0022,30,makespan,10,0.87684,0.051812808369273995,554.327719732577,19.52512885438445
formal-run-01-CCP30-solution-0022,100,cost,10,0.8936200000000001,0.03210281399919122,12080036.813809674,60744.57674560163
formal-run-01-CCP30-solution-0022,100,emission,10,0.88764,0.026788189769208215,9829503880.14567,1717172.6255845896
formal-run-01-CCP30-solution-0022,100,makespan,10,0.89434,0.027174506026380264,559.1990969291537,13.76522668312081
formal-run-01-CCP30-solution-0022,300,cost,10,0.89566,0.022091335657019737,12081658.883632846,42542.82253501668
formal-run-01-CCP30-solution-0022,300,emission,10,0.8931600000000002,0.019131776940182255,9829791138.325436,1223641.9868361403
formal-run-01-CCP30-solution-0022,300,makespan,10,0.8987200000000002,0.013180187150922165,562.8049786237203,6.8996758277048365
formal-run-01-CCP30-solution-0024,30,cost,10,0.8783799999999999,0.06392742065116588,12343449.343059344,129892.88645985273
formal-run-01-CCP30-solution-0024,30,emission,10,0.8746,0.0302158163145654,9389960968.383686,1819152.8757537135
formal-run-01-CCP30-solution-0024,30,makespan,10,0.88318,0.04434275087943413,570.0190089158582,11.847093757594667
formal-run-01-CCP30-solution-0024,100,cost,10,0.89634,0.029042658280536256,12353875.257874591,55319.82916485796
formal-run-01-CCP30-solution-0024,100,emission,10,0.8869199999999999,0.019643308162210247,9390671429.33838,1317353.5858904584
formal-run-01-CCP30-solution-0024,100,makespan,10,0.8937999999999999,0.015595440929251667,573.2525659745335,3.6046725712540506
formal-run-01-CCP30-solution-0024,300,cost,10,0.9008800000000001,0.02059087176396375,12361718.14154063,41071.796726608416
formal-run-01-CCP30-solution-0024,300,emission,10,0.8930200000000001,0.01329476087286518,9391047715.909594,976105.4319957414
formal-run-01-CCP30-solution-0024,300,makespan,10,0.9058399999999999,0.011064578116172744,575.8997699969773,2.6255031612973396
formal-run-01-CCP30-solution-0025,30,cost,10,0.8745799999999999,0.06747249316079357,11917156.912819084,93038.22492685009
formal-run-01-CCP30-solution-0025,30,emission,10,0.8694600000000001,0.03581186023279625,9940190394.25454,1983064.8119342073
formal-run-01-CCP30-solution-0025,30,makespan,10,0.86724,0.03764510297207032,567.9754520781373,8.879326200537303
formal-run-01-CCP30-solution-0025,100,cost,10,0.8859600000000001,0.03595748106367357,11919977.962757867,49398.46107148158
formal-run-01-CCP30-solution-0025,100,emission,10,0.88978,0.02569901857183569,9941399703.999805,1530349.7663702662
formal-run-01-CCP30-solution-0025,100,makespan,10,0.8807799999999999,0.01950531551483679,572.1108004853038,0.37066840991804734
formal-run-01-CCP30-solution-0025,300,cost,10,0.8999600000000001,0.014264423499664397,11934522.49259996,24886.295944703154
formal-run-01-CCP30-solution-0025,300,emission,10,0.8917200000000001,0.01664243571916884,9941453497.303085,983722.8497952808
formal-run-01-CCP30-solution-0025,300,makespan,10,0.9024800000000001,0.00927515199036892,572.5304212191293,0.1925471091087654
formal-run-01-CCP30-solution-0026,30,cost,10,0.88584,0.06305770197032062,12209816.018585876,135676.9249918771
formal-run-01-CCP30-solution-0026,30,emission,10,0.8723600000000001,0.04114784184971175,9519961947.18564,2286728.765795696
formal-run-01-CCP30-solution-0026,30,makespan,10,0.8818999999999999,0.04233719142524426,566.0407986789285,16.54771868191962
formal-run-01-CCP30-solution-0026,100,cost,10,0.90138,0.02703601712941872,12221515.1908237,60945.67588320952
formal-run-01-CCP30-solution-0026,100,emission,10,0.8886199999999999,0.022638305786628298,9520839846.517767,1377624.1049554436
formal-run-01-CCP30-solution-0026,100,makespan,10,0.8939199999999999,0.020906181967170485,570.3589397627954,7.557178132207094
formal-run-01-CCP30-solution-0026,300,cost,10,0.8967400000000001,0.020019557104658123,12208419.73915665,44157.25815895899
formal-run-01-CCP30-solution-0026,300,emission,10,0.8920399999999999,0.014734328774818513,9521006620.356546,957428.6474843356
formal-run-01-CCP30-solution-0026,300,makespan,10,0.9019400000000001,0.011582764974065747,573.3404857373656,2.7439243751388096
formal-run-01-CCP30-solution-0027,30,cost,10,0.8829200000000001,0.06337494773173385,12056309.161482453,130038.06085737943
formal-run-01-CCP30-solution-0027,30,emission,10,0.8741,0.03363652115715232,9539792957.292805,1890516.1317072413
formal-run-01-CCP30-solution-0027,30,makespan,10,0.88538,0.047386397485635764,572.6558879106221,2.912609831896463
formal-run-01-CCP30-solution-0027,100,cost,10,0.9013399999999999,0.026620969178450273,12069320.375770576,57232.24110246166
formal-run-01-CCP30-solution-0027,100,emission,10,0.89018,0.02624270480639439,9540694719.040714,1674490.2328559805
formal-run-01-CCP30-solution-0027,100,makespan,10,0.8879999999999999,0.024358981916328116,572.9062254261756,0.6557344725921106
formal-run-01-CCP30-solution-0027,300,cost,10,0.89632,0.02048787175108455,12056252.100126503,40609.398941734034
formal-run-01-CCP30-solution-0027,300,emission,10,0.8915200000000001,0.01652397584656239,9540734633.186125,1013530.1760823703
formal-run-01-CCP30-solution-0027,300,makespan,10,0.9033200000000001,0.011608502630974144,573.2638587461117,0.4211036896944509
formal-run-01-CCP30-solution-0028,30,cost,10,0.8694,0.06727020142678332,11925254.700343188,90095.6599862517
formal-run-01-CCP30-solution-0028,30,emission,10,0.8709199999999999,0.03600792505361379,9981804123.5402,2065735.281054601
formal-run-01-CCP30-solution-0028,30,makespan,10,0.8823000000000001,0.0349687161776224,560.1429543693878,14.326845709017356
formal-run-01-CCP30-solution-0028,100,cost,10,0.88268,0.03773312131860344,11930092.06989755,48290.29915402925
formal-run-01-CCP30-solution-0028,100,emission,10,0.8934600000000001,0.024041824667302907,9983118591.077816,1580047.0214043432
formal-run-01-CCP30-solution-0028,100,makespan,10,0.8913799999999998,0.01735907063564558,563.5783815484867,7.905821597758463
formal-run-01-CCP30-solution-0028,300,cost,10,0.89916,0.014016117706253587,11951564.083090235,25392.38512301694
formal-run-01-CCP30-solution-0028,300,emission,10,0.8939000000000001,0.016035031095143613,9983113913.134457,1052415.6546029283
formal-run-01-CCP30-solution-0028,300,makespan,10,0.90588,0.013436004697164338,569.5547390290742,4.1624772011129805
formal-run-01-CCP30-solution-0029,30,cost,10,0.8716799999999999,0.06718314603463515,12311345.337725576,127232.63469997719
formal-run-01-CCP30-solution-0029,30,emission,10,0.87316,0.03825584051270254,9516345398.707048,2261015.5357084074
formal-run-01-CCP30-solution-0029,30,makespan,10,0.8826600000000001,0.04247969972691529,567.0517085860754,12.379240906266883
formal-run-01-CCP30-solution-0029,100,cost,10,0.89108,0.025032281380471734,12328392.147077149,55073.28054439811
formal-run-01-CCP30-solution-0029,100,emission,10,0.88728,0.018522826758114196,9517065287.836796,1254332.7973397118
formal-run-01-CCP30-solution-0029,100,makespan,10,0.8939600000000001,0.022043351227373137,571.4402760738965,6.378601941420244
formal-run-01-CCP30-solution-0029,300,cost,10,0.8980400000000002,0.01819787533385883,12340617.445037095,41617.68407983072
formal-run-01-CCP30-solution-0029,300,emission,10,0.8920600000000001,0.012232942773057072,9517383172.458517,843919.9960441581
formal-run-01-CCP30-solution-0029,300,makespan,10,0.9058999999999999,0.013084087027123206,574.9943277959023,3.040986964252622
formal-run-01-CCP30-solution-0032,30,cost,10,0.88264,0.06146657989870953,12111465.591872202,125254.10295707629
formal-run-01-CCP30-solution-0032,30,emission,10,0.8732200000000001,0.040224199460302784,10213940001.562565,2280199.4203301896
formal-run-01-CCP30-solution-0032,30,makespan,10,0.8777999999999999,0.05071208490641609,554.1969403312363,19.733439623910048
formal-run-01-CCP30-solution-0032,100,cost,10,0.8930999999999999,0.028851689725213653,12111255.581233587,53724.120251881286
formal-run-01-CCP30-solution-0032,100,emission,10,0.8871799999999999,0.025949771996429293,10214699755.217323,1594352.331403734
formal-run-01-CCP30-solution-0032,100,makespan,10,0.8950000000000001,0.026063512170593307,559.1990969291537,13.76522668312081
formal-run-01-CCP30-solution-0032,300,cost,10,0.8993599999999999,0.020572862383894622,12120540.554610316,39953.68560162607
formal-run-01-CCP30-solution-0032,300,emission,10,0.89384,0.01721260520019494,10215088844.894382,1075573.8147296328
formal-run-01-CCP30-solution-0032,300,makespan,10,0.8987200000000002,0.013180187150922165,562.8049786237203,6.8996758277048365
formal-run-01-CCP30-solution-0033,30,cost,10,0.8878199999999999,0.06632662947698893,12245302.013008697,118680.37260040056
formal-run-01-CCP30-solution-0033,30,emission,10,0.8684800000000001,0.03722343347946291,9313379702.477985,2105541.6865838077
formal-run-01-CCP30-solution-0033,30,makespan,10,0.8824400000000001,0.06204226516389186,570.3686856627512,11.40035301909726
formal-run-01-CCP30-solution-0033,100,cost,10,0.8989,0.03517350644384997,12249994.31004272,68024.28523744793
formal-run-01-CCP30-solution-0033,100,emission,10,0.8872199999999999,0.02803195795278429,9314476027.686832,1751543.143520658
formal-run-01-CCP30-solution-0033,100,makespan,10,0.8987,0.014580123456267446,573.0463390184542,1.0889410213907418
formal-run-01-CCP30-solution-0033,300,cost,10,0.8998799999999999,0.023204252483830054,12246120.018104846,46486.20479231001
formal-run-01-CCP30-solution-0033,300,emission,10,0.8918399999999999,0.016744830047908315,9314681815.287663,1066348.6692072472
formal-run-01-CCP30-solution-0033,300,makespan,10,0.90594,0.007819661828436773,573.4156174451972,0.7424806693864167
formal-run-01-CCP30-solution-0034,30,cost,10,0.8835599999999999,0.06333170524223149,12075491.058479548,130043.34403045174
formal-run-01-CCP30-solution-0034,30,emission,10,0.87002,0.046088075102640895,10171195190.48644,2595062.7170230877
formal-run-01-CCP30-solution-0034,30,makespan,10,0.8762399999999999,0.05126625920947747,556.7736578781603,20.13209950713138
formal-run-01-CCP30-solution-0034,100,cost,10,0.89512,0.03058731763329373,12077719.77666365,60038.79570288808
formal-run-01-CCP30-solution-0034,100,emission,10,0.8891399999999999,0.024845129189530173,10172194058.635656,1542705.809304913
formal-run-01-CCP30-solution-0034,100,makespan,10,0.8922799999999999,0.025733886004427876,561.4951138702916,14.040777705941357
formal-run-01-CCP30-solution-0034,300,cost,10,0.89218,0.02255806335265114,12070511.454905683,44352.28113489631
formal-run-01-CCP30-solution-0034,300,emission,10,0.8937000000000002,0.01770279325103497,10172390725.609272,1124351.7888362051
formal-run-01-CCP30-solution-0034,300,makespan,10,0.89908,0.012037423127711167,567.0702321807661,4.526231093380906
formal-run-01-CCP30-solution-0035,30,cost,10,0.87712,0.05825630724079011,11930077.640510565,85180.70327779956
formal-run-01-CCP30-solution-0035,30,emission,10,0.86654,0.03796642376275824,9913285182.492626,2187548.30101849
formal-run-01-CCP30-solution-0035,30,makespan,10,0.8820600000000001,0.027463923811267592,562.8661284919458,9.018049418858281
formal-run-01-CCP30-solution-0035,100,cost,10,0.8907,0.032155490286350084,11938687.417789033,44776.76610706156
formal-run-01-CCP30-solution-0035,100,emission,10,0.89218,0.025851447412733663,9914748405.47591,1663456.4303469178
formal-run-01-CCP30-solution-0035,100,makespan,10,0.8869200000000002,0.020476805306383985,565.5599938917256,7.584892425410714
formal-run-01-CCP30-solution-0035,300,cost,10,0.90098,0.012991090964366485,11950583.987403415,22951.73627382797
formal-run-01-CCP30-solution-0035,300,emission,10,0.8920199999999999,0.016791916044467472,9914697931.36424,1047200.4017756704
formal-run-01-CCP30-solution-0035,300,makespan,10,0.9054400000000001,0.008134316880421547,571.2140154309753,1.0168521372200878
formal-run-01-CCP30-solution-0036,30,cost,10,0.8799999999999999,0.06530679733211373,12353618.52775783,128192.67353213658
formal-run-01-CCP30-solution-0036,30,emission,10,0.87538,0.029912383165950976,9385538448.664455,1803117.374838689
formal-run-01-CCP30-solution-0036,30,makespan,10,0.8776200000000001,0.06090148328790249,567.1132432166472,12.787445256282796
formal-run-01-CCP30-solution-0036,100,cost,10,0.8984599999999998,0.02601538860836878,12365988.924962819,52518.44884699713
formal-run-01-CCP30-solution-0036,100,emission,10,0.88716,0.019813979352411186,9386236083.982807,1334208.4008472906
formal-run-01-CCP30-solution-0036,100,makespan,10,0.89544,0.020916936253242778,570.380136247416,7.442208175911138
formal-run-01-CCP30-solution-0036,300,cost,10,0.90392,0.01634005303948959,12375154.780699212,33867.47573304129
formal-run-01-CCP30-solution-0036,300,emission,10,0.89348,0.013424091113450552,9386607713.340862,970951.0891171644
formal-run-01-CCP30-solution-0036,300,makespan,10,0.9043999999999999,0.011862171433220449,573.5470206083107,2.90974001534492
formal-run-01-CCP30-solution-0037,30,cost,10,0.88446,0.0647831288050969,12034972.014876857,131838.69142982733
formal-run-01-CCP30-solution-0037,30,emission,10,0.8693199999999999,0.0464239593313625,9716778600.934404,2631974.196498971
formal-run-01-CCP30-solution-0037,30,makespan,10,0.8831999999999999,0.048082614090519,561.5286564319667,19.08331271093567
formal-run-01-CCP30-solution-0037,100,cost,10,0.9021799999999999,0.025207661974531132,12047364.685106605,52333.611868923814
formal-run-01-CCP30-solution-0037,100,emission,10,0.8881599999999998,0.024493228089049867,9717718699.066286,1545839.9523362902
formal-run-01-CCP30-solution-0037,100,makespan,10,0.8946400000000001,0.021301810043071696,565.481465372783,9.403327624851197
formal-run-01-CCP30-solution-0037,300,cost,10,0.89604,0.019104112413590727,12032515.870654698,38157.14718404471
formal-run-01-CCP30-solution-0037,300,emission,10,0.8935599999999999,0.018618700276872187,9718001411.83591,1156170.7632516634
formal-run-01-CCP30-solution-0037,300,makespan,10,0.8976000000000001,0.011657329597010322,566.2921119028387,6.9438363937551975
formal-run-01-CCP30-solution-0038,30,cost,10,0.8831399999999998,0.057920715925593794,11990856.393860728,105465.17887125206
formal-run-01-CCP30-solution-0038,30,emission,10,0.87682,0.03416553819274621,9770085722.289915,1990042.8905874293
formal-run-01-CCP30-solution-0038,30,makespan,10,0.8816999999999998,0.04945096336551774,565.4763663820396,11.02760623828189
formal-run-01-CCP30-solution-0038,100,cost,10,0.89314,0.02569756581641322,11987312.753014807,43433.17198891786
formal-run-01-CCP30-solution-0038,100,emission,10,0.8899600000000001,0.019550458931811412,9770823617.042515,1231238.7775691757
formal-run-01-CCP30-solution-0038,100,makespan,10,0.8913399999999999,0.025525594997962336,567.9131227347831,6.243235854954835
formal-run-01-CCP30-solution-0038,300,cost,10,0.9002800000000001,0.01939305717690397,11997876.199943788,33818.279072069796
formal-run-01-CCP30-solution-0038,300,emission,10,0.89362,0.014813642361013032,9771045703.076777,930837.3877912719
formal-run-01-CCP30-solution-0038,300,makespan,10,0.91136,0.008403597113405933,572.0255214896166,0.3529506420435921
formal-run-01-CCP30-solution-0040,30,cost,10,0.8828000000000001,0.061203994059937705,12080939.825227376,124568.29956221933
formal-run-01-CCP30-solution-0040,30,emission,10,0.87166,0.03990611760397425,10230810240.216555,2233726.9038553126
formal-run-01-CCP30-solution-0040,30,makespan,10,0.8777999999999999,0.05071208490641609,554.1969403312363,19.733439623910048
formal-run-01-CCP30-solution-0040,100,cost,10,0.8928399999999999,0.02901996247796027,12079902.711505478,53805.15270976082
formal-run-01-CCP30-solution-0040,100,emission,10,0.8870600000000002,0.02658187352313601,10231646384.244076,1643538.8289505483
formal-run-01-CCP30-solution-0040,100,makespan,10,0.8950000000000001,0.026063512170593307,559.1990969291537,13.76522668312081
formal-run-01-CCP30-solution-0040,300,cost,10,0.8991,0.020349447166937987,12089620.763890134,39814.362512878084
formal-run-01-CCP30-solution-0040,300,emission,10,0.89448,0.01923543027274873,10232079371.57836,1223212.6086122913
formal-run-01-CCP30-solution-0040,300,makespan,10,0.8987200000000002,0.013180187150922165,562.8049786237203,6.8996758277048365
formal-run-01-CCP30-solution-0041,30,cost,10,0.8846999999999999,0.06315049045292082,12011166.479350097,111493.56539494028
formal-run-01-CCP30-solution-0041,30,emission,10,0.8671599999999999,0.04113811965669904,9784748029.431952,2264103.0951809
formal-run-01-CCP30-solution-0041,30,makespan,10,0.8821,0.05461170000812809,564.3546383595387,13.030520603523422
formal-run-01-CCP30-solution-0041,100,cost,10,0.89666,0.02907462429297716,12011749.665848054,46811.69134229661
formal-run-01-CCP30-solution-0041,100,emission,10,0.8896400000000002,0.02476947942753564,9785985016.209381,1514266.3069685504
formal-run-01-CCP30-solution-0041,100,makespan,10,0.89618,0.016558703652963493,571.9384449957545,1.515553622736661
formal-run-01-CCP30-solution-0041,300,cost,10,0.89674,0.021381830292719728,12010150.91580441,37597.07983609237
formal-run-01-CCP30-solution-0041,300,emission,10,0.89276,0.0168862337094122,9786158844.587183,1059099.2799117265
formal-run-01-CCP30-solution-0041,300,makespan,10,0.9068000000000002,0.009585637404181542,572.6824774897098,0.47699140015983504
formal-run-01-CCP30-solution-0042,30,cost,10,0.8752600000000001,0.07001111340351615,11935790.823692117,93086.47235835591
formal-run-01-CCP30-solution-0042,30,emission,10,0.86586,0.03750402052521243,9947469848.222664,2063128.4940577692
formal-run-01-CCP30-solution-0042,30,makespan,10,0.87654,0.0358632030545702,560.1870972350932,12.265243140437995
formal-run-01-CCP30-solution-0042,100,cost,10,0.8876799999999999,0.03445992197063456,11937415.425537985,47067.8499407537
formal-run-01-CCP30-solution-0042,100,emission,10,0.8918000000000001,0.023979435634170657,9948946804.874445,1494368.3130786843
formal-run-01-CCP30-solution-0042,100,makespan,10,0.89094,0.01633946823560125,566.8509246035752,5.630015637776817
formal-run-01-CCP30-solution-0042,300,cost,10,0.89948,0.011305534534514983,11951576.562836783,20387.886568393016
formal-run-01-CCP30-solution-0042,300,emission,10,0.8920999999999999,0.015085312945599305,9948918668.649994,920212.6191554628
formal-run-01-CCP30-solution-0042,300,makespan,10,0.9085799999999999,0.01191393208717331,571.433673962385,0.81651510317573
formal-run-01-CCP30-solution-0044,30,cost,10,0.8844000000000001,0.06476329550327442,12048403.705697592,132269.46953381284
formal-run-01-CCP30-solution-0044,30,emission,10,0.8659399999999999,0.040357959424243535,9679508417.482922,2277175.7250222
formal-run-01-CCP30-solution-0044,30,makespan,10,0.88472,0.0463889067198901,564.2360065538642,17.58362642839821
formal-run-01-CCP30-solution-0044,100,cost,10,0.90198,0.025234095100786853,12060103.237468187,51854.47389915273
formal-run-01-CCP30-solution-0044,100,emission,10,0.8881400000000002,0.025898442681623394,9680782887.757252,1594770.7980418757
formal-run-01-CCP30-solution-0044,100,makespan,10,0.89542,0.02270554508876142,568.5793887865296,8.464543279803328
formal-run-01-CCP30-solution-0044,300,cost,10,0.89624,0.019443547915839725,12046188.349398948,38304.283119842774
formal-run-01-CCP30-solution-0044,300,emission,10,0.89462,0.01817848545213088,9681133880.65351,1151995.9689331215
formal-run-01-CCP30-solution-0044,300,makespan,10,0.9000000000000001,0.010936178491593836,571.3411047271628,2.487028989597624
formal-run-01-CCP30-solution-0045,30,cost,10,0.88372,0.0619697560642824,12016764.146464588,107782.00343292787
formal-run-01-CCP30-solution-0045,30,emission,10,0.8682000000000001,0.04572497494076224,9596615261.596182,2542784.589723522
formal-run-01-CCP30-solution-0045,30,makespan,10,0.8918999999999999,0.05270532336596666,570.3670700382999,11.472554310458882
formal-run-01-CCP30-solution-0045,100,cost,10,0.9003999999999998,0.026826355200312502,12021872.64633253,41679.24240713997
formal-run-01-CCP30-solution-0045,100,emission,10,0.8907,0.02661398963786612,9597814386.269403,1680009.5249479185
formal-run-01-CCP30-solution-0045,100,makespan,10,0.8971600000000001,0.015023477922534743,573.3325714710378,1.2680287657712181
formal-run-01-CCP30-solution-0045,300,cost,10,0.9016,0.019034004658330137,12022117.093400348,32189.918675570025
formal-run-01-CCP30-solution-0045,300,emission,10,0.89322,0.017471360692414457,9597945418.888203,1092683.293105593
formal-run-01-CCP30-solution-0045,300,makespan,10,0.9033999999999999,0.009469483149101163,573.766629952488,1.1450613920382515
formal-run-01-CCP30-solution-0046,30,cost,10,0.8840199999999999,0.06080916963017265,12031570.545104956,124749.19058934436
formal-run-01-CCP30-solution-0046,30,emission,10,0.8704599999999999,0.04167451126154798,9723051803.93332,2401685.1801477945
formal-run-01-CCP30-solution-0046,30,makespan,10,0.88134,0.04485156258890727,563.9209477981377,17.27734258501144
formal-run-01-CCP30-solution-0046,100,cost,10,0.90154,0.025586637137380918,12044286.690995995,51140.23759770639
formal-run-01-CCP30-solution-0046,100,emission,10,0.88666,0.02310133233291006,9723928413.254396,1381689.3449079762
formal-run-01-CCP30-solution-0046,100,makespan,10,0.8916599999999999,0.024324299693013883,568.2310591573294,6.870305323562652
formal-run-01-CCP30-solution-0046,300,cost,10,0.89724,0.02013086077532592,12034102.676298924,40748.53933219724
formal-run-01-CCP30-solution-0046,300,emission,10,0.89312,0.019217168250175568,9724309594.149883,1191524.065096181
formal-run-01-CCP30-solution-0046,300,makespan,10,0.9099999999999999,0.0120443624433453,572.2787824172416,0.9158167660580798
formal-run-01-CCP30-solution-0047,30,cost,10,0.8746,0.056741910828279694,12000485.64513282,96778.49798484253
formal-run-01-CCP30-solution-0047,30,emission,10,0.8766999999999999,0.033025141937620794,9741194221.954266,1942676.162804562
formal-run-01-CCP30-solution-0047,30,makespan,10,0.87958,0.04914137880759056,566.0532934579553,11.448917720586438
formal-run-01-CCP30-solution-0047,100,cost,10,0.89968,0.018211888668913188,12024577.889970819,32965.9495924322
formal-run-01-CCP30-solution-0047,100,emission,10,0.89306,0.02674838312870518,9742183642.063467,1789184.178456032
formal-run-01-CCP30-solution-0047,100,makespan,10,0.89094,0.023245367519381367,568.7153104482643,5.867563680734848
formal-run-01-CCP30-solution-0047,300,cost,10,0.8983000000000001,0.012418713477830329,12020315.40064152,21173.24495865026
formal-run-01-CCP30-solution-0047,300,emission,10,0.8937200000000001,0.016426049771966208,9742148148.556787,1111757.7638522093
formal-run-01-CCP30-solution-0047,300,makespan,10,0.9095000000000001,0.00895581747618088,572.146890237368,0.4573022713837607
formal-run-01-CCP30-solution-0048,30,cost,10,0.87958,0.06468057925941399,12020896.116253799,114917.37369333832
formal-run-01-CCP30-solution-0048,30,emission,10,0.87144,0.04335095026511977,10264169421.662853,2495886.412784491
formal-run-01-CCP30-solution-0048,30,makespan,10,0.88118,0.05227639790362165,557.0094490907211,18.074236152371142
formal-run-01-CCP30-solution-0048,100,cost,10,0.89176,0.035212093882010985,12023670.217417393,59458.3886807128
formal-run-01-CCP30-solution-0048,100,emission,10,0.8909199999999998,0.02160497885005009,10265155907.448183,1331119.747350791
formal-run-01-CCP30-solution-0048,100,makespan,10,0.8953199999999999,0.020042665602270682,566.4479325170659,9.147886901506967
formal-run-01-CCP30-solution-0048,300,cost,10,0.8948,0.022863848222807008,12025633.656398188,39903.65389589944
formal-run-01-CCP30-solution-0048,300,emission,10,0.8923599999999998,0.017940841055473892,10265235328.441654,1084511.4838557611
formal-run-01-CCP30-solution-0048,300,makespan,10,0.9083,0.011610435918699279,571.8602557164468,0.8431067625529863
formal-run-01-CCP30-solution-0049,30,cost,10,0.8846999999999999,0.06938922426749304,12191558.02756977,132343.64610418933
formal-run-01-CCP30-solution-0049,30,emission,10,0.86954,0.03242071354345347,9537410333.249554,1878152.9001463535
formal-run-01-CCP30-solution-0049,30,makespan,10,0.8737600000000001,0.03931635791881034,566.5181582092043,12.788616515413123
formal-run-01-CCP30-solution-0049,100,cost,10,0.8945000000000001,0.02587323799690413,12184817.528587501,47805.86131930543
formal-run-01-CCP30-solution-0049,100,emission,10,0.88376,0.02320053639226665,9538212988.317875,1458798.249866329
formal-run-01-CCP30-solution-0049,100,makespan,10,0.8908799999999999,0.019228497370078375,573.474673025304,5.766281804933935
formal-run-01-CCP30-solution-0049,300,cost,10,0.8959199999999999,0.021724988172864692,12186764.05887823,39463.08055129359
formal-run-01-CCP30-solution-0049,300,emission,10,0.8903599999999999,0.01577362073561778,9538614900.941717,1045437.7221041028
formal-run-01-CCP30-solution-0049,300,makespan,10,0.9045799999999999,0.010899724767167293,577.2945743048037,2.299332668772325
formal-run-01-CCP30-solution-0051,30,cost,10,0.8846800000000001,0.05416027244310273,11990941.039240204,92298.2877129574
formal-run-01-CCP30-solution-0051,30,emission,10,0.8636199999999998,0.03846307897769554,9715705276.861506,2159691.671367579
formal-run-01-CCP30-solution-0051,30,makespan,10,0.8748799999999999,0.031074419633446988,563.0512625057461,10.04932266004168
formal-run-01-CCP30-solution-0051,100,cost,10,0.8947200000000001,0.028716112395502133,11994301.40653564,47732.30846640843
formal-run-01-CCP30-solution-0051,100,emission,10,0.88582,0.020159905202598975,9716933082.182728,1231891.4932825344
formal-run-01-CCP30-solution-0051,100,makespan,10,0.8903399999999999,0.0192783240396508,568.7837851411406,5.0893509675219235
formal-run-01-CCP30-solution-0051,300,cost,10,0.9006399999999999,0.014638396997850103,12002150.813556733,28255.896603288198
formal-run-01-CCP30-solution-0051,300,emission,10,0.8932599999999999,0.01405925555165231,9717345045.90931,898693.1168145819
formal-run-01-CCP30-solution-0051,300,makespan,10,0.9074600000000002,0.008121329940348452,571.8653530056342,0.2601652005651489
formal-run-01-CCP30-solution-0052,30,cost,10,0.86998,0.06142055030688019,11925779.789604802,100423.11658245843
formal-run-01-CCP30-solution-0052,30,emission,10,0.8712,0.03642392376203068,9795437717.33136,2107871.5542216776
formal-run-01-CCP30-solution-0052,30,makespan,10,0.8693,0.0488844669717397,568.5538406423946,9.241959774864995
formal-run-01-CCP30-solution-0052,100,cost,10,0.89506,0.01994148105499354,11944006.447670698,31241.077495403097
formal-run-01-CCP30-solution-0052,100,emission,10,0.8920199999999999,0.030750241191466014,9796648533.632671,1927362.2837474416
formal-run-01-CCP30-solution-0052,100,makespan,10,0.8846399999999999,0.020335584574828414,572.4913954372645,0.4674385297305507
formal-run-01-CCP30-solution-0052,300,cost,10,0.8986599999999999,0.01725006924301724,11949671.139768813,27331.541427328695
formal-run-01-CCP30-solution-0052,300,emission,10,0.8933199999999999,0.019912073389445593,9796658073.539932,1224435.966851375
formal-run-01-CCP30-solution-0052,300,makespan,10,0.90312,0.010539744884114707,572.9445550631838,0.30472380749993516
formal-run-01-CCP30-solution-0053,30,cost,10,0.8855400000000001,0.06310844634436821,12024403.771152163,128058.25208479706
formal-run-01-CCP30-solution-0053,30,emission,10,0.8694400000000002,0.04647721544537232,9727665019.38848,2624024.0393929146
formal-run-01-CCP30-solution-0053,30,makespan,10,0.8853000000000002,0.047458262364594286,558.0707640526255,17.60895633179954
formal-run-01-CCP30-solution-0053,100,cost,10,0.9018,0.02590718476064549,12034901.934818586,52619.12934810636
formal-run-01-CCP30-solution-0053,100,emission,10,0.8873800000000001,0.025257509334409393,9728572878.476765,1595772.331042183
formal-run-01-CCP30-solution-0053,100,makespan,10,0.8953200000000001,0.02247610088763419,565.4638226422264,9.380694072422754
formal-run-01-CCP30-solution-0053,300,cost,10,0.8956,0.01889691332819553,12020057.857361713,37125.30166874114
formal-run-01-CCP30-solution-0053,300,emission,10,0.89286,0.01921135081143436,9728863592.644093,1200330.424013854
formal-run-01-CCP30-solution-0053,300,makespan,10,0.89814,0.012862710963608456,566.2921119028387,6.9438363937551975
formal-run-01-CCP30-solution-0055,30,cost,10,0.8783200000000001,0.057915279120069475,11943125.43353947,95172.45970090803
formal-run-01-CCP30-solution-0055,30,emission,10,0.87896,0.033528071157696446,9758773402.360271,1966694.5208444085
formal-run-01-CCP30-solution-0055,30,makespan,10,0.87578,0.051892577075681616,568.472739644181,9.15244031773798
formal-run-01-CCP30-solution-0055,100,cost,10,0.8976,0.023609602566187632,11952147.60248786,34207.595996324075
formal-run-01-CCP30-solution-0055,100,emission,10,0.8938200000000001,0.025811186205467823,9759693870.68656,1636686.9431621225
formal-run-01-CCP30-solution-0055,100,makespan,10,0.8859199999999999,0.02054462892772167,572.4322105447409,0.44461103642351935
formal-run-01-CCP30-solution-0055,300,cost,10,0.89826,0.017036966344458795,11951097.31290232,28262.304949922895
formal-run-01-CCP30-solution-0055,300,emission,10,0.8950400000000001,0.016943776307410233,9759714252.909153,1013000.6390252134
formal-run-01-CCP30-solution-0055,300,makespan,10,0.9043800000000001,0.010476831582114888,572.8576549866708,0.3036626214142606
formal-run-01-CCP30-solution-0056,30,cost,10,0.88842,0.06743078426554644,12363916.655387636,139670.2652663101
formal-run-01-CCP30-solution-0056,30,emission,10,0.8749399999999999,0.03983432913678574,9366397692.754597,2344057.2102650506
formal-run-01-CCP30-solution-0056,30,makespan,10,0.87478,0.06432462462644715,567.6790985997543,13.183037940756199
formal-run-01-CCP30-solution-0056,100,cost,10,0.8972199999999999,0.026706045923889393,12351617.414571995,57848.2786321595
formal-run-01-CCP30-solution-0056,100,emission,10,0.88612,0.01760737219336138,9366928906.332067,1161653.5397521062
formal-run-01-CCP30-solution-0056,100,makespan,10,0.89578,0.017804481333517013,571.2461182514602,6.843626902144706
formal-run-01-CCP30-solution-0056,300,cost,10,0.89986,0.018880925118577575,12352927.205809351,38782.132495212085
formal-run-01-CCP30-solution-0056,300,emission,10,0.8923,0.0146506730979236,9367332415.115995,971151.1991877998
formal-run-01-CCP30-solution-0056,300,makespan,10,0.90276,0.0113915368195477,574.336497503793,2.5740899756499918
formal-run-01-CCP30-solution-0057,30,cost,10,0.87562,0.0667280017850244,12314724.861233769,136789.58776665636
formal-run-01-CCP30-solution-0057,30,emission,10,0.87522,0.03145203755985718,9396925003.685045,1909444.042611501
formal-run-01-CCP30-solution-0057,30,makespan,10,0.87532,0.045198741378739984,566.5168456805724,12.619368200582315
formal-run-01-CCP30-solution-0057,100,cost,10,0.8897199999999998,0.02908366475455862,12317291.896242157,54948.126563805534
formal-run-01-CCP30-solution-0057,100,emission,10,0.8857200000000001,0.021352949314894277,9397515261.797419,1409616.0687208173
formal-run-01-CCP30-solution-0057,100,makespan,10,0.8930199999999999,0.021756112806391767,572.7384285424487,6.706017120283942
formal-run-01-CCP30-solution-0057,300,cost,10,0.8961,0.023909877085050473,12328672.48259226,46436.07161614561
formal-run-01-CCP30-solution-0057,300,emission,10,0.8923400000000001,0.014065260593233085,9397909348.808638,969091.8517747244
formal-run-01-CCP30-solution-0057,300,makespan,10,0.9051400000000001,0.01175719165258252,576.0505691617561,2.7141004342169346
formal-run-01-CCP30-solution-0058,30,cost,10,0.88172,0.0580543959480149,11983651.162810016,110662.48514445829
formal-run-01-CCP30-solution-0058,30,emission,10,0.86922,0.0381228948416973,9739092072.28804,2201138.733135147
formal-run-01-CCP30-solution-0058,30,makespan,10,0.8823399999999999,0.044450326832944136,565.6740103634754,11.278374520749354
formal-run-01-CCP30-solution-0058,100,cost,10,0.8960800000000001,0.023604745285641188,11986978.7273573,38565.25407761377
formal-run-01-CCP30-solution-0058,100,emission,10,0.8855600000000001,0.02316929001933376,9739984723.005037,1474845.6456152156
formal-run-01-CCP30-solution-0058,100,makespan,10,0.8910599999999999,0.022940899914538845,568.4719155942624,5.830216867969737
formal-run-01-CCP30-solution-0058,300,cost,10,0.8975000000000002,0.017781451009408655,11988798.895386357,30704.411615811503
formal-run-01-CCP30-solution-0058,300,emission,10,0.89214,0.01471840873041497,9740371964.663239,954342.0452759058
formal-run-01-CCP30-solution-0058,300,makespan,10,0.9084800000000002,0.010030708405247928,572.0086908845237,0.5139492053863747
formal-run-01-CCP30-solution-0059,30,cost,10,0.8761599999999999,0.056407548746205544,11951526.620341182,85771.86200222764
formal-run-01-CCP30-solution-0059,30,emission,10,0.8647,0.039916941543938746,9858189354.748058,2155472.6852019816
formal-run-01-CCP30-solution-0059,30,makespan,10,0.8812599999999999,0.044883557989287996,567.6184041173182,10.130044253855804
formal-run-01-CCP30-solution-0059,100,cost,10,0.89632,0.018903544641151314,11965849.829952378,30619.776134300242
formal-run-01-CCP30-solution-0059,100,emission,10,0.8900599999999999,0.025665030250864262,9859614536.925827,1589323.4687267109
formal-run-01-CCP30-solution-0059,100,makespan,10,0.8920200000000001,0.020363682269068033,570.8884021047589,1.8866859220960865
formal-run-01-CCP30-solution-0059,300,cost,10,0.8982999999999999,0.012756610486767682,11967535.82515039,21341.39399229139
formal-run-01-CCP30-solution-0059,300,emission,10,0.8922000000000001,0.014742229591663991,9859725696.885487,903056.3812134024
formal-run-01-CCP30-solution-0059,300,makespan,10,0.9088799999999999,0.009218917748002972,572.2658236510209,0.3221922864404249
formal-run-01-CCP30-solution-0060,30,cost,10,0.8836,0.0633686918841719,12105466.9963146,130043.85481526739
formal-run-01-CCP30-solution-0060,30,emission,10,0.8728000000000001,0.04049987654302171,10135002091.888462,2319500.6069134795
formal-run-01-CCP30-solution-0060,30,makespan,10,0.8762399999999999,0.05126625920947747,556.7736578781603,20.13209950713138
formal-run-01-CCP30-solution-0060,100,cost,10,0.89458,0.03075486592033491,12107053.403816786,60490.18149163035
formal-run-01-CCP30-solution-0060,100,emission,10,0.89002,0.025523749289196863,10135922789.018574,1581976.9603979448
formal-run-01-CCP30-solution-0060,100,makespan,10,0.8922799999999999,0.025733886004427876,561.4951138702916,14.040777705941357
formal-run-01-CCP30-solution-0060,300,cost,10,0.8924399999999999,0.02325315749168989,12100606.245534394,45531.81548267625
formal-run-01-CCP30-solution-0060,300,emission,10,0.8924000000000001,0.01946004453574896,10136051048.66618,1188642.4653378343
formal-run-01-CCP30-solution-0060,300,makespan,10,0.89908,0.012037423127711167,567.0702321807661,4.526231093380906
formal-run-01-CCP30-solution-0061,30,cost,10,0.88856,0.0551250537918609,11961439.00554254,88766.87236066812
formal-run-01-CCP30-solution-0061,30,emission,10,0.8685,0.03583917781795037,9793953842.916874,1987383.3576715526
formal-run-01-CCP30-solution-0061,30,makespan,10,0.86466,0.04215727695190951,568.049589602722,8.916840032463954
formal-run-01-CCP30-solution-0061,100,cost,10,0.8942399999999999,0.03277638716447493,11958033.051881952,49503.02952408753
formal-run-01-CCP30-solution-0061,100,emission,10,0.8907399999999999,0.026154761622992392,9795293140.392834,1582195.1947656823
formal-run-01-CCP30-solution-0061,100,makespan,10,0.8859,0.020681123975473146,572.2944995546034,0.3797838760467985
formal-run-01-CCP30-solution-0061,300,cost,10,0.8985800000000002,0.016892194121019975,11960888.451372718,29067.270643378808
formal-run-01-CCP30-solution-0061,300,emission,10,0.8924200000000001,0.017001555484392857,9795308813.336931,1016815.0245022035
formal-run-01-CCP30-solution-0061,300,makespan,10,0.90384,0.006622386276864249,572.6307870427569,0.13346812034243852
formal-run-01-CCP30-solution-0062,30,cost,10,0.8825200000000001,0.06517881046270584,12104463.868453886,128795.65925806077
formal-run-01-CCP30-solution-0062,30,emission,10,0.87174,0.04252633693763588,9801034226.377918,2352580.121019327
formal-run-01-CCP30-solution-0062,30,makespan,10,0.87492,0.053151289312259924,556.7736578781603,20.13209950713138
formal-run-01-CCP30-solution-0062,100,cost,10,0.8947200000000001,0.03204388657242855,12108717.42538078,60572.46943570574
formal-run-01-CCP30-solution-0062,100,emission,10,0.8875,0.023270821023571798,9801862990.662394,1482046.717482855
formal-run-01-CCP30-solution-0062,100,makespan,10,0.8916799999999998,0.026687858246359473,561.4951138702916,14.040777705941357
formal-run-01-CCP30-solution-0062,300,cost,10,0.89606,0.021746427548245975,12109622.123779168,40658.07528337059
formal-run-01-CCP30-solution-0062,300,emission,10,0.89398,0.02096821933837545,9802290325.101295,1362671.2247365136
formal-run-01-CCP30-solution-0062,300,makespan,10,0.89908,0.012037423127711167,567.0702321807661,4.526231093380906
formal-run-01-CCP30-solution-0063,30,cost,10,0.87202,0.06564215786283148,12317525.012389595,133657.40821298314
formal-run-01-CCP30-solution-0063,30,emission,10,0.8777999999999999,0.025921934084220395,9396530347.964527,1599971.8811252443
formal-run-01-CCP30-solution-0063,30,makespan,10,0.8764200000000001,0.044130055265972405,568.5773516890486,11.460618431532392
formal-run-01-CCP30-solution-0063,100,cost,10,0.89602,0.029185757561599173,12341680.467134576,57298.74840169148
formal-run-01-CCP30-solution-0063,100,emission,10,0.88622,0.019189453121730978,9397039332.617243,1254513.953638713
formal-run-01-CCP30-solution-0063,100,makespan,10,0.89348,0.019885494434106706,573.5750163468194,4.31391137844179
formal-run-01-CCP30-solution-0063,300,cost,10,0.8997600000000002,0.020019501603297827,12346369.865421873,42478.99769849995
formal-run-01-CCP30-solution-0063,300,emission,10,0.89022,0.014314080092303826,9397283002.913021,988398.0519300775
formal-run-01-CCP30-solution-0063,300,makespan,10,0.90438,0.011045944454363736,575.8805645602523,2.5689564935676668
formal-run-01-CCP30-solution-0064,30,cost,10,0.8839800000000002,0.06091235598063101,12086648.258412126,127264.57814201362
formal-run-01-CCP30-solution-0064,30,emission,10,0.87076,0.04548980838239119,10161430849.787352,2552079.374229013
formal-run-01-CCP30-solution-0064,30,makespan,10,0.8762399999999999,0.05126625920947747,556.7736578781603,20.13209950713138
formal-run-01-CCP30-solution-0064,100,cost,10,0.8972999999999999,0.032533504097912475,12095953.932435695,65272.30255744238
formal-run-01-CCP30-solution-0064,100,emission,10,0.8885399999999999,0.02517459919133657,10162378793.906055,1595466.5643733433
formal-run-01-CCP30-solution-0064,100,makespan,10,0.8922799999999999,0.025733886004427876,561.4951138702916,14.040777705941357
formal-run-01-CCP30-solution-0064,300,cost,10,0.89354,0.02025768441302652,12085883.816351043,38809.78281890333
formal-run-01-CCP30-solution-0064,300,emission,10,0.8930999999999999,0.019939742559354507,10162627351.807522,1281328.8889809481
formal-run-01-CCP30-solution-0064,300,makespan,10,0.89908,0.012037423127711167,567.0702321807661,4.526231093380906
formal-run-01-CCP30-solution-0065,30,cost,10,0.8859999999999999,0.05756117518682961,12133065.553470144,111083.89508190144
formal-run-01-CCP30-solution-0065,30,emission,10,0.8679600000000001,0.04115000202511132,9448660844.564053,2298247.474617391
formal-run-01-CCP30-solution-0065,30,makespan,10,0.88232,0.045352172556070054,564.9573546094142,12.355709197722197
formal-run-01-CCP30-solution-0065,100,cost,10,0.9007399999999999,0.026972586906791957,12145368.979721338,56235.27225328566
formal-run-01-CCP30-solution-0065,100,emission,10,0.88522,0.018429794717612368,9449569353.641804,1134869.9590432784
formal-run-01-CCP30-solution-0065,100,makespan,10,0.8959199999999999,0.023853664987446548,570.9479455118087,5.581556263211293
formal-run-01-CCP30-solution-0065,300,cost,10,0.89588,0.02169776230141922,12132161.689968785,40020.97149854184
formal-run-01-CCP30-solution-0065,300,emission,10,0.8934199999999999,0.01723522233360768,9450070789.636017,1116130.970234901
formal-run-01-CCP30-solution-0065,300,makespan,10,0.9053400000000001,0.008494730392687248,572.981768952637,0.7754752164004344
formal-run-01-CCP30-solution-0066,30,cost,10,0.8851799999999999,0.06587270215262836,12149019.343682863,139519.048447985
formal-run-01-CCP30-solution-0066,30,emission,10,0.87546,0.04202772101046325,9610714394.151978,2438924.248984757
formal-run-01-CCP30-solution-0066,30,makespan,10,0.8831999999999999,0.048082614090519,561.5286564319667,19.08331271093567
formal-run-01-CCP30-solution-0066,100,cost,10,0.90302,0.025873615905010253,12164862.099262705,57077.95198770806
formal-run-01-CCP30-solution-0066,100,emission,10,0.89064,0.021103301479468418,9611543232.432165,1363541.204429601
formal-run-01-CCP30-solution-0066,100,makespan,10,0.8946400000000001,0.021301810043071696,565.481465372783,9.403327624851197
formal-run-01-CCP30-solution-0066,300,cost,10,0.89566,0.019900429922770798,12146108.540028032,40801.882827859044
formal-run-01-CCP30-solution-0066,300,emission,10,0.8903399999999999,0.015406506561983628,9611529341.520744,991873.2466276177
formal-run-01-CCP30-solution-0066,300,makespan,10,0.8976000000000001,0.011657329597010322,566.2921119028387,6.9438363937551975
formal-run-01-CCP30-solution-0068,30,cost,10,0.8828799999999999,0.06114029040748097,12077119.769855224,124622.97909709728
formal-run-01-CCP30-solution-0068,30,emission,10,0.87104,0.04555102633311349,10251498303.391993,2590999.263775634
formal-run-01-CCP30-solution-0068,30,makespan,10,0.8777999999999999,0.05071208490641609,554.1969403312363,19.733439623910048
formal-run-01-CCP30-solution-0068,100,cost,10,0.8936399999999999,0.02912544515635007,12077496.699918287,54576.561179166056
formal-run-01-CCP30-solution-0068,100,emission,10,0.88806,0.023895150600534452,10252370663.63606,1463223.050708023
formal-run-01-CCP30-solution-0068,100,makespan,10,0.8950000000000001,0.026063512170593307,559.1990969291537,13.76522668312081
formal-run-01-CCP30-solution-0068,300,cost,10,0.89972,0.020471595497718834,12086489.575374153,40059.988521881176
formal-run-01-CCP30-solution-0068,300,emission,10,0.89294,0.01856497299276846,10252630619.213278,1161427.597618645
formal-run-01-CCP30-solution-0068,300,makespan,10,0.8987200000000002,0.013180187150922165,562.8049786237203,6.8996758277048365
formal-run-01-CCP30-solution-0069,30,cost,10,0.88364,0.06322621116101912,12131191.30748997,129804.15428034149
formal-run-01-CCP30-solution-0069,30,emission,10,0.8745200000000001,0.04049825236284209,10119482452.71495,2332597.99933855
formal-run-01-CCP30-solution-0069,30,makespan,10,0.8762399999999999,0.05126625920947747,556.7736578781603,20.13209950713138
formal-run-01-CCP30-solution-0069,100,cost,10,0.8947800000000001,0.03068918738289143,12132916.616834542,60420.97467358366
formal-run-01-CCP30-solution-0069,100,emission,10,0.8890800000000001,0.023028330378036525,10120239524.744148,1427055.6697174024
formal-run-01-CCP30-solution-0069,100,makespan,10,0.8922799999999999,0.025733886004427876,561.4951138702916,14.040777705941357
formal-run-01-CCP30-solution-0069,300,cost,10,0.8921399999999998,0.023575703123719947,12126215.188113445,45891.311434056035
formal-run-01-CCP30-solution-0069,300,emission,10,0.8916999999999999,0.016567505008969287,10120374834.538906,964749.0438610291
formal-run-01-CCP30-solution-0069,300,makespan,10,0.89908,0.012037423127711167,567.0702321807661,4.526231093380906
formal-run-01-CCP30-solution-0070,30,cost,10,0.8844999999999998,0.05652714195656609,11980570.227439124,103249.44794784994
formal-run-01-CCP30-solution-0070,30,emission,10,0.8746600000000001,0.03364878072745645,9779749935.39669,1961717.918303019
formal-run-01-CCP30-solution-0070,30,makespan,10,0.8857000000000002,0.044448447041988366,565.4535336632175,10.996293314593613
formal-run-01-CCP30-solution-0070,100,cost,10,0.8892000000000001,0.02644188596400289,11969623.117800383,42067.20971329233
formal-run-01-CCP30-solution-0070,100,emission,10,0.89092,0.018190156067988475,9780643364.61476,1131221.2101997386
formal-run-01-CCP30-solution-0070,100,makespan,10,0.89194,0.0248506740351243,567.9032568921532,6.236282099482087
formal-run-01-CCP30-solution-0070,300,cost,10,0.8977999999999999,0.019422781583605473,11982684.88861433,32941.16340631458
formal-run-01-CCP30-solution-0070,300,emission,10,0.8945000000000001,0.014999037006125137,9780851305.093943,898354.0909631719
formal-run-01-CCP30-solution-0070,300,makespan,10,0.9102800000000002,0.009860899215250766,571.933079461686,0.4441912190250259
formal-run-01-CCP30-solution-0071,30,cost,10,0.8827400000000001,0.06152347700042822,12106696.279818218,125257.0016246498
formal-run-01-CCP30-solution-0071,30,emission,10,0.873,0.040054074560385115,10215256405.158367,2258174.919804596
formal-run-01-CCP30-solution-0071,30,makespan,10,0.8777999999999999,0.05071208490641609,554.1969403312363,19.733439623910048
formal-run-01-CCP30-solution-0071,100,cost,10,0.8930399999999998,0.02892101120100899,12106412.716774445,53795.72866851657
formal-run-01-CCP30-solution-0071,100,emission,10,0.88712,0.02553241077532631,10216025861.723488,1565206.2032907014
formal-run-01-CCP30-solution-0071,100,makespan,10,0.8950000000000001,0.026063512170593307,559.1990969291537,13.76522668312081
formal-run-01-CCP30-solution-0071,300,cost,10,0.8993799999999998,0.020577538995494832,12115785.624527063,39982.56351144629
formal-run-01-CCP30-solution-0071,300,emission,10,0.8942599999999998,0.016590505986524007,10216440725.59712,1048293.6107009939
formal-run-01-CCP30-solution-0071,300,makespan,10,0.8987200000000002,0.013180187150922165,562.8049786237203,6.8996758277048365
formal-run-01-CCP30-solution-0072,30,cost,10,0.8789,0.06424683303911219,12305338.978747798,133864.1488721285
formal-run-01-CCP30-solution-0072,30,emission,10,0.87496,0.03907312802084486,9382762484.268185,2281597.5616410314
formal-run-01-CCP30-solution-0072,30,makespan,10,0.8751999999999999,0.04524088612944909,566.5168456805724,12.619368200582315
formal-run-01-CCP30-solution-0072,100,cost,10,0.8901999999999999,0.0270426823127194,12301863.297763765,51172.63195690939
formal-run-01-CCP30-solution-0072,100,emission,10,0.8877199999999998,0.01723747854724313,9383399725.367489,1142485.7907457778
formal-run-01-CCP30-solution-0072,100,makespan,10,0.89284,0.021808010760574516,572.7384285424487,6.706017120283942
formal-run-01-CCP30-solution-0072,300,cost,10,0.8979799999999999,0.022803401305750655,12315013.297045339,44826.58748550094
formal-run-01-CCP30-solution-0072,300,emission,10,0.8922000000000001,0.013273867392570837,9383724931.231987,874163.5783586948
formal-run-01-CCP30-solution-0072,300,makespan,10,0.9051000000000002,0.01175840125187096,576.0505691617561,2.7141004342169346
formal-run-01-CCP30-solution-0073,30,cost,10,0.8856400000000001,0.06297327828355277,12158045.594659518,135236.75708221222
formal-run-01-CCP30-solution-0073,30,emission,10,0.8737400000000001,0.042198899406395825,9611849041.882137,2451693.6064733337
formal-run-01-CCP30-solution-0073,30,makespan,10,0.88552,0.04724453642721264,560.2134866101401,18.05890004257426
formal-run-01-CCP30-solution-0073,100,cost,10,0.9031799999999999,0.025863307341998352,12174808.747537728,54544.59040527836
formal-run-01-CCP30-solution-0073,100,emission,10,0.8861600000000001,0.02610760638417682,9612509368.18712,1651749.5011095705
formal-run-01-CCP30-solution-0073,100,makespan,10,0.89466,0.0225802371801341,566.6525766207365,9.051938882954984
formal-run-01-CCP30-solution-0073,300,cost,10,0.8950400000000001,0.020550598801765144,12154750.846294176,41253.1351765255
formal-run-01-CCP30-solution-0073,300,emission,10,0.8920200000000001,0.014441437293812243,9612838409.994785,950209.0158037139
formal-run-01-CCP30-solution-0073,300,makespan,10,0.8989,0.012372819673246136,569.8616786830574,2.9685801103346092
formal-run-01-CCP30-solution-0074,30,cost,10,0.8949,0.06858197041983169,12344584.670038221,139102.91729217523
formal-run-01-CCP30-solution-0074,30,emission,10,0.87134,0.04232446626296006,9338550540.712921,2395141.223451304
formal-run-01-CCP30-solution-0074,30,makespan,10,0.8893000000000001,0.04917598781700048,565.5898884723858,14.582086370241544
formal-run-01-CCP30-solution-0074,100,cost,10,0.8995999999999998,0.03272837708574421,12324823.08512203,66799.73947504118
formal-run-01-CCP30-solution-0074,100,emission,10,0.88582,0.023886109399025676,9339320147.079014,1513869.8684947407
formal-run-01-CCP30-solution-0074,100,makespan,10,0.8983399999999999,0.022870466156644526,570.5487567511229,5.496017063149068
formal-run-01-CCP30-solution-0074,300,cost,10,0.89704,0.02058430901871079,12313667.835483588,40208.432417597454
formal-run-01-CCP30-solution-0074,300,emission,10,0.89158,0.017234706586162444,9339637332.047602,1109969.0876580258
formal-run-01-CCP30-solution-0074,300,makespan,10,0.9054800000000001,0.011369823608521321,572.4827525458504,0.7774558880742717
formal-run-01-CCP30-solution-0075,30,cost,10,0.87324,0.05855533375458731,11959667.365964971,87140.63731179111
formal-run-01-CCP30-solution-0075,30,emission,10,0.8625400000000001,0.03657030367813631,9848306235.761936,2020141.014146121
formal-run-01-CCP30-solution-0075,30,makespan,10,0.8778400000000002,0.04902750248584971,567.6412368361403,10.158621220271504
formal-run-01-CCP30-solution-0075,100,cost,10,0.8962200000000001,0.02042121990044233,11979039.351417474,32698.025769497257
formal-run-01-CCP30-solution-0075,100,emission,10,0.88696,0.02429500177219812,9849674741.096684,1496685.6417289814
formal-run-01-CCP30-solution-0075,100,makespan,10,0.8926400000000001,0.019614914960021858,570.9888436656454,1.9040930538335572
formal-run-01-CCP30-solution-0075,300,cost,10,0.89664,0.010730144453827277,11977809.610693116,17751.997661885434
formal-run-01-CCP30-solution-0075,300,emission,10,0.8926000000000002,0.015804078235977216,9850000632.516094,957086.8175667512
formal-run-01-CCP30-solution-0075,300,makespan,10,0.9086199999999998,0.009501555428220967,572.2955046588731,0.3374847801997023
formal-run-01-CCP30-solution-0076,30,cost,10,0.8856399999999999,0.06322628145531466,12050532.323663529,128198.67556223285
formal-run-01-CCP30-solution-0076,30,emission,10,0.8712199999999999,0.0462554693462778,9712136679.731956,2635921.551129712
formal-run-01-CCP30-solution-0076,30,makespan,10,0.8853000000000002,0.047458262364594286,558.0707640526255,17.60895633179954
formal-run-01-CCP30-solution-0076,100,cost,10,0.9019599999999999,0.025959763738010646,12060883.659809737,52576.15710552917
formal-run-01-CCP30-solution-0076,100,emission,10,0.8855999999999999,0.0233529441398724,9712843888.307026,1461365.266150361
formal-run-01-CCP30-solution-0076,100,makespan,10,0.8953200000000001,0.02247610088763419,565.4638226422264,9.380694072422754
formal-run-01-CCP30-solution-0076,300,cost,10,0.8951999999999998,0.018811580357735915,12045435.25565952,37077.14131365292
formal-run-01-CCP30-solution-0076,300,emission,10,0.8923,0.016907394831848003,9713224068.885233,1096801.62279209
formal-run-01-CCP30-solution-0076,300,makespan,10,0.89814,0.012862710963608456,566.2921119028387,6.9438363937551975
formal-run-01-CCP30-solution-0077,30,cost,10,0.8777799999999999,0.06519219107974343,11918498.179108733,92444.50882587043
formal-run-01-CCP30-solution-0077,30,emission,10,0.8682599999999999,0.04269416301504873,9983696520.872776,2484489.4689878165
formal-run-01-CCP30-solution-0077,30,makespan,10,0.8799999999999999,0.03111426968093221,562.691888930133,13.088108400125671
formal-run-01-CCP30-solution-0077,100,cost,10,0.88706,0.03574005533789164,11919637.899439104,50173.97007523801
formal-run-01-CCP30-solution-0077,100,emission,10,0.8900799999999999,0.028090836781967023,9984903196.480137,1811480.54677149
formal-run-01-CCP30-solution-0077,100,makespan,10,0.8907999999999999,0.024878906728391437,566.724776292065,7.792775722992469
formal-run-01-CCP30-solution-0077,300,cost,10,0.8965799999999999,0.015969262141167725,11928948.065005893,26493.63371503018
formal-run-01-CCP30-solution-0077,300,emission,10,0.89604,0.018110721195530078,9985176958.852888,1177675.411580406
formal-run-01-CCP30-solution-0077,300,makespan,10,0.90534,0.016190545938225116,571.6324426061581,2.1084092170340076
formal-run-01-CCP30-solution-0078,30,cost,10,0.8864600000000001,0.07069175969580109,12189365.596086357,133701.8384371938
formal-run-01-CCP30-solution-0078,30,emission,10,0.8732000000000001,0.0335162978597312,9326085354.568207,1940004.2654731085
formal-run-01-CCP30-solution-0078,30,makespan,10,0.8773199999999999,0.06565818557752974,568.3551698027065,15.855394819132478
formal-run-01-CCP30-solution-0078,100,cost,10,0.8993400000000001,0.03158242127091166,12190165.590740375,66457.17116269704
formal-run-01-CCP30-solution-0078,100,emission,10,0.8910199999999999,0.027855891058565434,9327115157.76144,1707596.5383391064
formal-run-01-CCP30-solution-0078,100,makespan,10,0.9004800000000002,0.018628818773311656,574.1310337170124,1.7071153555451943
formal-run-01-CCP30-solution-0078,300,cost,10,0.89842,0.023970806318427327,12182750.131761955,46548.0139752162
formal-run-01-CCP30-solution-0078,300,emission,10,0.89376,0.015151032234728364,9327220079.929502,1022396.5331093578
formal-run-01-CCP30-solution-0078,300,makespan,10,0.8943199999999999,0.017240572302952516,573.6027632630121,1.2555651437627908
formal-run-01-CCP30-solution-0080,30,cost,10,0.8804399999999999,0.06562545576561311,12020575.431210436,119833.90876302992
formal-run-01-CCP30-solution-0080,30,emission,10,0.87022,0.04632776465336719,10260340691.054646,2556426.8771298463
formal-run-01-CCP30-solution-0080,30,makespan,10,0.8784000000000001,0.051681073260269404,554.327719732577,19.52512885438445
formal-run-01-CCP30-solution-0080,100,cost,10,0.89268,0.034904975767551166,12023036.607302068,60262.62315234629
formal-run-01-CCP30-solution-0080,100,emission,10,0.8903000000000001,0.024971316878904602,10261420885.215834,1610288.4210042644
formal-run-01-CCP30-solution-0080,100,makespan,10,0.8963599999999999,0.024659963053049738,558.7857931480212,13.92848517762135
formal-run-01-CCP30-solution-0080,300,cost,10,0.8949400000000001,0.022592043830615336,12024337.995645491,39670.4489382342
formal-run-01-CCP30-solution-0080,300,emission,10,0.8941600000000001,0.01890015872949219,10261613896.680073,1208652.3674429213
formal-run-01-CCP30-solution-0080,300,makespan,10,0.8996999999999999,0.012170729915114645,561.4624517624934,8.601236539936385
formal-run-01-CCP30-solution-0081,30,cost,10,0.88316,0.053517830881139254,11960039.128786623,90162.12993351965
formal-run-01-CCP30-solution-0081,30,emission,10,0.86966,0.03768395473466718,9828350020.873968,2174771.2541667824
formal-run-01-CCP30-solution-0081,30,makespan,10,0.8812999999999999,0.029382118522817375,561.8740267167894,9.897464833414405
formal-run-01-CCP30-solution-0081,100,cost,10,0.8912599999999999,0.0328886403894516,11963675.531339789,52341.98393482375
formal-run-01-CCP30-solution-0081,100,emission,10,0.8869399999999998,0.023984078051907685,9829314164.50564,1529975.8679728643
formal-run-01-CCP30-solution-0081,100,makespan,10,0.88774,0.02130019300903685,565.3389964714563,7.898156268953889
formal-run-01-CCP30-solution-0081,300,cost,10,0.89948,0.015338897541146087,11973206.533780012,29098.648449796277
formal-run-01-CCP30-solution-0081,300,emission,10,0.89314,0.014013660002535613,9829648812.520618,913775.0232142968
formal-run-01-CCP30-solution-0081,300,makespan,10,0.9065600000000001,0.008194198489717511,571.1533460866308,1.1212758387668704
formal-run-01-CCP30-solution-0082,30,cost,10,0.88338,0.06252021539736835,12090424.009750742,128840.89050631507
formal-run-01-CCP30-solution-0082,30,emission,10,0.8718999999999999,0.04548848450126935,10152742604.128254,2594790.5190132116
formal-run-01-CCP30-solution-0082,30,makespan,10,0.8773799999999999,0.051314840824939596,554.1969403312363,19.733439623910048
formal-run-01-CCP30-solution-0082,100,cost,10,0.8961,0.03083335135134609,12095925.866474895,61330.95627428857
formal-run-01-CCP30-solution-0082,100,emission,10,0.88702,0.022352618539123244,10153478824.526464,1423421.6846443734
formal-run-01-CCP30-solution-0082,100,makespan,10,0.8949400000000001,0.026170560219877265,559.1990969291537,13.76522668312081
formal-run-01-CCP30-solution-0082,300,cost,10,0.89294,0.022120488240542992,12087317.19075364,42698.42599365719
formal-run-01-CCP30-solution-0082,300,emission,10,0.89268,0.017172122110495763,10153805996.482363,1091249.107878434
formal-run-01-CCP30-solution-0082,300,makespan,10,0.8987200000000002,0.013180187150922165,562.8049786237203,6.8996758277048365
formal-run-01-CCP30-solution-0083,30,cost,10,0.8819600000000001,0.07201017212095032,12069450.579931501,125006.06659882473
formal-run-01-CCP30-solution-0083,30,emission,10,0.87754,0.03832748361163304,9634674989.16445,2246526.2528772713
formal-run-01-CCP30-solution-0083,30,makespan,10,0.8882399999999999,0.05654817415266383,567.551259670706,12.523329938224954
formal-run-01-CCP30-solution-0083,100,cost,10,0.9003399999999999,0.03272987761799434,12078020.449676327,58495.40752104369
formal-run-01-CCP30-solution-0083,100,emission,10,0.8920399999999999,0.021958101516802907,9635447926.40599,1339980.3500821271
formal-run-01-CCP30-solution-0083,100,makespan,10,0.9017,0.016041681818174662,572.993564201146,1.4294025899324718
formal-run-01-CCP30-solution-0083,300,cost,10,0.9005600000000001,0.0216353209153715,12075444.763621273,39545.935293809154
formal-run-01-CCP30-solution-0083,300,emission,10,0.89412,0.016811689055204672,9635571398.213163,992677.8315793899
formal-run-01-CCP30-solution-0083,300,makespan,10,0.90672,0.006834682793582235,573.2653070866143,0.5983831724226933
formal-run-01-CCP30-solution-0084,30,cost,10,0.8853200000000001,0.06456322998941941,12120179.11652716,129908.66257612365
formal-run-01-CCP30-solution-0084,30,emission,10,0.8666599999999999,0.042879785447224435,9478736644.317059,2346998.561746092
formal-run-01-CCP30-solution-0084,30,makespan,10,0.8858,0.0550949080123462,568.4455090032792,12.985340187345443
formal-run-01-CCP30-solution-0084,100,cost,10,0.88942,0.02821606319496435,12105164.243638474,53431.90560444349
formal-run-01-CCP30-solution-0084,100,emission,10,0.8821999999999999,0.019702002154321514,9479519630.496765,1178379.9862031348
formal-run-01-CCP30-solution-0084,100,makespan,10,0.89772,0.017319019731048425,573.388166390191,2.128304885439493
formal-run-01-CCP30-solution-0084,300,cost,10,0.8942200000000001,0.01978382055002407,12111381.612994652,37520.52756523792
formal-run-01-CCP30-solution-0084,300,emission,10,0.89484,0.017338922175908798,9480269876.516558,1118388.6968463613
formal-run-01-CCP30-solution-0084,300,makespan,10,0.9032,0.004776795764712753,573.716485246601,0.6271349910963685
formal-run-01-CCP30-solution-0085,30,cost,10,0.88128,0.06937865185583628,12350156.558337467,143785.7241461724
formal-run-01-CCP30-solution-0085,30,emission,10,0.87294,0.039161778418362055,9368432547.5857,2306444.8995678034
formal-run-01-CCP30-solution-0085,30,makespan,10,0.87486,0.05194501794098148,571.7784328181666,13.532593819198643
formal-run-01-CCP30-solution-0085,100,cost,10,0.8909600000000001,0.028466713505035608,12340206.632515095,54740.9892688564
formal-run-01-CCP30-solution-0085,100,emission,10,0.8859999999999999,0.015606551330913704,9369074900.104635,1077434.3553891215
formal-run-01-CCP30-solution-0085,100,makespan,10,0.89574,0.016434935689290414,576.0855705404414,3.6999570928386007
formal-run-01-CCP30-solution-0085,300,cost,10,0.8953599999999999,0.020433697658524742,12345405.702413654,38383.259173125654
formal-run-01-CCP30-solution-0085,300,emission,10,0.89268,0.013370348620070548,9369532851.745499,928175.0580482602
formal-run-01-CCP30-solution-0085,300,makespan,10,0.90678,0.00805174929233808,578.5554678720497,2.178799747471028
formal-run-01-CCP30-solution-0086,30,cost,10,0.88358,0.06254963895446028,12099456.16554882,129147.75227875862
formal-run-01-CCP30-solution-0086,30,emission,10,0.87286,0.04102920910765891,10130744396.736706,2341788.8118571923
formal-run-01-CCP30-solution-0086,30,makespan,10,0.8773799999999999,0.051314840824939596,554.1969403312363,19.733439623910048
formal-run-01-CCP30-solution-0086,100,cost,10,0.8957200000000001,0.031301572555455494,12103858.64420276,62003.252816504355
formal-run-01-CCP30-solution-0086,100,emission,10,0.88806,0.0251194568235683,10131547907.678335,1550471.566275979
formal-run-01-CCP30-solution-0086,100,makespan,10,0.8949400000000001,0.026170560219877265,559.1990969291537,13.76522668312081
formal-run-01-CCP30-solution-0086,300,cost,10,0.8931199999999999,0.0224400831846349,12096887.245648235,43245.61780527181
formal-run-01-CCP30-solution-0086,300,emission,10,0.8927799999999999,0.019569693121990656,10131813623.256018,1230626.2796968233
formal-run-01-CCP30-solution-0086,300,makespan,10,0.8987200000000002,0.013180187150922165,562.8049786237203,6.8996758277048365
formal-run-01-CCP30-solution-0087,30,cost,10,0.88416,0.06334812458856925,12166244.321724305,141231.20221189436
formal-run-01-CCP30-solution-0087,30,emission,10,0.8737600000000001,0.042235193329207756,9701963680.27296,2417513.367027337
formal-run-01-CCP30-solution-0087,30,makespan,10,0.8762000000000001,0.05133722928938716,556.7736578781603,20.13209950713138
formal-run-01-CCP30-solution-0087,100,cost,10,0.8984400000000001,0.03196676051428699,12175156.545679273,69820.74123717574
formal-run-01-CCP30-solution-0087,100,emission,10,0.8862599999999998,0.027178921571279782,9702639712.046005,1701184.1495678218
formal-run-01-CCP30-solution-0087,100,makespan,10,0.8922799999999999,0.025733886004427876,561.4951138702916,14.040777705941357
formal-run-01-CCP30-solution-0087,300,cost,10,0.8940600000000002,0.020883603350209678,12162608.55947442,46027.30864049827
formal-run-01-CCP30-solution-0087,300,emission,10,0.89284,0.015309779009944366,9702983077.85627,1000897.2826305865
formal-run-01-CCP30-solution-0087,300,makespan,10,0.89908,0.012037423127711167,567.0702321807661,4.526231093380906
formal-run-01-CCP30-solution-0088,30,cost,10,0.8834800000000002,0.07088834412887166,12059637.057628093,124233.40884708833
formal-run-01-CCP30-solution-0088,30,emission,10,0.8755799999999999,0.03928295643999655,9644355358.357742,2273349.764084511
formal-run-01-CCP30-solution-0088,30,makespan,10,0.8909999999999998,0.053340499518554275,567.5284269518841,12.499977553764452
formal-run-01-CCP30-solution-0088,100,cost,10,0.9000199999999999,0.03235558684369672,12065192.439859502,58940.88854265162
formal-run-01-CCP30-solution-0088,100,emission,10,0.8891399999999999,0.021689331735005354,9645032638.47295,1286646.6671123991
formal-run-01-CCP30-solution-0088,100,makespan,10,0.9017200000000001,0.01607322134621571,572.993564201146,1.4294025899324718
formal-run-01-CCP30-solution-0088,300,cost,10,0.8983199999999998,0.023578747492887197,12059373.637532217,42150.45462849234
formal-run-01-CCP30-solution-0088,300,emission,10,0.8933,0.018039770878071952,9645262581.424252,1051540.5400727342
formal-run-01-CCP30-solution-0088,300,makespan,10,0.90672,0.006834682793582235,573.2653070866143,0.5983831724226933
formal-run-01-CCP30-solution-0089,30,cost,10,0.8779999999999999,0.05903641061055269,11943863.946832335,88077.68686600651
formal-run-01-CCP30-solution-0089,30,emission,10,0.86574,0.038142895071617784,9835867529.300758,2190020.8579308162
formal-run-01-CCP30-solution-0089,30,makespan,10,0.8820600000000001,0.027463923811267592,562.8661284919458,9.018049418858281
formal-run-01-CCP30-solution-0089,100,cost,10,0.8938,0.02908760713583861,11955130.34439259,41471.48878619507
formal-run-01-CCP30-solution-0089,100,emission,10,0.8924799999999999,0.02527540745907417,9837407649.188274,1647284.573351206
formal-run-01-CCP30-solution-0089,100,makespan,10,0.8869200000000002,0.020476805306383985,565.5599938917256,7.584892425410714
formal-run-01-CCP30-solution-0089,300,cost,10,0.8999599999999999,0.013083254776834224,11960417.806711039,23636.30539858607
formal-run-01-CCP30-solution-0089,300,emission,10,0.8924,0.016566096569667683,9837350965.437012,1032621.2924779298
formal-run-01-CCP30-solution-0089,300,makespan,10,0.9054400000000001,0.008134316880421547,571.2140154309753,1.0168521372200878
formal-run-01-CCP30-solution-0090,30,cost,10,0.8839599999999999,0.05364109535711505,11974297.39479197,93229.43355735824
formal-run-01-CCP30-solution-0090,30,emission,10,0.86982,0.037247812762034156,9750962172.137506,2164393.502593611
formal-run-01-CCP30-solution-0090,30,makespan,10,0.8812999999999999,0.029382118522817375,561.8740267167894,9.897464833414405
formal-run-01-CCP30-solution-0090,100,cost,10,0.89422,0.029921890908757014,11978342.468970872,49502.65254706015
formal-run-01-CCP30-solution-0090,100,emission,10,0.8870800000000001,0.023361925339225677,9751930139.63351,1496122.5728309094
formal-run-01-CCP30-solution-0090,100,makespan,10,0.88774,0.02130019300903685,565.3389964714563,7.898156268953889
formal-run-01-CCP30-solution-0090,300,cost,10,0.8999799999999999,0.015057652170537391,11985366.830753926,29026.99384641529
formal-run-01-CCP30-solution-0090,300,emission,10,0.8928600000000001,0.01419046628315411,9752261357.84998,947464.5839228396
formal-run-01-CCP30-solution-0090,300,makespan,10,0.9065600000000001,0.008194198489717511,571.1533460866308,1.1212758387668704
formal-run-01-CCP30-solution-0091,30,cost,10,0.8846,0.06622480233601641,12131792.321213115,139728.41874521557
formal-run-01-CCP30-solution-0091,30,emission,10,0.8712,0.03652505989043686,9609752910.8456,2160372.8321545236
formal-run-01-CCP30-solution-0091,30,makespan,10,0.88472,0.0463889067198901,564.2360065538642,17.58362642839821
formal-run-01-CCP30-solution-0091,100,cost,10,0.90274,0.02590187466402987,12147643.581986712,57003.16798649767
formal-run-01-CCP30-solution-0091,100,emission,10,0.88848,0.02497700275586857,9610773141.216417,1520589.9457188058
formal-run-01-CCP30-solution-0091,100,makespan,10,0.89542,0.02270554508876142,568.5793887865296,8.464543279803328
formal-run-01-CCP30-solution-0091,300,cost,10,0.8962600000000001,0.019512970045587642,12130388.182437185,40249.21831743093
formal-run-01-CCP30-solution-0091,300,emission,10,0.8936,0.014977316181479235,9611043621.123787,942285.4207661623
formal-run-01-CCP30-solution-0091,300,makespan,10,0.9000000000000001,0.010936178491593836,571.3411047271628,2.487028989597624
formal-run-01-CCP30-solution-0092,30,cost,10,0.87848,0.0767910990212335,12235725.127677487,134849.46657399437
formal-run-01-CCP30-solution-0092,30,emission,10,0.8709000000000001,0.043430480847748705,9341456854.902033,2427042.5017581237
formal-run-01-CCP30-solution-0092,30,makespan,10,0.88048,0.06143153008747942,568.9176272156412,12.041010897930807
formal-run-01-CCP30-solution-0092,100,cost,10,0.89678,0.028031323748819108,12246510.669092264,58307.58760660652
formal-run-01-CCP30-solution-0092,100,emission,10,0.8868199999999999,0.02350724710949087,9342320109.98129,1435568.1910506934
formal-run-01-CCP30-solution-0092,100,makespan,10,0.8988200000000001,0.014912321527291895,572.8425664353414,1.3749695792630037
formal-run-01-CCP30-solution-0092,300,cost,10,0.8965599999999998,0.022450300666138092,12243271.40476473,45360.918349542626
formal-run-01-CCP30-solution-0092,300,emission,10,0.8904000000000002,0.016196844685857106,9342496068.502312,1029469.8459740103
formal-run-01-CCP30-solution-0092,300,makespan,10,0.9061400000000001,0.007082403860586088,573.2930808212773,0.6186584423209409
formal-run-01-CCP30-solution-0093,30,cost,10,0.88026,0.07057793485848739,12077633.754082512,116934.6935429674
formal-run-01-CCP30-solution-0093,30,emission,10,0.86618,0.04557859634131403,9472841514.231506,2456182.3819978647
formal-run-01-CCP30-solution-0093,30,makespan,10,0.8895799999999999,0.04947290616533907,569.4147780596134,11.705036073509278
formal-run-01-CCP30-solution-0093,100,cost,10,0.9039600000000002,0.023810511217620782,12090603.449725434,40678.24115426495
formal-run-01-CCP30-solution-0093,100,emission,10,0.89194,0.028424097757595274,9474252208.08332,1792659.5571897898
formal-run-01-CCP30-solution-0093,100,makespan,10,0.8969399999999998,0.017826833706522324,573.4172605412928,2.1187731165111456
formal-run-01-CCP30-solution-0093,300,cost,10,0.9008199999999998,0.02036215443741977,12083950.666407784,35486.94130045842
formal-run-01-CCP30-solution-0093,300,emission,10,0.8946999999999999,0.017533269961862673,9474318836.069561,1074824.5346218683
formal-run-01-CCP30-solution-0093,300,makespan,10,0.9037599999999999,0.006836373307536676,574.0172736109876,0.9925140705225971
formal-run-01-CCP30-solution-0094,30,cost,10,0.8881,0.06476221463511299,12134852.47747915,126166.84787952824
formal-run-01-CCP30-solution-0094,30,emission,10,0.87456,0.037081507820236004,9557115270.942984,2085860.347434328
formal-run-01-CCP30-solution-0094,30,makespan,10,0.8816200000000001,0.04765696404747391,565.7555163493839,12.046130925695014
formal-run-01-CCP30-solution-0094,100,cost,10,0.8961600000000001,0.02506645389980623,12126094.737771971,47964.11658151027
formal-run-01-CCP30-solution-0094,100,emission,10,0.88872,0.021348786070094633,9557856587.54533,1276512.5215618522
formal-run-01-CCP30-solution-0094,100,makespan,10,0.8952,0.020661934942196373,571.699604858925,4.474949478427972
formal-run-01-CCP30-solution-0094,300,cost,10,0.897,0.021588268419058837,12127334.246695075,40163.78725608411
formal-run-01-CCP30-solution-0094,300,emission,10,0.89352,0.01795654012702153,9558138911.765856,1082708.9277917093
formal-run-01-CCP30-solution-0094,300,makespan,10,0.9019,0.006891057006487937,573.1856196441242,0.8509946431126629
formal-run-01-CCP30-solution-0095,30,cost,10,0.8708199999999999,0.066367090238059,11896965.858386977,92347.9936126142
formal-run-01-CCP30-solution-0095,30,emission,10,0.8737999999999999,0.03661730010072652,9977503008.782516,2166958.522658435
formal-run-01-CCP30-solution-0095,30,makespan,10,0.87042,0.03552294407218461,567.0589688338002,8.919554609510365
formal-run-01-CCP30-solution-0095,100,cost,10,0.8865999999999999,0.034201234545619054,11905553.575275533,47355.5978088886
formal-run-01-CCP30-solution-0095,100,emission,10,0.8912599999999999,0.028277678672605198,9978481740.775799,1763071.7717334793
formal-run-01-CCP30-solution-0095,100,makespan,10,0.8809000000000001,0.018732087740321694,571.95942536699,0.5466443347832551
formal-run-01-CCP30-solution-0095,300,cost,10,0.8979000000000001,0.014606923776833453,11917170.596929554,25285.628847407785
formal-run-01-CCP30-solution-0095,300,emission,10,0.8916799999999998,0.01830487488196639,9978492970.086452,1121749.746567353
formal-run-01-CCP30-solution-0095,300,makespan,10,0.9026799999999999,0.009416864304710622,572.5174320838236,0.20943014877085192
formal-run-01-CCP30-solution-0096,30,cost,10,0.88802,0.07354070377084458,12232944.575820979,147302.43111732017
formal-run-01-CCP30-solution-0096,30,emission,10,0.8716799999999999,0.03490548508313398,9314709898.036446,2034875.5661600444
formal-run-01-CCP30-solution-0096,30,makespan,10,0.8755,0.06781243740396498,568.5396666763472,15.762795598104118
formal-run-01-CCP30-solution-0096,100,cost,10,0.90316,0.027442675606515563,12230573.819876445,61365.566269476265
formal-run-01-CCP30-solution-0096,100,emission,10,0.8920800000000002,0.027356283048364283,9315889976.45905,1681490.4755741055
formal-run-01-CCP30-solution-0096,100,makespan,10,0.9041799999999999,0.018612409241626354,573.71357145031,1.675513351593699
formal-run-01-CCP30-solution-0096,300,cost,10,0.8993399999999999,0.019882331631655058,12218756.390904188,42286.011533571414
formal-run-01-CCP30-solution-0096,300,emission,10,0.89368,0.014908968218268264,9315936760.628672,1006307.8526811929
formal-run-01-CCP30-solution-0096,300,makespan,10,0.8970800000000001,0.015340056497071106,573.0052214657213,0.7460735377641463
formal-run-01-CCP30-solution-0097,30,cost,10,0.8807599999999999,0.07299143328729292,12202356.595563408,126479.75839007729
formal-run-01-CCP30-solution-0097,30,emission,10,0.86706,0.0418456475899492,9330757841.704111,2288797.358189153
formal-run-01-CCP30-solution-0097,30,makespan,10,0.883,0.061309198149851675,570.1623207369513,11.60371346674176
formal-run-01-CCP30-solution-0097,100,cost,10,0.90608,0.025313009391307973,12220540.393865276,53027.7068921046
formal-run-01-CCP30-solution-0097,100,emission,10,0.8904799999999999,0.026695018261840554,9332025298.728344,1695648.42458492
formal-run-01-CCP30-solution-0097,100,makespan,10,0.8984,0.014529663145135584,573.0463390184542,1.0889410213907418
formal-run-01-CCP30-solution-0097,300,cost,10,0.90046,0.02100498353565967,12208418.018140743,42516.27357402017
formal-run-01-CCP30-solution-0097,300,emission,10,0.8918000000000001,0.0141138230115019,9332063212.146006,882580.721901911
formal-run-01-CCP30-solution-0097,300,makespan,10,0.9057400000000001,0.007892640735379876,573.4211145761857,0.7456349056746193
formal-run-01-CCP30-solution-0098,30,cost,10,0.8837200000000001,0.06438068723529512,12053844.247202283,129198.65915767735
formal-run-01-CCP30-solution-0098,30,emission,10,0.8699399999999999,0.04666543331703529,9844160198.5939,2599652.324029709
formal-run-01-CCP30-solution-0098,30,makespan,10,0.87684,0.051812808369273995,554.327719732577,19.52512885438445
formal-run-01-CCP30-solution-0098,100,cost,10,0.8933399999999999,0.032330247275405885,12053824.05391019,60872.48302088784
formal-run-01-CCP30-solution-0098,100,emission,10,0.8869800000000001,0.026527210348788844,9845072400.344868,1663869.8150955164
formal-run-01-CCP30-solution-0098,100,makespan,10,0.89434,0.027174506026380264,559.1990969291537,13.76522668312081
formal-run-01-CCP30-solution-0098,300,cost,10,0.89558,0.02208115335151978,12055618.871061642,42473.464868817246
formal-run-01-CCP30-solution-0098,300,emission,10,0.89374,0.019623806403900785,9845456772.631668,1256588.1763652957
formal-run-01-CCP30-solution-0098,300,makespan,10,0.8987200000000002,0.013180187150922165,562.8049786237203,6.8996758277048365
formal-run-01-CCP30-solution-0099,30,cost,10,0.8699399999999999,0.062371435769909916,11924445.667056201,90872.3811294295
formal-run-01-CCP30-solution-0099,30,emission,10,0.87156,0.04568314058088973,9959555006.201355,2589488.107045438
formal-run-01-CCP30-solution-0099,30,makespan,10,0.8767000000000001,0.04721085091845351,568.3893615685288,10.452495103383317
formal-run-01-CCP30-solution-0099,100,cost,10,0.89452,0.023908752465246787,11943493.818160105,35127.48397906684
formal-run-01-CCP30-solution-0099,100,emission,10,0.88778,0.027831309307644492,9960368776.521236,1766283.2877991225
formal-run-01-CCP30-solution-0099,100,makespan,10,0.89972,0.027253085452232144,571.9429060760228,5.759453089711138
formal-run-01-CCP30-solution-0099,300,cost,10,0.89846,0.013476250714992404,11947456.589885829,20974.440512918783
formal-run-01-CCP30-solution-0099,300,emission,10,0.89338,0.01858205825221976,9960688737.860401,1240553.631026802
formal-run-01-CCP30-solution-0099,300,makespan,10,0.9043200000000002,0.010671332312946352,573.1820503485882,1.2308634258084281
formal-run-01-CCP30-solution-0100,30,cost,10,0.8852,0.06000311103045687,12067349.506408518,106067.2427149896
formal-run-01-CCP30-solution-0100,30,emission,10,0.8693200000000001,0.044459239759582034,9508819991.2845,2503192.8250995707
formal-run-01-CCP30-solution-0100,30,makespan,10,0.8912799999999999,0.05299033035480257,569.7431445791985,11.163312891420889
formal-run-01-CCP30-solution-0100,100,cost,10,0.8988799999999999,0.028840742785934705,12072273.018667381,48949.26171027547
formal-run-01-CCP30-solution-0100,100,emission,10,0.88954,0.02210842976483557,9509884475.335194,1384060.8525231057
formal-run-01-CCP30-solution-0100,100,makespan,10,0.899,0.015080229883305277,573.0463390184542,1.0889410213907418
formal-run-01-CCP30-solution-0100,300,cost,10,0.8971599999999998,0.023036164804256985,12067693.156368019,38205.446408960095
formal-run-01-CCP30-solution-0100,300,emission,10,0.8924999999999998,0.015117980464775485,9510062734.01901,952014.3484123123
formal-run-01-CCP30-solution-0100,300,makespan,10,0.90602,0.007945620736537115,573.405544972361,0.7262960121348159
formal-run-01-CCP30-solution-0101,30,cost,10,0.8790800000000001,0.06394457322122375,12190447.052983204,123881.95410608215
formal-run-01-CCP30-solution-0101,30,emission,10,0.86578,0.04191350352544843,9553013428.127085,2332970.870458234
formal-run-01-CCP30-solution-0101,30,makespan,10,0.8863199999999999,0.0465994945132336,566.3008046671579,12.11918030825952
formal-run-01-CCP30-solution-0101,100,cost,10,0.9001800000000001,0.028319675139379708,12211808.344168317,57169.188205990715
formal-run-01-CCP30-solution-0101,100,emission,10,0.8866799999999999,0.024030388169057004,9554140280.336695,1518312.9805651922
formal-run-01-CCP30-solution-0101,100,makespan,10,0.89896,0.018683991959845065,571.987077178682,1.9128312441908633
formal-run-01-CCP30-solution-0101,300,cost,10,0.8971600000000001,0.01934730529614452,12202020.177967647,38652.942830688364
formal-run-01-CCP30-solution-0101,300,emission,10,0.893,0.015106437185665072,9554528022.974339,1012642.8541647454
formal-run-01-CCP30-solution-0101,300,makespan,10,0.90832,0.011167890480201599,572.7658851850567,0.7441687292708387
formal-run-01-CCP30-solution-0102,30,cost,10,0.8954000000000002,0.06450433232651036,12345451.436468035,130083.14380911863
formal-run-01-CCP30-solution-0102,30,emission,10,0.8757199999999999,0.04379651939493721,9289413335.016638,2501281.8614200884
formal-run-01-CCP30-solution-0102,30,makespan,10,0.8862,0.07136753074364027,567.0764389199496,16.225416955605013
formal-run-01-CCP30-solution-0102,100,cost,10,0.9011000000000001,0.03218395045153201,12332135.451982122,66566.6853924676
formal-run-01-CCP30-solution-0102,100,emission,10,0.8886800000000001,0.025779095751747732,9290089639.939434,1670913.6759736922
formal-run-01-CCP30-solution-0102,100,makespan,10,0.90036,0.02355585324759478,570.7139217959202,4.511425596985149
formal-run-01-CCP30-solution-0102,300,cost,10,0.89984,0.021835913333568425,12325911.780052852,46234.52742101474
formal-run-01-CCP30-solution-0102,300,emission,10,0.8926200000000002,0.016887457541685247,9290300183.971994,1082704.1716942268
formal-run-01-CCP30-solution-0102,300,makespan,10,0.90526,0.010834123048139238,572.2753193186811,0.5514905678937008
formal-run-01-CCP30-solution-0103,30,cost,10,0.8808999999999999,0.06388567914642529,11997575.944441687,113031.0324740296
formal-run-01-CCP30-solution-0103,30,emission,10,0.8739399999999999,0.04133011277775834,9589483725.5121,2285255.96955092
formal-run-01-CCP30-solution-0103,30,makespan,10,0.88308,0.04861240810968147,572.6856952873435,5.5954441369739465
formal-run-01-CCP30-solution-0103,100,cost,10,0.8971599999999998,0.027011075917523584,11998557.133666176,41572.84818861609
formal-run-01-CCP30-solution-0103,100,emission,10,0.88856,0.03068185131311342,9590293447.269224,1805245.8248096365
formal-run-01-CCP30-solution-0103,100,makespan,10,0.8871600000000001,0.020596612450702784,573.4133259561809,0.9321026751700416
formal-run-01-CCP30-solution-0103,300,cost,10,0.89802,0.018827273361329357,11998842.92198865,30418.981198863046
formal-run-01-CCP30-solution-0103,300,emission,10,0.8931000000000001,0.019143493237477157,9590490151.127924,1176779.181154505
formal-run-01-CCP30-solution-0103,300,makespan,10,0.8982800000000001,0.012995110191486987,573.8123018714226,0.701511234927578
formal-run-01-CCP30-solution-0104,30,cost,10,0.87748,0.06376973855643096,12215317.020315278,115495.3830039513
formal-run-01-CCP30-solution-0104,30,emission,10,0.88128,0.03187046002526828,9455876500.95525,1824838.340657405
formal-run-01-CCP30-solution-0104,30,makespan,10,0.8792,0.04154055581931683,566.5168456805724,12.619368200582315
formal-run-01-CCP30-solution-0104,100,cost,10,0.89238,0.024496974869925817,12220471.004214237,42672.02588475196
formal-run-01-CCP30-solution-0104,100,emission,10,0.8913400000000001,0.029335310539424057,9456486517.00296,1855128.9063949224
formal-run-01-CCP30-solution-0104,100,makespan,10,0.8939999999999999,0.019870693104279077,572.669628869254,6.639376738430034
formal-run-01-CCP30-solution-0104,300,cost,10,0.8986199999999999,0.01842304112909821,12231149.571312267,34417.66970681079
formal-run-01-CCP30-solution-0104,300,emission,10,0.8938599999999999,0.016220987776471716,9456544143.69622,982172.439520833
formal-run-01-CCP30-solution-0104,300,makespan,10,0.9057000000000001,0.011982672675344364,575.9773016986827,2.61581712117072
formal-run-01-CCP30-solution-0105,30,cost,10,0.89754,0.06881285732574498,12374634.198529227,151628.55079817201
formal-run-01-CCP30-solution-0105,30,emission,10,0.8759,0.04396010817901966,9305903168.204828,2520566.5228703273
formal-run-01-CCP30-solution-0105,30,makespan,10,0.8837999999999999,0.0779827901242034,566.6924431423797,16.653561228840598
formal-run-01-CCP30-solution-0105,100,cost,10,0.8997599999999999,0.03124893598188583,12349136.32938923,70097.62384885362
formal-run-01-CCP30-solution-0105,100,emission,10,0.8874600000000001,0.023212266871922127,9306466507.746569,1457651.3612046288
formal-run-01-CCP30-solution-0105,100,makespan,10,0.90008,0.02422215698258288,570.443194400311,5.294119893599988
formal-run-01-CCP30-solution-0105,300,cost,10,0.8946999999999999,0.023043581897497317,12334354.290745223,47492.79781106938
formal-run-01-CCP30-solution-0105,300,emission,10,0.89114,0.016120394260411577,9306684101.768103,1029897.0375069771
formal-run-01-CCP30-solution-0105,300,makespan,10,0.90526,0.010834123048139238,572.2753193186811,0.5514905678937008
formal-run-01-CCP30-solution-0106,30,cost,10,0.88418,0.06251111545601754,11993746.491554309,115540.86484291322
formal-run-01-CCP30-solution-0106,30,emission,10,0.8689,0.045547362406864154,9711018535.381598,2560419.99912305
formal-run-01-CCP30-solution-0106,30,makespan,10,0.8915400000000002,0.050686754789699355,569.4147780596134,11.705036073509278
formal-run-01-CCP30-solution-0106,100,cost,10,0.8943,0.03384517034313102,11988327.390251672,49937.12187895434
formal-run-01-CCP30-solution-0106,100,emission,10,0.89216,0.027972335539878598,9712275410.623926,1774707.2881612505
formal-run-01-CCP30-solution-0106,100,makespan,10,0.8969400000000002,0.015240312041133252,573.1578930390267,1.5551677399839845
formal-run-01-CCP30-solution-0106,300,cost,10,0.8981199999999999,0.02044813493260992,11991078.30824888,35127.39304295205
formal-run-01-CCP30-solution-0106,300,emission,10,0.89498,0.018063456049284804,9712394594.929308,1151841.9030893955
formal-run-01-CCP30-solution-0106,300,makespan,10,0.9035400000000001,0.009212093500755766,573.760655122975,1.1525675840252523
formal-run-01-CCP30-solution-0107,30,cost,10,0.88538,0.06323005262970731,12063620.081300968,128524.34443490002
formal-run-01-CCP30-solution-0107,30,emission,10,0.868,0.04052390241162205,9674886298.010002,2321482.730246163
formal-run-01-CCP30-solution-0107,30,makespan,10,0.8847600000000002,0.04875396735993217,560.7781141745229,16.60994495978004
formal-run-01-CCP30-solution-0107,100,cost,10,0.9019200000000002,0.025990972791849608,12073787.958490182,52263.78432137872
formal-run-01-CCP30-solution-0107,100,emission,10,0.8889199999999999,0.02519703686282708,9676095674.629131,1590246.3349608586
formal-run-01-CCP30-solution-0107,100,makespan,10,0.8961,0.02378594356150521,568.5617460559731,8.446585179318372
formal-run-01-CCP30-solution-0107,300,cost,10,0.89646,0.0190648134297483,12060790.99508423,37366.69063409146
formal-run-01-CCP30-solution-0107,300,emission,10,0.8934000000000001,0.017117372591739784,9676358084.790379,1094096.037547564
formal-run-01-CCP30-solution-0107,300,makespan,10,0.9005400000000001,0.012094461542375501,571.3411047271628,2.487028989597624
formal-run-01-CCP30-solution-0108,30,cost,10,0.8835799999999999,0.06971895645295392,12169934.370271774,122604.59457999434
formal-run-01-CCP30-solution-0108,30,emission,10,0.86828,0.03616901067672894,9334675255.846992,1986710.534014782
formal-run-01-CCP30-solution-0108,30,makespan,10,0.87142,0.07083065563566228,569.9082814037959,15.292803501093816
formal-run-01-CCP30-solution-0108,100,cost,10,0.9028,0.0318932943143574,12189112.999606002,66458.74166900667
formal-run-01-CCP30-solution-0108,100,emission,10,0.8886000000000001,0.028014916661585038,9335861458.140636,1722892.1577545984
formal-run-01-CCP30-solution-0108,100,makespan,10,0.89484,0.023588848589487732,574.2890639643413,1.7287952545209806
formal-run-01-CCP30-solution-0108,300,cost,10,0.8991,0.024271473882820648,12175099.241718907,48479.5120499168
formal-run-01-CCP30-solution-0108,300,emission,10,0.8965599999999998,0.018377957811828112,9336270675.77191,1144166.246017563
formal-run-01-CCP30-solution-0108,300,makespan,10,0.8917200000000001,0.015257551864204457,573.7632903427354,1.0905555743168842
formal-run-01-CCP30-solution-0109,30,cost,10,0.87248,0.06374485251549511,11900831.342983136,91068.40843727386
formal-run-01-CCP30-solution-0109,30,emission,10,0.8741800000000002,0.03651610907835366,9970524154.384586,2163689.4656737503
formal-run-01-CCP30-solution-0109,30,makespan,10,0.8662599999999999,0.03721445955539325,567.9253821362696,8.868115539366903
formal-run-01-CCP30-solution-0109,100,cost,10,0.8878400000000001,0.032394896717435805,11908953.408646705,44170.93816105596
formal-run-01-CCP30-solution-0109,100,emission,10,0.89132,0.02835602228804315,9971492814.154583,1767310.84778731
formal-run-01-CCP30-solution-0109,100,makespan,10,0.88558,0.018403731505684744,572.2871734977659,0.4412520254394228
formal-run-01-CCP30-solution-0109,300,cost,10,0.89856,0.015907733968104947,11921449.820475351,28062.526806511065
formal-run-01-CCP30-solution-0109,300,emission,10,0.8916599999999999,0.018266192207950133,9971501137.167583,1117405.725424054
formal-run-01-CCP30-solution-0109,300,makespan,10,0.90134,0.007083031366112482,572.653133559689,0.1547691054717436
formal-run-01-CCP30-solution-0110,30,cost,10,0.8869400000000001,0.06591799956511626,12167884.979700929,118414.37260350038
formal-run-01-CCP30-solution-0110,30,emission,10,0.86696,0.03769159057402593,9348900484.095098,2045944.2674547122
formal-run-01-CCP30-solution-0110,30,makespan,10,0.8765600000000001,0.0729329555139513,566.8167338597575,16.603828251632564
formal-run-01-CCP30-solution-0110,100,cost,10,0.90036,0.03468650714294794,12179095.189001182,69447.36014185056
formal-run-01-CCP30-solution-0110,100,emission,10,0.89056,0.03267847405658145,9350290577.688562,2017265.6017704657
formal-run-01-CCP30-solution-0110,100,makespan,10,0.9041599999999999,0.015310940169985939,574.4002386267308,2.529163663195073
formal-run-01-CCP30-solution-0110,300,cost,10,0.8998999999999999,0.024393122892414656,12172074.911047319,48981.51827690653
formal-run-01-CCP30-solution-0110,300,emission,10,0.8962200000000001,0.015506400112355052,9350484315.723953,958229.1260045307
formal-run-01-CCP30-solution-0110,300,makespan,10,0.8975799999999999,0.012370376801949962,573.2715112655187,1.8176033300324617
formal-run-01-CCP30-solution-0111,30,cost,10,0.8856399999999999,0.060347497416582616,12202639.904798027,115472.21517872329
formal-run-01-CCP30-solution-0111,30,emission,10,0.8671200000000001,0.03707292513112202,9374718590.535908,2119152.029120687
formal-run-01-CCP30-solution-0111,30,makespan,10,0.87858,0.04893609892275615,566.015696307511,12.329770687677655
formal-run-01-CCP30-solution-0111,100,cost,10,0.9037400000000002,0.030119768333180186,12221315.705683779,63124.97956973844
formal-run-01-CCP30-solution-0111,100,emission,10,0.88778,0.021808754613177207,9375829383.072895,1358155.0520156878
formal-run-01-CCP30-solution-0111,100,makespan,10,0.89922,0.019309283892585048,572.761885700487,1.4994473253816032
formal-run-01-CCP30-solution-0111,300,cost,10,0.8991199999999999,0.020617619218091663,12206910.077189013,39054.21581233974
formal-run-01-CCP30-solution-0111,300,emission,10,0.8916999999999999,0.013915059787470853,9376052144.462887,900435.624354137
formal-run-01-CCP30-solution-0111,300,makespan,10,0.9052199999999999,0.00919973429568003,573.0172059354134,0.7447252271111677
formal-run-01-CCP30-solution-0112,30,cost,10,0.87896,0.060442060410501125,12191000.391590262,113491.67892999404
formal-run-01-CCP30-solution-0112,30,emission,10,0.8795,0.03232821265293415,9484786620.348082,1910130.674404815
formal-run-01-CCP30-solution-0112,30,makespan,10,0.88134,0.04239937630568533,570.7704076586053,13.870616179864735
formal-run-01-CCP30-solution-0112,100,cost,10,0.898,0.023358652929196644,12204320.40258931,41674.72727511852
formal-run-01-CCP30-solution-0112,100,emission,10,0.8939000000000001,0.030540646867921944,9485694671.936817,2017269.902093179
formal-run-01-CCP30-solution-0112,100,makespan,10,0.89696,0.01647484277449845,575.8192530228746,3.3016817180614386
formal-run-01-CCP30-solution-0112,300,cost,10,0.8981,0.013106486943494804,12201815.587755304,25765.935548264166
formal-run-01-CCP30-solution-0112,300,emission,10,0.8926399999999999,0.011928974995549489,9485478017.771494,692747.9970056007
formal-run-01-CCP30-solution-0112,300,makespan,10,0.90868,0.007932044713271198,578.2836948803265,1.7615145532494931
formal-run-01-CCP30-solution-0113,30,cost,10,0.8824200000000001,0.06359555889455733,12180396.730976354,120711.71599373841
formal-run-01-CCP30-solution-0113,30,emission,10,0.8768600000000001,0.03280054877589701,9526748940.099249,1799979.9747858648
formal-run-01-CCP30-solution-0113,30,makespan,10,0.8839,0.04573015052092728,566.8478312364321,12.095636980414719
formal-run-01-CCP30-solution-0113,100,cost,10,0.89252,0.028593736687914345,12176020.147946853,47196.68539822992
formal-run-01-CCP30-solution-0113,100,emission,10,0.88834,0.0261403136936036,9527416601.264034,1633461.299310513
formal-run-01-CCP30-solution-0113,100,makespan,10,0.8971399999999999,0.022630569296123924,571.9387642427745,3.108865137018408
formal-run-01-CCP30-solution-0113,300,cost,10,0.8980799999999999,0.02279107037611197,12183229.117899954,37745.88419894962
formal-run-01-CCP30-solution-0113,300,emission,10,0.8926999999999999,0.019358202395883768,9527636651.106718,1142567.4982148341
formal-run-01-CCP30-solution-0113,300,makespan,10,0.9045400000000001,0.00867386880232805,572.9230152627651,0.8239229804764197
formal-run-01-CCP30-solution-0114,30,cost,10,0.87654,0.06436486619266756,12265740.662965912,131020.80364867066
formal-run-01-CCP30-solution-0114,30,emission,10,0.87522,0.033597413921643164,9395315747.302143,1976805.9900489298
formal-run-01-CCP30-solution-0114,30,makespan,10,0.8750600000000001,0.044721762040420554,566.4033325661205,12.536787818724347
formal-run-01-CCP30-solution-0114,100,cost,10,0.8909199999999998,0.02852884699932878,12269731.434612058,55291.59158019584
formal-run-01-CCP30-solution-0114,100,emission,10,0.8876,0.020829679679619562,9395974205.98775,1326860.1839340017
formal-run-01-CCP30-solution-0114,100,makespan,10,0.8928600000000001,0.021380375217578487,572.6549370895734,6.6327982258010305
formal-run-01-CCP30-solution-0114,300,cost,10,0.8988400000000001,0.02120603687632368,12282975.038581423,43513.361630450105
formal-run-01-CCP30-solution-0114,300,emission,10,0.89056,0.01580852090909625,9396173271.870888,995118.3768193283
formal-run-01-CCP30-solution-0114,300,makespan,10,0.90432,0.011039806761593857,575.8805645602523,2.5689564935676668
formal-run-01-CCP30-solution-0116,30,cost,10,0.8852800000000001,0.06715912778204051,12265317.852588901,121781.24167623937
formal-run-01-CCP30-solution-0116,30,emission,10,0.87662,0.03573687171535863,9287146767.333523,2073795.6337496631
formal-run-01-CCP30-solution-0116,30,makespan,10,0.88264,0.049801543929659235,574.1453677143988,4.612724705950959
formal-run-01-CCP30-solution-0116,100,cost,10,0.9007400000000001,0.03553040012909132,12279599.656039918,74679.52485982668
formal-run-01-CCP30-solution-0116,100,emission,10,0.8894399999999999,0.029612279735121916,9287933288.425547,1880681.3062375449
formal-run-01-CCP30-solution-0116,100,makespan,10,0.88914,0.02124273470572416,573.4298389375236,1.0420208446703965
formal-run-01-CCP30-solution-0116,300,cost,10,0.8993800000000001,0.0211249089412896,12268226.949918287,45102.376303261815
formal-run-01-CCP30-solution-0116,300,emission,10,0.89442,0.01560810330850258,9288152822.263556,948030.247031465
formal-run-01-CCP30-solution-0116,300,makespan,10,0.8990400000000001,0.011142231972694384,573.6078467704613,0.526746426989592
formal-run-01-CCP30-solution-0117,30,cost,10,0.88124,0.06379611970087905,11976811.129752686,115436.42445342078
formal-run-01-CCP30-solution-0117,30,emission,10,0.8688,0.04696144991136643,9819687943.705135,2587884.5383347226
formal-run-01-CCP30-solution-0117,30,makespan,10,0.88734,0.04673214929550938,558.0707640526255,17.60895633179954
formal-run-01-CCP30-solution-0117,100,cost,10,0.8969199999999999,0.029561115600659518,11985193.16674546,52672.226284277014
formal-run-01-CCP30-solution-0117,100,emission,10,0.88846,0.025940453178599474,9820749768.14467,1630319.1074825446
formal-run-01-CCP30-solution-0117,100,makespan,10,0.89772,0.01859299748710668,565.4638226422264,9.380694072422754
formal-run-01-CCP30-solution-0117,300,cost,10,0.8930400000000001,0.021832860045760794,11977080.925377611,37752.83670440994
formal-run-01-CCP30-solution-0117,300,emission,10,0.89528,0.01836571685384361,9821111755.593233,1167911.5672751574
formal-run-01-CCP30-solution-0117,300,makespan,10,0.89814,0.012862710963608456,566.2921119028387,6.9438363937551975
formal-run-01-CCP30-solution-0118,30,cost,10,0.8831199999999999,0.06791747934074112,12055617.527969997,108417.52253329263
formal-run-01-CCP30-solution-0118,30,emission,10,0.8664,0.04306305454408299,9504491449.535069,2367589.316821821
formal-run-01-CCP30-solution-0118,30,makespan,10,0.8846,0.06027271356094728,568.0132152853338,14.634621342930394
formal-run-01-CCP30-solution-0118,100,cost,10,0.9090400000000001,0.024092193295293354,12079381.614869548,46794.93294383317
formal-run-01-CCP30-solution-0118,100,emission,10,0.88974,0.02655376934950416,9505782375.477219,1625375.9028706998
formal-run-01-CCP30-solution-0118,100,makespan,10,0.9053599999999999,0.019769516376931872,574.5161602165074,2.462712030625183
formal-run-01-CCP30-solution-0118,300,cost,10,0.90032,0.021569773089003763,12060265.084068762,36180.37365333456
formal-run-01-CCP30-solution-0118,300,emission,10,0.8943,0.017002810225240868,9505988367.694176,1065473.9854996286
formal-run-01-CCP30-solution-0118,300,makespan,10,0.89876,0.015292641658290723,573.930147145125,1.8542455410243848
formal-run-01-CCP30-solution-0119,30,cost,10,0.8840200000000001,0.06071151821890508,12025100.35392661,124529.17313494146
formal-run-01-CCP30-solution-0119,30,emission,10,0.8702,0.04160288451537946,9719025893.777473,2385864.9547507702
formal-run-01-CCP30-solution-0119,30,makespan,10,0.88468,0.0482538841269108,564.8149015301934,12.24339978307552
formal-run-01-CCP30-solution-0119,100,cost,10,0.9017999999999999,0.026483537863695217,12038129.027815046,52358.69789285659
formal-run-01-CCP30-solution-0119,100,emission,10,0.8867999999999998,0.02376496020054174,9719911039.943209,1396834.3377699903
formal-run-01-CCP30-solution-0119,100,makespan,10,0.89742,0.024316514735645993,570.5693032904958,5.347467783338018
formal-run-01-CCP30-solution-0119,300,cost,10,0.8979000000000001,0.019902931107418996,12028118.87142891,39835.89930008025
formal-run-01-CCP30-solution-0119,300,emission,10,0.89314,0.01934943008061077,9720276121.22793,1212010.1249185796
formal-run-01-CCP30-solution-0119,300,makespan,10,0.9087,0.009707843335273919,572.7693121948295,0.6020441188560167
formal-run-01-CCP30-solution-0120,30,cost,10,0.8860199999999999,0.05974750203983426,12076513.096629431,106993.84976338086
formal-run-01-CCP30-solution-0120,30,emission,10,0.8733599999999999,0.04287229615704968,9514259576.062145,2443446.6427252325
formal-run-01-CCP30-solution-0120,30,makespan,10,0.88824,0.05378350015468397,568.813685319334,11.366963851262827
formal-run-01-CCP30-solution-0120,100,cost,10,0.89882,0.027018750690749722,12079925.427240819,46615.86049917016
formal-run-01-CCP30-solution-0120,100,emission,10,0.8893800000000001,0.027408587462083234,9515152586.172398,1683254.2605095936
formal-run-01-CCP30-solution-0120,100,makespan,10,0.8985800000000002,0.015598418723276632,572.8716605864431,1.3730747309281444
formal-run-01-CCP30-solution-0120,300,cost,10,0.8987999999999999,0.0206389060864292,12077344.311847016,33677.27823887991
formal-run-01-CCP30-solution-0120,300,emission,10,0.89336,0.01841757614647246,9515348716.804512,1158763.908579348
formal-run-01-CCP30-solution-0120,300,makespan,10,0.90596,0.008058011886039608,573.3911899214297,0.7496262174266876
formal-run-01-CCP30-solution-0121,30,cost,10,0.8745600000000001,0.06621579536300651,12281484.601531368,136903.38397753102
formal-run-01-CCP30-solution-0121,30,emission,10,0.8834,0.022529190940742728,9411026318.809492,1389104.6259738512
formal-run-01-CCP30-solution-0121,30,makespan,10,0.8756999999999999,0.04495867238055661,566.5168456805724,12.619368200582315
formal-run-01-CCP30-solution-0121,100,cost,10,0.8925000000000001,0.028124050601259807,12289766.956654137,55047.82637246471
formal-run-01-CCP30-solution-0121,100,emission,10,0.88728,0.018954026250670615,9411222626.10484,1267479.6036428688
formal-run-01-CCP30-solution-0121,100,makespan,10,0.89306,0.02133667682132759,572.669628869254,6.639376738430034
formal-run-01-CCP30-solution-0121,300,cost,10,0.8972200000000001,0.0217744906816312,12297815.40051253,44453.59862937382
formal-run-01-CCP30-solution-0121,300,emission,10,0.89394,0.010031971114613751,9411593610.491375,714016.1622779925
formal-run-01-CCP30-solution-0121,300,makespan,10,0.9050800000000001,0.011390522376080918,575.9773016986827,2.61581712117072
formal-run-01-CCP30-solution-0122,30,cost,10,0.8801400000000001,0.0636814328426182,12249002.324871328,132755.757089073
formal-run-01-CCP30-solution-0122,30,emission,10,0.87196,0.041494717200573336,9497185799.383934,2341313.7697868845
formal-run-01-CCP30-solution-0122,30,makespan,10,0.8863199999999999,0.0465994945132336,566.3008046671579,12.11918030825952
formal-run-01-CCP30-solution-0122,100,cost,10,0.8997200000000001,0.028908007348983602,12267405.561655723,64222.80771926156
formal-run-01-CCP30-solution-0122,100,emission,10,0.8888400000000001,0.0227202895130224,9498101159.396912,1527353.2436806876
formal-run-01-CCP30-solution-0122,100,makespan,10,0.89896,0.018683991959845065,571.987077178682,1.9128312441908633
formal-run-01-CCP30-solution-0122,300,cost,10,0.89804,0.019567501401842567,12259794.737093398,42409.132565666776
formal-run-01-CCP30-solution-0122,300,emission,10,0.8922200000000002,0.017497288678852835,9498293778.995466,1153760.9835081212
formal-run-01-CCP30-solution-0122,300,makespan,10,0.90832,0.011167890480201599,572.7658851850567,0.7441687292708387
formal-run-01-CCP30-solution-0124,30,cost,10,0.8843200000000001,0.06385255237219922,12161930.537890118,125883.01195370329
formal-run-01-CCP30-solution-0124,30,emission,10,0.8711200000000001,0.04113276066592175,9568358160.89336,2280509.693745259
formal-run-01-CCP30-solution-0124,30,makespan,10,0.88072,0.04574093231328902,563.202747618789,14.68029273636868
formal-run-01-CCP30-solution-0124,100,cost,10,0.9016,0.02862337816851423,12176171.327911051,56907.65215067588
formal-run-01-CCP30-solution-0124,100,emission,10,0.8860399999999998,0.02655322537428883,9569191217.47134,1584611.2575670762
formal-run-01-CCP30-solution-0124,100,makespan,10,0.8941000000000001,0.02157390398915628,570.002281947124,7.3180102623622245
formal-run-01-CCP30-solution-0124,300,cost,10,0.8972199999999999,0.02174814423756145,12165287.996267535,43427.783238314296
formal-run-01-CCP30-solution-0124,300,emission,10,0.89198,0.016120228837636807,9569474442.998165,1025618.2469992569
formal-run-01-CCP30-solution-0124,300,makespan,10,0.9008200000000001,0.01135035975934976,572.7773755729257,2.1345218473601903
formal-run-01-CCP30-solution-0125,30,cost,10,0.8695,0.06407809471435788,12277162.229044698,115114.52633126217
formal-run-01-CCP30-solution-0125,30,emission,10,0.8841000000000001,0.023822724911777466,9438414697.116116,1484075.3626465814
formal-run-01-CCP30-solution-0125,30,makespan,10,0.8736200000000001,0.048695101282253114,566.5354672244698,12.588962112008149
formal-run-01-CCP30-solution-0125,100,cost,10,0.8949200000000002,0.027674970641357516,12304718.22954357,51519.19826074642
formal-run-01-CCP30-solution-0125,100,emission,10,0.88704,0.02383047535311781,9438623189.63021,1544663.981775987
formal-run-01-CCP30-solution-0125,100,makespan,10,0.8930199999999999,0.021756112806391767,572.7384285424487,6.706017120283942
formal-run-01-CCP30-solution-0125,300,cost,10,0.8975,0.016523989295028702,12306295.104159843,32706.2299941896
formal-run-01-CCP30-solution-0125,300,emission,10,0.8951,0.009912169848782418,9439076712.0898,692984.4459107062
formal-run-01-CCP30-solution-0125,300,makespan,10,0.9051400000000001,0.01175719165258252,576.0505691617561,2.7141004342169346
formal-run-01-CCP30-solution-0126,30,cost,10,0.8746599999999999,0.06338117841897373,12260836.00855829,120814.89860420588
formal-run-01-CCP30-solution-0126,30,emission,10,0.88324,0.020727609070459084,9441427763.25226,1265636.7889584869
formal-run-01-CCP30-solution-0126,30,makespan,10,0.8756400000000001,0.04508478925560396,566.5168456805724,12.619368200582315
formal-run-01-CCP30-solution-0126,100,cost,10,0.8957399999999998,0.03320549485987055,12279474.375670398,58791.281900680624
formal-run-01-CCP30-solution-0126,100,emission,10,0.8888800000000001,0.023121168751696883,9441784822.940237,1523382.9966427642
formal-run-01-CCP30-solution-0126,100,makespan,10,0.89306,0.02133667682132759,572.669628869254,6.639376738430034
formal-run-01-CCP30-solution-0126,300,cost,10,0.89924,0.01949582291443761,12281804.163730962,37046.933518453014
formal-run-01-CCP30-solution-0126,300,emission,10,0.8931800000000001,0.011451715058356007,9441982427.251373,795546.6732278373
formal-run-01-CCP30-solution-0126,300,makespan,10,0.9050800000000001,0.011390522376080918,575.9773016986827,2.61581712117072
formal-run-01-CCP30-solution-0127,30,cost,10,0.88516,0.06142853480988203,12062720.215114044,129234.13602786012
formal-run-01-CCP30-solution-0127,30,emission,10,0.86514,0.04118090711860424,9623077351.616741,2322086.8735013977
formal-run-01-CCP30-solution-0127,30,makespan,10,0.88196,0.05106429933590265,567.0906112629125,11.74643583305124
formal-run-01-CCP30-solution-0127,100,cost,10,0.90206,0.027383539256681598,12073457.109350342,55370.68927594649
formal-run-01-CCP30-solution-0127,100,emission,10,0.8867200000000001,0.022305196205767333,9624254016.951931,1393803.9630102054
formal-run-01-CCP30-solution-0127,100,makespan,10,0.9010599999999999,0.019575052149781523,572.3832434791743,1.102851846187121
formal-run-01-CCP30-solution-0127,300,cost,10,0.8976599999999999,0.02119057442459841,12062144.663331533,42423.4216320625
formal-run-01-CCP30-solution-0127,300,emission,10,0.8930399999999998,0.015530557691925365,9624584703.818085,1011413.2204995847
formal-run-01-CCP30-solution-0127,300,makespan,10,0.90854,0.010322811847769205,572.8019385162813,0.5751589663724369
formal-run-01-CCP30-solution-0128,30,cost,10,0.87332,0.058138470721010325,11928353.498199455,91548.61520558127
formal-run-01-CCP30-solution-0128,30,emission,10,0.8695999999999999,0.04622466873867245,9891829833.784729,2622402.7501431117
formal-run-01-CCP30-solution-0128,30,makespan,10,0.8802,0.04302516059754392,568.3665288497067,10.426544238425407
formal-run-01-CCP30-solution-0128,100,cost,10,0.89524,0.02046977175142788,11943019.632207114,30799.377783847987
formal-run-01-CCP30-solution-0128,100,emission,10,0.8907200000000002,0.02804428244362435,9892962193.870079,1832484.689732963
formal-run-01-CCP30-solution-0128,100,makespan,10,0.8981,0.02606645353706561,571.7069333368645,5.679865689817139
formal-run-01-CCP30-solution-0128,300,cost,10,0.8975799999999999,0.013191731416981536,11945283.639817169,20175.023771697317
formal-run-01-CCP30-solution-0128,300,emission,10,0.8955399999999999,0.017767898643965267,9893172765.047464,1158593.5453041736
formal-run-01-CCP30-solution-0128,300,makespan,10,0.9048999999999999,0.010559145588330317,573.1475158405955,1.186557984696196
formal-run-01-CCP30-solution-0129,30,cost,10,0.8719199999999999,0.06475617173503836,12272269.824281197,118939.19001695496
formal-run-01-CCP30-solution-0129,30,emission,10,0.88214,0.020909126130844297,9444002354.300228,1271952.149594298
formal-run-01-CCP30-solution-0129,30,makespan,10,0.8752800000000001,0.04800529600413316,568.7094863473978,11.489922987027064
formal-run-01-CCP30-solution-0129,100,cost,10,0.89498,0.02845635254209504,12295171.835531028,53001.126070477374
formal-run-01-CCP30-solution-0129,100,emission,10,0.8866200000000001,0.021591654766496153,9444350772.900074,1404185.4932670253
formal-run-01-CCP30-solution-0129,100,makespan,10,0.8935000000000001,0.019892879798225956,573.5897081265,4.320544344952035
formal-run-01-CCP30-solution-0129,300,cost,10,0.8985199999999999,0.015160533558479317,12297082.616648702,31791.17654103373
formal-run-01-CCP30-solution-0129,300,emission,10,0.89266,0.012886185540251125,9444638282.412271,838611.3458212431
formal-run-01-CCP30-solution-0129,300,makespan,10,0.9050800000000001,0.011390522376080918,575.9773016986827,2.61581712117072
formal-run-01-CCP30-solution-0130,30,cost,10,0.87226,0.06337072931041061,12274969.969763089,116987.37012194478
formal-run-01-CCP30-solution-0130,30,emission,10,0.8840199999999999,0.023345987045124264,9435329248.777592,1371976.4438948093
formal-run-01-CCP30-solution-0130,30,makespan,10,0.874,0.04845598231614154,566.5354672244698,12.588962112008149
formal-run-01-CCP30-solution-0130,100,cost,10,0.8938199999999998,0.02982369676765256,12296560.627082929,54281.19885593206
formal-run-01-CCP30-solution-0130,100,emission,10,0.88948,0.02303508435215965,9435704439.215813,1510752.0358738026
formal-run-01-CCP30-solution-0130,100,makespan,10,0.89306,0.02133667682132759,572.669628869254,6.639376738430034
formal-run-01-CCP30-solution-0130,300,cost,10,0.89986,0.014600471834080496,12301462.428498784,30394.17478860612
formal-run-01-CCP30-solution-0130,300,emission,10,0.89384,0.011805384835366932,9435896805.796917,752363.4610874186
formal-run-01-CCP30-solution-0130,300,makespan,10,0.9050800000000001,0.011390522376080918,575.9773016986827,2.61581712117072
formal-run-01-CCP30-solution-0131,30,cost,10,0.87196,0.06357929781863833,12248778.072157925,117034.74899500195
formal-run-01-CCP30-solution-0131,30,emission,10,0.8842800000000001,0.020104880557273188,9450986840.66794,1212966.7483468251
formal-run-01-CCP30-solution-0131,30,makespan,10,0.874,0.04845598231614154,566.5354672244698,12.588962112008149
formal-run-01-CCP30-solution-0131,100,cost,10,0.89368,0.029777724709737108,12270236.030550277,54076.65836760385
formal-run-01-CCP30-solution-0131,100,emission,10,0.8887,0.022613712654051283,9451301032.494617,1479254.3341383825
formal-run-01-CCP30-solution-0131,100,makespan,10,0.89306,0.02133667682132759,572.669628869254,6.639376738430034
formal-run-01-CCP30-solution-0131,300,cost,10,0.89962,0.014645879208083686,12275291.090476274,30326.405599241727
formal-run-01-CCP30-solution-0131,300,emission,10,0.89426,0.012811123638810486,9451575503.444407,812527.3492965916
formal-run-01-CCP30-solution-0131,300,makespan,10,0.9050800000000001,0.011390522376080918,575.9773016986827,2.61581712117072
formal-run-01-CCP30-solution-0134,30,cost,10,0.87698,0.06139666657618038,12177425.85588614,119560.24420749693
formal-run-01-CCP30-solution-0134,30,emission,10,0.87754,0.039415400261544685,9501314296.015463,2277114.3630500003
formal-run-01-CCP30-solution-0134,30,makespan,10,0.8781199999999998,0.0448405768621829,570.7932403774274,13.885742725213188
formal-run-01-CCP30-solution-0134,100,cost,10,0.8925399999999998,0.03110970552380364,12185201.937971717,53520.709856335016
formal-run-01-CCP30-solution-0134,100,emission,10,0.8849600000000001,0.01720124026536069,9501601030.454632,1113215.6624773913
formal-run-01-CCP30-solution-0134,100,makespan,10,0.89652,0.0164584864971776,576.0855705404414,3.6999570928386007
formal-run-01-CCP30-solution-0134,300,cost,10,0.8977,0.019661185676917412,12193341.025640547,37724.74995004899
formal-run-01-CCP30-solution-0134,300,emission,10,0.8936399999999999,0.012601516663569585,9502143544.810043,895508.5873343333
formal-run-01-CCP30-solution-0134,300,makespan,10,0.90776,0.00792228923144481,578.5878289247634,2.210948653951353
formal-run-01-CCP30-solution-0135,30,cost,10,0.88262,0.06706152730474042,12038042.54304933,121043.70110013345
formal-run-01-CCP30-solution-0135,30,emission,10,0.86822,0.04187340179371361,10223222215.51472,2238496.265728335
formal-run-01-CCP30-solution-0135,30,makespan,10,0.8834000000000002,0.04651136061938701,558.1373997910321,17.538367214366826
formal-run-01-CCP30-solution-0135,100,cost,10,0.89214,0.03540797775768745,12036062.08335386,61061.93005797425
formal-run-01-CCP30-solution-0135,100,emission,10,0.8924200000000001,0.02608591786982224,10224583257.861822,1669796.2115155004
formal-run-01-CCP30-solution-0135,100,makespan,10,0.9004599999999998,0.025553786412193424,565.5338322870055,12.237864356393544
formal-run-01-CCP30-solution-0135,300,cost,10,0.8949199999999999,0.023531954633835433,12038228.475082178,41099.46983156402
formal-run-01-CCP30-solution-0135,300,emission,10,0.8949999999999999,0.019212264601319428,10224700856.828049,1174596.1658321589
formal-run-01-CCP30-solution-0135,300,makespan,10,0.9014400000000002,0.012549209802480265,568.3149372476133,6.064593694287291
formal-run-01-CCP30-solution-0136,30,cost,10,0.88052,0.06335432634529914,12332300.22169085,128439.75780802942
formal-run-01-CCP30-solution-0136,30,emission,10,0.8740399999999999,0.03884439613523565,9375811744.44417,2279516.989225852
formal-run-01-CCP30-solution-0136,30,makespan,10,0.8830599999999998,0.04438829174956437,570.0190089158582,11.847093757594667
formal-run-01-CCP30-solution-0136,100,cost,10,0.89476,0.02690258971425119,12336057.814161565,51762.79090021215
formal-run-01-CCP30-solution-0136,100,emission,10,0.8871600000000001,0.017836242753325498,9376472614.758068,1221901.3472115246
formal-run-01-CCP30-solution-0136,100,makespan,10,0.8936800000000001,0.015536966670921762,573.2525659745335,3.6046725712540506
formal-run-01-CCP30-solution-0136,300,cost,10,0.8980600000000001,0.019155515596761617,12340654.63885354,39214.578196889546
formal-run-01-CCP30-solution-0136,300,emission,10,0.8926599999999999,0.012671946268124028,9376840404.633066,904165.7550411092
formal-run-01-CCP30-solution-0136,300,makespan,10,0.90578,0.011092520002235741,575.8997699969773,2.6255031612973396
formal-run-01-CCP30-solution-0137,30,cost,10,0.87454,0.0637334762899373,12236054.35378298,116139.47639313867
formal-run-01-CCP30-solution-0137,30,emission,10,0.87584,0.03148400652183051,9435297524.681124,1868503.206754875
formal-run-01-CCP30-solution-0137,30,makespan,10,0.87338,0.04817306301243465,566.4219541100181,12.506368753451122
formal-run-01-CCP30-solution-0137,100,cost,10,0.8939,0.027466221679243272,12250239.225041125,47136.60696000466
formal-run-01-CCP30-solution-0137,100,emission,10,0.8898999999999999,0.02694789210474334,9436161323.706896,1764715.3510319034
formal-run-01-CCP30-solution-0137,100,makespan,10,0.8928600000000001,0.021380375217578487,572.6549370895734,6.6327982258010305
formal-run-01-CCP30-solution-0137,300,cost,10,0.8982000000000001,0.015221914027699256,12256739.507751014,31845.67475444852
formal-run-01-CCP30-solution-0137,300,emission,10,0.8927799999999999,0.01337375539380519,9436266778.882944,863666.3686045621
formal-run-01-CCP30-solution-0137,300,makespan,10,0.90432,0.011039806761593857,575.8805645602523,2.5689564935676668
formal-run-01-CCP30-solution-0138,30,cost,10,0.8795400000000001,0.06495099349167462,12087964.656670446,124013.73768282411
formal-run-01-CCP30-solution-0138,30,emission,10,0.8628600000000001,0.039860986217380816,9612944529.875717,2188978.9041132065
formal-run-01-CCP30-solution-0138,30,makespan,10,0.87952,0.05428355183662911,563.6822239383439,14.035461839379847
formal-run-01-CCP30-solution-0138,100,cost,10,0.8980600000000001,0.027832522942294203,12100215.09579267,53936.96011464693
formal-run-01-CCP30-solution-0138,100,emission,10,0.8869,0.023511179373981988,9614220028.196823,1419802.1174217707
formal-run-01-CCP30-solution-0138,100,makespan,10,0.89442,0.014975075588753781,572.0240820635714,1.5853787689026921
formal-run-01-CCP30-solution-0138,300,cost,10,0.8979800000000001,0.020482068037947502,12097752.71341904,40140.56389289774
formal-run-01-CCP30-solution-0138,300,emission,10,0.89268,0.01505993950113272,9614518277.86443,948282.6673600222
formal-run-01-CCP30-solution-0138,300,makespan,10,0.90358,0.00997839889182852,572.8168875156133,0.7065860852586114
formal-run-01-CCP30-solution-0139,30,cost,10,0.8821199999999999,0.06074970141673309,12286477.002231264,128510.52462104274
formal-run-01-CCP30-solution-0139,30,emission,10,0.8747,0.03346377809579253,9416505872.903027,1957659.0605361238
formal-run-01-CCP30-solution-0139,30,makespan,10,0.87514,0.04465622265958266,566.4033325661205,12.536787818724347
formal-run-01-CCP30-solution-0139,100,cost,10,0.8886799999999999,0.029938188173486927,12279457.157715091,55554.56342097111
formal-run-01-CCP30-solution-0139,100,emission,10,0.88742,0.02052433785641926,9417191386.099176,1309625.801011284
formal-run-01-CCP30-solution-0139,100,makespan,10,0.8930400000000001,0.021329332958263014,572.6549370895734,6.6327982258010305
formal-run-01-CCP30-solution-0139,300,cost,10,0.8945599999999999,0.019098993574415246,12288242.67317232,36747.36522371946
formal-run-01-CCP30-solution-0139,300,emission,10,0.89054,0.015138780223870966,9417396879.369663,954551.6152122624
formal-run-01-CCP30-solution-0139,300,makespan,10,0.90438,0.011045944454363736,575.8805645602523,2.5689564935676668
formal-run-01-CCP30-solution-0140,30,cost,10,0.8842000000000001,0.061034416520517346,12048005.63940807,125602.88324743301
formal-run-01-CCP30-solution-0140,30,emission,10,0.86592,0.04065258772684573,9683262215.767849,2285862.646517477
formal-run-01-CCP30-solution-0140,30,makespan,10,0.87666,0.048003245260664976,564.3097493997958,17.123211025646164
formal-run-01-CCP30-solution-0140,100,cost,10,0.9017799999999999,0.025815318449840356,12060696.578150481,51590.5204096775
formal-run-01-CCP30-solution-0140,100,emission,10,0.8874799999999998,0.02260878885153588,9684431166.676893,1416912.5471417485
formal-run-01-CCP30-solution-0140,100,makespan,10,0.8992000000000001,0.018736535906559097,571.6854984490662,1.5907403191477867
formal-run-01-CCP30-solution-0140,300,cost,10,0.8978400000000002,0.020371396068452886,12051045.394971363,41630.807887303854
formal-run-01-CCP30-solution-0140,300,emission,10,0.8933,0.01658278893578789,9684771452.878788,1083004.5830559474
formal-run-01-CCP30-solution-0140,300,makespan,10,0.9104800000000001,0.011320070671157484,572.504119647217,0.4904538890915494
formal-run-01-CCP30-solution-0141,30,cost,10,0.87126,0.060375053715181995,11962602.38509922,89445.81142279286
formal-run-01-CCP30-solution-0141,30,emission,10,0.86876,0.03920009070284292,9893796520.716188,2224734.5204818295
formal-run-01-CCP30-solution-0141,30,makespan,10,0.88146,0.043758229702156246,565.6740103634754,11.278374520749354
formal-run-01-CCP30-solution-0141,100,cost,10,0.8948599999999999,0.02371760714930763,11983135.772749102,39244.11239205833
formal-run-01-CCP30-solution-0141,100,emission,10,0.8933399999999999,0.030069852011607893,9895254423.219799,1980462.9247696646
formal-run-01-CCP30-solution-0141,100,makespan,10,0.8908400000000001,0.022691515790904955,568.4719155942624,5.830216867969737
formal-run-01-CCP30-solution-0141,300,cost,10,0.89726,0.01434342280551535,11984404.522007385,24748.82442509399
formal-run-01-CCP30-solution-0141,300,emission,10,0.89326,0.016636252248895766,9895147664.83545,1066113.0044409642
formal-run-01-CCP30-solution-0141,300,makespan,10,0.90798,0.009715714647472463,572.0086908845237,0.5139492053863747
formal-run-01-CCP30-solution-0142,30,cost,10,0.88386,0.05737223873771859,11982476.062519783,102690.88207320098
formal-run-01-CCP30-solution-0142,30,emission,10,0.8687400000000001,0.04370711104106007,9744284124.441187,2517091.6276310305
formal-run-01-CCP30-solution-0142,30,makespan,10,0.88622,0.04114251113170198,565.8070033053498,11.25977722547916
formal-run-01-CCP30-solution-0142,100,cost,10,0.89748,0.03421243438673529,11988825.824526023,55262.602926972635
formal-run-01-CCP30-solution-0142,100,emission,10,0.8895799999999999,0.02178224557345321,9745373784.390076,1357629.2039601973
formal-run-01-CCP30-solution-0142,100,makespan,10,0.89672,0.021338582687496152,571.1528019579486,4.584118782835235
formal-run-01-CCP30-solution-0142,300,cost,10,0.8953800000000001,0.02188727687239527,11982228.115345016,35823.6887525375
formal-run-01-CCP30-solution-0142,300,emission,10,0.8929199999999999,0.01824261189876299,9745576548.047787,1124882.2995267587
formal-run-01-CCP30-solution-0142,300,makespan,10,0.9060799999999999,0.009050082872548737,572.9906589946039,0.8084552061217655
formal-run-01-CCP30-solution-0143,30,cost,10,0.8780999999999999,0.0643856609295372,12220237.148573745,134505.2044616222
formal-run-01-CCP30-solution-0143,30,emission,10,0.8742199999999999,0.0357633518190526,9425943710.353594,2076940.3355479194
formal-run-01-CCP30-solution-0143,30,makespan,10,0.8811800000000002,0.04165257895176879,570.6568945441534,13.834361389523949
formal-run-01-CCP30-solution-0143,100,cost,10,0.89162,0.027032400312711174,12217780.974075783,46936.60859684185
formal-run-01-CCP30-solution-0143,100,emission,10,0.8866999999999999,0.026248259201537748,9426613805.779858,1585967.9889236314
formal-run-01-CCP30-solution-0143,100,makespan,10,0.89672,0.01654010613965674,575.7562000000859,3.30612098408517
formal-run-01-CCP30-solution-0143,300,cost,10,0.89854,0.022819884116951832,12228879.469117284,40871.836596918656
formal-run-01-CCP30-solution-0143,300,emission,10,0.89458,0.013085173968189258,9426998431.87563,810711.7077361393
formal-run-01-CCP30-solution-0143,300,makespan,10,0.9086000000000001,0.007945928377337541,578.2728740854919,1.7661589879711106
formal-run-01-CCP30-solution-0144,30,cost,10,0.8705400000000001,0.061219245340007264,11931731.363754716,87066.18391079847
formal-run-01-CCP30-solution-0144,30,emission,10,0.8761600000000002,0.03457948010662457,9964534765.898014,2030858.1605752457
formal-run-01-CCP30-solution-0144,30,makespan,10,0.8823400000000001,0.04604375213979757,567.0453952331117,10.258129244816502
formal-run-01-CCP30-solution-0144,100,cost,10,0.89358,0.026580435578740153,11952138.575683566,39517.81466143209
formal-run-01-CCP30-solution-0144,100,emission,10,0.89144,0.024618294913426538,9965420009.94013,1584793.0609835044
formal-run-01-CCP30-solution-0144,100,makespan,10,0.8905,0.024401320547143425,568.733647652916,5.881878699225469
formal-run-01-CCP30-solution-0144,300,cost,10,0.89794,0.01363591662566994,11956532.175878799,23364.833569620587
formal-run-01-CCP30-solution-0144,300,emission,10,0.8934,0.015912818033829757,9965493126.707104,1015347.272330844
formal-run-01-CCP30-solution-0144,300,makespan,10,0.9091400000000001,0.009031328190741894,572.1608067809965,0.45375789567401026
formal-run-01-CCP30-solution-0145,30,cost,10,0.8835200000000001,0.06324282655852054,12009633.48644544,110491.1615890715
formal-run-01-CCP30-solution-0145,30,emission,10,0.8718,0.04270800081171365,9575829593.718143,2405430.3894667826
formal-run-01-CCP30-solution-0145,30,makespan,10,0.87822,0.046398989452597156,572.5930023187915,6.946881980112947
formal-run-01-CCP30-solution-0145,100,cost,10,0.89968,0.029246872577346716,12013568.429980312,48415.0233494716
formal-run-01-CCP30-solution-0145,100,emission,10,0.8893199999999999,0.02491607245668279,9576818365.173542,1587430.6808305192
formal-run-01-CCP30-solution-0145,100,makespan,10,0.8873200000000001,0.021779337812604754,574.3070281584033,1.3985393963735495
formal-run-01-CCP30-solution-0145,300,cost,10,0.8991199999999999,0.018439860206748968,12009041.54063679,30116.893933077088
formal-run-01-CCP30-solution-0145,300,emission,10,0.8947600000000001,0.019511090863062127,9577095067.68989,1210451.8663917377
formal-run-01-CCP30-solution-0145,300,makespan,10,0.89222,0.018550938880103438,574.5294885014342,1.4305556897424754
formal-run-01-CCP30-solution-0146,30,cost,10,0.88536,0.06304240548146055,12037491.528789604,128385.64924585188
formal-run-01-CCP30-solution-0146,30,emission,10,0.86524,0.040949377962986866,9690363322.352493,2306198.957048194
formal-run-01-CCP30-solution-0146,30,makespan,10,0.8847600000000002,0.04875396735993217,560.7781141745229,16.60994495978004
formal-run-01-CCP30-solution-0146,100,cost,10,0.90168,0.026082808301425082,12047755.8879249,52240.59871997537
formal-run-01-CCP30-solution-0146,100,emission,10,0.8878199999999999,0.026068192623706514,9691655718.843843,1609646.4696431076
formal-run-01-CCP30-solution-0146,100,makespan,10,0.8961,0.02378594356150521,568.5617460559731,8.446585179318372
formal-run-01-CCP30-solution-0146,300,cost,10,0.8965799999999999,0.019236643273826234,12035094.287483104,37671.2249400051
formal-run-01-CCP30-solution-0146,300,emission,10,0.89448,0.01853841656908401,9692013967.402634,1168927.0422813527
formal-run-01-CCP30-solution-0146,300,makespan,10,0.9005400000000001,0.012094461542375501,571.3411047271628,2.487028989597624
formal-run-01-CCP30-solution-0147,30,cost,10,0.8740400000000002,0.0618094419252521,11929478.469656715,86191.28215928374
formal-run-01-CCP30-solution-0147,30,emission,10,0.8664999999999999,0.03794712695902609,9909881543.184694,2188291.1359043904
formal-run-01-CCP30-solution-0147,30,makespan,10,0.8820600000000001,0.027463923811267592,562.8661284919458,9.018049418858281
formal-run-01-CCP30-solution-0147,100,cost,10,0.88698,0.03395558536938774,11935545.316805463,46339.135593645726
formal-run-01-CCP30-solution-0147,100,emission,10,0.89216,0.025831556928170907,9911348751.521563,1662780.8623270676
formal-run-01-CCP30-solution-0147,100,makespan,10,0.8869200000000002,0.020476805306383985,565.5599938917256,7.584892425410714
formal-run-01-CCP30-solution-0147,300,cost,10,0.89878,0.012299033385686135,11949658.869279588,22293.546919409044
formal-run-01-CCP30-solution-0147,300,emission,10,0.892,0.016784119478443493,9911298177.755886,1046150.838281123
formal-run-01-CCP30-solution-0147,300,makespan,10,0.9054400000000001,0.008134316880421547,571.2140154309753,1.0168521372200878
formal-run-01-CCP30-solution-0148,30,cost,10,0.88482,0.06271001692092121,12036380.292376598,116108.6979551388
formal-run-01-CCP30-solution-0148,30,emission,10,0.8720399999999999,0.0428948896205079,9503633893.736261,2415135.391637923
formal-run-01-CCP30-solution-0148,30,makespan,10,0.87278,0.05472772606275543,569.72297745237,13.476050613457893
formal-run-01-CCP30-solution-0148,100,cost,10,0.9000199999999999,0.02766119624632632,12041152.705289997,49164.235128950786
formal-run-01-CCP30-solution-0148,100,emission,10,0.88956,0.024828084456473446,9504623236.135735,1599649.3627632784
formal-run-01-CCP30-solution-0148,100,makespan,10,0.8920600000000001,0.022202912721832977,574.1154256147703,1.4225518586418453
formal-run-01-CCP30-solution-0148,300,cost,10,0.8981200000000001,0.021233139716542667,12035339.555043971,36369.69195883757
formal-run-01-CCP30-solution-0148,300,emission,10,0.8944799999999999,0.01894253297622986,9504883646.15834,1170738.5934809328
formal-run-01-CCP30-solution-0148,300,makespan,10,0.8920199999999999,0.016613903146996418,573.9588550689114,1.2217639447061852
formal-run-01-CCP30-solution-0149,30,cost,10,0.88346,0.07162520040693313,12274131.463663429,129803.7398558842
formal-run-01-CCP30-solution-0149,30,emission,10,0.87098,0.04502843052511996,9349945749.482891,2525816.4022014136
formal-run-01-CCP30-solution-0149,30,makespan,10,0.8862,0.05564826043003402,568.559022117731,13.045356375219557
formal-run-01-CCP30-solution-0149,100,cost,10,0.89872,0.03210264094362884,12282739.40804341,62979.61251086759
formal-run-01-CCP30-solution-0149,100,emission,10,0.88608,0.023004386055223865,9350725934.053537,1413848.328142004
formal-run-01-CCP30-solution-0149,100,makespan,10,0.8983399999999999,0.018405566790753534,573.5277055371056,2.3376678938491877
formal-run-01-CCP30-solution-0149,300,cost,10,0.8988799999999999,0.023345749077722897,12277730.885626761,45718.7771497467
formal-run-01-CCP30-solution-0149,300,emission,10,0.89094,0.017096341388989904,9350989241.863731,1086457.742658673
formal-run-01-CCP30-solution-0149,300,makespan,10,0.90344,0.004936755569759924,573.7829549452422,0.6592631018743379
formal-run-01-CCP30-solution-0150,30,cost,10,0.8837399999999999,0.06134920446826422,12035733.288468871,124435.32015581142
formal-run-01-CCP30-solution-0150,30,emission,10,0.86564,0.04035231509261064,9694115212.189688,2264622.1476175427
formal-run-01-CCP30-solution-0150,30,makespan,10,0.8772,0.05305661546352578,561.4716983396563,14.965661023634974
formal-run-01-CCP30-solution-0150,100,cost,10,0.9013,0.026426627985171824,12048383.983920816,51892.917260382426
formal-run-01-CCP30-solution-0150,100,emission,10,0.8870600000000002,0.023054341601240046,9695292976.114727,1431941.2856314923
formal-run-01-CCP30-solution-0150,100,makespan,10,0.89922,0.01876863814392984,571.6854984490662,1.5907403191477867
formal-run-01-CCP30-solution-0150,300,cost,10,0.89802,0.019856921547242244,12039935.43691604,40355.79992908301
formal-run-01-CCP30-solution-0150,300,emission,10,0.89326,0.017059386468061117,9695660819.662395,1098527.5946178373
formal-run-01-CCP30-solution-0150,300,makespan,10,0.9105000000000001,0.011349889867307077,572.504119647217,0.4904538890915494
formal-run-01-CCP30-solution-0151,30,cost,10,0.8844199999999999,0.0696242263072911,12289964.037419066,123207.59650023111
formal-run-01-CCP30-solution-0151,30,emission,10,0.8702400000000001,0.04296921895703687,9347465932.813553,2414850.0508882804
formal-run-01-CCP30-solution-0151,30,makespan,10,0.8864599999999999,0.05538118814182303,569.3139573861832,12.708208317958885
formal-run-01-CCP30-solution-0151,100,cost,10,0.8938200000000001,0.029445761815393556,12286302.175763335,56391.14229519437
formal-run-01-CCP30-solution-0151,100,emission,10,0.8856400000000001,0.02375182799982632,9348303300.715412,1505461.9166189344
formal-run-01-CCP30-solution-0151,100,makespan,10,0.8983399999999999,0.018405566790753534,573.5277055371056,2.3376678938491877
formal-run-01-CCP30-solution-0151,300,cost,10,0.89924,0.022318064432203796,12294131.746937107,43548.819670242
formal-run-01-CCP30-solution-0151,300,emission,10,0.8912599999999999,0.01637614796654642,9348631446.874176,1069744.5026707253
formal-run-01-CCP30-solution-0151,300,makespan,10,0.90344,0.004936755569759924,573.7829549452422,0.6592631018743379
formal-run-01-CCP30-solution-0153,30,cost,10,0.87774,0.06190135880755949,11928185.750788638,88322.09098315978
formal-run-01-CCP30-solution-0153,30,emission,10,0.8691799999999998,0.0360457055540447,9866196293.392424,1988227.0625088918
formal-run-01-CCP30-solution-0153,30,makespan,10,0.86258,0.04034357445740277,568.049589602722,8.916840032463954
formal-run-01-CCP30-solution-0153,100,cost,10,0.8886200000000001,0.027358598079742478,11929937.645872135,40097.709587158766
formal-run-01-CCP30-solution-0153,100,emission,10,0.8901600000000002,0.026041812532924802,9867453116.346785,1554038.015751411
formal-run-01-CCP30-solution-0153,100,makespan,10,0.8839,0.019825740843660795,572.3176549492127,0.38174051517624746
formal-run-01-CCP30-solution-0153,300,cost,10,0.90202,0.0124141317322907,11947259.373966876,22717.158971291014
formal-run-01-CCP30-solution-0153,300,emission,10,0.89208,0.016467125499680338,9867501703.148514,989165.9994989284
formal-run-01-CCP30-solution-0153,300,makespan,10,0.90168,0.007112555408883959,572.6689227124396,0.14647009571884065
formal-run-01-CCP30-solution-0154,30,cost,10,0.8848,0.06509596334984562,12194611.442397885,139050.4296172728
formal-run-01-CCP30-solution-0154,30,emission,10,0.87422,0.04146542870606521,9586989961.94958,2399650.3641950414
formal-run-01-CCP30-solution-0154,30,makespan,10,0.8834199999999999,0.04788239760078852,563.6713789894814,19.072394492299246
formal-run-01-CCP30-solution-0154,100,cost,10,0.90358,0.024551524053168964,12212134.261047257,55643.64476908733
formal-run-01-CCP30-solution-0154,100,emission,10,0.8889400000000001,0.0243697535664374,9587814399.423615,1545449.1645043907
formal-run-01-CCP30-solution-0154,100,makespan,10,0.89398,0.021388356126120982,566.670219351293,9.07282427425179
formal-run-01-CCP30-solution-0154,300,cost,10,0.8966799999999999,0.019137212150386225,12193807.549837021,38057.04495617738
formal-run-01-CCP30-solution-0154,300,emission,10,0.8922000000000001,0.015775085842344338,9587971205.703732,1014921.123059626
formal-run-01-CCP30-solution-0154,300,makespan,10,0.89836,0.011155387338262455,569.8616786830574,2.9685801103346092
formal-run-01-CCP30-solution-0155,30,cost,10,0.8879199999999999,0.07437760714384703,12296488.466890786,145010.61607304993
formal-run-01-CCP30-solution-0155,30,emission,10,0.8726999999999998,0.04073952489768247,9308480132.307526,2287914.3088481887
formal-run-01-CCP30-solution-0155,30,makespan,10,0.88788,0.07121630275279514,566.9629258054978,16.165639751392774
formal-run-01-CCP30-solution-0155,100,cost,10,0.9003,0.029212364201177253,12290148.677224325,61623.05791346902
formal-run-01-CCP30-solution-0155,100,emission,10,0.8875200000000001,0.02647182149632573,9309277360.334438,1659010.7341314286
formal-run-01-CCP30-solution-0155,100,makespan,10,0.89832,0.02105468013424938,570.4308164087362,4.326791025203331
formal-run-01-CCP30-solution-0155,300,cost,10,0.89782,0.022291692523349494,12281080.794163747,45171.59937942231
formal-run-01-CCP30-solution-0155,300,emission,10,0.8912799999999999,0.016470363957389916,9309452024.229126,1075177.4659701118
formal-run-01-CCP30-solution-0155,300,makespan,10,0.9057000000000001,0.010816551103645638,572.2298421601347,0.5279343027779333
formal-run-01-CCP30-solution-0156,30,cost,10,0.8747199999999999,0.05771764220948587,11923187.098864177,85551.10084028011
formal-run-01-CCP30-solution-0156,30,emission,10,0.8685600000000001,0.040558851616440565,9972809220.360567,2299650.440662806
formal-run-01-CCP30-solution-0156,30,makespan,10,0.8838000000000001,0.04161249812255928,566.6661121386317,10.108878511126383
formal-run-01-CCP30-solution-0156,100,cost,10,0.8946999999999999,0.025584587374259355,11938776.14107295,39592.011080164746
formal-run-01-CCP30-solution-0156,100,emission,10,0.8906599999999999,0.026254828127413043,9974032655.34233,1693973.9968201525
formal-run-01-CCP30-solution-0156,100,makespan,10,0.8904,0.023946607275353218,568.5215769630644,5.856193043718945
formal-run-01-CCP30-solution-0156,300,cost,10,0.89862,0.01469707453883255,11942906.483101362,24585.38112714087
formal-run-01-CCP30-solution-0156,300,emission,10,0.89244,0.015314713332101415,9974116162.949877,962277.3971278013
formal-run-01-CCP30-solution-0156,300,makespan,10,0.90832,0.008647774280125482,572.0825923549656,0.4224860949987974
formal-run-01-CCP30-solution-0157,30,cost,10,0.8726800000000001,0.06365924564079878,12232539.201990236,113753.5212249643
formal-run-01-CCP30-solution-0157,30,emission,10,0.8781800000000001,0.039977265761652295,9461628922.981407,2434753.4296539486
formal-run-01-CCP30-solution-0157,30,makespan,10,0.8735200000000001,0.04869142749099795,566.5354672244698,12.588962112008149
formal-run-01-CCP30-solution-0157,100,cost,10,0.89818,0.021807939430909615,12258703.965796392,42317.8144558733
formal-run-01-CCP30-solution-0157,100,emission,10,0.8961199999999998,0.025328982082455143,9462647258.164429,1695649.3482901135
formal-run-01-CCP30-solution-0157,100,makespan,10,0.89284,0.021808010760574516,572.7384285424487,6.706017120283942
formal-run-01-CCP30-solution-0157,300,cost,10,0.8972,0.016799735447652484,12255228.93324287,33936.23956347801
formal-run-01-CCP30-solution-0157,300,emission,10,0.8929400000000001,0.01447666321283249,9462391273.537579,921595.3568346837
formal-run-01-CCP30-solution-0157,300,makespan,10,0.9051000000000002,0.01175840125187096,576.0505691617561,2.7141004342169346
formal-run-01-CCP30-solution-0158,30,cost,10,0.88278,0.061144597290175816,12085709.137281362,124565.95669184625
formal-run-01-CCP30-solution-0158,30,emission,10,0.8714999999999999,0.0402622790103977,10229474598.357626,2257055.47622058
formal-run-01-CCP30-solution-0158,30,makespan,10,0.8777999999999999,0.05071208490641609,554.1969403312363,19.733439623910048
formal-run-01-CCP30-solution-0158,100,cost,10,0.89284,0.029076420381852743,12084745.575964617,53733.70420221717
formal-run-01-CCP30-solution-0158,100,emission,10,0.88688,0.02649732900585348,10230296910.99144,1637029.0126538328
formal-run-01-CCP30-solution-0158,100,makespan,10,0.8950000000000001,0.026063512170593307,559.1990969291537,13.76522668312081
formal-run-01-CCP30-solution-0158,300,cost,10,0.89914,0.020384318591614593,12094369.024033023,39815.396713436676
formal-run-01-CCP30-solution-0158,300,emission,10,0.89428,0.019669762468203712,10230733858.597723,1242758.1417803587
formal-run-01-CCP30-solution-0158,300,makespan,10,0.8987200000000002,0.013180187150922165,562.8049786237203,6.8996758277048365
formal-run-01-CCP30-solution-0159,30,cost,10,0.8788199999999999,0.06464731325516253,12135622.460729722,125329.79196002918
formal-run-01-CCP30-solution-0159,30,emission,10,0.8649800000000001,0.03900079201474988,9572383615.176508,2178554.1084766453
formal-run-01-CCP30-solution-0159,30,makespan,10,0.8745800000000001,0.052224851470455226,561.6141514188771,15.092781513846443
formal-run-01-CCP30-solution-0159,100,cost,10,0.89936,0.028793023846449724,12153042.440502534,56409.09191959193
formal-run-01-CCP30-solution-0159,100,emission,10,0.88716,0.022771483141078974,9573577858.005114,1393298.457702456
formal-run-01-CCP30-solution-0159,100,makespan,10,0.8985799999999999,0.016242728287520623,571.8251572565905,1.6675478214935944
formal-run-01-CCP30-solution-0159,300,cost,10,0.8989800000000001,0.020153731388725237,12150370.08851369,40718.70290844325
formal-run-01-CCP30-solution-0159,300,emission,10,0.8920600000000001,0.015136137772452582,9573850281.366894,974957.9912049565
formal-run-01-CCP30-solution-0159,300,makespan,10,0.90848,0.011124427575785153,572.7611735719411,0.7383006719546213
formal-run-01-CCP30-solution-0160,30,cost,10,0.8841000000000001,0.061726799510243346,12062265.236560917,124922.67793561926
formal-run-01-CCP30-solution-0160,30,emission,10,0.86478,0.041090193477276306,9542728414.527863,2321037.4109117603
formal-run-01-CCP30-solution-0160,30,makespan,10,0.88096,0.05178080296360377,565.8732432282902,12.230926574319248
formal-run-01-CCP30-solution-0160,100,cost,10,0.9027,0.025699156925211887,12077233.044037607,53179.076366570924
formal-run-01-CCP30-solution-0160,100,emission,10,0.88676,0.021905412826767518,9543915815.874876,1381363.003668
formal-run-01-CCP30-solution-0160,100,makespan,10,0.9010599999999999,0.019575052149781523,572.3832434791743,1.102851846187121
formal-run-01-CCP30-solution-0160,300,cost,10,0.89686,0.0210221153391692,12063761.416609157,42220.11781204249
formal-run-01-CCP30-solution-0160,300,emission,10,0.8934200000000001,0.01625257586421989,9544298846.62431,1067857.6775186723
formal-run-01-CCP30-solution-0160,300,makespan,10,0.90854,0.010322811847769205,572.8019385162813,0.5751589663724369
formal-run-01-CCP30-solution-0161,30,cost,10,0.8872399999999999,0.057432689104531566,12198077.131662782,112499.74113330091
formal-run-01-CCP30-solution-0161,30,emission,10,0.8715400000000001,0.04281153011877888,9376217157.883404,2395837.5020687683
formal-run-01-CCP30-solution-0161,30,makespan,10,0.8817600000000001,0.05937487684197754,569.8454018016414,11.43179346696355
formal-run-01-CCP30-solution-0161,100,cost,10,0.8949400000000001,0.027311869621507456,12196511.846736554,53948.945977411735
formal-run-01-CCP30-solution-0161,100,emission,10,0.8863,0.027196282425687855,9377009181.63439,1654125.1386347346
formal-run-01-CCP30-solution-0161,100,makespan,10,0.8983000000000001,0.015141774444672377,572.8716605864431,1.3730747309281444
formal-run-01-CCP30-solution-0161,300,cost,10,0.89538,0.021937375514050103,12195092.177320799,41134.727134949775
formal-run-01-CCP30-solution-0161,300,emission,10,0.89236,0.014921066390249125,9377318624.542568,989582.9766538342
formal-run-01-CCP30-solution-0161,300,makespan,10,0.90588,0.007933165264326178,573.4012623942659,0.7655275475425372
formal-run-01-CCP30-solution-0162,30,cost,10,0.8822000000000001,0.06344509437300887,12162634.243816927,130323.84292294616
formal-run-01-CCP30-solution-0162,30,emission,10,0.87492,0.03424307878162306,9521470611.839367,2026863.9282008882
formal-run-01-CCP30-solution-0162,30,makespan,10,0.8750600000000001,0.044721762040420554,566.4033325661205,12.536787818724347
formal-run-01-CCP30-solution-0162,100,cost,10,0.88896,0.030737859391961584,12154140.238145161,58906.17896006583
formal-run-01-CCP30-solution-0162,100,emission,10,0.8872,0.023380523708610313,9522177646.180433,1451064.9719932196
formal-run-01-CCP30-solution-0162,100,makespan,10,0.8928600000000001,0.021380375217578487,572.6549370895734,6.6327982258010305
formal-run-01-CCP30-solution-0162,300,cost,10,0.8961399999999999,0.02020628065176217,12164478.439863775,39594.81546754403
formal-run-01-CCP30-solution-0162,300,emission,10,0.89338,0.01322269093473624,9522528396.93929,893065.0378768416
formal-run-01-CCP30-solution-0162,300,makespan,10,0.90432,0.011039806761593857,575.8805645602523,2.5689564935676668
formal-run-01-CCP30-solution-0164,30,cost,10,0.875,0.06643258905754679,12338195.414025173,138277.79174303223
formal-run-01-CCP30-solution-0164,30,emission,10,0.8815999999999999,0.026140645235596865,9391511312.558083,1593553.7921583052
formal-run-01-CCP30-solution-0164,30,makespan,10,0.87666,0.044622171868054804,568.6908648035004,11.527132362867324
formal-run-01-CCP30-solution-0164,100,cost,10,0.8904399999999999,0.029326180946193606,12343429.957875377,55459.72931062268
formal-run-01-CCP30-solution-0164,100,emission,10,0.8879399999999998,0.01899989473655052,9391856020.9379,1265951.8109458378
formal-run-01-CCP30-solution-0164,100,makespan,10,0.89352,0.020184306334928195,573.6585077996946,4.406333663295983
formal-run-01-CCP30-solution-0164,300,cost,10,0.8969199999999999,0.020891720848221194,12354986.102485072,42423.645925686775
formal-run-01-CCP30-solution-0164,300,emission,10,0.8911999999999999,0.012631882062639939,9392025701.221575,847667.2476434726
formal-run-01-CCP30-solution-0164,300,makespan,10,0.9051400000000001,0.01175719165258252,576.0505691617561,2.7141004342169346
formal-run-01-CCP30-solution-0165,30,cost,10,0.8827999999999999,0.06234035611062871,12189878.035861045,132107.09595472892
formal-run-01-CCP30-solution-0165,30,emission,10,0.8755799999999999,0.03136982980862699,9479142458.891178,1842978.3658714131
formal-run-01-CCP30-solution-0165,30,makespan,10,0.86998,0.04688685672268225,566.6808561481773,12.771824752926427
formal-run-01-CCP30-solution-0165,100,cost,10,0.88838,0.029786566696340753,12176825.354655301,53992.572827157426
formal-run-01-CCP30-solution-0165,100,emission,10,0.8875400000000001,0.017211895111617814,9479785802.982939,1107705.1521263474
formal-run-01-CCP30-solution-0165,100,makespan,10,0.8909,0.019311079145862827,573.5230342684123,5.786310178150852
formal-run-01-CCP30-solution-0165,300,cost,10,0.89388,0.019786460016890342,12185219.92141147,37481.77809798949
formal-run-01-CCP30-solution-0165,300,emission,10,0.8939600000000001,0.014079078252657178,9480181002.839031,952913.3347802823
formal-run-01-CCP30-solution-0165,300,makespan,10,0.9046200000000001,0.010977330175310286,577.3053950996383,2.300884846075293
formal-run-01-CCP30-solution-0166,30,cost,10,0.8859199999999999,0.06002704575624411,12064425.743776618,108296.76504421548
formal-run-01-CCP30-solution-0166,30,emission,10,0.87072,0.04261707534675639,9544899723.892977,2382990.0738661215
formal-run-01-CCP30-solution-0166,30,makespan,10,0.8878000000000001,0.05416608204812718,569.4490583627107,10.993277051836689
formal-run-01-CCP30-solution-0166,100,cost,10,0.8991,0.02743043727119363,12069081.39569753,47579.88100503879
formal-run-01-CCP30-solution-0166,100,emission,10,0.8882,0.02657634704435924,9545880662.653446,1683463.2122754066
formal-run-01-CCP30-solution-0166,100,makespan,10,0.8985800000000002,0.015598418723276632,572.8716605864431,1.3730747309281444
formal-run-01-CCP30-solution-0166,300,cost,10,0.90122,0.02070092858894123,12069533.363926241,33662.22094334386
formal-run-01-CCP30-solution-0166,300,emission,10,0.8931199999999999,0.020230494034721165,9546122233.858664,1272665.0141298426
formal-run-01-CCP30-solution-0166,300,makespan,10,0.90596,0.008058011886039608,573.3911899214297,0.7496262174266876
formal-run-01-CCP30-solution-0167,30,cost,10,0.88508,0.06104018348596275,12014746.820214447,102584.62055242625
formal-run-01-CCP30-solution-0167,30,emission,10,0.86724,0.04365458356996053,9592813457.478659,2385173.3201122447
formal-run-01-CCP30-solution-0167,30,makespan,10,0.8913800000000001,0.0480172607854023,570.7230450742766,11.587164788577075
formal-run-01-CCP30-solution-0167,100,cost,10,0.9026400000000001,0.02805087441695098,12023971.481438484,48003.35173765382
formal-run-01-CCP30-solution-0167,100,emission,10,0.8904,0.027139966429193994,9594092988.169022,1673597.4730163799
formal-run-01-CCP30-solution-0167,100,makespan,10,0.89908,0.01949067013271277,574.7262451181936,2.4128926861138793
formal-run-01-CCP30-solution-0167,300,cost,10,0.8998999999999999,0.019199594903133856,12016720.382658008,31626.812379039504
formal-run-01-CCP30-solution-0167,300,emission,10,0.8951799999999999,0.01716597409606185,9594308524.866022,1080050.9222144785
formal-run-01-CCP30-solution-0167,300,makespan,10,0.8971399999999999,0.013884619788336543,574.5531481136597,1.81802098704796
formal-run-01-CCP30-solution-0168,30,cost,10,0.8877799999999999,0.06617965111892192,12222218.49587652,118184.94030774025
formal-run-01-CCP30-solution-0168,30,emission,10,0.8691400000000001,0.04008502629827421,9320273924.63502,2236251.699425548
formal-run-01-CCP30-solution-0168,30,makespan,10,0.88256,0.06205494339696074,570.1623207369513,11.60371346674176
formal-run-01-CCP30-solution-0168,100,cost,10,0.8983599999999999,0.03528925552566327,12226734.846387153,67998.14859384588
formal-run-01-CCP30-solution-0168,100,emission,10,0.8888,0.027642961732298764,9321367819.413666,1745111.031661648
formal-run-01-CCP30-solution-0168,100,makespan,10,0.8987,0.014580123456267446,573.0463390184542,1.0889410213907418
formal-run-01-CCP30-solution-0168,300,cost,10,0.8986600000000001,0.024620867391526035,12221799.874499228,48921.25293927049
formal-run-01-CCP30-solution-0168,300,emission,10,0.89204,0.015130778051522815,9321503758.458591,933188.2546647146
formal-run-01-CCP30-solution-0168,300,makespan,10,0.90594,0.007819661828436773,573.4156174451972,0.7424806693864167
formal-run-01-CCP30-solution-0169,30,cost,10,0.8778,0.06666739999596671,12154378.94404508,126422.2168054289
formal-run-01-CCP30-solution-0169,30,emission,10,0.8657,0.04036326712907832,9565806297.073494,2271028.1130733555
formal-run-01-CCP30-solution-0169,30,makespan,10,0.8865999999999999,0.047630802358697814,568.134425483264,17.284452753330253
formal-run-01-CCP30-solution-0169,100,cost,10,0.89922,0.028389739930709708,12174999.027261296,57988.845459511605
formal-run-01-CCP30-solution-0169,100,emission,10,0.8859599999999999,0.02353074584453286,9566884781.680454,1480503.99614517
formal-run-01-CCP30-solution-0169,100,makespan,10,0.89896,0.017113165821800606,571.987077178682,1.9128312441908633
formal-run-01-CCP30-solution-0169,300,cost,10,0.8977999999999998,0.019007600818853748,12167941.64455821,38736.67083869827
formal-run-01-CCP30-solution-0169,300,emission,10,0.89338,0.013277365869947419,9567348068.219261,876220.6870009232
formal-run-01-CCP30-solution-0169,300,makespan,10,0.90816,0.010950717886158064,572.7658851850567,0.7441687292708387
formal-run-01-CCP30-solution-0170,30,cost,10,0.8870799999999999,0.06024241399914553,12055681.232792422,110582.04344950253
formal-run-01-CCP30-solution-0170,30,emission,10,0.86872,0.042103808220476525,9510880706.41332,2354319.9337060135
formal-run-01-CCP30-solution-0170,30,makespan,10,0.8834,0.061158882338454235,568.0360480041559,14.653733240742987
formal-run-01-CCP30-solution-0170,100,cost,10,0.9012,0.029038977637344986,12062374.480735818,51926.190870791426
formal-run-01-CCP30-solution-0170,100,emission,10,0.89042,0.025274044657184035,9512109514.547487,1587285.8024059653
formal-run-01-CCP30-solution-0170,100,makespan,10,0.9052199999999999,0.019239646566400332,574.5161602165074,2.462712030625183
formal-run-01-CCP30-solution-0170,300,cost,10,0.89876,0.02149559127924712,12054385.167858027,34752.48697787777
formal-run-01-CCP30-solution-0170,300,emission,10,0.89542,0.01810646293454357,9512411242.86324,1195983.0627308139
formal-run-01-CCP30-solution-0170,300,makespan,10,0.8987399999999999,0.014990085612386154,573.930147145125,1.8542455410243848
formal-run-01-CCP30-solution-0171,30,cost,10,0.8895600000000001,0.05584620150218116,12084503.353565862,111793.96196021223
formal-run-01-CCP30-solution-0171,30,emission,10,0.8705200000000002,0.042059027304227774,9538051402.630533,2414869.8021933287
formal-run-01-CCP30-solution-0171,30,makespan,10,0.88468,0.0482538841269108,564.8149015301934,12.24339978307552
formal-run-01-CCP30-solution-0171,100,cost,10,0.9016399999999999,0.02975377473718438,12092970.098777806,60313.71604214584
formal-run-01-CCP30-solution-0171,100,emission,10,0.88778,0.021990391841286813,9538984371.837984,1343391.2308742453
formal-run-01-CCP30-solution-0171,100,makespan,10,0.89742,0.024316514735645993,570.5693032904958,5.347467783338018
formal-run-01-CCP30-solution-0171,300,cost,10,0.8966200000000001,0.021401443357348046,12079286.885586863,40091.277030129444
formal-run-01-CCP30-solution-0171,300,emission,10,0.8925599999999999,0.0162357082451682,9539255347.94278,1018153.5547296376
formal-run-01-CCP30-solution-0171,300,makespan,10,0.9087,0.009707843335273919,572.7693121948295,0.6020441188560167
formal-run-01-CCP30-solution-0172,30,cost,10,0.8878600000000001,0.06631125595754214,12199496.105320783,118624.17480417712
formal-run-01-CCP30-solution-0172,30,emission,10,0.867,0.037416455084776666,9342958893.250711,2113604.353426974
formal-run-01-CCP30-solution-0172,30,makespan,10,0.8824400000000001,0.06204226516389186,570.3686856627512,11.40035301909726
formal-run-01-CCP30-solution-0172,100,cost,10,0.89886,0.035208717354907694,12204321.306431286,67926.79764101404
formal-run-01-CCP30-solution-0172,100,emission,10,0.88622,0.03034138354715479,9344101039.500547,1891456.02818503
formal-run-01-CCP30-solution-0172,100,makespan,10,0.8987,0.014580123456267446,573.0463390184542,1.0889410213907418
formal-run-01-CCP30-solution-0172,300,cost,10,0.8997999999999999,0.022948638303829698,12200184.923876146,46365.767030231764
formal-run-01-CCP30-solution-0172,300,emission,10,0.89252,0.017185316730020182,9344381794.078701,1075065.5006883424
formal-run-01-CCP30-solution-0172,300,makespan,10,0.90594,0.007819661828436773,573.4156174451972,0.7424806693864167
formal-run-01-CCP30-solution-0173,30,cost,10,0.87896,0.06452450352816018,12086188.22245896,125378.47404514939
formal-run-01-CCP30-solution-0173,30,emission,10,0.8632200000000001,0.039638415710015466,9604778711.956747,2182564.1982496106
formal-run-01-CCP30-solution-0173,30,makespan,10,0.8745800000000001,0.052224851470455226,561.6141514188771,15.092781513846443
formal-run-01-CCP30-solution-0173,100,cost,10,0.8991200000000001,0.028953172921498987,12102949.884294331,56519.54250295062
formal-run-01-CCP30-solution-0173,100,emission,10,0.8864199999999999,0.02374745834353179,9606029972.344599,1411249.4495428798
formal-run-01-CCP30-solution-0173,100,makespan,10,0.8985799999999999,0.016242728287520623,571.8251572565905,1.6675478214935944
formal-run-01-CCP30-solution-0173,300,cost,10,0.89878,0.0201740096824272,12100329.168187732,40701.394709334236
formal-run-01-CCP30-solution-0173,300,emission,10,0.8926999999999999,0.015599786323322937,9606344960.38717,980268.7686137389
formal-run-01-CCP30-solution-0173,300,makespan,10,0.90848,0.011124427575785153,572.7611735719411,0.7383006719546213
formal-run-01-CCP30-solution-0174,30,cost,10,0.88272,0.06497693265904277,12114327.230125207,128050.41330523908
formal-run-01-CCP30-solution-0174,30,emission,10,0.8654599999999999,0.03855778347709664,9425173273.098488,2129948.8572149235
formal-run-01-CCP30-solution-0174,30,makespan,10,0.88764,0.054474850466369636,570.3899027571221,11.491728561315188
formal-run-01-CCP30-solution-0174,100,cost,10,0.8974399999999999,0.029691570071879538,12113350.350588847,48150.39284301125
formal-run-01-CCP30-solution-0174,100,emission,10,0.8892000000000001,0.028351601953563985,9426554333.850689,1784836.068365327
formal-run-01-CCP30-solution-0174,100,makespan,10,0.8970800000000001,0.01747206023595642,573.5919389733037,1.8915258321457353
formal-run-01-CCP30-solution-0174,300,cost,10,0.9000999999999999,0.02129814806763984,12116942.611923676,38712.07954276779
formal-run-01-CCP30-solution-0174,300,emission,10,0.89334,0.01635659567948728,9426724578.05571,1043388.7882594921
formal-run-01-CCP30-solution-0174,300,makespan,10,0.9038200000000002,0.006671631484627045,574.0240637967142,0.9834022351769695
formal-run-01-CCP30-solution-0175,30,cost,10,0.8834800000000002,0.06139621414314656,12085174.152513051,124358.90832736898
formal-run-01-CCP30-solution-0175,30,emission,10,0.8668000000000001,0.039624907991480975,9661689933.462543,2266619.4048662926
formal-run-01-CCP30-solution-0175,30,makespan,10,0.8772,0.05305661546352578,561.4716983396563,14.965661023634974
formal-run-01-CCP30-solution-0175,100,cost,10,0.90154,0.0263627767884948,12098185.12188175,51755.32486893286
formal-run-01-CCP30-solution-0175,100,emission,10,0.88778,0.021715626733862535,9662840585.084356,1399857.0794510627
formal-run-01-CCP30-solution-0175,100,makespan,10,0.89922,0.01876863814392984,571.6854984490662,1.5907403191477867
formal-run-01-CCP30-solution-0175,300,cost,10,0.89824,0.019782326568036537,12089778.543552151,40276.812110228646
formal-run-01-CCP30-solution-0175,300,emission,10,0.89262,0.01655870365296351,9663153344.427773,1091877.682645626
formal-run-01-CCP30-solution-0175,300,makespan,10,0.9105000000000001,0.011349889867307077,572.504119647217,0.4904538890915494
formal-run-01-CCP30-solution-0176,30,cost,10,0.8697199999999998,0.06378061008035452,12242918.434510421,115126.67480925343
formal-run-01-CCP30-solution-0176,30,emission,10,0.8829800000000001,0.028542124813841187,9476018426.22084,1794681.8627955585
formal-run-01-CCP30-solution-0176,30,makespan,10,0.8736200000000001,0.048695101282253114,566.5354672244698,12.588962112008149
formal-run-01-CCP30-solution-0176,100,cost,10,0.8946999999999999,0.027779648825874102,12269634.35351089,51446.56013533321
formal-run-01-CCP30-solution-0176,100,emission,10,0.8863,0.024499659861584467,9476229565.003826,1624522.3375449367
formal-run-01-CCP30-solution-0176,100,makespan,10,0.8930199999999999,0.021756112806391767,572.7384285424487,6.706017120283942
formal-run-01-CCP30-solution-0176,300,cost,10,0.8975799999999999,0.01618159448262129,12271662.466576975,32679.60631156702
formal-run-01-CCP30-solution-0176,300,emission,10,0.8937999999999999,0.011538534472703964,9476686682.37551,783950.2937050641
formal-run-01-CCP30-solution-0176,300,makespan,10,0.9051400000000001,0.01175719165258252,576.0505691617561,2.7141004342169346
formal-run-01-CCP30-solution-0177,30,cost,10,0.87486,0.06512170145197373,12226832.79461271,118397.36431974305
formal-run-01-CCP30-solution-0177,30,emission,10,0.87802,0.0333561855000105,9467309234.117739,2038714.9179315385
formal-run-01-CCP30-solution-0177,30,makespan,10,0.87514,0.048015465101245124,568.7094863473978,11.489922987027064
formal-run-01-CCP30-solution-0177,100,cost,10,0.89612,0.027002584238467922,12245250.603432048,49269.27879034135
formal-run-01-CCP30-solution-0177,100,emission,10,0.8924999999999998,0.0252527226254913,9468208123.403528,1681137.1359277526
formal-run-01-CCP30-solution-0177,100,makespan,10,0.89334,0.019910030972686444,573.5897081265,4.320544344952035
formal-run-01-CCP30-solution-0177,300,cost,10,0.8978400000000001,0.014425532919098701,12245257.762167614,30518.800784112267
formal-run-01-CCP30-solution-0177,300,emission,10,0.8912199999999999,0.015362421684096563,9468068653.927502,935098.3312271229
formal-run-01-CCP30-solution-0177,300,makespan,10,0.90504,0.011390756486438176,575.9773016986827,2.61581712117072
formal-run-01-CCP30-solution-0178,30,cost,10,0.8747199999999999,0.06676474119373688,12311078.114738109,138722.48524504193
formal-run-01-CCP30-solution-0178,30,emission,10,0.8726200000000001,0.03033259339756861,9405555164.727667,1799703.3443751056
formal-run-01-CCP30-solution-0178,30,makespan,10,0.87666,0.044622171868054804,568.6908648035004,11.527132362867324
formal-run-01-CCP30-solution-0178,100,cost,10,0.8907200000000002,0.029159515313758783,12316164.655978858,54817.85102072978
formal-run-01-CCP30-solution-0178,100,emission,10,0.8842399999999999,0.01998595062092924,9406212882.677517,1306101.5134351235
formal-run-01-CCP30-solution-0178,100,makespan,10,0.89352,0.020184306334928195,573.6585077996946,4.406333663295983
formal-run-01-CCP30-solution-0178,300,cost,10,0.8959999999999999,0.023775804694876026,12326049.51587999,46077.1363640216
formal-run-01-CCP30-solution-0178,300,emission,10,0.89306,0.013045237530310535,9406752152.75123,948084.7889133987
formal-run-01-CCP30-solution-0178,300,makespan,10,0.9051400000000001,0.01175719165258252,576.0505691617561,2.7141004342169346
formal-run-01-CCP30-solution-0179,30,cost,10,0.8708199999999999,0.06101799006121975,11931031.824339679,87163.70876669505
formal-run-01-CCP30-solution-0179,30,emission,10,0.86912,0.03915146655405559,9963075965.064945,2259566.141051805
formal-run-01-CCP30-solution-0179,30,makespan,10,0.8804000000000001,0.045718170469859286,566.6889448574537,10.139898025352863
formal-run-01-CCP30-solution-0179,100,cost,10,0.8934199999999999,0.02737435133680999,11950475.441405464,39799.652051548124
formal-run-01-CCP30-solution-0179,100,emission,10,0.88928,0.027804907640358922,9964248564.352638,1760829.2132700062
formal-run-01-CCP30-solution-0179,100,makespan,10,0.88974,0.024667036033270515,568.5314428056943,5.8624415028011185
formal-run-01-CCP30-solution-0179,300,cost,10,0.8980400000000002,0.014407035318436161,11954897.258250121,24404.894067397574
formal-run-01-CCP30-solution-0179,300,emission,10,0.8911999999999999,0.017028342386869164,9964283046.162361,1072192.901283349
formal-run-01-CCP30-solution-0179,300,makespan,10,0.90908,0.00911516441004893,572.1566610359326,0.45865918925943056
formal-run-01-CCP30-solution-0180,30,cost,10,0.88444,0.06517960144435102,12055012.390231915,133503.45078679145
formal-run-01-CCP30-solution-0180,30,emission,10,0.8667200000000002,0.04001246472454966,9687792139.897707,2278882.60655241
formal-run-01-CCP30-solution-0180,30,makespan,10,0.88472,0.0463889067198901,564.2360065538642,17.58362642839821
formal-run-01-CCP30-solution-0180,100,cost,10,0.9022000000000002,0.024984439601924698,12067044.974964987,51497.67453996054
formal-run-01-CCP30-solution-0180,100,emission,10,0.88826,0.02585000322372642,9689014748.048937,1596672.620294719
formal-run-01-CCP30-solution-0180,100,makespan,10,0.89542,0.02270554508876142,568.5793887865296,8.464543279803328
formal-run-01-CCP30-solution-0180,300,cost,10,0.8964000000000001,0.019267935367686215,12052863.368932828,38068.18396293228
formal-run-01-CCP30-solution-0180,300,emission,10,0.8945599999999999,0.01886296783529979,9689362059.99565,1199806.049727037
formal-run-01-CCP30-solution-0180,300,makespan,10,0.9000000000000001,0.010936178491593836,571.3411047271628,2.487028989597624
formal-run-01-CCP30-solution-0181,30,cost,10,0.8824400000000001,0.0696677065313143,12103685.095347766,115103.43979769446
formal-run-01-CCP30-solution-0181,30,emission,10,0.8719199999999999,0.04274869198778681,9498537138.411089,2380275.346783252
formal-run-01-CCP30-solution-0181,30,makespan,10,0.8878000000000001,0.05416608204812718,569.4490583627107,10.993277051836689
formal-run-01-CCP30-solution-0181,100,cost,10,0.9056,0.031227623099500296,12125107.817117468,57148.08043488897
formal-run-01-CCP30-solution-0181,100,emission,10,0.88902,0.02712415078035727,9499513578.97839,1731575.6927962932
formal-run-01-CCP30-solution-0181,100,makespan,10,0.8985800000000002,0.015598418723276632,572.8716605864431,1.3730747309281444
formal-run-01-CCP30-solution-0181,300,cost,10,0.8998200000000001,0.01909332635009183,12107974.80920099,35660.533298427064
formal-run-01-CCP30-solution-0181,300,emission,10,0.8928800000000001,0.02083505592878396,9499707614.78562,1313076.829032903
formal-run-01-CCP30-solution-0181,300,makespan,10,0.90596,0.008058011886039608,573.3911899214297,0.7496262174266876
formal-run-01-CCP30-solution-0182,30,cost,10,0.8886800000000001,0.0753400115034059,12278467.021948772,145429.1000442477
formal-run-01-CCP30-solution-0182,30,emission,10,0.8726200000000001,0.03931869219029998,9358012771.835918,2230171.9401390743
formal-run-01-CCP30-solution-0182,30,makespan,10,0.8890800000000001,0.04860207585873034,565.0277125256126,14.705375526808613
formal-run-01-CCP30-solution-0182,100,cost,10,0.8981399999999999,0.03176133918251349,12265348.651829783,66474.16819570724
formal-run-01-CCP30-solution-0182,100,emission,10,0.8869999999999999,0.022123692679518418,9358784457.974949,1322031.0436956112
formal-run-01-CCP30-solution-0182,100,makespan,10,0.89718,0.018447149734669963,569.7181531558683,5.781278644140211
formal-run-01-CCP30-solution-0182,300,cost,10,0.8987999999999999,0.019612014458262845,12260098.453843001,38180.27484746997
formal-run-01-CCP30-solution-0182,300,emission,10,0.8905000000000001,0.015536694915228551,9358951238.82099,1013041.8179810632
formal-run-01-CCP30-solution-0182,300,makespan,10,0.9048,0.010542190369073107,572.3790850013827,0.6658596537278907
formal-run-01-CCP30-solution-0183,30,cost,10,0.8810800000000001,0.06343649142602735,11963991.528831854,113699.07373386923
formal-run-01-CCP30-solution-0183,30,emission,10,0.87392,0.04193944841474829,9819013799.764446,2486641.755129723
formal-run-01-CCP30-solution-0183,30,makespan,10,0.8904,0.042835395540500275,570.7950493369746,5.869059403545362
formal-run-01-CCP30-solution-0183,100,cost,10,0.89598,0.031175410538150455,11970460.21014763,54327.06706760348
formal-run-01-CCP30-solution-0183,100,emission,10,0.88684,0.02487494053594231,9819671690.798481,1502432.142255421
formal-run-01-CCP30-solution-0183,100,makespan,10,0.8867799999999999,0.020159905202598975,572.6694682912172,0.5042395367877469
formal-run-01-CCP30-solution-0183,300,cost,10,0.8949999999999999,0.02111681794210481,11965816.47623169,36583.59613645104
formal-run-01-CCP30-solution-0183,300,emission,10,0.8915999999999998,0.020007109847362876,9819926832.40888,1210066.400536002
formal-run-01-CCP30-solution-0183,300,makespan,10,0.9038599999999999,0.011057847891882038,573.0629472806365,0.3293625339167597
formal-run-01-CCP30-solution-0184,30,cost,10,0.86976,0.06607509532510886,12302945.832273215,131329.63062619953
formal-run-01-CCP30-solution-0184,30,emission,10,0.8810600000000001,0.022925008178842608,9412806756.687119,1475141.9687799753
formal-run-01-CCP30-solution-0184,30,makespan,10,0.8734400000000001,0.048153532234579285,566.4219541100181,12.506368753451122
formal-run-01-CCP30-solution-0184,100,cost,10,0.8998000000000002,0.023325522502186294,12331277.660205504,45605.53319206923
formal-run-01-CCP30-solution-0184,100,emission,10,0.88656,0.022149552290433906,9413144528.304533,1445901.9660651195
formal-run-01-CCP30-solution-0184,100,makespan,10,0.8930400000000001,0.021329332958263014,572.6549370895734,6.6327982258010305
formal-run-01-CCP30-solution-0184,300,cost,10,0.89788,0.016787349734580233,12325684.832611907,33309.36427669884
formal-run-01-CCP30-solution-0184,300,emission,10,0.8933599999999998,0.01254920980248027,9413559806.276896,826886.7704551076
formal-run-01-CCP30-solution-0184,300,makespan,10,0.90438,0.011045944454363736,575.8805645602523,2.5689564935676668
formal-run-01-CCP30-solution-0185,30,cost,10,0.86988,0.06618561105792642,12254639.652407799,130735.41386539047
formal-run-01-CCP30-solution-0185,30,emission,10,0.8842800000000001,0.020670150244038177,9446545671.943533,1237565.3297094447
formal-run-01-CCP30-solution-0185,30,makespan,10,0.874,0.04845598231614154,566.5354672244698,12.588962112008149
formal-run-01-CCP30-solution-0185,100,cost,10,0.9003,0.02367225286185402,12284398.810513468,47017.0259353675
formal-run-01-CCP30-solution-0185,100,emission,10,0.8887799999999999,0.022729804222650054,9446850208.26236,1500585.1719173382
formal-run-01-CCP30-solution-0185,100,makespan,10,0.89306,0.02133667682132759,572.669628869254,6.639376738430034
formal-run-01-CCP30-solution-0185,300,cost,10,0.89782,0.01672747573438517,12277481.860531593,33264.06815071654
formal-run-01-CCP30-solution-0185,300,emission,10,0.8947400000000002,0.01254965249629557,9447150303.263613,807282.7611343479
formal-run-01-CCP30-solution-0185,300,makespan,10,0.9050800000000001,0.011390522376080918,575.9773016986827,2.61581712117072
formal-run-01-CCP30-solution-0186,30,cost,10,0.87232,0.06345295370062241,12214534.27762365,117057.2569340139
formal-run-01-CCP30-solution-0186,30,emission,10,0.8840399999999999,0.022320055754609762,9488600133.717148,1431116.2896367603
formal-run-01-CCP30-solution-0186,30,makespan,10,0.874,0.04845598231614154,566.5354672244698,12.588962112008149
formal-run-01-CCP30-solution-0186,100,cost,10,0.8936000000000002,0.02980559231643173,12235505.946897384,54407.63770337813
formal-run-01-CCP30-solution-0186,100,emission,10,0.8878599999999999,0.02244975624713007,9488881455.504984,1509150.012931695
formal-run-01-CCP30-solution-0186,100,makespan,10,0.89306,0.02133667682132759,572.669628869254,6.639376738430034
formal-run-01-CCP30-solution-0186,300,cost,10,0.8995,0.01499785169801181,12240347.647108898,30402.50296523628
formal-run-01-CCP30-solution-0186,300,emission,10,0.89354,0.012491081262689432,9489223513.02373,804527.0455061116
formal-run-01-CCP30-solution-0186,300,makespan,10,0.9050800000000001,0.011390522376080918,575.9773016986827,2.61581712117072
formal-run-01-CCP30-solution-0187,30,cost,10,0.8880000000000001,0.07367568572240553,12256687.761006894,147349.62616817123
formal-run-01-CCP30-solution-0187,30,emission,10,0.8713799999999999,0.035483761544308295,9297858399.343857,2042841.6785208783
formal-run-01-CCP30-solution-0187,30,makespan,10,0.8755,0.06781243740396498,568.5396666763472,15.762795598104118
formal-run-01-CCP30-solution-0187,100,cost,10,0.9032,0.027504989446361275,12254359.569712738,61395.89628689699
formal-run-01-CCP30-solution-0187,100,emission,10,0.8923,0.026272968787118225,9299051049.993574,1636102.588438698
formal-run-01-CCP30-solution-0187,100,makespan,10,0.9041799999999999,0.018612409241626354,573.71357145031,1.675513351593699
formal-run-01-CCP30-solution-0187,300,cost,10,0.8993,0.019942417105255836,12242517.931893665,42383.85460287506
formal-run-01-CCP30-solution-0187,300,emission,10,0.8938200000000001,0.01514476807349654,9299104293.778496,1032680.8370733813
formal-run-01-CCP30-solution-0187,300,makespan,10,0.8970800000000001,0.015340056497071106,573.0052214657213,0.7460735377641463
formal-run-01-CCP30-solution-0188,30,cost,10,0.88156,0.06411744779006032,12034348.773334755,126308.6028715562
formal-run-01-CCP30-solution-0188,30,emission,10,0.86854,0.042980517550267924,9678738639.301933,2474434.975367604
formal-run-01-CCP30-solution-0188,30,makespan,10,0.8847200000000001,0.04858552139155129,564.4178459198315,12.583457865689637
formal-run-01-CCP30-solution-0188,100,cost,10,0.8933600000000002,0.03194144642936512,12038189.024591003,60727.351229606
formal-run-01-CCP30-solution-0188,100,emission,10,0.88946,0.020972585280154034,9679894249.03817,1314074.2496612356
formal-run-01-CCP30-solution-0188,100,makespan,10,0.89786,0.02400371267579708,570.5693032904958,5.347467783338018
formal-run-01-CCP30-solution-0188,300,cost,10,0.8954000000000001,0.02072121832539989,12037935.501239242,40325.47100629711
formal-run-01-CCP30-solution-0188,300,emission,10,0.8952600000000001,0.018149269957769668,9680225271.434277,1169646.964757849
formal-run-01-CCP30-solution-0188,300,makespan,10,0.9081800000000001,0.009899696965059102,572.7122569639869,0.6159371546221257
formal-run-01-CCP30-solution-0189,30,cost,10,0.8766400000000001,0.05963055145365225,11951379.886105724,93993.95015001841
formal-run-01-CCP30-solution-0189,30,emission,10,0.86872,0.040109871325869115,9889080386.828985,2303420.697823693
formal-run-01-CCP30-solution-0189,30,makespan,10,0.8804000000000001,0.045718170469859286,566.6889448574537,10.139898025352863
formal-run-01-CCP30-solution-0189,100,cost,10,0.89924,0.018774166648171976,11968263.624053616,33180.65322461504
formal-run-01-CCP30-solution-0189,100,emission,10,0.89032,0.02749273843520624,9890337699.430874,1762121.4927456875
formal-run-01-CCP30-solution-0189,100,makespan,10,0.88974,0.024667036033270515,568.5314428056943,5.8624415028011185
formal-run-01-CCP30-solution-0189,300,cost,10,0.8983800000000001,0.013275692072355396,11966576.219782306,23386.49253551235
formal-run-01-CCP30-solution-0189,300,emission,10,0.8907999999999999,0.017337435412040223,9890295019.897827,1087506.8468216222
formal-run-01-CCP30-solution-0189,300,makespan,10,0.90908,0.00911516441004893,572.1566610359326,0.45865918925943056
formal-run-01-CCP30-solution-0190,30,cost,10,0.88064,0.06065185167091859,11975489.149820318,111301.29727802218
formal-run-01-CCP30-solution-0190,30,emission,10,0.8714999999999999,0.03561076616230921,9645855167.460423,2095520.8431012877
formal-run-01-CCP30-solution-0190,30,makespan,10,0.8708600000000001,0.04916774462095156,568.3607505544023,9.089978359043217
formal-run-01-CCP30-solution-0190,100,cost,10,0.8956200000000001,0.027661356920199453,11978012.988554925,40885.682662916464
formal-run-01-CCP30-solution-0190,100,emission,10,0.8925799999999999,0.029853040046199663,9647099757.390596,1885733.957007536
formal-run-01-CCP30-solution-0190,100,makespan,10,0.88458,0.02060322520599358,572.4120756883698,0.44898709087270416
formal-run-01-CCP30-solution-0190,300,cost,10,0.8983000000000001,0.018372503609712244,11980311.569417533,29260.87370773273
formal-run-01-CCP30-solution-0190,300,emission,10,0.8933,0.02065596497113822,9647083730.785458,1246063.6570843433
formal-run-01-CCP30-solution-0190,300,makespan,10,0.90258,0.007411372642395221,572.8051492274321,0.1696278085775749
formal-run-01-CCP30-solution-0191,30,cost,10,0.87578,0.06051985532772602,11945156.355873628,98286.95390456569
formal-run-01-CCP30-solution-0191,30,emission,10,0.8711399999999999,0.04578733934664084,9885540872.292294,2600268.167653015
formal-run-01-CCP30-solution-0191,30,makespan,10,0.8767000000000001,0.04721085091845351,568.3893615685288,10.452495103383317
formal-run-01-CCP30-solution-0191,100,cost,10,0.89936,0.021232218704391473,11961104.0894455,34180.32757137707
formal-run-01-CCP30-solution-0191,100,emission,10,0.88798,0.027738533166377442,9886413275.146395,1775725.000046239
formal-run-01-CCP30-solution-0191,100,makespan,10,0.89972,0.027253085452232144,571.9429060760228,5.759453089711138
formal-run-01-CCP30-solution-0191,300,cost,10,0.89964,0.01368463858979599,11960321.442409903,21740.735121636484
formal-run-01-CCP30-solution-0191,300,emission,10,0.8937799999999999,0.018717181649193046,9886745769.745998,1246399.2605807106
formal-run-01-CCP30-solution-0191,300,makespan,10,0.9043200000000002,0.010671332312946352,573.1820503485882,1.2308634258084281
formal-run-01-CCP30-solution-0192,30,cost,10,0.8848800000000001,0.059446947403172475,12101434.426979564,121884.180273392
formal-run-01-CCP30-solution-0192,30,emission,10,0.87568,0.03714598228611004,9672890063.776234,2215008.590618084
formal-run-01-CCP30-solution-0192,30,makespan,10,0.88378,0.04914834234799334,562.6890663742786,14.975364210370072
formal-run-01-CCP30-solution-0192,100,cost,10,0.9030800000000001,0.024249297813430506,12115743.870680321,47957.87535329999
formal-run-01-CCP30-solution-0192,100,emission,10,0.88626,0.022694110836661303,9673517480.80827,1459758.1610179385
formal-run-01-CCP30-solution-0192,100,makespan,10,0.89258,0.02329548358707231,569.3950026664003,5.4879251004462315
formal-run-01-CCP30-solution-0192,300,cost,10,0.89832,0.019588250446519094,12105572.446430817,39217.68774441726
formal-run-01-CCP30-solution-0192,300,emission,10,0.89118,0.016927676220386018,9673778166.57312,1048368.5862939425
formal-run-01-CCP30-solution-0192,300,makespan,10,0.9099999999999999,0.012120872722521072,572.2787824172416,0.9158167660580798
formal-run-01-CCP30-solution-0193,30,cost,10,0.88622,0.06268499377398426,12056408.011350732,109307.97501409471
formal-run-01-CCP30-solution-0193,30,emission,10,0.8667400000000001,0.04285106507168494,9522711577.801586,2387824.5756994314
formal-run-01-CCP30-solution-0193,30,makespan,10,0.8885400000000001,0.05436502552192908,571.1032763374476,10.086155625108574
formal-run-01-CCP30-solution-0193,100,cost,10,0.8983400000000001,0.02807926083230982,12057029.633364733,46303.68485194061
formal-run-01-CCP30-solution-0193,100,emission,10,0.88842,0.0270985772484256,9523893697.41081,1675149.1570532722
formal-run-01-CCP30-solution-0193,100,makespan,10,0.89856,0.011875202922242804,573.4183752437447,1.101781262289408
formal-run-01-CCP30-solution-0193,300,cost,10,0.8978599999999999,0.020318366076040647,12053588.824232535,33332.794674465986
formal-run-01-CCP30-solution-0193,300,emission,10,0.8932399999999999,0.017204598868390462,9524134259.51452,1079977.682404386
formal-run-01-CCP30-solution-0193,300,makespan,10,0.9023999999999999,0.009951884243699773,573.7275700115729,1.0546575473079902
formal-run-01-CCP30-solution-0194,30,cost,10,0.88324,0.06908299678245323,12172090.618302677,123168.24533591192
formal-run-01-CCP30-solution-0194,30,emission,10,0.8699999999999999,0.038078748812311464,9326001269.45738,2085954.9075005848
formal-run-01-CCP30-solution-0194,30,makespan,10,0.87212,0.0688249437986613,569.9082814037959,15.292803501093816
formal-run-01-CCP30-solution-0194,100,cost,10,0.90234,0.03217784607113688,12191925.365347492,66822.58333274299
formal-run-01-CCP30-solution-0194,100,emission,10,0.8880600000000001,0.027500149494543154,9327009914.03403,1621463.3372666074
formal-run-01-CCP30-solution-0194,100,makespan,10,0.89484,0.023588848589487732,574.2890639643413,1.7287952545209806
formal-run-01-CCP30-solution-0194,300,cost,10,0.898,0.025242292553041477,12176771.391605502,49584.48408102281
formal-run-01-CCP30-solution-0194,300,emission,10,0.8957999999999998,0.016812693617224646,9327434458.447235,1021014.3962798533
formal-run-01-CCP30-solution-0194,300,makespan,10,0.8917200000000001,0.015257551864204457,573.7632903427354,1.0905555743168842
formal-run-01-CCP30-solution-0195,30,cost,10,0.8715599999999999,0.05690520772887721,11930747.70573032,88314.3061424253
formal-run-01-CCP30-solution-0195,30,emission,10,0.8687199999999999,0.039322846059539264,9876716587.699165,2226283.4955007057
formal-run-01-CCP30-solution-0195,30,makespan,10,0.8838000000000001,0.04161249812255928,566.6661121386317,10.108878511126383
formal-run-01-CCP30-solution-0195,100,cost,10,0.89236,0.023009331440381604,11947700.978253288,36757.10866682442
formal-run-01-CCP30-solution-0195,100,emission,10,0.8933,0.030256863316903457,9878178389.442059,1989332.693537204
formal-run-01-CCP30-solution-0195,100,makespan,10,0.8904,0.023946607275353218,568.5215769630644,5.856193043718945
formal-run-01-CCP30-solution-0195,300,cost,10,0.89646,0.013951997069316711,11951927.125831753,24954.82505389498
formal-run-01-CCP30-solution-0195,300,emission,10,0.8932,0.01664985819092097,9878067800.021637,1069440.5158934654
formal-run-01-CCP30-solution-0195,300,makespan,10,0.90832,0.008647774280125482,572.0825923549656,0.4224860949987974
formal-run-01-CCP30-solution-0196,30,cost,10,0.8760600000000001,0.06410616541678689,12287882.669056322,131968.14198227949
formal-run-01-CCP30-solution-0196,30,emission,10,0.87364,0.0323090355439121,9388413621.803272,1925042.476076922
formal-run-01-CCP30-solution-0196,30,makespan,10,0.8763,0.044211838535246045,568.5773516890486,11.460618431532392
formal-run-01-CCP30-solution-0196,100,cost,10,0.89076,0.028308742269639753,12293170.256675344,54552.467135499945
formal-run-01-CCP30-solution-0196,100,emission,10,0.8885400000000001,0.017819602190347082,9389215978.253557,1226349.717141716
formal-run-01-CCP30-solution-0196,100,makespan,10,0.8933200000000001,0.019902919942114582,573.5750163468194,4.31391137844179
formal-run-01-CCP30-solution-0196,300,cost,10,0.89828,0.02151324140048532,12305270.290973347,42084.26670988031
formal-run-01-CCP30-solution-0196,300,emission,10,0.8901399999999999,0.013945624562723765,9389317870.50632,933544.6855695639
formal-run-01-CCP30-solution-0196,300,makespan,10,0.90432,0.011039806761593857,575.8805645602523,2.5689564935676668
formal-run-01-CCP30-solution-0197,30,cost,10,0.8856400000000001,0.061794915288845204,12348872.508252323,132888.5445085401
formal-run-01-CCP30-solution-0197,30,emission,10,0.8741000000000001,0.030200846198593687,9394483019.2418,1815741.2226865473
formal-run-01-CCP30-solution-0197,30,makespan,10,0.87666,0.044622171868054804,568.6908648035004,11.527132362867324
formal-run-01-CCP30-solution-0197,100,cost,10,0.8897,0.030962952773345823,12336829.52174646,57992.898158957185
formal-run-01-CCP30-solution-0197,100,emission,10,0.8869400000000001,0.019423250671982438,9395188910.719051,1301839.2159249992
formal-run-01-CCP30-solution-0197,100,makespan,10,0.89352,0.020184306334928195,573.6585077996946,4.406333663295983
formal-run-01-CCP30-solution-0197,300,cost,10,0.8974200000000001,0.021937172916206758,12350046.34840347,44653.80534062402
formal-run-01-CCP30-solution-0197,300,emission,10,0.8928,0.013366625103842284,9395560507.909609,989327.3288860203
formal-run-01-CCP30-solution-0197,300,makespan,10,0.9051400000000001,0.01175719165258252,576.0505691617561,2.7141004342169346
formal-run-01-CCP30-solution-0198,30,cost,10,0.8766,0.07379141774849791,12100367.128236298,120556.72067563882
formal-run-01-CCP30-solution-0198,30,emission,10,0.87142,0.04193555373029748,9421216510.989744,2313276.2446311647
formal-run-01-CCP30-solution-0198,30,makespan,10,0.8815799999999999,0.0464079926066381,572.649886552994,5.600708493364698
formal-run-01-CCP30-solution-0198,100,cost,10,0.90496,0.023817416596544086,12126661.890313342,48157.29473052999
formal-run-01-CCP30-solution-0198,100,emission,10,0.8877200000000001,0.03134881886841104,9422081735.191772,1839724.3767808182
formal-run-01-CCP30-solution-0198,100,makespan,10,0.88626,0.01935310483273076,573.4476420172076,0.9427552220886708
formal-run-01-CCP30-solution-0198,300,cost,10,0.8970800000000001,0.02032714659977856,12109279.203190248,36195.47409428381
formal-run-01-CCP30-solution-0198,300,emission,10,0.8922399999999999,0.018787418958204738,9422287738.566248,1092901.2846327503
formal-run-01-CCP30-solution-0198,300,makespan,10,0.89842,0.011692143611084404,573.9343196509151,0.6803339402159457
formal-run-01-CCP30-solution-0201,30,cost,10,0.8836400000000001,0.06249926577346509,12094686.303194856,129063.74905852324
formal-run-01-CCP30-solution-0201,30,emission,10,0.87294,0.04070457795711272,10132079368.473469,2319062.4903605194
formal-run-01-CCP30-solution-0201,30,makespan,10,0.8773799999999999,0.051314840824939596,554.1969403312363,19.733439623910048
formal-run-01-CCP30-solution-0201,100,cost,10,0.8957,0.03130101169823962,12099013.340230038,61984.37940176443
formal-run-01-CCP30-solution-0201,100,emission,10,0.8880600000000001,0.025648053857294253,10132876248.649052,1589434.6162432656
formal-run-01-CCP30-solution-0201,100,makespan,10,0.8949400000000001,0.026170560219877265,559.1990969291537,13.76522668312081
formal-run-01-CCP30-solution-0201,300,cost,10,0.8931799999999999,0.022453794532080518,12092161.250505935,43294.28440065305
formal-run-01-CCP30-solution-0201,300,emission,10,0.893,0.01889738371074451,10133148511.160084,1192689.9253503943
formal-run-01-CCP30-solution-0201,300,makespan,10,0.8987200000000002,0.013180187150922165,562.8049786237203,6.8996758277048365
formal-run-01-CCP30-solution-0202,30,cost,10,0.88576,0.057123087373767804,11968459.436810212,104998.97517292215
formal-run-01-CCP30-solution-0202,30,emission,10,0.8755,0.04236993168641072,9737212384.289635,2507660.7144202273
formal-run-01-CCP30-solution-0202,30,makespan,10,0.88056,0.041151730083787356,571.6445917676086,5.152500313622605
formal-run-01-CCP30-solution-0202,100,cost,10,0.8954199999999999,0.03373023042382671,11967090.168891419,52910.74347589777
formal-run-01-CCP30-solution-0202,100,emission,10,0.88728,0.02511559055425314,9737804226.923706,1527771.949707068
formal-run-01-CCP30-solution-0202,100,makespan,10,0.8851199999999999,0.02256057524877315,572.980999759757,0.7151689463569251
formal-run-01-CCP30-solution-0202,300,cost,10,0.8972,0.02108353754841807,11966397.352367247,36643.625286545954
formal-run-01-CCP30-solution-0202,300,emission,10,0.8912999999999999,0.020104449479876045,9738034459.67616,1222489.3932061214
formal-run-01-CCP30-solution-0202,300,makespan,10,0.90098,0.012653133121001203,573.4266688998603,0.5137657794218918
formal-run-01-CCP30-solution-0203,30,cost,10,0.8826599999999999,0.06411254340784041,11994065.577142164,117622.70423161746
formal-run-01-CCP30-solution-0203,30,emission,10,0.86872,0.04648040925427019,9812671601.952171,2609489.5325256484
formal-run-01-CCP30-solution-0203,30,makespan,10,0.8843,0.04873303693480315,558.0707640526255,17.60895633179954
formal-run-01-CCP30-solution-0203,100,cost,10,0.8983599999999999,0.028512889872632854,12001993.586948374,48841.892274800266
formal-run-01-CCP30-solution-0203,100,emission,10,0.8869,0.027089194237637327,9813645430.688797,1694504.092493336
formal-run-01-CCP30-solution-0203,100,makespan,10,0.8953,0.022439498905080537,565.4638226422264,9.380694072422754
formal-run-01-CCP30-solution-0203,300,cost,10,0.8951600000000001,0.021618058294963594,11994264.07977845,36292.23818709044
formal-run-01-CCP30-solution-0203,300,emission,10,0.89438,0.01937110104138523,9814068488.710258,1237925.8149236557
formal-run-01-CCP30-solution-0203,300,makespan,10,0.8981200000000001,0.012816031627093726,566.2921119028387,6.9438363937551975
formal-run-01-CCP30-solution-0204,30,cost,10,0.8821,0.06474759540794632,12076790.639664292,117266.2121276256
formal-run-01-CCP30-solution-0204,30,emission,10,0.8653000000000001,0.04184715575095212,9507197277.753422,2241340.643078188
formal-run-01-CCP30-solution-0204,30,makespan,10,0.8901399999999999,0.051483248624080505,570.3670700382999,11.472554310458882
formal-run-01-CCP30-solution-0204,100,cost,10,0.8968399999999999,0.025313465893779856,12075119.903509062,39131.583915336974
formal-run-01-CCP30-solution-0204,100,emission,10,0.89014,0.028433790539505004,9508568306.782415,1743841.4524447941
formal-run-01-CCP30-solution-0204,100,makespan,10,0.8972200000000001,0.017778751362230144,573.5919389733037,1.8915258321457353
formal-run-01-CCP30-solution-0204,300,cost,10,0.8989800000000001,0.01931089502500251,12077947.77713246,32783.30272416754
formal-run-01-CCP30-solution-0204,300,emission,10,0.8924799999999999,0.01584261482345779,9508633861.894611,969879.5892842402
formal-run-01-CCP30-solution-0204,300,makespan,10,0.9038600000000001,0.006741612072296464,574.0240637967142,0.9834022351769695
formal-run-01-CCP30-solution-0205,30,cost,10,0.8697000000000001,0.061725647469715164,11925023.003160195,89824.92841726323
formal-run-01-CCP30-solution-0205,30,emission,10,0.8800800000000001,0.041499793841522754,9961079298.358624,2379932.5108097466
formal-run-01-CCP30-solution-0205,30,makespan,10,0.87848,0.04697187811162475,568.7458119441867,10.503305057704226
formal-run-01-CCP30-solution-0205,100,cost,10,0.8944799999999999,0.023279404345186057,11944904.726154028,34518.23207756722
formal-run-01-CCP30-solution-0205,100,emission,10,0.8918600000000001,0.02676549187957426,9961713821.189693,1700861.550794414
formal-run-01-CCP30-solution-0205,100,makespan,10,0.90026,0.02718497133834552,571.9812989091176,5.762888305924696
formal-run-01-CCP30-solution-0205,300,cost,10,0.8984,0.014992146092019116,11949810.543501463,24689.451750946737
formal-run-01-CCP30-solution-0205,300,emission,10,0.89452,0.0193352182989142,9961838249.180033,1266713.2431216696
formal-run-01-CCP30-solution-0205,300,makespan,10,0.9044400000000001,0.010618976724085339,573.188610957695,1.2276937115775355
formal-run-01-CCP30-solution-0206,30,cost,10,0.885,0.06048470881140125,12261520.389504168,130970.24441648617
formal-run-01-CCP30-solution-0206,30,emission,10,0.8798199999999999,0.03615908676329582,9421058581.057531,2134872.1630383884
formal-run-01-CCP30-solution-0206,30,makespan,10,0.8751999999999999,0.04524088612944909,566.5168456805724,12.619368200582315
formal-run-01-CCP30-solution-0206,100,cost,10,0.88674,0.030070295420342428,12243612.060724515,54580.36967272472
formal-run-01-CCP30-solution-0206,100,emission,10,0.88608,0.01872163335704329,9421315001.346447,1186758.3861773082
formal-run-01-CCP30-solution-0206,100,makespan,10,0.89284,0.021808010760574516,572.7384285424487,6.706017120283942
formal-run-01-CCP30-solution-0206,300,cost,10,0.8961599999999998,0.022650739502276734,12259131.866006967,42796.55913568915
formal-run-01-CCP30-solution-0206,300,emission,10,0.8924,0.014238601679159985,9421700858.54508,947696.5874287406
formal-run-01-CCP30-solution-0206,300,makespan,10,0.9051000000000002,0.01175840125187096,576.0505691617561,2.7141004342169346
formal-run-01-CCP30-solution-0207,30,cost,10,0.8844199999999999,0.061668248628357285,12106268.390147608,124270.02393319872
formal-run-01-CCP30-solution-0207,30,emission,10,0.8669800000000001,0.04030488804103046,9387904562.71369,2124968.85077112
formal-run-01-CCP30-solution-0207,30,makespan,10,0.8753,0.06881209519004958,570.9194866619655,14.227338793329098
formal-run-01-CCP30-solution-0207,100,cost,10,0.89484,0.026919765559487666,12105510.696213054,53828.812555286655
formal-run-01-CCP30-solution-0207,100,emission,10,0.88878,0.029289884488221084,9389110558.720556,1773156.7074250442
formal-run-01-CCP30-solution-0207,100,makespan,10,0.8927400000000001,0.023075152581655135,574.3440194409227,1.7299148144226015
formal-run-01-CCP30-solution-0207,300,cost,10,0.8945200000000002,0.022294035076674656,12102895.298830887,41811.13064864365
formal-run-01-CCP30-solution-0207,300,emission,10,0.8958400000000001,0.01658534828629707,9389432287.497883,1037096.2992381552
formal-run-01-CCP30-solution-0207,300,makespan,10,0.8921599999999998,0.015986049473768596,574.0711655254458,1.27643697297119
formal-run-01-CCP30-solution-0208,30,cost,10,0.8781399999999999,0.058955354106118116,11949154.280500831,100070.6745075381
formal-run-01-CCP30-solution-0208,30,emission,10,0.8691599999999999,0.04635398101086415,9817821486.057716,2627957.886254726
formal-run-01-CCP30-solution-0208,30,makespan,10,0.8802,0.04302516059754392,568.3665288497067,10.426544238425407
formal-run-01-CCP30-solution-0208,100,cost,10,0.9038999999999999,0.017064387868697007,11968511.602287006,27890.136609461508
formal-run-01-CCP30-solution-0208,100,emission,10,0.8905600000000001,0.028013933041335783,9818983487.806778,1833356.994109943
formal-run-01-CCP30-solution-0208,100,makespan,10,0.8981,0.02606645353706561,571.7069333368645,5.679865689817139
formal-run-01-CCP30-solution-0208,300,cost,10,0.90014,0.013805651016884331,11961477.340118457,21612.68795088062
formal-run-01-CCP30-solution-0208,300,emission,10,0.8946800000000001,0.017398646179771826,9819152526.573345,1144171.7614559056
formal-run-01-CCP30-solution-0208,300,makespan,10,0.9048999999999999,0.010559145588330317,573.1475158405955,1.186557984696196
formal-run-01-CCP30-solution-0209,30,cost,10,0.8748400000000001,0.07141315160544465,12345456.34221159,146144.28391329068
formal-run-01-CCP30-solution-0209,30,emission,10,0.8732800000000001,0.03931188115570151,9364011419.792833,2321190.8270566347
formal-run-01-CCP30-solution-0209,30,makespan,10,0.87486,0.05194501794098148,571.7784328181666,13.532593819198643
formal-run-01-CCP30-solution-0209,100,cost,10,0.8926999999999999,0.028314778237992045,12351651.746049311,53985.8413891323
formal-run-01-CCP30-solution-0209,100,emission,10,0.8862400000000001,0.015932580177457478,9364637428.674576,1086229.2772423306
formal-run-01-CCP30-solution-0209,100,makespan,10,0.89574,0.016434935689290414,576.0855705404414,3.6999570928386007
formal-run-01-CCP30-solution-0209,300,cost,10,0.8995,0.01836282476454356,12359154.430335838,34646.9720335734
formal-run-01-CCP30-solution-0209,300,emission,10,0.8930799999999998,0.013518448300172797,9365090583.073105,945612.2276633172
formal-run-01-CCP30-solution-0209,300,makespan,10,0.90678,0.00805174929233808,578.5554678720497,2.178799747471028
formal-run-01-CCP30-solution-0210,30,cost,10,0.8750600000000001,0.06175939334762501,11922043.021546498,89906.76536264275
formal-run-01-CCP30-solution-0210,30,emission,10,0.8734999999999999,0.036838053996135864,9826106024.149448,2163563.825647108
formal-run-01-CCP30-solution-0210,30,makespan,10,0.8662599999999999,0.03721445955539325,567.9253821362696,8.868115539366903
formal-run-01-CCP30-solution-0210,100,cost,10,0.89214,0.024305106916494363,11932160.516872209,36292.08468989084
formal-run-01-CCP30-solution-0210,100,emission,10,0.8913800000000001,0.02779903275695437,9827176138.06741,1772907.2636485605
formal-run-01-CCP30-solution-0210,100,makespan,10,0.88558,0.018403731505684744,572.2871734977659,0.4412520254394228
formal-run-01-CCP30-solution-0210,300,cost,10,0.90012,0.01612732670552275,11940997.520387333,27051.99951478643
formal-run-01-CCP30-solution-0210,300,emission,10,0.8923400000000001,0.01756108070579813,9827157175.071535,1093135.166339334
formal-run-01-CCP30-solution-0210,300,makespan,10,0.90134,0.007083031366112482,572.653133559689,0.1547691054717436
formal-run-01-CCP30-solution-0211,30,cost,10,0.8911999999999999,0.06881944169749968,12310645.995420843,137813.95562279067
formal-run-01-CCP30-solution-0211,30,emission,10,0.87532,0.04564453965152899,9291679036.719994,2564629.2395794643
formal-run-01-CCP30-solution-0211,30,makespan,10,0.87902,0.07319911657026104,569.0739810573367,15.866792958079161
formal-run-01-CCP30-solution-0211,100,cost,10,0.90298,0.029243719173715082,12306467.31372511,62068.41322202817
formal-run-01-CCP30-solution-0211,100,emission,10,0.89056,0.027850362056294126,9292553974.476694,1793764.7166665178
formal-run-01-CCP30-solution-0211,100,makespan,10,0.9017000000000002,0.019424669309354495,573.1605240386959,0.8548981663979817
formal-run-01-CCP30-solution-0211,300,cost,10,0.8990200000000002,0.022570866177442108,12294009.576855797,47230.57695553498
formal-run-01-CCP30-solution-0211,300,emission,10,0.8895200000000001,0.019110020640723792,9292429967.25602,1172200.8315476486
formal-run-01-CCP30-solution-0211,300,makespan,10,0.9049400000000001,0.012480758523957323,573.1476225999446,0.45103153059006423
formal-run-01-CCP30-solution-0212,30,cost,10,0.88902,0.07361228460280557,12282112.722028885,147282.63196192138
formal-run-01-CCP30-solution-0212,30,emission,10,0.87422,0.038371569336337216,9301055631.937565,2203069.863687651
formal-run-01-CCP30-solution-0212,30,makespan,10,0.8798199999999999,0.07321144112166561,568.960467942885,15.821591408414736
formal-run-01-CCP30-solution-0212,100,cost,10,0.9009199999999999,0.029249151934524334,12273634.685472084,61537.09830780236
formal-run-01-CCP30-solution-0212,100,emission,10,0.8896799999999999,0.022773122559524225,9301922454.262152,1482403.3513310896
formal-run-01-CCP30-solution-0212,100,makespan,10,0.89704,0.015240822375012009,572.8384597582738,0.49580109668000366
formal-run-01-CCP30-solution-0212,300,cost,10,0.8973599999999999,0.02191798855329162,12262740.815086616,45235.373818097534
formal-run-01-CCP30-solution-0212,300,emission,10,0.8920000000000001,0.015268849916669484,9302069208.356403,992715.8205844191
formal-run-01-CCP30-solution-0212,300,makespan,10,0.9056600000000001,0.01345281465798969,573.1219777785846,0.4736209856525051
formal-run-01-CCP30-solution-0213,30,cost,10,0.88088,0.06613307795649616,11954133.84296656,107782.11140982
formal-run-01-CCP30-solution-0213,30,emission,10,0.8678800000000001,0.04613527934238613,9894558976.909023,2548349.9114883197
formal-run-01-CCP30-solution-0213,30,makespan,10,0.8868,0.04149998661311697,562.0198007522193,15.084933090862528
formal-run-01-CCP30-solution-0213,100,cost,10,0.89764,0.034757291800906094,11963917.039618988,58371.099306682554
formal-run-01-CCP30-solution-0213,100,emission,10,0.8880399999999999,0.026771925593800688,9895653537.792952,1651033.2216914624
formal-run-01-CCP30-solution-0213,100,makespan,10,0.8952,0.019401489060836996,568.1230308141318,8.656817807649926
formal-run-01-CCP30-solution-0213,300,cost,10,0.8929199999999999,0.022245538878615644,11954364.827221695,39621.595031453966
formal-run-01-CCP30-solution-0213,300,emission,10,0.89574,0.018692375153759586,9896094126.863806,1182520.2627723338
formal-run-01-CCP30-solution-0213,300,makespan,10,0.9003199999999998,0.013795715921175594,571.1686953874952,3.5537527599232908
formal-run-01-CCP30-solution-0214,30,cost,10,0.87504,0.06270855337724406,12239224.145990416,117610.15514904988
formal-run-01-CCP30-solution-0214,30,emission,10,0.88332,0.020316867650085994,9460342059.145388,1248190.6441272667
formal-run-01-CCP30-solution-0214,30,makespan,10,0.8756400000000001,0.04508478925560396,566.5168456805724,12.619368200582315
formal-run-01-CCP30-solution-0214,100,cost,10,0.89618,0.03134984671236669,12259120.697971154,55778.06903489726
formal-run-01-CCP30-solution-0214,100,emission,10,0.88872,0.02302118830797209,9460701151.345324,1523865.0458628768
formal-run-01-CCP30-solution-0214,100,makespan,10,0.89306,0.02133667682132759,572.669628869254,6.639376738430034
formal-run-01-CCP30-solution-0214,300,cost,10,0.8989800000000001,0.021029809530494742,12260584.317696106,40009.30092479357
formal-run-01-CCP30-solution-0214,300,emission,10,0.8924199999999999,0.011732746197431072,9460865975.344828,805685.3825160482
formal-run-01-CCP30-solution-0214,300,makespan,10,0.9050800000000001,0.011390522376080918,575.9773016986827,2.61581712117072
formal-run-01-CCP30-solution-0215,30,cost,10,0.88534,0.058473777598737946,12011719.637841579,118026.75310834267
formal-run-01-CCP30-solution-0215,30,emission,10,0.86994,0.044575434191192496,9731027419.334133,2555735.0439397804
formal-run-01-CCP30-solution-0215,30,makespan,10,0.88864,0.05051017939210098,571.495545819665,16.231680910013687
formal-run-01-CCP30-solution-0215,100,cost,10,0.89678,0.0323882626202079,12014285.569532663,57648.414310551954
formal-run-01-CCP30-solution-0215,100,emission,10,0.88704,0.024080568468742125,9731906014.32793,1444086.7146970928
formal-run-01-CCP30-solution-0215,100,makespan,10,0.89998,0.01594391559324261,573.4874858726203,3.1587414799648106
formal-run-01-CCP30-solution-0215,300,cost,10,0.8957600000000001,0.022571328912779794,12008607.584708506,40066.84704491998
formal-run-01-CCP30-solution-0215,300,emission,10,0.89442,0.014382535705964126,9732303713.76208,884366.057093879
formal-run-01-CCP30-solution-0215,300,makespan,10,0.9063000000000001,0.006651482708556214,573.2651749789554,0.5819064945795757
formal-run-01-CCP30-solution-0216,30,cost,10,0.8852,0.06163721819377207,12333858.004476963,132811.9896972581
formal-run-01-CCP30-solution-0216,30,emission,10,0.8736400000000002,0.038419416387492876,9380313165.843523,2263152.5460425615
formal-run-01-CCP30-solution-0216,30,makespan,10,0.8765000000000001,0.04468171388337243,568.6908648035004,11.527132362867324
formal-run-01-CCP30-solution-0216,100,cost,10,0.8873599999999999,0.02997833291636552,12315660.210817572,55414.919159804595
formal-run-01-CCP30-solution-0216,100,emission,10,0.8872399999999999,0.017722502958417347,9381006773.882496,1223268.4331108308
formal-run-01-CCP30-solution-0216,100,makespan,10,0.89336,0.020203146069637544,573.6585077996946,4.406333663295983
formal-run-01-CCP30-solution-0216,300,cost,10,0.8955,0.02207748979289891,12329701.075771835,42201.69346050952
formal-run-01-CCP30-solution-0216,300,emission,10,0.8924000000000001,0.01292233209086762,9381356337.166458,901610.2959702237
formal-run-01-CCP30-solution-0216,300,makespan,10,0.9051000000000002,0.01175840125187096,576.0505691617561,2.7141004342169346
formal-run-01-CCP30-solution-0217,30,cost,10,0.8854799999999999,0.06358575661611995,12044491.324192522,130233.62287601524
formal-run-01-CCP30-solution-0217,30,emission,10,0.866,0.04025871886243334,9698641626.259586,2302150.851471762
formal-run-01-CCP30-solution-0217,30,makespan,10,0.8847600000000002,0.04875396735993217,560.7781141745229,16.60994495978004
formal-run-01-CCP30-solution-0217,100,cost,10,0.9018799999999999,0.025590658017678614,12054853.529393049,51876.307083344414
formal-run-01-CCP30-solution-0217,100,emission,10,0.8879599999999999,0.026008340542560127,9699881218.282246,1609991.4281742338
formal-run-01-CCP30-solution-0217,100,makespan,10,0.8961,0.02378594356150521,568.5617460559731,8.446585179318372
formal-run-01-CCP30-solution-0217,300,cost,10,0.8962600000000001,0.019411577301531514,12041534.854019692,38159.60507750644
formal-run-01-CCP30-solution-0217,300,emission,10,0.8946799999999999,0.018772604152505486,9700242069.817362,1188114.4026304893
formal-run-01-CCP30-solution-0217,300,makespan,10,0.9005400000000001,0.012094461542375501,571.3411047271628,2.487028989597624
formal-run-01-CCP30-solution-0219,30,cost,10,0.8812999999999999,0.06495388107470304,11997540.817699566,115594.52489901542
formal-run-01-CCP30-solution-0219,30,emission,10,0.874,0.04069725625477309,9616695273.848154,2350801.2428025007
formal-run-01-CCP30-solution-0219,30,makespan,10,0.88318,0.04729091526568994,572.649886552994,5.600708493364698
formal-run-01-CCP30-solution-0219,100,cost,10,0.89836,0.02832271173457797,11999324.224738654,43714.20894465264
formal-run-01-CCP30-solution-0219,100,emission,10,0.8894400000000001,0.028397777690829566,9617539207.10502,1760647.9811429074
formal-run-01-CCP30-solution-0219,100,makespan,10,0.8873399999999998,0.020191758494769865,573.4133259561809,0.9321026751700416
formal-run-01-CCP30-solution-0219,300,cost,10,0.8981,0.01950435848727151,11997605.57703085,32765.86424600518
formal-run-01-CCP30-solution-0219,300,emission,10,0.8935799999999998,0.019459005341714904,9617746551.102613,1205804.6687386276
formal-run-01-CCP30-solution-0219,300,makespan,10,0.8982000000000001,0.013151763717801848,573.8114217781088,0.7028409604876221
formal-run-01-CCP30-solution-0220,30,cost,10,0.8848,0.06522569364223818,12096002.283597497,132173.69303620554
formal-run-01-CCP30-solution-0220,30,emission,10,0.8738400000000001,0.041448742106633615,9663721674.72643,2399406.4946923
formal-run-01-CCP30-solution-0220,30,makespan,10,0.8831999999999999,0.048082614090519,561.5286564319667,19.08331271093567
formal-run-01-CCP30-solution-0220,100,cost,10,0.90208,0.025446798532537566,12107642.38833211,52214.846688987505
formal-run-01-CCP30-solution-0220,100,emission,10,0.88788,0.023293909552117322,9664486655.7932,1489568.0023893772
formal-run-01-CCP30-solution-0220,100,makespan,10,0.8946400000000001,0.021301810043071696,565.481465372783,9.403327624851197
formal-run-01-CCP30-solution-0220,300,cost,10,0.89574,0.018751248847299028,12092132.493229114,37866.00453559528
formal-run-01-CCP30-solution-0220,300,emission,10,0.89164,0.01615640223977273,9664700578.389812,1022824.2114162234
formal-run-01-CCP30-solution-0220,300,makespan,10,0.8976000000000001,0.011657329597010322,566.2921119028387,6.9438363937551975
formal-run-01-CCP30-solution-0221,30,cost,10,0.87614,0.05622558136649189,11937906.852416504,86762.58433509558
formal-run-01-CCP30-solution-0221,30,emission,10,0.86782,0.04050936242949826,9895381077.383856,2308411.578166815
formal-run-01-CCP30-solution-0221,30,makespan,10,0.8838000000000001,0.04161249812255928,566.6661121386317,10.108878511126383
formal-run-01-CCP30-solution-0221,100,cost,10,0.89688,0.018771420357080657,11952765.603433654,31018.5572417038
formal-run-01-CCP30-solution-0221,100,emission,10,0.8913,0.025731131166567698,9896696790.651138,1683225.679290795
formal-run-01-CCP30-solution-0221,100,makespan,10,0.8904,0.023946607275353218,568.5215769630644,5.856193043718945
formal-run-01-CCP30-solution-0221,300,cost,10,0.8982000000000001,0.013689249634496251,11953539.22407296,22945.413645321565
formal-run-01-CCP30-solution-0221,300,emission,10,0.89276,0.015373223474600234,9896751221.849834,958759.9016501642
formal-run-01-CCP30-solution-0221,300,makespan,10,0.90832,0.008647774280125482,572.0825923549656,0.4224860949987974
formal-run-01-CCP30-solution-0222,30,cost,10,0.88232,0.062484287802792644,12181504.23357701,141232.70769002434
formal-run-01-CCP30-solution-0222,30,emission,10,0.87422,0.04947425368590999,9789553676.969788,2762423.709209668
formal-run-01-CCP30-solution-0222,30,makespan,10,0.8895200000000001,0.04174027631277333,561.0857846057922,17.807794502542837
formal-run-01-CCP30-solution-0222,100,cost,10,0.8949400000000001,0.02804410019158319,12185314.02377676,60490.2938026067
formal-run-01-CCP30-solution-0222,100,emission,10,0.8885399999999999,0.024391264374316025,9790258187.710407,1545340.043037335
formal-run-01-CCP30-solution-0222,100,makespan,10,0.89618,0.02756526800159941,562.9769528110878,14.66616030089813
formal-run-01-CCP30-solution-0222,300,cost,10,0.9004999999999999,0.021553911735717732,12194077.144905267,49785.62662076122
formal-run-01-CCP30-solution-0222,300,emission,10,0.8930000000000001,0.017275801959195213,9790525503.640036,1110607.0556129317
formal-run-01-CCP30-solution-0222,300,makespan,10,0.9008200000000001,0.012829982246458673,567.6414964672367,4.656774605645069
formal-run-01-CCP30-solution-0223,30,cost,10,0.8827,0.06465623627221807,11969272.304406682,107831.37378751788
formal-run-01-CCP30-solution-0223,30,emission,10,0.8687800000000001,0.04588085536352703,9884885187.00366,2566649.883816365
formal-run-01-CCP30-solution-0223,30,makespan,10,0.8826,0.04497031119404099,562.0198007522193,15.084933090862528
formal-run-01-CCP30-solution-0223,100,cost,10,0.89706,0.03389867909586513,11975598.827042246,56757.47751647643
formal-run-01-CCP30-solution-0223,100,emission,10,0.88666,0.0270359513734336,9885831091.41116,1689828.9555193696
formal-run-01-CCP30-solution-0223,100,makespan,10,0.89398,0.022002313009721896,568.1230308141318,8.656817807649926
formal-run-01-CCP30-solution-0223,300,cost,10,0.8949999999999999,0.022139557357815445,11969019.793218454,38942.106337352096
formal-run-01-CCP30-solution-0223,300,emission,10,0.8939999999999999,0.020570745138559166,9886250546.8698,1315643.3494592072
formal-run-01-CCP30-solution-0223,300,makespan,10,0.9002799999999999,0.013705538215545498,571.1686953874952,3.5537527599232908
formal-run-01-CCP30-solution-0224,30,cost,10,0.8891600000000001,0.063286775869845,12287708.970803915,117260.68989765711
formal-run-01-CCP30-solution-0224,30,emission,10,0.86958,0.042510908404000645,9294250793.009058,2363454.8771249037
formal-run-01-CCP30-solution-0224,30,makespan,10,0.8801399999999999,0.06468426221097198,570.482198777203,11.447497027607495
formal-run-01-CCP30-solution-0224,100,cost,10,0.9010399999999998,0.034908999158128576,12296472.979752166,71032.95204847227
formal-run-01-CCP30-solution-0224,100,emission,10,0.8907999999999999,0.026541037407506633,9295421709.44769,1739990.191385622
formal-run-01-CCP30-solution-0224,100,makespan,10,0.90352,0.01933108032849345,574.1903625628839,2.5391611162290473
formal-run-01-CCP30-solution-0224,300,cost,10,0.90044,0.022574479199111354,12288240.752909165,48248.35317163586
formal-run-01-CCP30-solution-0224,300,emission,10,0.8932399999999999,0.014381098706288075,9295515724.044258,877739.5399422072
formal-run-01-CCP30-solution-0224,300,makespan,10,0.906,0.008378278794332126,573.6303420522538,0.8889739605888026
formal-run-01-CCP30-solution-0225,30,cost,10,0.89348,0.06835139273554627,12318521.34580176,139211.8281640914
formal-run-01-CCP30-solution-0225,30,emission,10,0.8720000000000001,0.04496892754385459,9345454556.086157,2520424.727307314
formal-run-01-CCP30-solution-0225,30,makespan,10,0.8893000000000001,0.04935056005536086,565.1412256400645,14.78757844909609
formal-run-01-CCP30-solution-0225,100,cost,10,0.90018,0.03230995030774404,12303168.81095459,66197.09120318755
formal-run-01-CCP30-solution-0225,100,emission,10,0.8863800000000002,0.023283460987481137,9346206080.679674,1427832.4766849317
formal-run-01-CCP30-solution-0225,100,makespan,10,0.8991999999999999,0.021342289786556043,570.0669457389107,6.054559033343468
formal-run-01-CCP30-solution-0225,300,cost,10,0.89886,0.019562106226068823,12293665.498866905,39404.21563427494
formal-run-01-CCP30-solution-0225,300,emission,10,0.8913399999999999,0.017387364505423036,9346472365.192135,1101685.5506344403
formal-run-01-CCP30-solution-0225,300,makespan,10,0.9054800000000001,0.011369823608521321,572.4827525458504,0.7774558880742717
formal-run-01-CCP30-solution-0226,30,cost,10,0.885,0.0608088443859572,12298148.425171157,130432.04467156298
formal-run-01-CCP30-solution-0226,30,emission,10,0.8734599999999999,0.03198375281989974,9416908690.193005,1894753.9251294672
formal-run-01-CCP30-solution-0226,30,makespan,10,0.87532,0.045198741378739984,566.5168456805724,12.619368200582315
formal-run-01-CCP30-solution-0226,100,cost,10,0.8891,0.031080576285233568,12285501.485952344,57891.516410222386
formal-run-01-CCP30-solution-0226,100,emission,10,0.8824400000000001,0.022072164471216797,9417404156.256168,1396446.739766767
formal-run-01-CCP30-solution-0226,100,makespan,10,0.8930199999999999,0.021756112806391767,572.7384285424487,6.706017120283942
formal-run-01-CCP30-solution-0226,300,cost,10,0.8987,0.02099804223678431,12301983.680501712,41715.146247799436
formal-run-01-CCP30-solution-0226,300,emission,10,0.8911800000000001,0.013979174987578242,9417924419.724415,962001.890093632
formal-run-01-CCP30-solution-0226,300,makespan,10,0.9051400000000001,0.01175719165258252,576.0505691617561,2.7141004342169346
formal-run-01-CCP30-solution-0228,30,cost,10,0.8775400000000001,0.05988678578042999,11942000.436196066,87296.19076286159
formal-run-01-CCP30-solution-0228,30,emission,10,0.8676600000000001,0.03935570550194159,9833240453.344782,2256869.290834755
formal-run-01-CCP30-solution-0228,30,makespan,10,0.8820600000000001,0.027463923811267592,562.8661284919458,9.018049418858281
formal-run-01-CCP30-solution-0228,100,cost,10,0.8941000000000001,0.02753022581333712,11953676.317439657,40426.663534109575
formal-run-01-CCP30-solution-0228,100,emission,10,0.89232,0.025096471642222732,9834653592.982662,1639811.1457191538
formal-run-01-CCP30-solution-0228,100,makespan,10,0.8869200000000002,0.020476805306383985,565.5599938917256,7.584892425410714
formal-run-01-CCP30-solution-0228,300,cost,10,0.89958,0.01271969601313911,11958513.936397005,22536.385481086832
formal-run-01-CCP30-solution-0228,300,emission,10,0.8924,0.016362830507654302,9834606501.397594,1026185.5325131825
formal-run-01-CCP30-solution-0228,300,makespan,10,0.9054400000000001,0.008134316880421547,571.2140154309753,1.0168521372200878
formal-run-01-CCP30-solution-0229,30,cost,10,0.88856,0.06622009094258662,12192869.638911344,129724.10868986847
formal-run-01-CCP30-solution-0229,30,emission,10,0.8769600000000001,0.04391707336940078,9537871212.078392,2458596.355026237
formal-run-01-CCP30-solution-0229,30,makespan,10,0.8827400000000001,0.04676922539923497,567.929535472312,11.064072304187631
formal-run-01-CCP30-solution-0229,100,cost,10,0.8962,0.026894857005259058,12184294.98047476,51152.28307306221
formal-run-01-CCP30-solution-0229,100,emission,10,0.8859199999999999,0.023718759570339146,9538264885.624773,1460810.6074422675
formal-run-01-CCP30-solution-0229,100,makespan,10,0.8939799999999998,0.022997091603553312,572.2173612017895,3.2729105995452636
formal-run-01-CCP30-solution-0229,300,cost,10,0.89588,0.021648751567802795,12182094.219291218,40780.149561998674
formal-run-01-CCP30-solution-0229,300,emission,10,0.8938199999999998,0.01820584765642317,9538753984.36856,1163618.1609817639
formal-run-01-CCP30-solution-0229,300,makespan,10,0.90222,0.006994251607967494,573.2495865791324,0.8566480754001267
formal-run-01-CCP30-solution-0230,30,cost,10,0.8877999999999998,0.06823045914806346,12212682.800472677,131059.92149434016
formal-run-01-CCP30-solution-0230,30,emission,10,0.8713599999999999,0.03476726429655726,9319145397.618134,2028897.9470274034
formal-run-01-CCP30-solution-0230,30,makespan,10,0.8775600000000001,0.06696578230708575,569.6351680462919,15.2819791724082
formal-run-01-CCP30-solution-0230,100,cost,10,0.89924,0.0317961283457244,12212409.98272703,65259.048015824534
formal-run-01-CCP30-solution-0230,100,emission,10,0.8923,0.02715817863308706,9320350377.89541,1675891.5150386507
formal-run-01-CCP30-solution-0230,100,makespan,10,0.9004800000000002,0.018628818773311656,574.1310337170124,1.7071153555451943
formal-run-01-CCP30-solution-0230,300,cost,10,0.8983399999999999,0.023655875474064458,12205043.85656811,46558.88905406898
formal-run-01-CCP30-solution-0230,300,emission,10,0.89344,0.01494309204950568,9320383813.086262,1008005.0122539471
formal-run-01-CCP30-solution-0230,300,makespan,10,0.8943199999999999,0.017240572302952516,573.6027632630121,1.2555651437627908
formal-run-01-CCP30-solution-0231,30,cost,10,0.8855600000000001,0.06125899843197643,12104945.28379761,119580.36622164572
formal-run-01-CCP30-solution-0231,30,emission,10,0.8753200000000001,0.03883574527559772,9536520463.605778,2342066.604047806
formal-run-01-CCP30-solution-0231,30,makespan,10,0.8828800000000001,0.049053548971166865,565.7328378467203,11.302168337219067
formal-run-01-CCP30-solution-0231,100,cost,10,0.9034599999999999,0.02484083555581637,12119497.178637765,51730.815857343536
formal-run-01-CCP30-solution-0231,100,emission,10,0.88598,0.02201584278044638,9537126125.970324,1360886.735076361
formal-run-01-CCP30-solution-0231,100,makespan,10,0.8974399999999999,0.021353282339412534,571.3201369090955,4.18930704256118
formal-run-01-CCP30-solution-0231,300,cost,10,0.8956,0.020797863138099323,12101865.94338614,39244.53515669513
formal-run-01-CCP30-solution-0231,300,emission,10,0.8911000000000001,0.014715449175762318,9537411154.84103,916264.983487145
formal-run-01-CCP30-solution-0231,300,makespan,10,0.90626,0.007244952265773282,572.97621730148,0.5636298986863628
formal-run-01-CCP30-solution-0232,30,cost,10,0.88704,0.05734548708389257,12188712.847213594,123452.86377741619
formal-run-01-CCP30-solution-0232,30,emission,10,0.8649800000000001,0.03783313656336498,9378425726.60202,2142883.8990272833
formal-run-01-CCP30-solution-0232,30,makespan,10,0.87576,0.05538493979012306,567.8243998639952,10.739831254717348
formal-run-01-CCP30-solution-0232,100,cost,10,0.8978400000000001,0.03221328918319271,12196948.507085402,71792.73752745742
formal-run-01-CCP30-solution-0232,100,emission,10,0.8836999999999999,0.024314467572483133,9379484736.064693,1439859.8867678784
formal-run-01-CCP30-solution-0232,100,makespan,10,0.9010599999999999,0.019575052149781523,572.3832434791743,1.102851846187121
formal-run-01-CCP30-solution-0232,300,cost,10,0.8949,0.02453446555358402,12186911.38654273,52162.07191149061
formal-run-01-CCP30-solution-0232,300,emission,10,0.8922000000000001,0.017361003555222392,9379953385.70425,1080408.8795650583
formal-run-01-CCP30-solution-0232,300,makespan,10,0.90854,0.010322811847769205,572.8019385162813,0.5751589663724369
formal-run-01-CCP30-solution-0233,30,cost,10,0.8771000000000001,0.06396931556092601,12227878.099180596,117437.99674777439
formal-run-01-CCP30-solution-0233,30,emission,10,0.8785400000000001,0.0303048290981267,9445959869.813868,1771858.5504327957
formal-run-01-CCP30-solution-0233,30,makespan,10,0.8755200000000001,0.045127099520256245,566.5168456805724,12.619368200582315
formal-run-01-CCP30-solution-0233,100,cost,10,0.89286,0.027483174650845706,12234664.873791724,48069.52337567734
formal-run-01-CCP30-solution-0233,100,emission,10,0.8933199999999999,0.026502360481872392,9446814027.509306,1803294.2534502724
formal-run-01-CCP30-solution-0233,100,makespan,10,0.8928800000000001,0.02138747296900688,572.669628869254,6.639376738430034
formal-run-01-CCP30-solution-0233,300,cost,10,0.8986799999999999,0.02016007054661376,12243164.540545024,37566.276885789106
formal-run-01-CCP30-solution-0233,300,emission,10,0.8929,0.016332721076960127,9446702859.643055,1088252.2800461608
formal-run-01-CCP30-solution-0233,300,makespan,10,0.90504,0.011390756486438176,575.9773016986827,2.61581712117072
formal-run-01-CCP30-solution-0234,30,cost,10,0.8753400000000001,0.05635207183413933,11990102.30727175,95845.58319530386
formal-run-01-CCP30-solution-0234,30,emission,10,0.8766200000000002,0.03358630011709471,9750946702.687294,1990685.5643108145
formal-run-01-CCP30-solution-0234,30,makespan,10,0.8833,0.04412207812170433,566.0304607391333,11.420041909121249
formal-run-01-CCP30-solution-0234,100,cost,10,0.8993599999999999,0.01870016042711934,12010444.441706844,33564.012400417574
formal-run-01-CCP30-solution-0234,100,emission,10,0.8922599999999999,0.028795377715490678,9751903773.010754,1906798.6530507705
formal-run-01-CCP30-solution-0234,100,makespan,10,0.89162,0.02244844958764166,568.7054446056343,5.861664547773939
formal-run-01-CCP30-solution-0234,300,cost,10,0.89792,0.013006733298992136,12006879.428251851,22416.559932667922
formal-run-01-CCP30-solution-0234,300,emission,10,0.8947800000000001,0.014628267915998187,9751940106.770922,973333.5449493802
formal-run-01-CCP30-solution-0234,300,makespan,10,0.9080400000000001,0.00965438300002186,572.0128366295877,0.5109158210617932
formal-run-01-CCP30-solution-0235,30,cost,10,0.8834199999999999,0.06266854252511561,12064724.045930373,129057.18494233096
formal-run-01-CCP30-solution-0235,30,emission,10,0.87044,0.04586470926055846,10168262945.59797,2577014.6833534976
formal-run-01-CCP30-solution-0235,30,makespan,10,0.8773799999999999,0.051314840824939596,554.1969403312363,19.733439623910048
formal-run-01-CCP30-solution-0235,100,cost,10,0.89578,0.03092678810064541,12069734.317312403,61381.04165990811
formal-run-01-CCP30-solution-0235,100,emission,10,0.8886799999999999,0.02454007153842693,10169229685.840923,1568669.8106052035
formal-run-01-CCP30-solution-0235,100,makespan,10,0.8949400000000001,0.026170560219877265,559.1990969291537,13.76522668312081
formal-run-01-CCP30-solution-0235,300,cost,10,0.89294,0.021778694992022722,12061695.242545847,42066.72867696316
formal-run-01-CCP30-solution-0235,300,emission,10,0.89354,0.018744611077438897,10169470185.17113,1190970.9027866728
formal-run-01-CCP30-solution-0235,300,makespan,10,0.8987200000000002,0.013180187150922165,562.8049786237203,6.8996758277048365
formal-run-01-CCP30-solution-0236,30,cost,10,0.88156,0.06570038389876001,12011566.699891176,115654.9934083463
formal-run-01-CCP30-solution-0236,30,emission,10,0.8735799999999999,0.0363652398131329,9579618864.217718,2034812.4172729573
formal-run-01-CCP30-solution-0236,30,makespan,10,0.8829,0.04842765509270274,572.6856952873435,5.5954441369739465
formal-run-01-CCP30-solution-0236,100,cost,10,0.89842,0.02822315046592464,12013298.571426462,43712.93904546767
formal-run-01-CCP30-solution-0236,100,emission,10,0.8861800000000001,0.027688336894801022,9580351248.012844,1694923.158959026
formal-run-01-CCP30-solution-0236,100,makespan,10,0.8871399999999999,0.020561463415277096,573.4133259561809,0.9321026751700416
formal-run-01-CCP30-solution-0236,300,cost,10,0.9008600000000001,0.01932414724293587,12015697.34808461,32509.970532016392
formal-run-01-CCP30-solution-0236,300,emission,10,0.8922000000000001,0.01929283113836154,9580682429.066105,1196584.5361163935
formal-run-01-CCP30-solution-0236,300,makespan,10,0.8982800000000001,0.012995110191486987,573.8123018714226,0.701511234927578
formal-run-01-CCP30-solution-0237,30,cost,10,0.8869400000000001,0.06591799956511626,12171841.20281453,118428.1125188405
formal-run-01-CCP30-solution-0237,30,emission,10,0.86684,0.037698782768442574,9346087893.841717,2044274.039960159
formal-run-01-CCP30-solution-0237,30,makespan,10,0.8765600000000001,0.0729329555139513,566.8167338597575,16.603828251632564
formal-run-01-CCP30-solution-0237,100,cost,10,0.90038,0.03470503645806406,12183059.141544122,69448.41419223456
formal-run-01-CCP30-solution-0237,100,emission,10,0.8905799999999999,0.03276426915609949,9347484045.929586,2018956.1779788209
formal-run-01-CCP30-solution-0237,100,makespan,10,0.9041599999999999,0.015310940169985939,574.4002386267308,2.529163663195073
formal-run-01-CCP30-solution-0237,300,cost,10,0.8998999999999999,0.024393122892414656,12176037.91751191,48984.49288013202
formal-run-01-CCP30-solution-0237,300,emission,10,0.8961400000000002,0.015453744601947525,9347674996.973621,958157.2498184254
formal-run-01-CCP30-solution-0237,300,makespan,10,0.8975799999999999,0.012370376801949962,573.2715112655187,1.8176033300324617
formal-run-01-CCP30-solution-0238,30,cost,10,0.8855000000000001,0.06804327054651818,12285754.642709775,125504.15544472396
formal-run-01-CCP30-solution-0238,30,emission,10,0.8756999999999999,0.041913906469757206,9282766843.184992,2387355.356630534
formal-run-01-CCP30-solution-0238,30,makespan,10,0.87334,0.06840838480121503,570.0217945182478,15.331768187756085
formal-run-01-CCP30-solution-0238,100,cost,10,0.9031400000000002,0.034323047002787425,12302980.875392962,74607.89011465372
formal-run-01-CCP30-solution-0238,100,emission,10,0.88856,0.026940890029016402,9283460402.252165,1647517.0883174834
formal-run-01-CCP30-solution-0238,100,makespan,10,0.8958,0.024594127573693485,574.55850514896,2.3131765662665873
formal-run-01-CCP30-solution-0238,300,cost,10,0.89918,0.02349495454111136,12286618.346406287,49368.26184771998
formal-run-01-CCP30-solution-0238,300,emission,10,0.89456,0.017327383594248225,9283776558.340742,1038955.8546227821
formal-run-01-CCP30-solution-0238,300,makespan,10,0.8920399999999999,0.01582762704190929,573.8345833426331,1.1267382195212772
formal-run-01-CCP30-solution-0239,30,cost,10,0.8885799999999999,0.0659767265362904,12267539.267097507,118547.64495398976
formal-run-01-CCP30-solution-0239,30,emission,10,0.8722799999999999,0.041572127414624536,9312999795.103285,2323615.9051340097
formal-run-01-CCP30-solution-0239,30,makespan,10,0.8817600000000001,0.05937487684197754,569.8454018016414,11.43179346696355
formal-run-01-CCP30-solution-0239,100,cost,10,0.89876,0.035970580571720916,12270914.222000849,69163.53688007778
formal-run-01-CCP30-solution-0239,100,emission,10,0.88734,0.02620416421529643,9313796258.370634,1637749.5301265698
formal-run-01-CCP30-solution-0239,100,makespan,10,0.8983000000000001,0.015141774444672377,572.8716605864431,1.3730747309281444
formal-run-01-CCP30-solution-0239,300,cost,10,0.8990199999999999,0.02362737583585806,12265888.44902404,47342.94170829054
formal-run-01-CCP30-solution-0239,300,emission,10,0.8913599999999999,0.016422423694448997,9314001065.91826,1073824.37515873
formal-run-01-CCP30-solution-0239,300,makespan,10,0.90588,0.007933165264326178,573.4012623942659,0.7655275475425372
formal-run-01-CCP30-solution-0240,30,cost,10,0.8848199999999998,0.057249974284322214,11996882.375042941,103812.46182545094
formal-run-01-CCP30-solution-0240,30,emission,10,0.87012,0.043156789088675776,9734560240.35609,2469156.2559205974
formal-run-01-CCP30-solution-0240,30,makespan,10,0.88308,0.04407228405951093,565.8070033053498,11.25977722547916
formal-run-01-CCP30-solution-0240,100,cost,10,0.8967199999999999,0.032586732133049356,11999976.778208403,55120.169042150366
formal-run-01-CCP30-solution-0240,100,emission,10,0.8901800000000002,0.024126601270980715,9735690672.012518,1506483.6018723259
formal-run-01-CCP30-solution-0240,100,makespan,10,0.89672,0.021338582687496152,571.1528019579486,4.584118782835235
formal-run-01-CCP30-solution-0240,300,cost,10,0.89936,0.02206189273637037,11998940.091916617,36020.23889216734
formal-run-01-CCP30-solution-0240,300,emission,10,0.8947600000000001,0.018645654840858884,9735920941.114996,1184944.1633018819
formal-run-01-CCP30-solution-0240,300,makespan,10,0.9060799999999999,0.009050082872548737,572.9906589946039,0.8084552061217655
formal-run-01-CCP30-solution-0241,30,cost,10,0.88626,0.05696525646781944,12167655.448327376,110597.72212060176
formal-run-01-CCP30-solution-0241,30,emission,10,0.8708,0.037754764232110154,9411206378.220434,2149671.9625136773
formal-run-01-CCP30-solution-0241,30,makespan,10,0.88232,0.045352172556070054,564.9573546094142,12.355709197722197
formal-run-01-CCP30-solution-0241,100,cost,10,0.90058,0.02664573345042526,12179807.125167524,55925.67484449822
formal-run-01-CCP30-solution-0241,100,emission,10,0.8869,0.0209110815916665,9412077229.317719,1262441.8650207797
formal-run-01-CCP30-solution-0241,100,makespan,10,0.8959199999999999,0.023853664987446548,570.9479455118087,5.581556263211293
formal-run-01-CCP30-solution-0241,300,cost,10,0.8958200000000002,0.021262058016831568,12166886.260308102,39489.38483796195
formal-run-01-CCP30-solution-0241,300,emission,10,0.8920200000000001,0.017117489431702448,9412339298.496857,1110198.28477484
formal-run-01-CCP30-solution-0241,300,makespan,10,0.9053400000000001,0.008494730392687248,572.981768952637,0.7754752164004344
formal-run-01-CCP30-solution-0242,30,cost,10,0.86682,0.05975211386311878,11920508.54427907,94061.06758780305
formal-run-01-CCP30-solution-0242,30,emission,10,0.8712,0.036431610206278595,9792036724.68311,2107625.918497862
formal-run-01-CCP30-solution-0242,30,makespan,10,0.8693,0.0488844669717397,568.5538406423946,9.241959774864995
formal-run-01-CCP30-solution-0242,100,cost,10,0.89308,0.020457044426472438,11942355.18767015,32425.131766733404
formal-run-01-CCP30-solution-0242,100,emission,10,0.892,0.03067376729389464,9793248682.044792,1926514.6611178564
formal-run-01-CCP30-solution-0242,100,makespan,10,0.8846399999999999,0.020335584574828414,572.4913954372645,0.4674385297305507
formal-run-01-CCP30-solution-0242,300,cost,10,0.89618,0.017283376727685797,11946313.654898498,28267.726881437426
formal-run-01-CCP30-solution-0242,300,emission,10,0.8933199999999999,0.01986469788902471,9793257853.00087,1224728.8919399597
formal-run-01-CCP30-solution-0242,300,makespan,10,0.90312,0.010539744884114707,572.9445550631838,0.30472380749993516
formal-run-01-CCP30-solution-0243,30,cost,10,0.8805400000000001,0.06960549467455059,12165938.874242222,131410.5165358691
formal-run-01-CCP30-solution-0243,30,emission,10,0.8703800000000002,0.03217140897684705,9549848959.92004,1869528.0771831311
formal-run-01-CCP30-solution-0243,30,makespan,10,0.8737600000000001,0.03931635791881034,566.5181582092043,12.788616515413123
formal-run-01-CCP30-solution-0243,100,cost,10,0.89566,0.028209383781524426,12169040.252511015,56236.14962082466
formal-run-01-CCP30-solution-0243,100,emission,10,0.88404,0.023277036848457416,9550626682.532627,1470367.9476887353
formal-run-01-CCP30-solution-0243,100,makespan,10,0.8908799999999999,0.019228497370078375,573.474673025304,5.766281804933935
formal-run-01-CCP30-solution-0243,300,cost,10,0.8975,0.02126933107656289,12169338.21816863,39370.454475699764
formal-run-01-CCP30-solution-0243,300,emission,10,0.8903599999999999,0.016117016542220926,9550994555.401392,1058202.4475503105
formal-run-01-CCP30-solution-0243,300,makespan,10,0.9045799999999999,0.010899724767167293,577.2945743048037,2.299332668772325
formal-run-01-CCP30-solution-0244,30,cost,10,0.88292,0.06207452152229788,12142958.808562586,130573.3838705209
formal-run-01-CCP30-solution-0244,30,emission,10,0.87632,0.04413587102472443,9792565530.766256,2514832.9293340216
formal-run-01-CCP30-solution-0244,30,makespan,10,0.89506,0.04326055940461244,564.5088516292892,13.87088880688718
formal-run-01-CCP30-solution-0244,100,cost,10,0.8943999999999999,0.03337251031079989,12145070.716620434,62582.96537987021
formal-run-01-CCP30-solution-0244,100,emission,10,0.8889399999999998,0.023243455470781917,9793203649.02641,1489041.5817194188
formal-run-01-CCP30-solution-0244,100,makespan,10,0.89426,0.02147806115810064,568.3942907619414,5.711211906425034
formal-run-01-CCP30-solution-0244,300,cost,10,0.8980400000000002,0.02195567251430837,12149270.844338205,42075.30013025886
formal-run-01-CCP30-solution-0244,300,emission,10,0.8925799999999999,0.01691769619198917,9793408172.657007,1072649.4426266958
formal-run-01-CCP30-solution-0244,300,makespan,10,0.9082800000000001,0.01194885396643171,571.8694131700399,0.8509276315994877
formal-run-01-CCP30-solution-0245,30,cost,10,0.87544,0.0666252404623553,12315647.108465852,136655.93076541577
formal-run-01-CCP30-solution-0245,30,emission,10,0.8815199999999999,0.025636813807925155,9398363434.053621,1609790.97489176
formal-run-01-CCP30-solution-0245,30,makespan,10,0.87532,0.045198741378739984,566.5168456805724,12.619368200582315
formal-run-01-CCP30-solution-0245,100,cost,10,0.8895,0.02881993908544722,12318390.325045835,54406.70374393622
formal-run-01-CCP30-solution-0245,100,emission,10,0.8865999999999999,0.02074201318848078,9398630469.775482,1326981.27657527
formal-run-01-CCP30-solution-0245,100,makespan,10,0.8930199999999999,0.021756112806391767,572.7384285424487,6.706017120283942
formal-run-01-CCP30-solution-0245,300,cost,10,0.89746,0.021596923649240197,12332110.077061525,43604.56608784644
formal-run-01-CCP30-solution-0245,300,emission,10,0.8923800000000002,0.010821562836403164,9398925930.19093,759582.200229289
formal-run-01-CCP30-solution-0245,300,makespan,10,0.9051400000000001,0.01175719165258252,576.0505691617561,2.7141004342169346
formal-run-01-CCP30-solution-0246,30,cost,10,0.8946400000000001,0.07380248716073945,12330130.660685103,154769.82072376925
formal-run-01-CCP30-solution-0246,30,emission,10,0.8731199999999999,0.040744755627087896,9324967949.689177,2302900.870772982
formal-run-01-CCP30-solution-0246,30,makespan,10,0.88452,0.07887944106180154,566.5378766616288,16.62129524971709
formal-run-01-CCP30-solution-0246,100,cost,10,0.89768,0.029435760564320405,12302454.899331044,64414.79614070402
formal-run-01-CCP30-solution-0246,100,emission,10,0.88628,0.023470870835522437,9325660829.879688,1452096.051988566
formal-run-01-CCP30-solution-0246,100,makespan,10,0.8984200000000001,0.021318213391891494,570.0926386995551,5.164646733005945
formal-run-01-CCP30-solution-0246,300,cost,10,0.89592,0.0234750363861983,12295814.700515706,49108.17905619533
formal-run-01-CCP30-solution-0246,300,emission,10,0.89178,0.016360236347111038,9325964110.423151,1079186.537504895
formal-run-01-CCP30-solution-0246,300,makespan,10,0.9067400000000001,0.01101919537292387,572.2199763175047,0.5353272619570282
formal-run-01-CCP30-solution-0248,30,cost,10,0.88404,0.061826049885500896,12003932.489020277,107957.8659202475
formal-run-01-CCP30-solution-0248,30,emission,10,0.86876,0.04528171571150741,9633622480.735437,2553475.6913007083
formal-run-01-CCP30-solution-0248,30,makespan,10,0.8915400000000002,0.050686754789699355,569.4147780596134,11.705036073509278
formal-run-01-CCP30-solution-0248,100,cost,10,0.90098,0.02665774017262363,12009337.670833489,41359.48578483714
formal-run-01-CCP30-solution-0248,100,emission,10,0.8914799999999999,0.028184660918859954,9634869075.979511,1793250.8817741107
formal-run-01-CCP30-solution-0248,100,makespan,10,0.8969400000000002,0.015240312041133252,573.1578930390267,1.5551677399839845
formal-run-01-CCP30-solution-0248,300,cost,10,0.8988799999999999,0.02023313014724997,12004482.95274918,34332.11446456043
formal-run-01-CCP30-solution-0248,300,emission,10,0.89534,0.017140478406392268,9635012912.041603,1099358.8345677517
formal-run-01-CCP30-solution-0248,300,makespan,10,0.9035400000000001,0.009212093500755766,573.760655122975,1.1525675840252523
formal-run-01-CCP30-solution-0250,30,cost,10,0.8793799999999999,0.062089573288202846,11980694.486196816,111262.19735661827
formal-run-01-CCP30-solution-0250,30,emission,10,0.8693200000000001,0.03670315759955507,9806716771.573368,2133056.093638149
formal-run-01-CCP30-solution-0250,30,makespan,10,0.8786800000000001,0.04933100895425153,565.6968430822974,11.308411810077365
formal-run-01-CCP30-solution-0250,100,cost,10,0.8972800000000001,0.022678075560133203,11989087.626661444,38323.66154344564
formal-run-01-CCP30-solution-0250,100,emission,10,0.8843799999999999,0.024022110185780463,9807555469.536825,1569140.5925069833
formal-run-01-CCP30-solution-0250,100,makespan,10,0.8904,0.023705601775857846,568.4817814368923,5.836586409587022
formal-run-01-CCP30-solution-0250,300,cost,10,0.89826,0.018013587464281874,11989463.748587882,31304.65003274793
formal-run-01-CCP30-solution-0250,300,emission,10,0.8911200000000001,0.017523622152207378,9807944404.551441,1172485.9236829686
formal-run-01-CCP30-solution-0250,300,makespan,10,0.9100400000000001,0.009332761887268122,572.142744492304,0.4620272519528763
formal-run-01-CCP30-solution-0251,30,cost,10,0.8854199999999999,0.06345388176550833,12097290.145325353,131444.62716390382
formal-run-01-CCP30-solution-0251,30,emission,10,0.8700199999999999,0.040164268254811314,9657287681.921597,2317116.4030291694
formal-run-01-CCP30-solution-0251,30,makespan,10,0.88684,0.045542244125646676,567.1499940599837,16.86696354835185
formal-run-01-CCP30-solution-0251,100,cost,10,0.9029,0.02437599000838509,12110206.42372967,49450.542784080586
formal-run-01-CCP30-solution-0251,100,emission,10,0.8874599999999999,0.02367165205707263,9658312632.958134,1508698.7955155326
formal-run-01-CCP30-solution-0251,100,makespan,10,0.8961,0.021727453192268594,569.4994680437756,7.3889960017387635
formal-run-01-CCP30-solution-0251,300,cost,10,0.8966799999999999,0.01896316898036238,12095389.085489426,35769.6842679374
formal-run-01-CCP30-solution-0251,300,emission,10,0.893,0.017986167524579048,9658615102.092104,1143370.9753355926
formal-run-01-CCP30-solution-0251,300,makespan,10,0.89962,0.01149007301011519,571.5549519462982,2.041998459485155
formal-run-01-CCP30-solution-0252,30,cost,10,0.8743400000000001,0.06141125846835144,11912921.333062015,89605.58707479022
formal-run-01-CCP30-solution-0252,30,emission,10,0.87388,0.03662921723918701,9896527625.482166,2159714.1191678024
formal-run-01-CCP30-solution-0252,30,makespan,10,0.8662599999999999,0.03721445955539325,567.9253821362696,8.868115539366903
formal-run-01-CCP30-solution-0252,100,cost,10,0.8893000000000001,0.027491453217318277,11919568.380895974,39171.38988351433
formal-run-01-CCP30-solution-0252,100,emission,10,0.8915000000000001,0.027904639200120283,9897543475.481478,1771585.742240599
formal-run-01-CCP30-solution-0252,100,makespan,10,0.88558,0.018403731505684744,572.2871734977659,0.4412520254394228
formal-run-01-CCP30-solution-0252,300,cost,10,0.8993800000000001,0.016402289813044757,11932035.223264942,27459.59824930355
formal-run-01-CCP30-solution-0252,300,emission,10,0.8921600000000002,0.01773553870998379,9897545235.7794,1094440.0472544276
formal-run-01-CCP30-solution-0252,300,makespan,10,0.90134,0.007083031366112482,572.653133559689,0.1547691054717436
formal-run-01-CCP30-solution-0253,30,cost,10,0.88412,0.06386327061256207,11983781.399530953,119596.2642884026
formal-run-01-CCP30-solution-0253,30,emission,10,0.8683,0.04583043627207676,9809550395.548239,2571434.273414029
formal-run-01-CCP30-solution-0253,30,makespan,10,0.88716,0.04098745607567703,562.0198007522193,15.084933090862528
formal-run-01-CCP30-solution-0253,100,cost,10,0.8956,0.03440710520937339,11985358.598677818,63714.28898974366
formal-run-01-CCP30-solution-0253,100,emission,10,0.88934,0.024840835555816367,9810655588.028852,1496189.3065856711
formal-run-01-CCP30-solution-0253,100,makespan,10,0.8952199999999999,0.01943569453922915,568.1230308141318,8.656817807649926
formal-run-01-CCP30-solution-0253,300,cost,10,0.89584,0.021848122217811856,11983407.189911392,43105.53860815425
formal-run-01-CCP30-solution-0253,300,emission,10,0.8939200000000002,0.017660552401074864,9810855236.650738,1022586.4962986769
formal-run-01-CCP30-solution-0253,300,makespan,10,0.9003399999999999,0.013841017945865746,571.1686953874952,3.5537527599232908
formal-run-01-CCP30-solution-0257,30,cost,10,0.8871600000000001,0.05764556839476524,12214606.00778187,124048.84103548234
formal-run-01-CCP30-solution-0257,30,emission,10,0.86696,0.036953159540153,9362907743.203108,2119679.2249090862
formal-run-01-CCP30-solution-0257,30,makespan,10,0.87576,0.05538493979012306,567.8243998639952,10.739831254717348
formal-run-01-CCP30-solution-0257,100,cost,10,0.898,0.03189510585932861,12222691.563435452,71494.94549183348
formal-run-01-CCP30-solution-0257,100,emission,10,0.8846999999999999,0.024251689517319066,9363899764.554981,1500429.491376227
formal-run-01-CCP30-solution-0257,100,makespan,10,0.9010599999999999,0.019575052149781523,572.3832434791743,1.102851846187121
formal-run-01-CCP30-solution-0257,300,cost,10,0.89498,0.024592220992283975,12212734.38974575,52487.56044072079
formal-run-01-CCP30-solution-0257,300,emission,10,0.8916000000000002,0.016724698967561565,9364304026.47144,1060396.870679715
formal-run-01-CCP30-solution-0257,300,makespan,10,0.90854,0.010322811847769205,572.8019385162813,0.5751589663724369
formal-run-01-CCP30-solution-0258,30,cost,10,0.8845000000000001,0.07002191720375048,12231265.012023404,125586.74535298358
formal-run-01-CCP30-solution-0258,30,emission,10,0.8702,0.041508339188917484,9306638813.800762,2285392.5297829956
formal-run-01-CCP30-solution-0258,30,makespan,10,0.87216,0.07152297532961,570.0217945182478,15.331768187756085
formal-run-01-CCP30-solution-0258,100,cost,10,0.9033599999999999,0.033619808975595855,12250902.587250533,72507.72769615045
formal-run-01-CCP30-solution-0258,100,emission,10,0.89312,0.023844160710748446,9307928222.03116,1475732.9147966674
formal-run-01-CCP30-solution-0258,100,makespan,10,0.8947800000000001,0.023701561130018402,574.3048485087588,1.7407639582675571
formal-run-01-CCP30-solution-0258,300,cost,10,0.8993400000000001,0.024799471320529762,12235998.193062205,50903.90918417283
formal-run-01-CCP30-solution-0258,300,emission,10,0.8959199999999999,0.017551752049296966,9308073979.044067,1089098.2234448676
formal-run-01-CCP30-solution-0258,300,makespan,10,0.89236,0.015782916221169153,573.8413003416738,1.1198801548797268
formal-run-01-CCP30-solution-0259,30,cost,10,0.88064,0.0635306260353575,11992961.461979048,117029.11634924135
formal-run-01-CCP30-solution-0259,30,emission,10,0.87042,0.0414273607923824,9803565159.225636,2376137.444699386
formal-run-01-CCP30-solution-0259,30,makespan,10,0.8800799999999999,0.04749729349014416,561.0828967379983,15.060582147716639
formal-run-01-CCP30-solution-0259,100,cost,10,0.89696,0.029902775790886033,12002630.430425825,54784.75926997414
formal-run-01-CCP30-solution-0259,100,emission,10,0.88636,0.024247391612295104,9804418626.508652,1432788.4280212661
formal-run-01-CCP30-solution-0259,100,makespan,10,0.8905,0.023367451246932725,568.2999917927601,6.925768740456529
formal-run-01-CCP30-solution-0259,300,cost,10,0.8981999999999999,0.020585863542192672,12001918.440799817,40581.04375645744
formal-run-01-CCP30-solution-0259,300,emission,10,0.89284,0.01983594940729807,9804820230.251905,1231408.0691593555
formal-run-01-CCP30-solution-0259,300,makespan,10,0.90862,0.012266829709061391,572.4624279927295,1.1108916364096784
formal-run-01-CCP30-solution-0261,30,cost,10,0.8877,0.0643481675470768,12263972.327218762,120406.68066781273
formal-run-01-CCP30-solution-0261,30,emission,10,0.8741,0.03834327407338433,9363060968.397451,2199114.561377479
formal-run-01-CCP30-solution-0261,30,makespan,10,0.89042,0.04182656784602076,564.710552848273,14.46909602078949
formal-run-01-CCP30-solution-0261,100,cost,10,0.9018599999999999,0.025818348342043697,12272726.954788622,54780.143830551824
formal-run-01-CCP30-solution-0261,100,emission,10,0.8878600000000001,0.0216242764811527,9363842213.187386,1348715.9432594653
formal-run-01-CCP30-solution-0261,100,makespan,10,0.89848,0.02173010200927122,569.0663523349059,7.42825209515646
formal-run-01-CCP30-solution-0261,300,cost,10,0.8974,0.01907901697910268,12261274.508916711,38428.73083508126
formal-run-01-CCP30-solution-0261,300,emission,10,0.8918999999999999,0.017676915266339133,9364064148.462532,1150964.8309225512
formal-run-01-CCP30-solution-0261,300,makespan,10,0.9068400000000001,0.012035798454794962,572.0171330239909,1.0447494050208666
formal-run-01-CCP30-solution-0262,30,cost,10,0.87098,0.06851215301762974,12297901.986499498,129612.0137301228
formal-run-01-CCP30-solution-0262,30,emission,10,0.8759,0.03764669086829987,9402647923.713675,2234021.126027454
formal-run-01-CCP30-solution-0262,30,makespan,10,0.8735200000000001,0.04869142749099795,566.5354672244698,12.588962112008149
formal-run-01-CCP30-solution-0262,100,cost,10,0.9028600000000001,0.021328551547423736,12330118.342635045,42568.36344918445
formal-run-01-CCP30-solution-0262,100,emission,10,0.89462,0.025491166225882163,9403782764.629751,1682754.601105166
formal-run-01-CCP30-solution-0262,100,makespan,10,0.89284,0.021808010760574516,572.7384285424487,6.706017120283942
formal-run-01-CCP30-solution-0262,300,cost,10,0.8983000000000001,0.018291285113712242,12319819.610557232,36152.471653956076
formal-run-01-CCP30-solution-0262,300,emission,10,0.8936,0.012504576939842643,9403629659.921837,813117.921373358
formal-run-01-CCP30-solution-0262,300,makespan,10,0.9051000000000002,0.01175840125187096,576.0505691617561,2.7141004342169346
formal-run-01-CCP30-solution-0263,30,cost,10,0.883,0.056359559969893315,11979457.619813163,99818.68578337926
formal-run-01-CCP30-solution-0263,30,emission,10,0.8688800000000001,0.038781232574532754,9727111318.14751,2206464.1902130437
formal-run-01-CCP30-solution-0263,30,makespan,10,0.8844999999999998,0.04262271173395184,566.4730220506394,9.929416253991834
formal-run-01-CCP30-solution-0263,100,cost,10,0.8946800000000001,0.03152370536596227,11981903.553797215,47317.352151078834
formal-run-01-CCP30-solution-0263,100,emission,10,0.8934599999999999,0.029844642176891083,9728576718.992638,1971396.7566932035
formal-run-01-CCP30-solution-0263,100,makespan,10,0.8918200000000001,0.02551591224663107,568.5215769630644,5.856193043718945
formal-run-01-CCP30-solution-0263,300,cost,10,0.9002400000000002,0.01765642470415042,11987907.099714624,30905.506435946398
formal-run-01-CCP30-solution-0263,300,emission,10,0.89286,0.016744896403249426,9728457885.794605,1077137.32251707
formal-run-01-CCP30-solution-0263,300,makespan,10,0.9104000000000001,0.009769339793455878,572.0551033397313,0.4146451066690731
formal-run-01-CCP30-solution-0264,30,cost,10,0.88422,0.06960111429503921,12173426.162750086,121753.82893636716
formal-run-01-CCP30-solution-0264,30,emission,10,0.87094,0.033493886672711554,9338561792.525618,1866590.8091735402
formal-run-01-CCP30-solution-0264,30,makespan,10,0.88332,0.049860712657027545,574.0318545999471,4.596099361646142
formal-run-01-CCP30-solution-0264,100,cost,10,0.89914,0.03528777566114237,12183689.345756693,69028.4673109525
formal-run-01-CCP30-solution-0264,100,emission,10,0.8843,0.02937682382045034,9339342285.501053,1786181.127845737
formal-run-01-CCP30-solution-0264,100,makespan,10,0.88892,0.01945529348132391,573.2865973559958,0.896564278738615
formal-run-01-CCP30-solution-0264,300,cost,10,0.89772,0.025178862387151484,12174949.608345766,49074.032012929645
formal-run-01-CCP30-solution-0264,300,emission,10,0.89258,0.017471615075124947,9339766781.887838,1098751.4318146617
formal-run-01-CCP30-solution-0264,300,makespan,10,0.89926,0.010852977062129584,573.5299687467331,0.46045227869891275
formal-run-01-CCP30-solution-0266,30,cost,10,0.8857000000000002,0.058491575841692324,12088614.412983397,105217.5749229946
formal-run-01-CCP30-solution-0266,30,emission,10,0.8741,0.03794162182441159,9524522704.450047,2156330.468876004
formal-run-01-CCP30-solution-0266,30,makespan,10,0.8816200000000001,0.045469936343820766,565.9867563427421,12.320985577291259
formal-run-01-CCP30-solution-0266,100,cost,10,0.90334,0.02907554145860589,12102124.793908155,50348.11000394288
formal-run-01-CCP30-solution-0266,100,emission,10,0.8899800000000001,0.026413203768822387,9525425125.977707,1646912.8123148442
formal-run-01-CCP30-solution-0266,100,makespan,10,0.9000199999999999,0.019966293819557227,572.832625174207,1.5852858849192204
formal-run-01-CCP30-solution-0266,300,cost,10,0.89826,0.023593982283624776,12090346.401314933,38164.28687620873
formal-run-01-CCP30-solution-0266,300,emission,10,0.89086,0.013876935300466508,9525431489.258854,861195.8162739193
formal-run-01-CCP30-solution-0266,300,makespan,10,0.9057799999999998,0.009404230726410069,573.039883764969,0.7890760109744729
formal-run-01-CCP30-solution-0267,30,cost,10,0.8776999999999999,0.06294620278018717,12260207.70981571,114415.39976847492
formal-run-01-CCP30-solution-0267,30,emission,10,0.87952,0.03667384172222303,9433465438.306509,2144510.235914607
formal-run-01-CCP30-solution-0267,30,makespan,10,0.87514,0.04536695321976609,566.5168456805724,12.619368200582315
formal-run-01-CCP30-solution-0267,100,cost,10,0.89602,0.02413249538140083,12273381.02018638,44320.08366661477
formal-run-01-CCP30-solution-0267,100,emission,10,0.8928200000000001,0.026510283120161335,9434217572.092035,1795265.5945680116
formal-run-01-CCP30-solution-0267,100,makespan,10,0.89284,0.021808010760574516,572.7384285424487,6.706017120283942
formal-run-01-CCP30-solution-0267,300,cost,10,0.8980600000000001,0.019894622388977393,12276828.26399773,38451.70269808996
formal-run-01-CCP30-solution-0267,300,emission,10,0.89344,0.015179752596432162,9434177505.600672,1004952.9584352402
formal-run-01-CCP30-solution-0267,300,makespan,10,0.9051000000000002,0.01175840125187096,576.0505691617561,2.7141004342169346
formal-run-01-CCP30-solution-0268,30,cost,10,0.8851000000000001,0.06172247924738965,12148154.236358607,124008.04130506533
formal-run-01-CCP30-solution-0268,30,emission,10,0.86984,0.04243172817073983,9368833966.428364,2311872.3785605696
formal-run-01-CCP30-solution-0268,30,makespan,10,0.87514,0.06941636374483726,571.0329997764172,14.260272370227272
formal-run-01-CCP30-solution-0268,100,cost,10,0.89298,0.02881703971225667,12142893.176041868,55570.797828722476
formal-run-01-CCP30-solution-0268,100,emission,10,0.8921199999999999,0.02943440164161658,9370119382.96258,1909201.0908594325
formal-run-01-CCP30-solution-0268,100,makespan,10,0.8951799999999999,0.026462123875456413,574.8553011734464,2.5541607402829385
formal-run-01-CCP30-solution-0268,300,cost,10,0.8961,0.02528403097257679,12147755.846608805,48437.44176205855
formal-run-01-CCP30-solution-0268,300,emission,10,0.8974,0.017261904105090313,9370316018.292364,1023514.7209819434
formal-run-01-CCP30-solution-0268,300,makespan,10,0.89212,0.0159142703257171,574.1110715080024,1.2913261894182997
formal-run-01-CCP30-solution-0269,30,cost,10,0.8865399999999999,0.06222511461531339,12053003.418114135,124805.18730424551
formal-run-01-CCP30-solution-0269,30,emission,10,0.87576,0.04242565261725504,9577725133.36213,2433362.9762612754
formal-run-01-CCP30-solution-0269,30,makespan,10,0.8846999999999999,0.048972395852720486,562.6815333811339,15.716117993941644
formal-run-01-CCP30-solution-0269,100,cost,10,0.90206,0.027381104595850195,12063186.243060796,55322.12383559006
formal-run-01-CCP30-solution-0269,100,emission,10,0.8915599999999999,0.022526389462632964,9578519974.154015,1450416.289198372
formal-run-01-CCP30-solution-0269,100,makespan,10,0.9006799999999998,0.021816650114585008,570.1654387512743,7.294426730982255
formal-run-01-CCP30-solution-0269,300,cost,10,0.8946999999999999,0.022879636749253182,12046395.174638266,44558.65121185578
formal-run-01-CCP30-solution-0269,300,emission,10,0.8942400000000001,0.016073663759910695,9578656539.149654,1035744.3138320976
formal-run-01-CCP30-solution-0269,300,makespan,10,0.8972399999999998,0.014772587225443386,569.6512977775786,5.883860251342788
formal-run-01-CCP30-solution-0270,30,cost,10,0.88378,0.0673996010538803,12195718.872786976,131780.34523473307
formal-run-01-CCP30-solution-0270,30,emission,10,0.87712,0.03710971121777515,9549295242.940708,2029274.5548680404
formal-run-01-CCP30-solution-0270,30,makespan,10,0.8863,0.046489879424331575,567.9360055245861,17.847744329413505
formal-run-01-CCP30-solution-0270,100,cost,10,0.8998199999999998,0.030143132624935412,12204349.022823082,59856.29374876998
formal-run-01-CCP30-solution-0270,100,emission,10,0.8895199999999999,0.029009147982432495,9550020042.104624,1780781.8225949784
formal-run-01-CCP30-solution-0270,100,makespan,10,0.89438,0.022215400063919637,570.5234534828671,7.694163592255506
formal-run-01-CCP30-solution-0270,300,cost,10,0.8988999999999999,0.021765875432275483,12198927.784343287,44725.38471715741
formal-run-01-CCP30-solution-0270,300,emission,10,0.8955,0.01769601336145767,9550294594.953337,1106413.5759219085
formal-run-01-CCP30-solution-0270,300,makespan,10,0.90216,0.012592343352653286,573.4724566603437,2.9258817574791136
formal-run-01-CCP30-solution-0271,30,cost,10,0.88748,0.05463577989234203,12013760.534132015,111658.14205075978
formal-run-01-CCP30-solution-0271,30,emission,10,0.8754200000000001,0.03466210867471537,9620980826.642832,1944820.7688784064
formal-run-01-CCP30-solution-0271,30,makespan,10,0.88194,0.044029994826759226,571.7358086533762,5.655811882246027
formal-run-01-CCP30-solution-0271,100,cost,10,0.8965800000000002,0.0297339984977915,12011357.476082006,55818.09889939234
formal-run-01-CCP30-solution-0271,100,emission,10,0.89036,0.025738479623577865,9621805420.44157,1567328.4861127604
formal-run-01-CCP30-solution-0271,100,makespan,10,0.88698,0.024184375121139662,573.0628188075376,0.8467756760840192
formal-run-01-CCP30-solution-0271,300,cost,10,0.8969000000000001,0.01962928650992919,12008802.684625905,36817.306706234354
formal-run-01-CCP30-solution-0271,300,emission,10,0.8913599999999999,0.017616608325352775,9621823802.868933,1035253.5512002086
formal-run-01-CCP30-solution-0271,300,makespan,10,0.90198,0.012544480858130392,573.4233590265155,0.5175948879783348
formal-run-01-CCP30-solution-0272,30,cost,10,0.884,0.0622431790105015,12006593.13390574,114232.8563833246
formal-run-01-CCP30-solution-0272,30,emission,10,0.8682000000000001,0.04540259415006542,9673993878.223843,2511753.420487707
formal-run-01-CCP30-solution-0272,30,makespan,10,0.8918999999999999,0.05270532336596666,570.3670700382999,11.472554310458882
formal-run-01-CCP30-solution-0272,100,cost,10,0.8964400000000001,0.03294464043411815,12004281.831274342,48757.54679137172
formal-run-01-CCP30-solution-0272,100,emission,10,0.8904400000000001,0.025867835025159908,9675175584.9912,1638698.7040982072
formal-run-01-CCP30-solution-0272,100,makespan,10,0.8971600000000001,0.015023477922534743,573.3325714710378,1.2680287657712181
formal-run-01-CCP30-solution-0272,300,cost,10,0.8994,0.019877402021167428,12007035.822622837,33675.30334627636
formal-run-01-CCP30-solution-0272,300,emission,10,0.8928999999999998,0.018098311769026647,9675297781.041973,1113300.7979470664
formal-run-01-CCP30-solution-0272,300,makespan,10,0.9033999999999999,0.009469483149101163,573.766629952488,1.1450613920382515
formal-run-01-CCP30-solution-0273,30,cost,10,0.87682,0.06438788360829664,12249076.5892873,120756.38176897165
formal-run-01-CCP30-solution-0273,30,emission,10,0.8788199999999999,0.03043922177425405,9427032719.044636,1782768.3846070303
formal-run-01-CCP30-solution-0273,30,makespan,10,0.8755200000000001,0.045127099520256245,566.5168456805724,12.619368200582315
formal-run-01-CCP30-solution-0273,100,cost,10,0.8911999999999999,0.02759017538504924,12253154.748864947,49299.850057345924
formal-run-01-CCP30-solution-0273,100,emission,10,0.8934599999999999,0.02665383858117085,9427906908.802044,1819926.0497513597
formal-run-01-CCP30-solution-0273,100,makespan,10,0.8928800000000001,0.02138747296900688,572.669628869254,6.639376738430034
formal-run-01-CCP30-solution-0273,300,cost,10,0.89848,0.019667276826693073,12264794.801458316,37042.66250526894
formal-run-01-CCP30-solution-0273,300,emission,10,0.8925000000000001,0.016521299383926595,9427769676.191143,1093292.2966789687
formal-run-01-CCP30-solution-0273,300,makespan,10,0.90504,0.011390756486438176,575.9773016986827,2.61581712117072
formal-run-01-CCP30-solution-0274,30,cost,10,0.87912,0.0650871689010634,12104082.148376983,115334.37730014577
formal-run-01-CCP30-solution-0274,30,emission,10,0.8749399999999999,0.03683127294388111,9631502773.065126,2055550.1496107508
formal-run-01-CCP30-solution-0274,30,makespan,10,0.88272,0.0464036588595722,564.673812113504,12.797426654149072
formal-run-01-CCP30-solution-0274,100,cost,10,0.8953999999999999,0.027832834326864155,12108200.525537455,44052.150563487405
formal-run-01-CCP30-solution-0274,100,emission,10,0.8911,0.02428099393901878,9632411566.698187,1570821.8190256571
formal-run-01-CCP30-solution-0274,100,makespan,10,0.8967199999999999,0.02392993476334144,571.0186849855286,5.630604643460589
formal-run-01-CCP30-solution-0274,300,cost,10,0.8969400000000001,0.021418590056303904,12109228.684998902,36133.27967757159
formal-run-01-CCP30-solution-0274,300,emission,10,0.8933399999999999,0.019035650763764303,9632506340.061321,1159119.2532204934
formal-run-01-CCP30-solution-0274,300,makespan,10,0.9045400000000001,0.00867386880232805,572.9230152627651,0.8239229804764197
formal-run-01-CCP30-solution-0275,30,cost,10,0.8813600000000001,0.06293211863234507,12242407.15868855,136904.73976338273
formal-run-01-CCP30-solution-0275,30,emission,10,0.8785400000000001,0.0294336240076247,9428004920.601044,1754001.999042834
formal-run-01-CCP30-solution-0275,30,makespan,10,0.87682,0.04447815443813089,568.6908648035004,11.527132362867324
formal-run-01-CCP30-solution-0275,100,cost,10,0.8883599999999999,0.030674172994375713,12231620.980302801,58005.8450329775
formal-run-01-CCP30-solution-0275,100,emission,10,0.8876000000000002,0.015118494928030662,9428436151.174976,1053541.27840742
formal-run-01-CCP30-solution-0275,100,makespan,10,0.89334,0.019910030972686444,573.5897081265,4.320544344952035
formal-run-01-CCP30-solution-0275,300,cost,10,0.8953,0.02059174591917839,12242595.46342282,39777.53061272813
formal-run-01-CCP30-solution-0275,300,emission,10,0.8922599999999999,0.015455757647053222,9428730504.394863,1073538.176669618
formal-run-01-CCP30-solution-0275,300,makespan,10,0.90504,0.011390756486438176,575.9773016986827,2.61581712117072
formal-run-01-CCP30-solution-0276,30,cost,10,0.87866,0.06431160600285665,12279130.596127754,133747.85826326575
formal-run-01-CCP30-solution-0276,30,emission,10,0.8738599999999999,0.04021929332491504,9398354724.896717,2321743.537101174
formal-run-01-CCP30-solution-0276,30,makespan,10,0.8751999999999999,0.04524088612944909,566.5168456805724,12.619368200582315
formal-run-01-CCP30-solution-0276,100,cost,10,0.8902000000000001,0.02686592223947984,12275916.822107207,50930.63860220945
formal-run-01-CCP30-solution-0276,100,emission,10,0.8881,0.016816195896945423,9399086588.537191,1089445.8360526708
formal-run-01-CCP30-solution-0276,100,makespan,10,0.89284,0.021808010760574516,572.7384285424487,6.706017120283942
formal-run-01-CCP30-solution-0276,300,cost,10,0.8978400000000001,0.022767774497204494,12288973.877270043,44544.307141704805
formal-run-01-CCP30-solution-0276,300,emission,10,0.8926000000000001,0.014626915828932175,9399345235.707647,958282.9043011658
formal-run-01-CCP30-solution-0276,300,makespan,10,0.9051000000000002,0.01175840125187096,576.0505691617561,2.7141004342169346
formal-run-01-CCP30-solution-0277,30,cost,10,0.8855600000000001,0.061749947368398624,12157566.62936866,125014.73900999449
formal-run-01-CCP30-solution-0277,30,emission,10,0.8725400000000001,0.0414702088519243,9579783525.434978,2300838.525450824
formal-run-01-CCP30-solution-0277,30,makespan,10,0.8815,0.04531629581802408,564.6268238603866,14.303212454390989
formal-run-01-CCP30-solution-0277,100,cost,10,0.90312,0.027928989320139097,12173763.698919307,56272.08990944318
formal-run-01-CCP30-solution-0277,100,emission,10,0.88726,0.025659314964442143,9580548039.596289,1562398.553884385
formal-run-01-CCP30-solution-0277,100,makespan,10,0.89298,0.02284799042950313,570.1251963899213,7.273557384350666
formal-run-01-CCP30-solution-0277,300,cost,10,0.89862,0.021666451280980725,12162694.54571641,43265.44779134278
formal-run-01-CCP30-solution-0277,300,emission,10,0.8924799999999999,0.01476578627924855,9580849249.392548,938532.8254584025
formal-run-01-CCP30-solution-0277,300,makespan,10,0.90066,0.0116218376821874,572.7774860837915,2.134285015311435
formal-run-01-CCP30-solution-0279,30,cost,10,0.8850200000000001,0.06728701046842384,12141210.106732074,130706.8065974239
formal-run-01-CCP30-solution-0279,30,emission,10,0.8691800000000001,0.033324058709720356,9561686603.377409,1890522.4492262113
formal-run-01-CCP30-solution-0279,30,makespan,10,0.8780000000000001,0.039274871808263806,565.6563848063581,13.680401696467966
formal-run-01-CCP30-solution-0279,100,cost,10,0.8939400000000001,0.027054028248015914,12135408.551121932,49874.970721509766
formal-run-01-CCP30-solution-0279,100,emission,10,0.88154,0.02421919349056307,9562403241.954683,1481557.1417581765
formal-run-01-CCP30-solution-0279,100,makespan,10,0.8930800000000001,0.021233976965650537,572.6549370895734,6.6327982258010305
formal-run-01-CCP30-solution-0279,300,cost,10,0.89666,0.02272288127270248,12139787.882851994,41608.22684529071
formal-run-01-CCP30-solution-0279,300,emission,10,0.89068,0.016313103117841593,9562935127.882748,1052679.1101215968
formal-run-01-CCP30-solution-0279,300,makespan,10,0.90438,0.011045944454363736,575.8805645602523,2.5689564935676668
formal-run-01-CCP30-solution-0280,30,cost,10,0.8863999999999999,0.05449583062543001,12014174.63043034,105969.08131877196
formal-run-01-CCP30-solution-0280,30,emission,10,0.8701399999999999,0.0365616739222919,9669024447.453205,2123982.126928329
formal-run-01-CCP30-solution-0280,30,makespan,10,0.87694,0.03620350504823776,561.8740267167894,9.897464833414405
formal-run-01-CCP30-solution-0280,100,cost,10,0.89596,0.030864693961439718,12014512.526152436,56322.323606011305
formal-run-01-CCP30-solution-0280,100,emission,10,0.8875400000000001,0.02234279401606801,9670015642.034231,1477039.4389139258
formal-run-01-CCP30-solution-0280,100,makespan,10,0.8891,0.02387974502004203,566.4885281760442,6.277287947725
formal-run-01-CCP30-solution-0280,300,cost,10,0.8976799999999999,0.02053683952748761,12014920.59097166,39167.75201658073
formal-run-01-CCP30-solution-0280,300,emission,10,0.8905,0.0167154619040775,9670167809.137701,1109268.3382019806
formal-run-01-CCP30-solution-0280,300,makespan,10,0.9071999999999999,0.008527081042837076,571.2071379281854,1.0146402232260832
formal-run-01-CCP30-solution-0281,30,cost,10,0.88628,0.05685632574989152,12146409.270462407,110645.7113278298
formal-run-01-CCP30-solution-0281,30,emission,10,0.8653400000000001,0.037469045001618774,9411533257.547832,2116789.8611390525
formal-run-01-CCP30-solution-0281,30,makespan,10,0.87858,0.04893609892275615,566.015696307511,12.329770687677655
formal-run-01-CCP30-solution-0281,100,cost,10,0.9012399999999999,0.0263952520983099,12159221.090287408,55483.477172460174
formal-run-01-CCP30-solution-0281,100,emission,10,0.88656,0.021250840506253425,9412715847.15224,1287115.0924142937
formal-run-01-CCP30-solution-0281,100,makespan,10,0.89922,0.019309283892585048,572.761885700487,1.4994473253816032
formal-run-01-CCP30-solution-0281,300,cost,10,0.8957599999999999,0.02156824826761165,12145416.326448925,39820.609617022084
formal-run-01-CCP30-solution-0281,300,emission,10,0.8927000000000002,0.01534644367054899,9413037773.36893,1006291.6831095413
formal-run-01-CCP30-solution-0281,300,makespan,10,0.9052199999999999,0.00919973429568003,573.0172059354134,0.7447252271111677
formal-run-01-CCP30-solution-0283,30,cost,10,0.8844,0.06499791449645817,12084249.336279007,132220.5598795217
formal-run-01-CCP30-solution-0283,30,emission,10,0.86784,0.03983452438944557,9666915700.156769,2285726.536846581
formal-run-01-CCP30-solution-0283,30,makespan,10,0.88684,0.045542244125646676,567.1499940599837,16.86696354835185
formal-run-01-CCP30-solution-0283,100,cost,10,0.90166,0.025894152063952815,12095607.24386313,53637.704821607564
formal-run-01-CCP30-solution-0283,100,emission,10,0.88928,0.02585037287502402,9668152005.094687,1583838.7912291917
formal-run-01-CCP30-solution-0283,100,makespan,10,0.8961,0.021727453192268594,569.4994680437756,7.3889960017387635
formal-run-01-CCP30-solution-0283,300,cost,10,0.89552,0.019700242525297913,12080760.451313173,39740.9032574448
formal-run-01-CCP30-solution-0283,300,emission,10,0.8947600000000001,0.016203922707514723,9668457163.389936,1047366.4414955532
formal-run-01-CCP30-solution-0283,300,makespan,10,0.89962,0.01149007301011519,571.5549519462982,2.041998459485155
formal-run-01-CCP30-solution-0284,30,cost,10,0.8882200000000001,0.0653864036155666,12254469.8443106,118100.2854126848
formal-run-01-CCP30-solution-0284,30,emission,10,0.8709199999999999,0.0448385944868431,9322710242.202724,2451143.904614545
formal-run-01-CCP30-solution-0284,30,makespan,10,0.8817600000000001,0.05937487684197754,569.8454018016414,11.43179346696355
formal-run-01-CCP30-solution-0284,100,cost,10,0.89862,0.035504672618935355,12258889.469281953,68905.17794331946
formal-run-01-CCP30-solution-0284,100,emission,10,0.8897,0.02740498738064542,9323709827.657373,1696647.6857440458
formal-run-01-CCP30-solution-0284,100,makespan,10,0.8983000000000001,0.015141774444672377,572.8716605864431,1.3730747309281444
formal-run-01-CCP30-solution-0284,300,cost,10,0.8988400000000001,0.024472533356579354,12252852.503945405,48579.262048157085
formal-run-01-CCP30-solution-0284,300,emission,10,0.8909800000000001,0.016106161691863286,9323737271.811558,1025744.9220271384
formal-run-01-CCP30-solution-0284,300,makespan,10,0.90588,0.007933165264326178,573.4012623942659,0.7655275475425372
formal-run-01-CCP30-solution-0285,30,cost,10,0.88924,0.07450707945483359,12269869.869490108,146644.68153561623
formal-run-01-CCP30-solution-0285,30,emission,10,0.8714000000000001,0.03902876432125983,9292135775.17149,2233583.066019254
formal-run-01-CCP30-solution-0285,30,makespan,10,0.87898,0.058838041360255285,567.6648953427186,16.30953667894823
formal-run-01-CCP30-solution-0285,100,cost,10,0.9046,0.029411411239706114,12268854.018278224,63604.15306176323
formal-run-01-CCP30-solution-0285,100,emission,10,0.8939,0.0285484772896131,9293413568.903614,1781844.578404529
formal-run-01-CCP30-solution-0285,100,makespan,10,0.9077,0.017874935897320934,574.0162075284283,1.6580707905913425
formal-run-01-CCP30-solution-0285,300,cost,10,0.8995,0.02334785262550333,12254755.486019593,48476.34427973324
formal-run-01-CCP30-solution-0285,300,emission,10,0.8937999999999999,0.0166866546810451,9293367853.064407,1016361.7333030868
formal-run-01-CCP30-solution-0285,300,makespan,10,0.89726,0.015705073490223903,573.0526861016808,0.8028743096548675
formal-run-01-CCP30-solution-0286,30,cost,10,0.88278,0.06205950191371003,11995209.373848284,115442.69279572515
formal-run-01-CCP30-solution-0286,30,emission,10,0.8701599999999999,0.046913708018019626,9807205531.374596,2615996.194010128
formal-run-01-CCP30-solution-0286,30,makespan,10,0.8843,0.04873303693480315,558.0707640526255,17.60895633179954
formal-run-01-CCP30-solution-0286,100,cost,10,0.8978200000000001,0.02870934033066977,12002280.788047194,48508.38303693895
formal-run-01-CCP30-solution-0286,100,emission,10,0.88706,0.02692195304125529,9808109676.753063,1677629.7948471187
formal-run-01-CCP30-solution-0286,100,makespan,10,0.8953,0.022439498905080537,565.4638226422264,9.380694072422754
formal-run-01-CCP30-solution-0286,300,cost,10,0.89538,0.021031922826450698,11996109.863332795,34946.01600553444
formal-run-01-CCP30-solution-0286,300,emission,10,0.8942400000000001,0.019421133963917876,9808503853.046944,1239770.7638493418
formal-run-01-CCP30-solution-0286,300,makespan,10,0.8981200000000001,0.012816031627093726,566.2921119028387,6.9438363937551975
formal-run-01-CCP30-solution-0287,30,cost,10,0.8744999999999999,0.0645575195723421,11961662.120350454,105625.9642040788
formal-run-01-CCP30-solution-0287,30,emission,10,0.8696400000000001,0.036378235251314776,9880713818.959017,2113845.2997669852
formal-run-01-CCP30-solution-0287,30,makespan,10,0.8786800000000001,0.04933100895425153,565.6968430822974,11.308411810077365
formal-run-01-CCP30-solution-0287,100,cost,10,0.89336,0.026848182226901125,11972176.162708435,43354.3327200318
formal-run-01-CCP30-solution-0287,100,emission,10,0.8842000000000001,0.024373026985675058,9881497693.835201,1577583.686017892
formal-run-01-CCP30-solution-0287,100,makespan,10,0.8904,0.023705601775857846,568.4817814368923,5.836586409587022
formal-run-01-CCP30-solution-0287,300,cost,10,0.89964,0.01609687340241369,11980429.807855135,29416.237961896783
formal-run-01-CCP30-solution-0287,300,emission,10,0.8915000000000001,0.017265315262430365,9881939326.485489,1136922.7117921931
formal-run-01-CCP30-solution-0287,300,makespan,10,0.9100400000000001,0.009332761887268122,572.142744492304,0.4620272519528763
formal-run-01-CCP30-solution-0288,30,cost,10,0.87584,0.06227307604414608,11950066.295766963,102124.19509315402
formal-run-01-CCP30-solution-0288,30,emission,10,0.8694200000000001,0.038724376474429285,9890466106.080242,2219654.7195382877
formal-run-01-CCP30-solution-0288,30,makespan,10,0.8823399999999999,0.044450326832944136,565.6740103634754,11.278374520749354
formal-run-01-CCP30-solution-0288,100,cost,10,0.89208,0.025697591759194532,11957603.987382883,41121.71600796649
formal-run-01-CCP30-solution-0288,100,emission,10,0.88544,0.024327725381182316,9891349410.607735,1541451.597932518
formal-run-01-CCP30-solution-0288,100,makespan,10,0.8910599999999999,0.022940899914538845,568.4719155942624,5.830216867969737
formal-run-01-CCP30-solution-0288,300,cost,10,0.8983399999999999,0.017668314388569535,11966169.09228563,30644.614855998036
formal-run-01-CCP30-solution-0288,300,emission,10,0.8924399999999999,0.01419195390196695,9891739444.694035,927744.0556298228
formal-run-01-CCP30-solution-0288,300,makespan,10,0.9084800000000002,0.010030708405247928,572.0086908845237,0.5139492053863747
formal-run-01-CCP30-solution-0289,30,cost,10,0.8904400000000001,0.0649877116589488,12275673.715882698,118921.38532030775
formal-run-01-CCP30-solution-0289,30,emission,10,0.8677999999999999,0.042415825138999975,9305293317.671947,2361617.893276167
formal-run-01-CCP30-solution-0289,30,makespan,10,0.88276,0.06253410091924066,570.482198777203,11.447497027607495
formal-run-01-CCP30-solution-0289,100,cost,10,0.90316,0.029508386755105552,12280922.254715553,59317.23747802521
formal-run-01-CCP30-solution-0289,100,emission,10,0.89222,0.028646264057367834,9306666294.334818,1869155.6078013966
formal-run-01-CCP30-solution-0289,100,makespan,10,0.90114,0.016957476227316366,573.4567042865248,1.821533831176335
formal-run-01-CCP30-solution-0289,300,cost,10,0.8966399999999999,0.025998940149338564,12267964.740747372,51524.23870591814
formal-run-01-CCP30-solution-0289,300,emission,10,0.89284,0.01321978315505466,9306649867.147741,870492.8744471127
formal-run-01-CCP30-solution-0289,300,makespan,10,0.90604,0.008024850292823035,573.4629985863878,0.7691544307095577
formal-run-01-CCP30-solution-0291,30,cost,10,0.88462,0.057747146153631614,12106573.56334282,125082.53403281857
formal-run-01-CCP30-solution-0291,30,emission,10,0.86718,0.04131423752439614,9490604649.166836,2301481.493219398
formal-run-01-CCP30-solution-0291,30,makespan,10,0.88232,0.045352172556070054,564.9573546094142,12.355709197722197
formal-run-01-CCP30-solution-0291,100,cost,10,0.90094,0.0270768535838269,12117111.997890696,55147.39773182384
formal-run-01-CCP30-solution-0291,100,emission,10,0.88422,0.01868200560253995,9491486404.596563,1132153.2941742733
formal-run-01-CCP30-solution-0291,100,makespan,10,0.8959199999999999,0.023853664987446548,570.9479455118087,5.581556263211293
formal-run-01-CCP30-solution-0291,300,cost,10,0.8993399999999999,0.022154818888900914,12111409.821095727,44559.228769942914
formal-run-01-CCP30-solution-0291,300,emission,10,0.89426,0.017106736814613256,9492069506.456867,1119942.7722584803
formal-run-01-CCP30-solution-0291,300,makespan,10,0.9053400000000001,0.008494730392687248,572.981768952637,0.7754752164004344
formal-run-01-CCP30-solution-0294,30,cost,10,0.8851400000000001,0.060940265834667974,12324423.697828365,130592.98373888311
formal-run-01-CCP30-solution-0294,30,emission,10,0.87496,0.031063347462170852,9401360212.49791,1893436.8964807934
formal-run-01-CCP30-solution-0294,30,makespan,10,0.87532,0.045198741378739984,566.5168456805724,12.619368200582315
formal-run-01-CCP30-solution-0294,100,cost,10,0.8892800000000001,0.030931206823458346,12311775.206591759,57677.44108252735
formal-run-01-CCP30-solution-0294,100,emission,10,0.8854799999999999,0.021354198130058115,9401954682.856415,1395036.849311129
formal-run-01-CCP30-solution-0294,100,makespan,10,0.8930199999999999,0.021756112806391767,572.7384285424487,6.706017120283942
formal-run-01-CCP30-solution-0294,300,cost,10,0.8990000000000002,0.020804700323618117,12328299.071301369,41766.74492884018
formal-run-01-CCP30-solution-0294,300,emission,10,0.89192,0.013708132217369703,9402343154.487959,964566.8086423016
formal-run-01-CCP30-solution-0294,300,makespan,10,0.9051400000000001,0.01175719165258252,576.0505691617561,2.7141004342169346
formal-run-01-CCP30-solution-0295,30,cost,10,0.8949199999999999,0.06616304440127015,12339403.341171172,134796.55240380278
formal-run-01-CCP30-solution-0295,30,emission,10,0.87422,0.04275724240146667,9296019290.777578,2449424.2655618885
formal-run-01-CCP30-solution-0295,30,makespan,10,0.88802,0.07172883814911699,567.0764389199496,16.225416955605013
formal-run-01-CCP30-solution-0295,100,cost,10,0.8995599999999999,0.03284073351461226,12323347.801407218,68009.46437315128
formal-run-01-CCP30-solution-0295,100,emission,10,0.8901600000000001,0.028578904418780263,9296923515.344246,1834239.934206702
formal-run-01-CCP30-solution-0295,100,makespan,10,0.8994000000000002,0.02225548621501373,570.5381418772615,4.39454654343526
formal-run-01-CCP30-solution-0295,300,cost,10,0.8978999999999999,0.022899830178894808,12315490.337265814,45899.67013088411
formal-run-01-CCP30-solution-0295,300,emission,10,0.8909800000000001,0.017676211258197964,9296877991.334238,1173421.7511407044
formal-run-01-CCP30-solution-0295,300,makespan,10,0.9057400000000001,0.010956094194556756,572.2389996137277,0.5333314196553812
formal-run-01-CCP30-solution-0298,30,cost,10,0.87206,0.06713720942136998,12266595.00594942,130232.84468489609
formal-run-01-CCP30-solution-0298,30,emission,10,0.8779600000000001,0.03128802397794471,9415300965.896812,1896835.3924453203
formal-run-01-CCP30-solution-0298,30,makespan,10,0.87338,0.04817306301243465,566.4219541100181,12.506368753451122
formal-run-01-CCP30-solution-0298,100,cost,10,0.9007800000000001,0.019294547301130335,12291680.837847412,37938.82536776962
formal-run-01-CCP30-solution-0298,100,emission,10,0.8901,0.02407160614130727,9416038387.592384,1550387.8875690643
formal-run-01-CCP30-solution-0298,100,makespan,10,0.8928600000000001,0.021380375217578487,572.6549370895734,6.6327982258010305
formal-run-01-CCP30-solution-0298,300,cost,10,0.8995400000000002,0.017122058547058193,12289023.555253312,33767.09250604376
formal-run-01-CCP30-solution-0298,300,emission,10,0.8926400000000001,0.012434646936863332,9416131006.338572,803414.7048679927
formal-run-01-CCP30-solution-0298,300,makespan,10,0.90432,0.011039806761593857,575.8805645602523,2.5689564935676668
