generation,HV_mean,HV_std,IGD_plus_mean,IGD_plus_std,Spacing_mean,Spacing_std,FeasRatio_soft_mean,FeasRatio_soft_std,FeasRatio_strict_mean,FeasRatio_strict_std,MinCost_best,MinEmis_best,MinTime_best,MinCost_mean,MinCost_std,MinEmis_mean,MinEmis_std,MinTime_mean,MinTime_std,boost_triggered_best
0,0.000928,0.0015720865116144215,1.1817552718531474,0.09091479976723246,0.08023783563578948,0.02671686429817404,0.44400000000000006,0.02117650689902479,0.44400000000000006,0.02117650689902479,7647167.997140087,9952312077.970003,340.0937714533348,7614594.749580927,71948.25489133115,9796365307.455002,189113130.64456695,340.3480137061689,7.699970900392274,0
1,0.000928,0.0015720865116144215,1.1817552718531474,0.09091479976723246,0.08023783563578948,0.02671686429817404,0.693,0.04282911782109613,0.693,0.04282911782109613,7647167.997140087,9771135080.780003,340.0937714533348,7592145.248495844,82918.3414088125,9700053734.129002,145154834.4969898,340.30776939531063,7.664513976175297,0
2,0.000928,0.0015720865116144215,1.1817552718531474,0.09091479976723246,0.08023783563578948,0.02671686429817404,0.9886666666666667,0.01839081896551163,0.9886666666666667,0.01839081896551163,7647167.997140087,9735211527.739998,340.0937714533348,7526816.872804982,118073.90485962109,9617870753.123999,152907702.89169735,339.5266573546007,7.188481460776564,0
3,0.000928,0.0015720865116144215,1.1817552718531474,0.09091479976723246,0.08023783563578948,0.02671686429817404,1.0,0.0,1.0,0.0,7521082.1391317705,9174549539.44,339.93036664884846,7470960.121752551,91144.02669765701,9489210185.320002,214011281.9652327,338.9209747607512,6.864247722283741,0
4,0.000928,0.0015720865116144215,1.1817552718531474,0.09091479976723246,0.08023783563578948,0.02671686429817404,1.0,0.0,1.0,0.0,7444758.406992202,9174549539.44,335.4294206122003,7398900.474659793,102011.02603768258,9291487157.392,183403217.96032003,336.9090955383696,6.814015675965825,0
5,0.028096000000000003,0.010016513565108371,0.8741895554361049,0.06341247770154763,0.07303958744589528,0.024532408520769235,1.0,0.0,1.0,0.0,7444758.406992202,9139021733.910002,335.4294206122003,7291664.474952996,93356.06896268611,9090990973.286,231925309.92517793,335.46191502775935,5.910021262665909,0
6,0.028096000000000003,0.010016513565108371,0.8741895554361049,0.06341247770154763,0.07303958744589528,0.024532408520769235,1.0,0.0,1.0,0.0,7358430.312185125,9139021733.910002,330.09867790551937,7237760.423216118,94459.91352752406,9017379368.737,165117877.24804443,332.06900216424316,6.5397151525929225,0
7,0.028096000000000003,0.010016513565108371,0.8741895554361049,0.06341247770154763,0.07303958744589528,0.024532408520769235,1.0,0.0,1.0,0.0,7274846.964275494,9098503980.0,330.09867790551937,7168628.859630647,78040.94251058443,8856907048.586998,178676999.7361542,330.19018047941904,4.964469887203894,0
8,0.028096000000000003,0.010016513565108371,0.8741895554361049,0.06341247770154763,0.07303958744589528,0.024532408520769235,1.0,0.0,1.0,0.0,7250310.717797592,8893907855.96,330.09867790551937,7149786.912313824,73325.92168718128,8769128514.793999,169968396.62787026,326.8605181064037,8.81353701900676,0
9,0.028096000000000003,0.010016513565108371,0.8741895554361049,0.06341247770154763,0.07303958744589528,0.024532408520769235,1.0,0.0,1.0,0.0,7188848.769340027,8784477149.509998,330.09867790551937,7105547.97855881,72368.15481275154,8677190456.202,154822984.38338456,326.0444975321485,9.000664889223174,0
10,0.100624,0.01243796382049731,0.6270359003354972,0.03336417170215476,0.06400688930405145,0.044327088011000236,1.0,0.0,1.0,0.0,7157700.697397439,8541695340.4800005,330.09867790551937,7040084.260252485,51741.84441322495,8594482297.332998,115761208.05584137,325.5661898480444,8.657382290910418,0
11,0.100624,0.01243796382049731,0.6270359003354972,0.03336417170215476,0.06400688930405145,0.044327088011000236,1.0,0.0,1.0,0.0,7087420.474944184,8541695340.4800005,330.09867790551937,6993260.739060229,70954.0449091145,8528265996.287999,80569821.1004586,321.8134406828428,11.658875190560309,0
12,0.100624,0.01243796382049731,0.6270359003354972,0.03336417170215476,0.06400688930405145,0.044327088011000236,1.0,0.0,1.0,0.0,6973480.455840134,8398918634.309999,322.91655767118425,6946104.105187351,57810.867805913695,8408851771.3899975,107425641.90240242,320.3370851629931,10.777241109655959,0
13,0.100624,0.01243796382049731,0.6270359003354972,0.03336417170215476,0.06400688930405145,0.044327088011000236,1.0,0.0,1.0,0.0,6973480.455840134,8398918634.309999,316.62205545255466,6928539.888360502,51258.11526488557,8349380455.622998,101284958.58760397,317.7300061187872,11.473414965818568,0
14,0.100624,0.01243796382049731,0.6270359003354972,0.03336417170215476,0.06400688930405145,0.044327088011000236,1.0,0.0,1.0,0.0,6909225.491976301,8398918634.309999,307.474466960466,6872515.083286107,36204.4076507466,8272413096.865999,56459546.724451,314.60074660175525,10.957442017077552,0
15,0.19259400000000002,0.018203327278275255,0.4477409373886414,0.034612812712632494,0.05035851512013452,0.007665172049865643,1.0,0.0,1.0,0.0,6857254.320302969,8277362803.539999,307.474466960466,6826915.286566113,31554.046625081068,8199698224.865,86458672.50586323,313.96836403326955,10.676633224921085,0
16,0.19259400000000002,0.018203327278275255,0.4477409373886414,0.034612812712632494,0.05035851512013452,0.007665172049865643,1.0,0.0,1.0,0.0,6857254.320302969,8072401162.5,307.474466960466,6802071.09165971,52708.8599589598,8152814729.092999,95849702.17927046,313.27261769871495,10.31072569061663,0
17,0.19259400000000002,0.018203327278275255,0.4477409373886414,0.034612812712632494,0.05035851512013452,0.007665172049865643,1.0,0.0,1.0,0.0,6829798.491173234,8014015508.82,307.474466960466,6787954.761532217,44739.27274115834,8078370681.671,122735052.94119899,312.02181887967026,9.720097368526478,0
18,0.19259400000000002,0.018203327278275255,0.4477409373886414,0.034612812712632494,0.05035851512013452,0.007665172049865643,1.0,0.0,1.0,0.0,6829798.491173234,8014015508.82,307.474466960466,6761632.251395097,54080.1309330063,8030555852.768,79224755.21849823,310.42654680512294,9.435601802218953,0
19,0.19259400000000002,0.018203327278275255,0.4477409373886414,0.034612812712632494,0.05035851512013452,0.007665172049865643,1.0,0.0,1.0,0.0,6774287.417863537,8014015508.82,306.0197327222615,6740565.762727464,50756.184506321064,8001578592.305998,88593551.5890016,308.66724245077404,9.689319328917644,0
20,0.27754599999999996,0.027382159228227423,0.32924611441422946,0.03387399314549979,0.0513435607651672,0.01717181423635238,1.0,0.0,1.0,0.0,6774287.417863537,8014015508.82,306.0197327222615,6723003.503367571,60040.14949689683,7913678050.274167,112077736.53746594,308.1750361954736,9.330026859736659,0
21,0.27754599999999996,0.027382159228227423,0.32924611441422946,0.03387399314549979,0.0513435607651672,0.01717181423635238,1.0,0.0,1.0,0.0,6755926.1208115,7981393748.58,304.05657508272884,6705831.6288510375,50124.93364226731,7888014954.158,108498726.92671956,307.6340937833483,9.053675434356853,0
22,0.27754599999999996,0.027382159228227423,0.32924611441422946,0.03387399314549979,0.0513435607651672,0.01717181423635238,1.0,0.0,1.0,0.0,6705164.234888157,7916765961.05,304.05657508272884,6662438.203756338,50251.80687673921,7830952845.131999,89132860.01700544,306.57927715458726,9.022328055327877,0
23,0.27754599999999996,0.027382159228227423,0.32924611441422946,0.03387399314549979,0.0513435607651672,0.01717181423635238,1.0,0.0,1.0,0.0,6681693.184292137,7916069332.099998,304.05657508272884,6660091.098696737,48726.37115702309,7806063424.503,97592938.32505605,305.55310539680806,8.684944404728688,0
24,0.27754599999999996,0.027382159228227423,0.32924611441422946,0.03387399314549979,0.0513435607651672,0.01717181423635238,1.0,0.0,1.0,0.0,6673531.545192182,7911807374.239998,303.11669447445144,6640529.587688667,51649.3056967366,7773751992.508998,104206137.27955914,304.67822910799066,8.476194274693347,0
25,0.34710399999999997,0.03175306952091405,0.2554075618950119,0.032155396288849315,0.03999715460952954,0.015320360968147807,1.0,0.0,1.0,0.0,6624172.688349776,7911807374.239998,291.40835787348664,6626910.240449216,56492.51036973251,7721922787.095999,101566222.72218727,302.6024787165313,8.741623763724622,0
26,0.34710399999999997,0.03175306952091405,0.2554075618950119,0.032155396288849315,0.03999715460952954,0.015320360968147807,1.0,0.0,1.0,0.0,6624172.688349776,7837274766.779999,291.40835787348664,6620364.781220489,45264.903143323434,7696406359.313001,74571446.15785307,302.59978515590103,8.741493774474717,0
27,0.34710399999999997,0.03175306952091405,0.2554075618950119,0.032155396288849315,0.03999715460952954,0.015320360968147807,1.0,0.0,1.0,0.0,6624172.688349776,7797354273.639999,291.40835787348664,6613812.389103844,45198.227121641554,7653291127.18,94913539.86259182,300.50290756416655,8.089161337567122,0
28,0.34710399999999997,0.03175306952091405,0.2554075618950119,0.032155396288849315,0.03999715460952954,0.015320360968147807,1.0,0.0,1.0,0.0,6582307.382195963,7797354273.639999,291.40835787348664,6593115.675904522,46822.132260356055,7628568671.471998,91168397.43764521,300.1862817914631,8.053161963278615,0
29,0.34710399999999997,0.03175306952091405,0.2554075618950119,0.032155396288849315,0.03999715460952954,0.015320360968147807,1.0,0.0,1.0,0.0,6538202.471994442,7671332781.309999,291.40835787348664,6578000.892081911,42791.48878263869,7599191719.593999,77532013.844307,300.1013708697267,8.085954238974747,0
30,0.40390000000000004,0.024706761827483575,0.20383588558794608,0.028246316899524178,0.03532912889179586,0.013720672106622821,1.0,0.0,1.0,0.0,6523631.251902542,7621483084.7699995,291.40835787348664,6564326.420595476,35402.10676450609,7575893152.059999,58003743.325278945,299.30745663191067,8.397377909485455,0
31,0.40390000000000004,0.024706761827483575,0.20383588558794608,0.028246316899524178,0.03532912889179586,0.013720672106622821,1.0,0.0,1.0,0.0,6523631.251902542,7621483084.7699995,291.40835787348664,6554728.0509577375,35916.22983256831,7567715601.818998,50105667.47519817,299.30745663191067,8.397377909485455,0
32,0.40390000000000004,0.024706761827483575,0.20383588558794608,0.028246316899524178,0.03532912889179586,0.013720672106622821,1.0,0.0,1.0,0.0,6523631.251902542,7621483084.7699995,291.40835787348664,6551392.335711041,34792.06534378691,7531059829.778999,54956973.486950636,299.3073043075674,8.397310852773902,0
33,0.40390000000000004,0.024706761827483575,0.20383588558794608,0.028246316899524178,0.03532912889179586,0.013720672106622821,1.0,0.0,1.0,0.0,6523631.251902542,7542249982.18,291.40835787348664,6550164.9850396495,34116.0526731518,7512721331.745999,48590420.31319908,299.28021677590243,8.399056764442552,0
34,0.40390000000000004,0.024706761827483575,0.20383588558794608,0.028246316899524178,0.03532912889179586,0.013720672106622821,1.0,0.0,1.0,0.0,6523631.251902542,7542249982.18,291.40835787348664,6546646.741672099,33917.52210567432,7504408038.386999,50125971.35451303,299.1459827521302,8.40594553334084,0
35,0.443388,0.0232362220681418,0.16633154222038996,0.023160274558229065,0.025601929483871327,0.013344216564472468,1.0,0.0,1.0,0.0,6523631.251902542,7542249982.18,290.40164305519,6542448.944501963,34419.72910333541,7483808161.510832,43575831.05763667,299.0410143118487,8.504251633520708,0
36,0.443388,0.0232362220681418,0.16633154222038996,0.023160274558229065,0.025601929483871327,0.013344216564472468,1.0,0.0,1.0,0.0,6512609.031894253,7487548572.550001,290.2452620028643,6531709.965490435,39126.067653660175,7465821679.185832,37941873.39255026,299.0206809371612,8.518071784290049,0
37,0.443388,0.0232362220681418,0.16633154222038996,0.023160274558229065,0.025601929483871327,0.013344216564472468,1.0,0.0,1.0,0.0,6495680.615893883,7485338627.379999,290.2452620028643,6524221.64286944,40145.98507522413,7457113896.020998,47565786.21860264,297.85450108094426,9.320144838008742,0
38,0.443388,0.0232362220681418,0.16633154222038996,0.023160274558229065,0.025601929483871327,0.013344216564472468,1.0,0.0,1.0,0.0,6495680.615893883,7482610179.26,290.2452620028643,6518220.047074858,41427.02744349495,7443014262.253,56245933.25561334,297.84807135190306,9.320058339848378,0
39,0.443388,0.0232362220681418,0.16633154222038996,0.023160274558229065,0.025601929483871327,0.013344216564472468,1.0,0.0,1.0,0.0,6494280.846306463,7482610179.26,288.10671953441687,6516463.536965369,40355.977774302686,7429510473.445,66289280.10264803,297.0641850636724,9.357159742733934,0
40,0.478578,0.02294189957261605,0.13972365201263717,0.018377470191359806,0.02439491798217343,0.013910638810452047,1.0,0.0,1.0,0.0,6494280.846306463,7482610179.26,288.10671953441687,6512776.902094073,41821.78011520197,7417833108.481,69103380.76043229,297.05353872155945,9.36282289746762,0
41,0.478578,0.02294189957261605,0.13972365201263717,0.018377470191359806,0.02439491798217343,0.013910638810452047,1.0,0.0,1.0,0.0,6486170.181897845,7399939018.619999,288.10671953441687,6509305.775977747,39495.72491206478,7389494994.523,78727175.55755763,295.1989466934084,5.252811006904752,0
42,0.478578,0.02294189957261605,0.13972365201263717,0.018377470191359806,0.02439491798217343,0.013910638810452047,1.0,0.0,1.0,0.0,6486170.181897845,7399939018.619999,288.10671953441687,6502496.643269073,38852.08183477211,7374409257.2960005,79222026.36646384,294.8203777080027,5.266994078391837,0
43,0.478578,0.02294189957261605,0.13972365201263717,0.018377470191359806,0.02439491798217343,0.013910638810452047,1.0,0.0,1.0,0.0,6486170.181897845,7399939018.619999,288.10671953441687,6499997.270297777,38773.66198917534,7365655814.601001,79263765.73188293,294.56020076615795,5.412172065458515,0
44,0.478578,0.02294189957261605,0.13972365201263717,0.018377470191359806,0.02439491798217343,0.013910638810452047,1.0,0.0,1.0,0.0,6481797.279072944,7399939018.619999,287.38815406251115,6497618.823479909,38563.923947144925,7350782907.324,84157131.23452245,294.44907282227757,5.55952254943824,0
45,0.504788,0.028135326122154677,0.12095036139768767,0.018953127069546806,0.015038211338066784,0.0032287066774915685,1.0,0.0,1.0,0.0,6469697.001233559,7399939018.619999,287.38815406251115,6495289.2386789955,39442.00574065682,7341979662.622999,88157619.18270688,294.3145547378766,5.567866632354053,0
46,0.504788,0.028135326122154677,0.12095036139768767,0.018953127069546806,0.015038211338066784,0.0032287066774915685,1.0,0.0,1.0,0.0,6456861.567425325,7305254402.75,287.38815406251115,6492847.098296037,40312.678273940066,7325977122.217999,85250024.51482634,294.2903457124203,5.5777663877614,0
47,0.504788,0.028135326122154677,0.12095036139768767,0.018953127069546806,0.015038211338066784,0.0032287066774915685,1.0,0.0,1.0,0.0,6456861.567425325,7305254402.75,287.38815406251115,6490920.642971127,41167.38960471883,7321908178.412,85877943.7503213,294.27273790126685,5.55000966978312,0
48,0.504788,0.028135326122154677,0.12095036139768767,0.018953127069546806,0.015038211338066784,0.0032287066774915685,1.0,0.0,1.0,0.0,6456861.567425325,7305254402.75,287.38815406251115,6487425.817550589,37545.2507386014,7319970808.8619995,85202284.19405316,294.17265766247164,5.550396456925907,0
49,0.504788,0.028135326122154677,0.12095036139768767,0.018953127069546806,0.015038211338066784,0.0032287066774915685,1.0,0.0,1.0,0.0,6456861.567425325,7305254402.75,287.38815406251115,6484248.836573198,37117.92546953137,7319970808.8619995,85202284.19405316,294.01029354269184,5.584296581147864,0
50,0.5208079999999999,0.02988123451265024,0.11061217231010592,0.01970601569878855,0.013320495350754177,0.0022503298910795445,1.0,0.0,1.0,0.0,6447245.206423643,7305254402.75,287.38815406251115,6480413.811561381,38967.97982944715,7313200386.084,82277307.70291181,293.5078517343003,6.090564755239275,0
51,0.5208079999999999,0.02988123451265024,0.11061217231010592,0.01970601569878855,0.013320495350754177,0.0022503298910795445,1.0,0.0,1.0,0.0,6447245.206423643,7305254402.75,287.38815406251115,6475806.6882305825,38605.55083693295,7310952100.3880005,82020870.30591126,293.5078517343003,6.090564755239275,0
52,0.5208079999999999,0.02988123451265024,0.11061217231010592,0.01970601569878855,0.013320495350754177,0.0022503298910795445,1.0,0.0,1.0,0.0,6442250.296588693,7280099886.4,287.38815406251115,6471764.581891655,31818.137162837913,7308391628.38,82559586.8742952,293.50705479892093,6.089327740508946,0
53,0.5208079999999999,0.02988123451265024,0.11061217231010592,0.01970601569878855,0.013320495350754177,0.0022503298910795445,1.0,0.0,1.0,0.0,6442250.296588693,7280099886.4,287.38815406251115,6471198.218024864,31308.267140516946,7308237775.948001,82624357.39148167,293.47432974376943,6.097583366931206,0
54,0.5208079999999999,0.02988123451265024,0.11061217231010592,0.01970601569878855,0.013320495350754177,0.0022503298910795445,1.0,0.0,1.0,0.0,6432129.901624277,7280099886.4,287.38815406251115,6469432.720641222,33044.182753340865,7307204379.4279995,82586121.29786786,293.4655507845321,6.083973341640854,0
55,0.5301579999999999,0.028563816901807784,0.10341712467387063,0.019047840664078126,0.012474549299185515,0.00343700283840539,1.0,0.0,1.0,0.0,6422053.332496641,7280099886.4,287.38815406251115,6468315.031492491,34235.80282005701,7300331472.792999,79128906.34237185,293.45858756031447,6.085912192369321,0
56,0.5301579999999999,0.028563816901807784,0.10341712467387063,0.019047840664078126,0.012474549299185515,0.00343700283840539,1.0,0.0,1.0,0.0,6422053.332496641,7280099886.4,287.38815406251115,6468206.491350701,34295.748180781404,7300331472.792999,79128906.34237185,293.45792424125904,6.084886812035842,0
57,0.5301579999999999,0.028563816901807784,0.10341712467387063,0.019047840664078126,0.012474549299185515,0.00343700283840539,1.0,0.0,1.0,0.0,6422053.332496641,7280099886.4,287.38815406251115,6468206.491350701,34295.748180781404,7291051605.660001,67966180.1104115,293.16893938940103,5.687021729473567,0
58,0.5301579999999999,0.028563816901807784,0.10341712467387063,0.019047840664078126,0.012474549299185515,0.00343700283840539,1.0,0.0,1.0,0.0,6422053.332496641,7280099886.4,287.38815406251115,6467506.09962559,34992.18078641056,7287149192.636,68403972.22640933,292.0869116238699,5.306303225854811,0
59,0.5301579999999999,0.028563816901807784,0.10341712467387063,0.019047840664078126,0.012474549299185515,0.00343700283840539,1.0,0.0,1.0,0.0,6422053.332496641,7280099886.4,287.38815406251115,6466029.5403067265,35347.922032908915,7285029380.25,68155315.0213401,292.0869116238699,5.306303225854811,0
60,0.538312,0.027864574211711894,0.09634750881006192,0.01906896224891358,0.010650022250418601,0.0033841848149242996,1.0,0.0,1.0,0.0,6422053.332496641,7255327323.94,287.38815406251115,6465706.339861252,35322.13805936252,7279141531.798999,70252809.1334238,292.0869116238699,5.306303225854811,0
61,0.538312,0.027864574211711894,0.09634750881006192,0.01906896224891358,0.010650022250418601,0.0033841848149242996,1.0,0.0,1.0,0.0,6418984.55176289,7255327323.94,287.38815406251115,6465043.530852448,35917.70506475522,7278242000.864,70208757.58119093,292.0869116238699,5.306303225854811,0
62,0.538312,0.027864574211711894,0.09634750881006192,0.01906896224891358,0.010650022250418601,0.0033841848149242996,1.0,0.0,1.0,0.0,6418984.55176289,7255327323.94,287.38815406251115,6464552.810254095,35150.35178574484,7274468202.672999,63441960.30112443,291.7738367393852,5.556689830452352,0
63,0.538312,0.027864574211711894,0.09634750881006192,0.01906896224891358,0.010650022250418601,0.0033841848149242996,1.0,0.0,1.0,0.0,6413445.349920471,7255327323.94,287.38815406251115,6463823.66546379,35741.84639746869,7272852102.530001,61295265.29771264,291.1277281565276,5.8987484468591544,0
64,0.538312,0.027864574211711894,0.09634750881006192,0.01906896224891358,0.010650022250418601,0.0033841848149242996,1.0,0.0,1.0,0.0,6413445.349920471,7255327323.94,287.38815406251115,6462850.7849389445,36349.49346104217,7270512780.089999,64496188.2227718,291.0039643807296,6.009329086977114,0
65,0.5447059999999999,0.028664026304760483,0.09200419392499412,0.01919832243477709,0.009767129580424135,0.0018481635599473896,1.0,0.0,1.0,0.0,6413445.349920471,7224864877.940001,287.38815406251115,6462850.7849389445,36349.49346104217,7265894221.378,66819528.51134421,290.8343535908789,6.208860451767907,0
66,0.5447059999999999,0.028664026304760483,0.09200419392499412,0.01919832243477709,0.009767129580424135,0.0018481635599473896,1.0,0.0,1.0,0.0,6413445.349920471,7224864877.940001,287.38815406251115,6462285.294861487,36434.38958636655,7263287120.203,63833519.93089602,290.7978065445278,6.24138895128169,0
67,0.5447059999999999,0.028664026304760483,0.09200419392499412,0.01919832243477709,0.009767129580424135,0.0018481635599473896,1.0,0.0,1.0,0.0,6413445.349920471,7224864877.940001,287.38815406251115,6461111.176710819,35031.98121238879,7263287120.203,63833519.93089602,290.71859362962897,6.3138216531922495,0
68,0.5447059999999999,0.028664026304760483,0.09200419392499412,0.01919832243477709,0.009767129580424135,0.0018481635599473896,1.0,0.0,1.0,0.0,6413445.349920471,7224864877.940001,287.38815406251115,6461111.176710819,35031.98121238879,7263266799.517,63827955.2015179,290.4489797172102,6.558503095281447,0
69,0.5447059999999999,0.028664026304760483,0.09200419392499412,0.01919832243477709,0.009767129580424135,0.0018481635599473896,1.0,0.0,1.0,0.0,6413445.349920471,7224864877.940001,287.38815406251115,6460564.247056499,35027.679976288884,7261694485.405001,63573403.305345885,290.4489797172102,6.558503095281447,0
70,0.550216,0.02874558999220576,0.08839248924151255,0.019751070595227987,0.009762432875797528,0.0021879896939627007,1.0,0.0,1.0,0.0,6413445.349920471,7224864877.940001,287.38815406251115,6459557.463284573,34530.88699224889,7259754641.755,64629486.57135259,290.4489797172102,6.558503095281447,0
71,0.550216,0.02874558999220576,0.08839248924151255,0.019751070595227987,0.009762432875797528,0.0021879896939627007,1.0,0.0,1.0,0.0,6413445.349920471,7224864877.940001,287.38815406251115,6455814.031527271,28261.354780675923,7255928785.407001,62904706.01476285,290.4489797172102,6.558503095281447,0
72,0.550216,0.02874558999220576,0.08839248924151255,0.019751070595227987,0.009762432875797528,0.0021879896939627007,1.0,0.0,1.0,0.0,6413445.349920471,7224864877.940001,287.38815406251115,6454971.705797752,27214.058265406315,7252510154.848,63250519.13101488,290.4489797172102,6.558503095281447,0
73,0.550216,0.02874558999220576,0.08839248924151255,0.019751070595227987,0.009762432875797528,0.0021879896939627007,1.0,0.0,1.0,0.0,6413445.349920471,7224864877.940001,287.38815406251115,6454638.932403418,27505.65879545642,7250937840.736,60423236.02283515,290.4489797172102,6.558503095281447,0
74,0.550216,0.02874558999220576,0.08839248924151255,0.019751070595227987,0.009762432875797528,0.0021879896939627007,1.0,0.0,1.0,0.0,6413445.349920471,7207542637.440001,287.0626949998491,6453779.23927622,27322.071233980823,7248621958.552,60397077.39500173,290.416433810944,6.574399642907219,0
75,0.5550120000000001,0.026625472315059486,0.0844243704477851,0.01703223296576219,0.009398565052471393,0.0030621840283749932,1.0,0.0,1.0,0.0,6413445.349920471,7207542637.440001,287.0626949998491,6453571.15391548,27522.052567927283,7246478370.805,56797975.315954216,289.2406558208818,4.93080856142562,0
76,0.5550120000000001,0.026625472315059486,0.0844243704477851,0.01703223296576219,0.009398565052471393,0.0030621840283749932,1.0,0.0,1.0,0.0,6413445.349920471,7207542637.440001,287.0626949998491,6452377.209066382,28034.455611290625,7246136595.805,57242075.859900236,288.7921271564331,5.5990010736745,0
77,0.5550120000000001,0.026625472315059486,0.0844243704477851,0.01703223296576219,0.009398565052471393,0.0030621840283749932,1.0,0.0,1.0,0.0,6413445.349920471,7207542637.440001,287.0626949998491,6452128.029971893,27918.07871520406,7244205792.636999,55323199.777024254,288.1659009959033,5.215399207950436,0
78,0.5550120000000001,0.026625472315059486,0.0844243704477851,0.01703223296576219,0.009398565052471393,0.0030621840283749932,1.0,0.0,1.0,0.0,6413445.349920471,7207542637.440001,287.0626949998491,6451989.946779301,28005.321086893622,7239589106.283,53632454.77924621,288.1659009959033,5.215399207950436,0
79,0.5550120000000001,0.026625472315059486,0.0844243704477851,0.01703223296576219,0.009398565052471393,0.0030621840283749932,1.0,0.0,1.0,0.0,6413445.349920471,7207542637.440001,287.0626949998491,6451405.109418346,28591.04409832539,7239566427.033,53645732.681830585,288.1659009959033,5.215399207950436,0
80,0.5597179999999999,0.02428639363923758,0.0806095425785019,0.014471234450329745,0.010217400286568947,0.004083875310518945,1.0,0.0,1.0,0.0,6413445.349920471,7207542637.440001,287.0626949998491,6451405.109418346,28591.04409832539,7239279190.037,53630666.38258011,288.15790935532516,5.2096003037266705,0
81,0.5597179999999999,0.02428639363923758,0.0806095425785019,0.014471234450329745,0.010217400286568947,0.004083875310518945,1.0,0.0,1.0,0.0,6413445.349920471,7207542637.440001,287.0626949998491,6449922.41429854,27146.98938498638,7233008632.958,43602757.864106104,288.04831658908296,5.209409968093576,0
82,0.5597179999999999,0.02428639363923758,0.0806095425785019,0.014471234450329745,0.010217400286568947,0.004083875310518945,1.0,0.0,1.0,0.0,6413445.349920471,7199333436.160001,287.0626949998491,6449922.41429854,27146.98938498638,7232187712.83,44148349.67091558,288.03587264544,5.210700010633528,0
83,0.5597179999999999,0.02428639363923758,0.0806095425785019,0.014471234450329745,0.010217400286568947,0.004083875310518945,1.0,0.0,1.0,0.0,6413445.349920471,7179862374.030001,287.0626949998491,6449922.41429854,27146.98938498638,7230240606.617,45947136.0866302,288.03587264544,5.210700010633528,0
84,0.5597179999999999,0.02428639363923758,0.0806095425785019,0.014471234450329745,0.010217400286568947,0.004083875310518945,1.0,0.0,1.0,0.0,6410254.61558197,7179862374.030001,287.0626949998491,6449584.040692478,27578.93860173659,7230240606.617,45947136.0866302,288.03587264544,5.210700010633528,0
85,0.5647960000000001,0.020700803462667814,0.07756913418770547,0.013367100550194695,0.009865386131794603,0.0032401736160399537,1.0,0.0,1.0,0.0,6410254.61558197,7179862374.030001,287.0626949998491,6449584.040692478,27578.93860173659,7230085494.329,45996401.71294579,288.03587264544,5.210700010633528,0
86,0.5647960000000001,0.020700803462667814,0.07756913418770547,0.013367100550194695,0.009865386131794603,0.0032401736160399537,1.0,0.0,1.0,0.0,6410254.61558197,7179862374.030001,287.0626949998491,6449584.040692478,27578.93860173659,7228418158.891001,44682657.489745766,288.03587264544,5.210700010633528,0
87,0.5647960000000001,0.020700803462667814,0.07756913418770547,0.013367100550194695,0.009865386131794603,0.0032401736160399537,1.0,0.0,1.0,0.0,6410254.61558197,7179862374.030001,287.0626949998491,6448664.3934485,27238.126207906655,7227758453.08,45309041.73327959,288.03587264544,5.210700010633528,0
88,0.5647960000000001,0.020700803462667814,0.07756913418770547,0.013367100550194695,0.009865386131794603,0.0032401736160399537,1.0,0.0,1.0,0.0,6410254.61558197,7179862374.030001,287.0626949998491,6447874.7237853985,26187.224850403843,7227252948.274,45553527.07341264,288.03587264544,5.210700010633528,0
89,0.5647960000000001,0.020700803462667814,0.07756913418770547,0.013367100550194695,0.009865386131794603,0.0032401736160399537,1.0,0.0,1.0,0.0,6410254.61558197,7179862374.030001,287.0626949998491,6447874.7237853985,26187.224850403843,7224937841.615,45904130.94658505,288.030272175069,5.2012202541151185,0
90,0.566662,0.02015644700833952,0.07620124799283896,0.014080347107359158,0.009522975947476333,0.001840500868563242,1.0,0.0,1.0,0.0,6410254.61558197,7179862374.030001,287.0626949998491,6447874.7237853985,26187.224850403843,7224937841.615,45904130.94658505,287.50082785413434,4.50236317180884,0
91,0.566662,0.02015644700833952,0.07620124799283896,0.014080347107359158,0.009522975947476333,0.001840500868563242,1.0,0.0,1.0,0.0,6410254.61558197,7164139232.910001,287.0626949998491,6446716.906466452,26454.83840593671,7220565783.8949995,48786195.43140159,287.4412135989042,4.506721670255809,0
92,0.566662,0.02015644700833952,0.07620124799283896,0.014080347107359158,0.009522975947476333,0.001840500868563242,1.0,0.0,1.0,0.0,6410254.61558197,7164139232.910001,287.0626949998491,6446716.906466452,26454.83840593671,7214647572.522,46874824.14587015,287.27464625997914,4.367316216844545,0
93,0.566662,0.02015644700833952,0.07620124799283896,0.014080347107359158,0.009522975947476333,0.001840500868563242,1.0,0.0,1.0,0.0,6410254.61558197,7164139232.910001,286.73557035520423,6445126.230930574,26285.58761277438,7214647572.522,46874824.14587015,286.737861605797,3.8564532108772367,0
94,0.566662,0.02015644700833952,0.07620124799283896,0.014080347107359158,0.009522975947476333,0.001840500868563242,1.0,0.0,1.0,0.0,6410254.61558197,7164139232.910001,286.73557035520423,6445126.230930574,26285.58761277438,7213075258.410001,47346358.25561461,286.5801235078782,3.7405576660226165,0
95,0.570686,0.02076717034167149,0.07390563599490581,0.014893958108635684,0.009014261567579297,0.0014070480104912257,1.0,0.0,1.0,0.0,6410254.61558197,7164139232.910001,286.73557035520423,6445058.9093405735,26357.633189610424,7209919049.427,50990592.546061926,286.16596136477267,3.38253824185829,0
96,0.570686,0.02076717034167149,0.07390563599490581,0.014893958108635684,0.009014261567579297,0.0014070480104912257,1.0,0.0,1.0,0.0,6410254.61558197,7164139232.910001,286.73557035520423,6444933.619031357,26160.046155634813,7209919049.427,50990592.546061926,286.16596136477267,3.38253824185829,0
97,0.570686,0.02076717034167149,0.07390563599490581,0.014893958108635684,0.009014261567579297,0.0014070480104912257,1.0,0.0,1.0,0.0,6410254.61558197,7164139232.910001,286.73557035520423,6444933.619031357,26160.046155634813,7209834880.613001,50838052.79898393,285.9546922549847,3.2846530828898803,0
98,0.570686,0.02076717034167149,0.07390563599490581,0.014893958108635684,0.009014261567579297,0.0014070480104912257,1.0,0.0,1.0,0.0,6410254.61558197,7164139232.910001,281.813702397499,6444933.619031357,26160.046155634813,7209001003.914,51500450.21783535,285.4625054592142,3.4929215096029353,0
99,0.570686,0.02076717034167149,0.07390563599490581,0.014893958108635684,0.009014261567579297,0.0014070480104912257,1.0,0.0,1.0,0.0,6410254.61558197,7164139232.910001,281.813702397499,6444415.929644932,25388.656627007043,7207484016.785001,52987863.19617644,285.4106905839446,3.4802474256351865,0
100,0.572932,0.021897205666477168,0.07205704845687735,0.01625797869635421,0.009047231794725948,0.002062669200865135,1.0,0.0,1.0,0.0,6410254.61558197,7164139232.910001,281.813702397499,6444415.929644932,25388.656627007043,7205175798.815,55164990.99109917,285.4106905839446,3.4802474256351865,0
101,0.572932,0.021897205666477168,0.07205704845687735,0.01625797869635421,0.009047231794725948,0.002062669200865135,1.0,0.0,1.0,0.0,6410254.61558197,7154838873.193334,281.813702397499,6444415.929644932,25388.656627007043,7203638152.115334,55553514.94845586,285.2886538740594,3.384236744005872,0
102,0.572932,0.021897205666477168,0.07205704845687735,0.01625797869635421,0.009047231794725948,0.002062669200865135,1.0,0.0,1.0,0.0,6410254.61558197,7154838873.193334,281.813702397499,6444415.929644932,25388.656627007043,7202290075.776334,54342472.59420983,285.231436237017,3.376040058946342,0
103,0.572932,0.021897205666477168,0.07205704845687735,0.01625797869635421,0.009047231794725948,0.002062669200865135,1.0,0.0,1.0,0.0,6410254.61558197,7154838873.193334,281.813702397499,6443855.796235931,25268.099131869207,7202290075.776334,54342472.59420983,285.231436237017,3.376040058946342,0
104,0.572932,0.021897205666477168,0.07205704845687735,0.01625797869635421,0.009047231794725948,0.002062669200865135,1.0,0.0,1.0,0.0,6410254.61558197,7154838873.193334,281.813702397499,6443855.796235931,25268.099131869207,7201604176.697332,55044243.899960294,285.231436237017,3.376040058946342,0
105,0.57575,0.023145982372757484,0.0704445045033306,0.0170078596108973,0.009226870047668288,0.0030113934276292413,1.0,0.0,1.0,0.0,6410254.61558197,7154838873.193334,281.813702397499,6443855.796235931,25268.099131869207,7201263736.077333,55419855.765286274,285.231436237017,3.376040058946342,0
106,0.57575,0.023145982372757484,0.0704445045033306,0.0170078596108973,0.009226870047668288,0.0030113934276292413,1.0,0.0,1.0,0.0,6410254.61558197,7154838873.193334,281.813702397499,6443745.296283215,25248.673100982975,7198832804.148334,53836807.300661266,285.231436237017,3.376040058946342,0
107,0.57575,0.023145982372757484,0.0704445045033306,0.0170078596108973,0.009226870047668288,0.0030113934276292413,1.0,0.0,1.0,0.0,6410254.61558197,7108337074.610001,281.813702397499,6443745.296283215,25248.673100982975,7191275223.782,60018309.262266435,285.231436237017,3.376040058946342,0
108,0.57575,0.023145982372757484,0.0704445045033306,0.0170078596108973,0.009226870047668288,0.0030113934276292413,1.0,0.0,1.0,0.0,6410254.61558197,7108337074.610001,281.813702397499,6443683.321169314,25317.192863548975,7184575059.514999,51345256.86898634,285.231436237017,3.376040058946342,0
109,0.57575,0.023145982372757484,0.0704445045033306,0.0170078596108973,0.009226870047668288,0.0030113934276292413,1.0,0.0,1.0,0.0,6410254.61558197,7108337074.610001,281.813702397499,6443440.798688945,25289.264833220383,7184575059.514999,51345256.86898634,285.0572082055805,3.447209812646646,0
110,0.5785819999999999,0.02397498938477345,0.06857869385389567,0.01758640343707393,0.008931980904831343,0.0028239986985684386,1.0,0.0,1.0,0.0,6410254.61558197,7108337074.610001,281.813702397499,6443005.955589165,24585.079264811393,7182865259.914999,53091266.763072975,285.0572082055805,3.447209812646646,0
111,0.5785819999999999,0.02397498938477345,0.06857869385389567,0.01758640343707393,0.008931980904831343,0.0028239986985684386,1.0,0.0,1.0,0.0,6410254.61558197,7108337074.610001,281.813702397499,6443005.955589165,24585.079264811393,7182865259.914999,53091266.763072975,285.0572082055805,3.447209812646646,0
112,0.5785819999999999,0.02397498938477345,0.06857869385389567,0.01758640343707393,0.008931980904831343,0.0028239986985684386,1.0,0.0,1.0,0.0,6410254.61558197,7108337074.610001,281.813702397499,6442893.238144218,24487.90206847489,7180787115.812999,51937472.30236564,284.92222335967205,3.554413763220938,0
113,0.5785819999999999,0.02397498938477345,0.06857869385389567,0.01758640343707393,0.008931980904831343,0.0028239986985684386,1.0,0.0,1.0,0.0,6410254.61558197,7108337074.610001,281.813702397499,6442893.238144218,24487.90206847489,7180787115.812999,51937472.30236564,284.92222335967205,3.554413763220938,0
114,0.5785819999999999,0.02397498938477345,0.06857869385389567,0.01758640343707393,0.008931980904831343,0.0028239986985684386,1.0,0.0,1.0,0.0,6410254.61558197,7108337074.610001,281.6077088778898,6442893.238144218,24487.90206847489,7179716812.493999,51193172.3105156,284.8089447203648,3.6386202223184863,0
115,0.580084,0.02406121160706585,0.0672320627333626,0.017642439549440697,0.008376834261979051,0.0022239951235950967,1.0,0.0,1.0,0.0,6410254.61558197,7108337074.610001,281.6077088778898,6442893.238144218,24487.90206847489,7179716812.493999,51193172.3105156,284.38291508400454,3.5540765469692785,0
116,0.580084,0.02406121160706585,0.0672320627333626,0.017642439549440697,0.008376834261979051,0.0022239951235950967,1.0,0.0,1.0,0.0,6410254.61558197,7108337074.610001,281.6077088778898,6442843.846155163,24480.496316529283,7178849201.243999,50904745.4948419,284.38291508400454,3.5540765469692785,0
117,0.580084,0.02406121160706585,0.0672320627333626,0.017642439549440697,0.008376834261979051,0.0022239951235950967,1.0,0.0,1.0,0.0,6410254.61558197,7108337074.610001,281.6077088778898,6442843.846155163,24480.496316529283,7173421051.157999,53749721.33553858,284.38291508400454,3.5540765469692785,0
118,0.580084,0.02406121160706585,0.0672320627333626,0.017642439549440697,0.008376834261979051,0.0022239951235950967,1.0,0.0,1.0,0.0,6410254.61558197,7108337074.610001,281.6077088778898,6442178.377171304,23994.48839131493,7170561453.369,51155920.82001837,284.38291508400454,3.5540765469692785,0
119,0.580084,0.02406121160706585,0.0672320627333626,0.017642439549440697,0.008376834261979051,0.0022239951235950967,1.0,0.0,1.0,0.0,6410254.61558197,7108337074.610001,281.6077088778898,6442178.377171304,23994.48839131493,7168604484.619,48390343.269872375,284.38291508400454,3.5540765469692785,0
120,0.582352,0.024241254422987274,0.06615764495478783,0.017923535325228158,0.00808898705093139,0.0017541286935505577,1.0,0.0,1.0,0.0,6410254.61558197,7108337074.610001,281.6077088778898,6441572.191474722,23985.465969806217,7168604484.619,48390343.269872375,284.38291508400454,3.5540765469692785,0
121,0.582352,0.024241254422987274,0.06615764495478783,0.017923535325228158,0.00808898705093139,0.0017541286935505577,1.0,0.0,1.0,0.0,6410254.61558197,7108337074.610001,281.6077088778898,6441479.353308544,23927.74382000197,7168604484.619,48390343.269872375,284.38291508400454,3.5540765469692785,0
122,0.582352,0.024241254422987274,0.06615764495478783,0.017923535325228158,0.00808898705093139,0.0017541286935505577,1.0,0.0,1.0,0.0,6410254.61558197,7108337074.610001,281.6077088778898,6441479.353308544,23927.74382000197,7168604484.619,48390343.269872375,284.33671181307886,3.576253732357818,0
123,0.582352,0.024241254422987274,0.06615764495478783,0.017923535325228158,0.00808898705093139,0.0017541286935505577,1.0,0.0,1.0,0.0,6410254.61558197,7108337074.610001,281.6077088778898,6441479.353308544,23927.74382000197,7168604484.619,48390343.269872375,284.33671181307886,3.576253732357818,0
124,0.582352,0.024241254422987274,0.06615764495478783,0.017923535325228158,0.00808898705093139,0.0017541286935505577,1.0,0.0,1.0,0.0,6410254.61558197,7108337074.610001,281.6077088778898,6441479.353308544,23927.74382000197,7167846872.003,48078440.04857618,284.2605204670864,3.6080717631636703,0
125,0.583134,0.0243617405782099,0.06565530243078324,0.01800941115491943,0.007562789913069461,0.0012665096319546946,1.0,0.0,1.0,0.0,6410254.61558197,7108337074.610001,281.6077088778898,6441479.353308544,23927.74382000197,7164220669.217,45589456.02295859,284.2001359560442,3.6432914366969746,0
126,0.583134,0.0243617405782099,0.06565530243078324,0.01800941115491943,0.007562789913069461,0.0012665096319546946,1.0,0.0,1.0,0.0,6410254.61558197,7108337074.610001,281.6077088778898,6441479.353308544,23927.74382000197,7154553214.535001,49885238.56855724,284.1403633854963,3.6041243437937784,0
127,0.583134,0.0243617405782099,0.06565530243078324,0.01800941115491943,0.007562789913069461,0.0012665096319546946,1.0,0.0,1.0,0.0,6410254.61558197,7108337074.610001,281.6077088778898,6441479.353308544,23927.74382000197,7154553214.535001,49885238.56855724,284.1403633854963,3.6041243437937784,0
128,0.583134,0.0243617405782099,0.06565530243078324,0.01800941115491943,0.007562789913069461,0.0012665096319546946,1.0,0.0,1.0,0.0,6410254.61558197,7108337074.610001,281.6077088778898,6441479.353308544,23927.74382000197,7154553214.535001,49885238.56855724,284.1403633854963,3.6041243437937784,0
129,0.583134,0.0243617405782099,0.06565530243078324,0.01800941115491943,0.007562789913069461,0.0012665096319546946,1.0,0.0,1.0,0.0,6410254.61558197,7108337074.610001,281.6077088778898,6441319.259861221,23900.343561783873,7153706892.154001,50544671.29924659,284.1403633854963,3.6041243437937784,0
130,0.584626,0.02391396253237845,0.06488433437970956,0.017798768639839764,0.007308734146543458,0.0017439993716702128,1.0,0.0,1.0,0.0,6410254.61558197,7108337074.610001,281.53447313024344,6441319.259861221,23900.343561783873,7153706892.154001,50544671.29924659,284.1330398107317,3.6093338952681897,0
131,0.584626,0.02391396253237845,0.06488433437970956,0.017798768639839764,0.007308734146543458,0.0017439993716702128,1.0,0.0,1.0,0.0,6410254.61558197,7108337074.610001,281.53447313024344,6441319.259861221,23900.343561783873,7153706892.154001,50544671.29924659,284.1330398107317,3.6093338952681897,0
132,0.584626,0.02391396253237845,0.06488433437970956,0.017798768639839764,0.007308734146543458,0.0017439993716702128,1.0,0.0,1.0,0.0,6410254.61558197,7108337074.610001,281.53447313024344,6441319.259861221,23900.343561783873,7153706892.154001,50544671.29924659,284.1330398107317,3.6093338952681897,0
133,0.584626,0.02391396253237845,0.06488433437970956,0.017798768639839764,0.007308734146543458,0.0017439993716702128,1.0,0.0,1.0,0.0,6410254.61558197,7108337074.610001,281.53447313024344,6440955.175700721,23701.497552489756,7151452082.945002,48990733.90886248,284.1330398107317,3.6093338952681897,0
134,0.584626,0.02391396253237845,0.06488433437970956,0.017798768639839764,0.007308734146543458,0.0017439993716702128,1.0,0.0,1.0,0.0,6410254.61558197,7108337074.610001,281.53447313024344,6440955.175700721,23701.497552489756,7151452082.945002,48990733.90886248,284.1330398107317,3.6093338952681897,0
135,0.5857140000000001,0.023820186481217965,0.06390983940015435,0.018012368366724416,0.007580419018221804,0.0017029412116405156,1.0,0.0,1.0,0.0,6410254.61558197,7108337074.610001,281.53447313024344,6440069.498063631,22333.551926518896,7151452082.945002,48990733.90886248,284.1330398107317,3.6093338952681897,0
136,0.5857140000000001,0.023820186481217965,0.06390983940015435,0.018012368366724416,0.007580419018221804,0.0017029412116405156,1.0,0.0,1.0,0.0,6410254.61558197,7108337074.610001,281.53447313024344,6438781.816762208,22580.459431835552,7151452082.945002,48990733.90886248,284.1330398107317,3.6093338952681897,0
137,0.5857140000000001,0.023820186481217965,0.06390983940015435,0.018012368366724416,0.007580419018221804,0.0017029412116405156,1.0,0.0,1.0,0.0,6410254.61558197,7108337074.610001,281.53447313024344,6438781.816762208,22580.459431835552,7150453315.054001,48569941.57874267,284.1330398107317,3.6093338952681897,0
138,0.5857140000000001,0.023820186481217965,0.06390983940015435,0.018012368366724416,0.007580419018221804,0.0017029412116405156,1.0,0.0,1.0,0.0,6410254.61558197,7108337074.610001,281.53447313024344,6438075.375594152,22494.857530335044,7150453315.054001,48569941.57874267,284.1330398107317,3.6093338952681897,0
139,0.5857140000000001,0.023820186481217965,0.06390983940015435,0.018012368366724416,0.007580419018221804,0.0017029412116405156,1.0,0.0,1.0,0.0,6410254.61558197,7108337074.610001,281.53447313024344,6438075.375594152,22494.857530335044,7150453315.054001,48569941.57874267,284.1330398107317,3.6093338952681897,0
140,0.587,0.02392879436996356,0.06322527325569739,0.018365273849756336,0.008056289260494164,0.0016322664194305715,1.0,0.0,1.0,0.0,6410254.61558197,7108337074.610001,281.53447313024344,6438075.375594152,22494.857530335044,7149797030.166,48325152.65512533,284.1330398107317,3.6093338952681897,0
141,0.587,0.02392879436996356,0.06322527325569739,0.018365273849756336,0.008056289260494164,0.0016322664194305715,1.0,0.0,1.0,0.0,6410254.61558197,7108337074.610001,281.53447313024344,6438075.375594152,22494.857530335044,7149797030.166,48325152.65512533,284.0636269941362,3.589803812779435,0
142,0.587,0.02392879436996356,0.06322527325569739,0.018365273849756336,0.008056289260494164,0.0016322664194305715,1.0,0.0,1.0,0.0,6410254.61558197,7108337074.610001,281.14248820643826,6438075.375594152,22494.857530335044,7149797030.166,48325152.65512533,284.02442850175566,3.6192261807485635,0
143,0.587,0.02392879436996356,0.06322527325569739,0.018365273849756336,0.008056289260494164,0.0016322664194305715,1.0,0.0,1.0,0.0,6410254.61558197,7108337074.610001,281.14248820643826,6438075.375594152,22494.857530335044,7149797030.166,48325152.65512533,284.02442850175566,3.6192261807485635,0
144,0.587,0.02392879436996356,0.06322527325569739,0.018365273849756336,0.008056289260494164,0.0016322664194305715,1.0,0.0,1.0,0.0,6410254.61558197,7108337074.610001,281.14248820643826,6438075.375594152,22494.857530335044,7149797030.166,48325152.65512533,284.02442850175566,3.6192261807485635,0
145,0.5882340000000001,0.024994901960199798,0.06202678878789279,0.01895192798010311,0.008083774189873721,0.0016759116584736061,1.0,0.0,1.0,0.0,6410254.61558197,7108337074.610001,281.14248820643826,6438075.375594152,22494.857530335044,7147629606.1380005,46335480.04927963,284.02442850175566,3.6192261807485635,0
146,0.5882340000000001,0.024994901960199798,0.06202678878789279,0.01895192798010311,0.008083774189873721,0.0016759116584736061,1.0,0.0,1.0,0.0,6410254.61558197,7108337074.610001,281.14248820643826,6436119.939421677,22021.963240175446,7147629606.1380005,46335480.04927963,284.02442850175566,3.6192261807485635,0
147,0.5882340000000001,0.024994901960199798,0.06202678878789279,0.01895192798010311,0.008083774189873721,0.0016759116584736061,1.0,0.0,1.0,0.0,6410254.61558197,7108337074.610001,281.14248820643826,6436119.939421677,22021.963240175446,7147629606.1380005,46335480.04927963,284.02442850175566,3.6192261807485635,0
148,0.5882340000000001,0.024994901960199798,0.06202678878789279,0.01895192798010311,0.008083774189873721,0.0016759116584736061,1.0,0.0,1.0,0.0,6410254.61558197,7108337074.610001,281.14248820643826,6436119.939421677,22021.963240175446,7147629606.1380005,46335480.04927963,284.02442850175566,3.6192261807485635,0
149,0.5882340000000001,0.024994901960199798,0.06202678878789279,0.01895192798010311,0.008083774189873721,0.0016759116584736061,1.0,0.0,1.0,0.0,6410254.61558197,7108337074.610001,281.14248820643826,6436119.939421677,22021.963240175446,7147629606.1380005,46335480.04927963,284.02442850175566,3.6192261807485635,0
150,0.589396,0.025346728072869678,0.061080769484439044,0.019339638644254406,0.007849804109017408,0.0013343592872728514,1.0,0.0,1.0,0.0,6410254.61558197,7108337074.610001,281.14248820643826,6436119.939421677,22021.963240175446,7146795729.439,46652452.74548149,284.02442850175566,3.6192261807485635,0
151,0.589396,0.025346728072869678,0.061080769484439044,0.019339638644254406,0.007849804109017408,0.0013343592872728514,1.0,0.0,1.0,0.0,6410254.61558197,7108337074.610001,281.06192830701985,6436119.939421677,22021.963240175446,7146546737.371,46772630.680719174,284.0163725118138,3.6257159296124466,0
152,0.589396,0.025346728072869678,0.061080769484439044,0.019339638644254406,0.007849804109017408,0.0013343592872728514,1.0,0.0,1.0,0.0,6410254.61558197,7108337074.610001,281.06192830701985,6436119.939421677,22021.963240175446,7144050914.381,48984993.345116265,283.9909077315764,3.6419545738972623,0
153,0.589396,0.025346728072869678,0.061080769484439044,0.019339638644254406,0.007849804109017408,0.0013343592872728514,1.0,0.0,1.0,0.0,6410254.61558197,7108337074.610001,281.06192830701985,6436119.939421677,22021.963240175446,7144050914.381,48984993.345116265,283.91599908478383,3.63297467146598,0
154,0.589396,0.025346728072869678,0.061080769484439044,0.019339638644254406,0.007849804109017408,0.0013343592872728514,1.0,0.0,1.0,0.0,6410254.61558197,7108337074.610001,281.06192830701985,6436119.939421677,22021.963240175446,7144050914.381,48984993.345116265,283.91599908478383,3.63297467146598,0
155,0.590322,0.025755143098029953,0.06012024442732422,0.01988253852214753,0.00850292569940936,0.00244885968699895,1.0,0.0,1.0,0.0,6410254.61558197,7108337074.610001,281.06192830701985,6436119.939421677,22021.963240175446,7144050914.381,48984993.345116265,283.91599908478383,3.63297467146598,0
156,0.590322,0.025755143098029953,0.06012024442732422,0.01988253852214753,0.00850292569940936,0.00244885968699895,1.0,0.0,1.0,0.0,6410254.61558197,7108337074.610001,281.06192830701985,6436119.939421677,22021.963240175446,7144050914.381,48984993.345116265,283.91599908478383,3.63297467146598,0
157,0.590322,0.025755143098029953,0.06012024442732422,0.01988253852214753,0.00850292569940936,0.00244885968699895,1.0,0.0,1.0,0.0,6410254.61558197,7108337074.610001,281.06192830701985,6436119.939421677,22021.963240175446,7144050914.381,48984993.345116265,283.91599908478383,3.63297467146598,0
158,0.590322,0.025755143098029953,0.06012024442732422,0.01988253852214753,0.00850292569940936,0.00244885968699895,1.0,0.0,1.0,0.0,6410254.61558197,7090755053.610001,281.06192830701985,6436119.939421677,22021.963240175446,7142292712.281,50526580.537475064,283.91599908478383,3.63297467146598,0
159,0.590322,0.025755143098029953,0.06012024442732422,0.01988253852214753,0.00850292569940936,0.00244885968699895,1.0,0.0,1.0,0.0,6410254.61558197,7090755053.610001,281.06192830701985,6436119.939421677,22021.963240175446,7142292712.281,50526580.537475064,283.91599908478383,3.63297467146598,0
160,0.5912820000000001,0.026239990015242007,0.059379580744004776,0.02020765843097652,0.007866527719043942,0.0012054197465366974,1.0,0.0,1.0,0.0,6410254.61558197,7090755053.610001,281.06192830701985,6436119.939421677,22021.963240175446,7142292712.281,50526580.537475064,283.91599908478383,3.63297467146598,0
161,0.5912820000000001,0.026239990015242007,0.059379580744004776,0.02020765843097652,0.007866527719043942,0.0012054197465366974,1.0,0.0,1.0,0.0,6410254.61558197,7090755053.610001,281.06192830701985,6436119.939421677,22021.963240175446,7140720398.169001,52365576.50991549,283.91599908478383,3.63297467146598,0
162,0.5912820000000001,0.026239990015242007,0.059379580744004776,0.02020765843097652,0.007866527719043942,0.0012054197465366974,1.0,0.0,1.0,0.0,6410254.61558197,7090755053.610001,281.06192830701985,6436119.939421677,22021.963240175446,7139974890.378001,52049076.34529644,283.91599908478383,3.63297467146598,0
163,0.5912820000000001,0.026239990015242007,0.059379580744004776,0.02020765843097652,0.007866527719043942,0.0012054197465366974,1.0,0.0,1.0,0.0,6410254.61558197,7090755053.610001,281.06192830701985,6436119.939421677,22021.963240175446,7139128567.997,51730637.949461244,283.91599908478383,3.63297467146598,0
164,0.5912820000000001,0.026239990015242007,0.059379580744004776,0.02020765843097652,0.007866527719043942,0.0012054197465366974,1.0,0.0,1.0,0.0,6410254.61558197,7090755053.610001,281.06192830701985,6436119.939421677,22021.963240175446,7137894475.797,52327983.87162585,283.91599908478383,3.63297467146598,0
165,0.59186,0.026772317045784446,0.0586088392588137,0.02093449860411438,0.008306066200287265,0.001868251062387223,1.0,0.0,1.0,0.0,6410254.61558197,7090755053.610001,281.06192830701985,6436119.939421677,22021.963240175446,7137894475.797,52327983.87162585,283.91599908478383,3.63297467146598,0
166,0.59186,0.026772317045784446,0.0586088392588137,0.02093449860411438,0.008306066200287265,0.001868251062387223,1.0,0.0,1.0,0.0,6410254.61558197,7090755053.610001,281.06192830701985,6436119.939421677,22021.963240175446,7137894475.797,52327983.87162585,283.91599908478383,3.63297467146598,0
167,0.59186,0.026772317045784446,0.0586088392588137,0.02093449860411438,0.008306066200287265,0.001868251062387223,1.0,0.0,1.0,0.0,6410254.61558197,7090755053.610001,281.06192830701985,6436119.939421677,22021.963240175446,7137894475.797,52327983.87162585,283.8679572199179,3.701123188314453,0
168,0.59186,0.026772317045784446,0.0586088392588137,0.02093449860411438,0.008306066200287265,0.001868251062387223,1.0,0.0,1.0,0.0,6392842.612214777,7090755053.610001,281.06192830701985,6434378.739084958,24542.336759629557,7137894475.797,52327983.87162585,283.8679572199179,3.701123188314453,0
169,0.59186,0.026772317045784446,0.0586088392588137,0.02093449860411438,0.008306066200287265,0.001868251062387223,1.0,0.0,1.0,0.0,6392842.612214777,7090755053.610001,281.06192830701985,6434378.739084958,24542.336759629557,7137894475.797,52327983.87162585,283.8679572199179,3.701123188314453,0
170,0.59345,0.029419986743708763,0.05789550547421237,0.021560575741554837,0.008318748297100078,0.0014883924046608793,1.0,0.0,1.0,0.0,6392842.612214777,7037752680.860001,281.06192830701985,6434378.739084958,24542.336759629557,7132594238.522,59082575.92392043,283.8679572199179,3.701123188314453,0
171,0.59345,0.029419986743708763,0.05789550547421237,0.021560575741554837,0.008318748297100078,0.0014883924046608793,1.0,0.0,1.0,0.0,6392842.612214777,7037752680.860001,281.06192830701985,6434378.739084958,24542.336759629557,7132594238.522,59082575.92392043,283.8222698378777,3.689207254144098,0
172,0.59345,0.029419986743708763,0.05789550547421237,0.021560575741554837,0.008318748297100078,0.0014883924046608793,1.0,0.0,1.0,0.0,6392842.612214777,7037752680.860001,281.06192830701985,6434378.739084958,24542.336759629557,7132594238.522,59082575.92392043,283.8222698378777,3.689207254144098,0
173,0.59345,0.029419986743708763,0.05789550547421237,0.021560575741554837,0.008318748297100078,0.0014883924046608793,1.0,0.0,1.0,0.0,6392842.612214777,7020170659.860001,281.06192830701985,6434378.739084958,24542.336759629557,7130836036.422,62065074.72905368,283.8222698378777,3.689207254144098,0
174,0.59345,0.029419986743708763,0.05789550547421237,0.021560575741554837,0.008318748297100078,0.0014883924046608793,1.0,0.0,1.0,0.0,6392842.612214777,7020170659.860001,281.06192830701985,6434378.739084958,24542.336759629557,7130836036.422,62065074.72905368,283.8222698378777,3.689207254144098,0
175,0.5940779999999999,0.030117155841812154,0.05745171429533721,0.021793576058718355,0.009063796342658099,0.001554013052520706,1.0,0.0,1.0,0.0,6392842.612214777,7020170659.860001,281.06192830701985,6434378.739084958,24542.336759629557,7130836036.422,62065074.72905368,283.8049698709201,3.7146769523413123,0
176,0.5940779999999999,0.030117155841812154,0.05745171429533721,0.021793576058718355,0.009063796342658099,0.001554013052520706,1.0,0.0,1.0,0.0,6392842.612214777,7020170659.860001,281.06192830701985,6434378.739084958,24542.336759629557,7130836036.422,62065074.72905368,283.71389937992353,3.7584805228795375,0
177,0.5940779999999999,0.030117155841812154,0.05745171429533721,0.021793576058718355,0.009063796342658099,0.001554013052520706,1.0,0.0,1.0,0.0,6392842.612214777,7020170659.860001,281.06192830701985,6434378.739084958,24542.336759629557,7130836036.422,62065074.72905368,283.71389937992353,3.7584805228795375,0
178,0.5940779999999999,0.030117155841812154,0.05745171429533721,0.021793576058718355,0.009063796342658099,0.001554013052520706,1.0,0.0,1.0,0.0,6392842.612214777,7020170659.860001,281.06192830701985,6434378.739084958,24542.336759629557,7130836036.422,62065074.72905368,283.71389937992353,3.7584805228795375,0
179,0.5940779999999999,0.030117155841812154,0.05745171429533721,0.021793576058718355,0.009063796342658099,0.001554013052520706,1.0,0.0,1.0,0.0,6392842.612214777,7020170659.860001,281.06192830701985,6434378.739084958,24542.336759629557,7130836036.422,62065074.72905368,283.71389937992353,3.7584805228795375,0
180,0.5943699999999998,0.03023640620179588,0.05724875696538554,0.021903429951696224,0.0082423001565952,0.0019388520952116604,1.0,0.0,1.0,0.0,6391794.019573222,7020170659.860001,281.06192830701985,6434273.879820802,24721.168018714823,7130836036.422,62065074.72905368,283.71389937992353,3.7584805228795375,0
181,0.5943699999999998,0.03023640620179588,0.05724875696538554,0.021903429951696224,0.0082423001565952,0.0019388520952116604,1.0,0.0,1.0,0.0,6391794.019573222,7020170659.860001,281.06192830701985,6434273.879820802,24721.168018714823,7130836036.422,62065074.72905368,283.71389937992353,3.7584805228795375,0
182,0.5943699999999998,0.03023640620179588,0.05724875696538554,0.021903429951696224,0.0082423001565952,0.0019388520952116604,1.0,0.0,1.0,0.0,6391794.019573222,7020170659.860001,281.06192830701985,6434273.879820802,24721.168018714823,7130836036.422,62065074.72905368,283.71389937992353,3.7584805228795375,0
183,0.5943699999999998,0.03023640620179588,0.05724875696538554,0.021903429951696224,0.0082423001565952,0.0019388520952116604,1.0,0.0,1.0,0.0,6391794.019573222,7020170659.860001,281.06192830701985,6434273.879820802,24721.168018714823,7130836036.422,62065074.72905368,283.71389937992353,3.7584805228795375,0
184,0.5943699999999998,0.03023640620179588,0.05724875696538554,0.021903429951696224,0.0082423001565952,0.0019388520952116604,1.0,0.0,1.0,0.0,6391794.019573222,7020170659.860001,281.06192830701985,6434273.879820802,24721.168018714823,7130836036.422,62065074.72905368,283.67578183990025,3.7571665925251057,0
185,0.5949599999999999,0.030456905949226024,0.05706115948842707,0.021852883510399747,0.007643529056155662,0.0016811237792297713,1.0,0.0,1.0,0.0,6391794.019573222,7020170659.860001,281.06192830701985,6434273.879820802,24721.168018714823,7130836036.422,62065074.72905368,283.67578183990025,3.7571665925251057,0
186,0.5949599999999999,0.030456905949226024,0.05706115948842707,0.021852883510399747,0.007643529056155662,0.0016811237792297713,1.0,0.0,1.0,0.0,6391794.019573222,6974788260.460001,281.06192830701985,6434273.879820802,24721.168018714823,7126297796.482,71006240.29391867,283.64776011959555,3.7742446360639175,0
187,0.5949599999999999,0.030456905949226024,0.05706115948842707,0.021852883510399747,0.007643529056155662,0.0016811237792297713,1.0,0.0,1.0,0.0,6391794.019573222,6974788260.460001,281.06192830701985,6434273.879820802,24721.168018714823,7126297796.482,71006240.29391867,283.64776011959555,3.7742446360639175,0
188,0.5949599999999999,0.030456905949226024,0.05706115948842707,0.021852883510399747,0.007643529056155662,0.0016811237792297713,1.0,0.0,1.0,0.0,6391794.019573222,6974788260.460001,281.06192830701985,6434273.879820802,24721.168018714823,7124683355.948001,70452303.64298336,283.64776011959555,3.7742446360639175,0
189,0.5949599999999999,0.030456905949226024,0.05706115948842707,0.021852883510399747,0.007643529056155662,0.0016811237792297713,1.0,0.0,1.0,0.0,6391794.019573222,6974788260.460001,281.06192830701985,6434273.879820802,24721.168018714823,7124683355.948001,70452303.64298336,283.64776011959555,3.7742446360639175,0
190,0.5957320000000002,0.031041835255023173,0.05673223345487952,0.022085391805357457,0.007949981614025813,0.001770384848532979,1.0,0.0,1.0,0.0,6385308.192001222,6974788260.460001,281.06192830701985,6433625.297063602,25884.85067207569,7124683355.948001,70452303.64298336,283.64776011959555,3.7742446360639175,0
191,0.5957320000000002,0.031041835255023173,0.05673223345487952,0.022085391805357457,0.007949981614025813,0.001770384848532979,1.0,0.0,1.0,0.0,6385308.192001222,6974788260.460001,281.06192830701985,6433625.297063602,25884.85067207569,7123837033.567001,71072961.32240558,283.64776011959555,3.7742446360639175,0
192,0.5957320000000002,0.031041835255023173,0.05673223345487952,0.022085391805357457,0.007949981614025813,0.001770384848532979,1.0,0.0,1.0,0.0,6385308.192001222,6974788260.460001,281.06192830701985,6433625.297063602,25884.85067207569,7123837033.567001,71072961.32240558,283.64776011959555,3.7742446360639175,0
193,0.5957320000000002,0.031041835255023173,0.05673223345487952,0.022085391805357457,0.007949981614025813,0.001770384848532979,1.0,0.0,1.0,0.0,6385308.192001222,6974788260.460001,281.06192830701985,6433625.297063602,25884.85067207569,7123837033.567001,71072961.32240558,283.6411260954841,3.759936177791628,0
194,0.5957320000000002,0.031041835255023173,0.05673223345487952,0.022085391805357457,0.007949981614025813,0.001770384848532979,1.0,0.0,1.0,0.0,6385308.192001222,6974788260.460001,281.06192830701985,6433625.297063602,25884.85067207569,7123837033.567001,71072961.32240558,283.6411260954841,3.759936177791628,0
195,0.5965539999999999,0.03166304350500754,0.05654001136310094,0.022333919644200975,0.00780767605565791,0.0016266310832248507,1.0,0.0,1.0,0.0,6385308.192001222,6974788260.460001,281.06192830701985,6433625.297063602,25884.85067207569,7123837033.567001,71072961.32240558,283.6411260954841,3.759936177791628,0
196,0.5965539999999999,0.03166304350500754,0.05654001136310094,0.022333919644200975,0.00780767605565791,0.0016266310832248507,1.0,0.0,1.0,0.0,6385308.192001222,6974788260.460001,281.06192830701985,6433625.297063602,25884.85067207569,7121308801.217,70846486.26510875,283.6411260954841,3.759936177791628,0
197,0.5965539999999999,0.03166304350500754,0.05654001136310094,0.022333919644200975,0.00780767605565791,0.0016266310832248507,1.0,0.0,1.0,0.0,6385308.192001222,6974788260.460001,281.06192830701985,6433625.297063602,25884.85067207569,7121308801.217,70846486.26510875,283.6411260954841,3.759936177791628,0
198,0.5965539999999999,0.03166304350500754,0.05654001136310094,0.022333919644200975,0.00780767605565791,0.0016266310832248507,1.0,0.0,1.0,0.0,6385308.192001222,6974788260.460001,281.06192830701985,6433625.297063602,25884.85067207569,7121308801.217,70846486.26510875,283.6411260954841,3.759936177791628,0
199,0.5965539999999999,0.03166304350500754,0.05654001136310094,0.022333919644200975,0.00780767605565791,0.0016266310832248507,1.0,0.0,1.0,0.0,6385308.192001222,6974788260.460001,281.06192830701985,6433264.943024499,25906.34764103737,7117529245.089,68562808.90595122,283.5599140883337,3.8304922025809627,0
200,0.597634,0.03217231113861733,0.05590845041595923,0.022183359487447308,0.007508808833402475,0.0012802044191395935,1.0,0.0,1.0,0.0,6385308.192001222,6974788260.460001,281.06192830701985,6433264.943024499,25906.34764103737,7117529245.089,68562808.90595122,283.5599140883337,3.8304922025809627,0
201,0.597634,0.03217231113861733,0.05590845041595923,0.022183359487447308,0.007508808833402475,0.0012802044191395935,1.0,0.0,1.0,0.0,6385308.192001222,6974788260.460001,281.06192830701985,6433264.943024499,25906.34764103737,7117529245.089,68562808.90595122,283.49935821516374,3.818648613817666,0
202,0.597634,0.03217231113861733,0.05590845041595923,0.022183359487447308,0.007508808833402475,0.0012802044191395935,1.0,0.0,1.0,0.0,6385308.192001222,6974788260.460001,281.06192830701985,6432757.916617256,25865.59129727964,7117529245.089,68562808.90595122,283.49935821516374,3.818648613817666,0
203,0.597634,0.03217231113861733,0.05590845041595923,0.022183359487447308,0.007508808833402475,0.0012802044191395935,1.0,0.0,1.0,0.0,6385308.192001222,6974788260.460001,281.06192830701985,6432757.916617256,25865.59129727964,7117529245.089,68562808.90595122,283.49935821516374,3.818648613817666,0
204,0.597634,0.03217231113861733,0.05590845041595923,0.022183359487447308,0.007508808833402475,0.0012802044191395935,1.0,0.0,1.0,0.0,6385308.192001222,6974788260.460001,281.06192830701985,6432757.916617256,25865.59129727964,7117529245.089,68562808.90595122,283.49935821516374,3.818648613817666,0
205,0.597364,0.03121458351476117,0.055940249629874886,0.02236717647723685,0.007852692026340109,0.0015572683305607568,1.0,0.0,1.0,0.0,6385308.192001222,6974788260.460001,281.06192830701985,6432757.916617256,25865.59129727964,7117529245.089,68562808.90595122,283.49935821516374,3.818648613817666,0
206,0.597364,0.03121458351476117,0.055940249629874886,0.02236717647723685,0.007852692026340109,0.0015572683305607568,1.0,0.0,1.0,0.0,6385308.192001222,6974766628.610001,281.06192830701985,6432757.916617256,25865.59129727964,7117527081.903999,68567312.60230336,283.4975799963073,3.8148147690161345,0
207,0.597364,0.03121458351476117,0.055940249629874886,0.02236717647723685,0.007852692026340109,0.0015572683305607568,1.0,0.0,1.0,0.0,6385308.192001222,6974766628.610001,281.06192830701985,6432757.916617256,25865.59129727964,7117527081.903999,68567312.60230336,283.4975799963073,3.8148147690161345,0
208,0.597364,0.03121458351476117,0.055940249629874886,0.02236717647723685,0.007852692026340109,0.0015572683305607568,1.0,0.0,1.0,0.0,6385308.192001222,6974766628.610001,281.06192830701985,6432757.916617256,25865.59129727964,7117527081.903999,68567312.60230336,283.4975799963073,3.8148147690161345,0
209,0.597364,0.03121458351476117,0.055940249629874886,0.02236717647723685,0.007852692026340109,0.0015572683305607568,1.0,0.0,1.0,0.0,6385308.192001222,6974766628.610001,281.06192830701985,6432757.916617256,25865.59129727964,7117527081.903999,68567312.60230336,283.4975799963073,3.8148147690161345,0
210,0.597362,0.03117473265322414,0.05574922352413647,0.022151327016992826,0.007860572431085698,0.0014367207527255924,1.0,0.0,1.0,0.0,6385308.192001222,6974766628.610001,281.06192830701985,6432635.7327495795,25880.74647314904,7117527081.903999,68567312.60230336,283.4975799963073,3.8148147690161345,0
211,0.597362,0.03117473265322414,0.05574922352413647,0.022151327016992826,0.007860572431085698,0.0014367207527255924,1.0,0.0,1.0,0.0,6368828.234872731,6974766628.610001,281.06192830701985,6430987.737036729,29158.998874095334,7117527081.903999,68567312.60230336,283.4975799963073,3.8148147690161345,0
212,0.597362,0.03117473265322414,0.05574922352413647,0.022151327016992826,0.007860572431085698,0.0014367207527255924,1.0,0.0,1.0,0.0,6368828.234872731,6974766628.610001,281.06192830701985,6430817.663775368,29175.77076164498,7117527081.903999,68567312.60230336,283.4975799963073,3.8148147690161345,0
213,0.597362,0.03117473265322414,0.05574922352413647,0.022151327016992826,0.007860572431085698,0.0014367207527255924,1.0,0.0,1.0,0.0,6368828.234872731,6974766628.610001,281.06192830701985,6430817.663775368,29175.77076164498,7117527081.903999,68567312.60230336,283.4975799963073,3.8148147690161345,0
214,0.597362,0.03117473265322414,0.05574922352413647,0.022151327016992826,0.007860572431085698,0.0014367207527255924,1.0,0.0,1.0,0.0,6368828.234872731,6974766628.610001,281.06192830701985,6430817.663775368,29175.77076164498,7117527081.903999,68567312.60230336,283.1076422981255,3.083830518177537,0
215,0.5985039999999999,0.031902078678355726,0.05544685153229846,0.022134028347464065,0.007646872941069907,0.0014669005471561955,1.0,0.0,1.0,0.0,6368828.234872731,6974766628.610001,281.06192830701985,6430817.663775368,29175.77076164498,7117527081.903999,68567312.60230336,283.1076422981255,3.083830518177537,0
216,0.5985039999999999,0.031902078678355726,0.05544685153229846,0.022134028347464065,0.007646872941069907,0.0014669005471561955,1.0,0.0,1.0,0.0,6368828.234872731,6974766628.610001,281.06192830701985,6430817.663775368,29175.77076164498,7117527081.903999,68567312.60230336,283.1076422981255,3.083830518177537,0
217,0.5985039999999999,0.031902078678355726,0.05544685153229846,0.022134028347464065,0.007646872941069907,0.0014669005471561955,1.0,0.0,1.0,0.0,6368828.234872731,6974766628.610001,281.06192830701985,6430817.663775368,29175.77076164498,7117527081.903999,68567312.60230336,283.1076422981255,3.083830518177537,0
218,0.5985039999999999,0.031902078678355726,0.05544685153229846,0.022134028347464065,0.007646872941069907,0.0014669005471561955,1.0,0.0,1.0,0.0,6368828.234872731,6974766628.610001,281.06192830701985,6430817.663775368,29175.77076164498,7117527081.903999,68567312.60230336,283.1076422981255,3.083830518177537,0
219,0.5985039999999999,0.031902078678355726,0.05544685153229846,0.022134028347464065,0.007646872941069907,0.0014669005471561955,1.0,0.0,1.0,0.0,6368828.234872731,6974766628.610001,281.06192830701985,6430817.663775368,29175.77076164498,7117527081.903999,68567312.60230336,283.1076422981255,3.083830518177537,0
220,0.598648,0.03207049510063728,0.05520954662674756,0.022181774814181095,0.007476406042555367,0.0011452810161344425,1.0,0.0,1.0,0.0,6368828.234872731,6974766628.610001,281.06192830701985,6430817.663775368,29175.77076164498,7117527081.903999,68567312.60230336,283.1076422981255,3.083830518177537,0
221,0.598648,0.03207049510063728,0.05520954662674756,0.022181774814181095,0.007476406042555367,0.0011452810161344425,1.0,0.0,1.0,0.0,6368828.234872731,6974766628.610001,281.06192830701985,6430817.663775368,29175.77076164498,7117527081.903999,68567312.60230336,283.1076422981255,3.083830518177537,0
222,0.598648,0.03207049510063728,0.05520954662674756,0.022181774814181095,0.007476406042555367,0.0011452810161344425,1.0,0.0,1.0,0.0,6368828.234872731,6974766628.610001,281.06192830701985,6430817.663775368,29175.77076164498,7117527081.903999,68567312.60230336,283.1076422981255,3.083830518177537,0
223,0.598648,0.03207049510063728,0.05520954662674756,0.022181774814181095,0.007476406042555367,0.0011452810161344425,1.0,0.0,1.0,0.0,6368828.234872731,6974766628.610001,281.06192830701985,6430817.663775368,29175.77076164498,7117527081.903999,68567312.60230336,283.1076422981255,3.083830518177537,0
224,0.598648,0.03207049510063728,0.05520954662674756,0.022181774814181095,0.007476406042555367,0.0011452810161344425,1.0,0.0,1.0,0.0,6368828.234872731,6974766628.610001,281.06192830701985,6430817.663775368,29175.77076164498,7117527081.903999,68567312.60230336,282.98163604479817,2.9095646269553614,0
225,0.598844,0.031839674370194165,0.054778713069288665,0.021813741983740864,0.00756302597495905,0.001247916459590511,1.0,0.0,1.0,0.0,6368828.234872731,6974766628.610001,281.06192830701985,6430817.663775368,29175.77076164498,7117527081.903999,68567312.60230336,282.98163604479817,2.9095646269553614,0
226,0.598844,0.031839674370194165,0.054778713069288665,0.021813741983740864,0.00756302597495905,0.001247916459590511,1.0,0.0,1.0,0.0,6368828.234872731,6974766628.610001,281.06192830701985,6430817.663775368,29175.77076164498,7117527081.903999,68567312.60230336,282.98163604479817,2.9095646269553614,0
227,0.598844,0.031839674370194165,0.054778713069288665,0.021813741983740864,0.00756302597495905,0.001247916459590511,1.0,0.0,1.0,0.0,6368828.234872731,6974766628.610001,281.06192830701985,6430817.663775368,29175.77076164498,7117527081.903999,68567312.60230336,282.98163604479817,2.9095646269553614,0
228,0.598844,0.031839674370194165,0.054778713069288665,0.021813741983740864,0.00756302597495905,0.001247916459590511,1.0,0.0,1.0,0.0,6368828.234872731,6974766628.610001,281.06192830701985,6430559.509959172,28871.890742945783,7117527081.903999,68567312.60230336,282.98163604479817,2.9095646269553614,0
229,0.598844,0.031839674370194165,0.054778713069288665,0.021813741983740864,0.00756302597495905,0.001247916459590511,1.0,0.0,1.0,0.0,6368828.234872731,6974766628.610001,281.06192830701985,6430559.509959172,28871.890742945783,7117527081.903999,68567312.60230336,282.93944308205835,2.937632844875263,0
230,0.599958,0.032351221862551065,0.054181384081820695,0.021276959861456897,0.007584989392549141,0.001138472109690437,1.0,0.0,1.0,0.0,6368828.234872731,6974766628.610001,281.06192830701985,6430559.509959172,28871.890742945783,7117527081.903999,68567312.60230336,282.93944308205835,2.937632844875263,0
231,0.599958,0.032351221862551065,0.054181384081820695,0.021276959861456897,0.007584989392549141,0.001138472109690437,1.0,0.0,1.0,0.0,6368828.234872731,6974766628.610001,281.06192830701985,6430465.86672549,28707.78957561769,7117527081.903999,68567312.60230336,282.93168522938885,2.928150962620697,0
232,0.599958,0.032351221862551065,0.054181384081820695,0.021276959861456897,0.007584989392549141,0.001138472109690437,1.0,0.0,1.0,0.0,6368828.234872731,6974766628.610001,281.06192830701985,6430465.86672549,28707.78957561769,7117527081.903999,68567312.60230336,282.93168522938885,2.928150962620697,0
233,0.599958,0.032351221862551065,0.054181384081820695,0.021276959861456897,0.007584989392549141,0.001138472109690437,1.0,0.0,1.0,0.0,6368828.234872731,6974766628.610001,281.06192830701985,6430465.86672549,28707.78957561769,7117527081.903999,68567312.60230336,282.93168522938885,2.928150962620697,0
234,0.599958,0.032351221862551065,0.054181384081820695,0.021276959861456897,0.007584989392549141,0.001138472109690437,1.0,0.0,1.0,0.0,6368828.234872731,6974766628.610001,281.06192830701985,6430465.86672549,28707.78957561769,7117527081.903999,68567312.60230336,282.93168522938885,2.928150962620697,0
235,0.599732,0.03218470717592443,0.053823448640417396,0.021081551410759722,0.0076319881691278724,0.00105014533484325,1.0,0.0,1.0,0.0,6368828.234872731,6974766628.610001,281.06192830701985,6430465.86672549,28707.78957561769,7117527081.903999,68567312.60230336,282.93168522938885,2.928150962620697,0
236,0.599732,0.03218470717592443,0.053823448640417396,0.021081551410759722,0.0076319881691278724,0.00105014533484325,1.0,0.0,1.0,0.0,6368828.234872731,6974766628.610001,281.06192830701985,6430465.86672549,28707.78957561769,7117527081.903999,68567312.60230336,282.93168522938885,2.928150962620697,0
237,0.599732,0.03218470717592443,0.053823448640417396,0.021081551410759722,0.0076319881691278724,0.00105014533484325,1.0,0.0,1.0,0.0,6368828.234872731,6974766628.610001,281.06192830701985,6430465.86672549,28707.78957561769,7117527081.903999,68567312.60230336,282.93168522938885,2.928150962620697,0
238,0.599732,0.03218470717592443,0.053823448640417396,0.021081551410759722,0.0076319881691278724,0.00105014533484325,1.0,0.0,1.0,0.0,6368828.234872731,6974766628.610001,281.06192830701985,6430465.86672549,28707.78957561769,7117527081.903999,68567312.60230336,282.93168522938885,2.928150962620697,0
239,0.599732,0.03218470717592443,0.053823448640417396,0.021081551410759722,0.0076319881691278724,0.00105014533484325,1.0,0.0,1.0,0.0,6368828.234872731,6974766628.610001,281.06192830701985,6429817.28396829,27622.920284899792,7117527081.903999,68567312.60230336,282.8096429189815,2.907488855684132,0
240,0.600826,0.0318991110220959,0.05354753958357418,0.021025824509794455,0.00749674831624345,0.0013432305765203201,1.0,0.0,1.0,0.0,6368828.234872731,6974766628.610001,281.06192830701985,6429817.28396829,27622.920284899792,7117527081.903999,68567312.60230336,282.8096429189815,2.907488855684132,0
241,0.600826,0.0318991110220959,0.05354753958357418,0.021025824509794455,0.00749674831624345,0.0013432305765203201,1.0,0.0,1.0,0.0,6368828.234872731,6974766628.610001,281.06192830701985,6429817.28396829,27622.920284899792,7117527081.903999,68567312.60230336,282.8096429189815,2.907488855684132,0
242,0.600826,0.0318991110220959,0.05354753958357418,0.021025824509794455,0.00749674831624345,0.0013432305765203201,1.0,0.0,1.0,0.0,6368828.234872731,6974766628.610001,281.06192830701985,6429725.72054203,27671.86159112513,7115588133.903999,68129465.77683634,282.8096429189815,2.907488855684132,0
243,0.600826,0.0318991110220959,0.05354753958357418,0.021025824509794455,0.00749674831624345,0.0013432305765203201,1.0,0.0,1.0,0.0,6368828.234872731,6974766628.610001,281.06192830701985,6429725.72054203,27671.86159112513,7114115540.589,69174977.94380935,282.8096429189815,2.907488855684132,0
244,0.600826,0.0318991110220959,0.05354753958357418,0.021025824509794455,0.00749674831624345,0.0013432305765203201,1.0,0.0,1.0,0.0,6368828.234872731,6974766628.610001,281.06192830701985,6429659.076296936,27678.72376042158,7113426723.789,69754749.99725063,282.8096429189815,2.907488855684132,0
245,0.6014760000000001,0.031161645399432936,0.053277941893020285,0.021112333002287896,0.007348196748531756,0.0013130515814372377,1.0,0.0,1.0,0.0,6368828.234872731,6974766628.610001,281.06192830701985,6429659.076296936,27678.72376042158,7113426723.789,69754749.99725063,282.8096429189815,2.907488855684132,0
246,0.6014760000000001,0.031161645399432936,0.053277941893020285,0.021112333002287896,0.007348196748531756,0.0013130515814372377,1.0,0.0,1.0,0.0,6368828.234872731,6974766628.610001,281.06192830701985,6429659.076296936,27678.72376042158,7108622277.089,68377575.16310374,282.8096429189815,2.907488855684132,0
247,0.6014760000000001,0.031161645399432936,0.053277941893020285,0.021112333002287896,0.007348196748531756,0.0013130515814372377,1.0,0.0,1.0,0.0,6368828.234872731,6974766628.610001,281.06192830701985,6429659.076296936,27678.72376042158,7108622277.089,68377575.16310374,282.8096429189815,2.907488855684132,0
248,0.6014760000000001,0.031161645399432936,0.053277941893020285,0.021112333002287896,0.007348196748531756,0.0013130515814372377,1.0,0.0,1.0,0.0,6368828.234872731,6974766628.610001,281.06192830701985,6429659.076296936,27678.72376042158,7108622277.089,68377575.16310374,282.8096429189815,2.907488855684132,0
249,0.6014760000000001,0.031161645399432936,0.053277941893020285,0.021112333002287896,0.007348196748531756,0.0013130515814372377,1.0,0.0,1.0,0.0,6368828.234872731,6974766628.610001,281.06192830701985,6429659.076296936,27678.72376042158,7108622277.089,68377575.16310374,282.8096429189815,2.907488855684132,0
250,0.601942,0.031520434578222435,0.05308805124422772,0.021135993615963498,0.007729407617673746,0.0011895412690547983,1.0,0.0,1.0,0.0,6368828.234872731,6974766628.610001,281.06192830701985,6429659.076296936,27678.72376042158,7108622277.089,68377575.16310374,282.8096429189815,2.907488855684132,0
251,0.601942,0.031520434578222435,0.05308805124422772,0.021135993615963498,0.007729407617673746,0.0011895412690547983,1.0,0.0,1.0,0.0,6368828.234872731,6974766628.610001,281.06192830701985,6429659.076296936,27678.72376042158,7108622277.089,68377575.16310374,282.8096429189815,2.907488855684132,0
252,0.601942,0.031520434578222435,0.05308805124422772,0.021135993615963498,0.007729407617673746,0.0011895412690547983,1.0,0.0,1.0,0.0,6368828.234872731,6974766628.610001,281.06192830701985,6429659.076296936,27678.72376042158,7108622277.089,68377575.16310374,282.8096429189815,2.907488855684132,0
253,0.601942,0.031520434578222435,0.05308805124422772,0.021135993615963498,0.007729407617673746,0.0011895412690547983,1.0,0.0,1.0,0.0,6368828.234872731,6974766628.610001,281.06192830701985,6429659.076296936,27678.72376042158,7108622277.089,68377575.16310374,282.7635067281993,2.9116561228201934,0
254,0.601942,0.031520434578222435,0.05308805124422772,0.021135993615963498,0.007729407617673746,0.0011895412690547983,1.0,0.0,1.0,0.0,6368828.234872731,6974766628.610001,281.06192830701985,6429659.076296936,27678.72376042158,7108622277.089,68377575.16310374,282.7635067281993,2.9116561228201934,0
255,0.602516,0.03171272274655709,0.05275493873208239,0.021247575681279992,0.007502620400745161,0.0015209726861007663,1.0,0.0,1.0,0.0,6368828.234872731,6974766628.610001,281.06192830701985,6429659.076296936,27678.72376042158,7106127349.320166,69538314.38653152,282.7635067281993,2.9116561228201934,0
256,0.602516,0.03171272274655709,0.05275493873208239,0.021247575681279992,0.007502620400745161,0.0015209726861007663,1.0,0.0,1.0,0.0,6368828.234872731,6974766628.610001,281.06192830701985,6429659.076296936,27678.72376042158,7104961000.164166,67516981.78810672,282.7635067281993,2.9116561228201934,0
257,0.602516,0.03171272274655709,0.05275493873208239,0.021247575681279992,0.007502620400745161,0.0015209726861007663,1.0,0.0,1.0,0.0,6368828.234872731,6974766628.610001,281.06192830701985,6429098.942887935,26818.844245448065,7104823514.676166,67626285.30461086,282.71556839352536,2.9229311538371285,0
258,0.602516,0.03171272274655709,0.05275493873208239,0.021247575681279992,0.007502620400745161,0.0015209726861007663,1.0,0.0,1.0,0.0,6368828.234872731,6974766628.610001,281.06192830701985,6429098.942887935,26818.844245448065,7104823514.676166,67626285.30461086,282.71556839352536,2.9229311538371285,0
259,0.602516,0.03171272274655709,0.05275493873208239,0.021247575681279992,0.007502620400745161,0.0015209726861007663,1.0,0.0,1.0,0.0,6368828.234872731,6974766628.610001,281.06192830701985,6429098.942887935,26818.844245448065,7104823514.676166,67626285.30461086,282.71556839352536,2.9229311538371285,0
260,0.60321,0.031684006375457006,0.05236778508467656,0.02124458368700514,0.007794774096086939,0.0017050881793436452,1.0,0.0,1.0,0.0,6368828.234872731,6974766628.610001,281.06192830701985,6429098.942887935,26818.844245448065,7104823514.676166,67626285.30461086,282.71556839352536,2.9229311538371285,0
261,0.60321,0.031684006375457006,0.05236778508467656,0.02124458368700514,0.007794774096086939,0.0017050881793436452,1.0,0.0,1.0,0.0,6368828.234872731,6974766628.610001,281.06192830701985,6429098.942887935,26818.844245448065,7103002208.496165,69290015.13697836,282.71556839352536,2.9229311538371285,0
262,0.60321,0.031684006375457006,0.05236778508467656,0.02124458368700514,0.007794774096086939,0.0017050881793436452,1.0,0.0,1.0,0.0,6368828.234872731,6974766628.610001,281.06192830701985,6429098.942887935,26818.844245448065,7103002208.496165,69290015.13697836,282.16191380919054,2.719038554600009,0
263,0.60321,0.031684006375457006,0.05236778508467656,0.02124458368700514,0.007794774096086939,0.0017050881793436452,1.0,0.0,1.0,0.0,6368828.234872731,6974766628.610001,281.06192830701985,6429098.942887935,26818.844245448065,7103002208.496165,69290015.13697836,282.16191380919054,2.719038554600009,0
264,0.60321,0.031684006375457006,0.05236778508467656,0.02124458368700514,0.007794774096086939,0.0017050881793436452,1.0,0.0,1.0,0.0,6368828.234872731,6974766628.610001,281.06192830701985,6429098.942887935,26818.844245448065,7103002208.496165,69290015.13697836,282.16191380919054,2.719038554600009,0
265,0.603918,0.030853863874724028,0.052296906808379506,0.020694135770483502,0.008025151225307805,0.001573059964704833,1.0,0.0,1.0,0.0,6368828.234872731,6974766628.610001,281.06192830701985,6429098.942887935,26818.844245448065,7103002208.496165,69290015.13697836,282.16191380919054,2.719038554600009,0
266,0.603918,0.030853863874724028,0.052296906808379506,0.020694135770483502,0.008025151225307805,0.001573059964704833,1.0,0.0,1.0,0.0,6368828.234872731,6974766628.610001,281.06192830701985,6429098.942887935,26818.844245448065,7101420053.123166,66770107.773716,282.16191380919054,2.719038554600009,0
267,0.603918,0.030853863874724028,0.052296906808379506,0.020694135770483502,0.008025151225307805,0.001573059964704833,1.0,0.0,1.0,0.0,6368828.234872731,6974766628.610001,281.06192830701985,6429098.942887935,26818.844245448065,7100344626.392,67466162.55875987,282.16191380919054,2.719038554600009,0
268,0.603918,0.030853863874724028,0.052296906808379506,0.020694135770483502,0.008025151225307805,0.001573059964704833,1.0,0.0,1.0,0.0,6368828.234872731,6974766628.610001,281.06192830701985,6429098.942887935,26818.844245448065,7100344626.392,67466162.55875987,282.16191380919054,2.719038554600009,0
269,0.603918,0.030853863874724028,0.052296906808379506,0.020694135770483502,0.008025151225307805,0.001573059964704833,1.0,0.0,1.0,0.0,6368828.234872731,6974766628.610001,281.06192830701985,6429011.001374507,26867.850529971616,7099809604.661,66976940.33110233,282.16191380919054,2.719038554600009,0
270,0.6043100000000001,0.029530445645130396,0.051950792172349124,0.020340755351399863,0.007847783633903482,0.0013277386260064908,1.0,0.0,1.0,0.0,6368828.234872731,6974766628.610001,281.06192830701985,6429011.001374507,26867.850529971616,7096271081.358999,62449103.74815927,282.16191380919054,2.719038554600009,0
271,0.6043100000000001,0.029530445645130396,0.051950792172349124,0.020340755351399863,0.007847783633903482,0.0013277386260064908,1.0,0.0,1.0,0.0,6368828.234872731,6974766628.610001,281.06192830701985,6429011.001374507,26867.850529971616,7095582264.559,61704112.268472746,282.16191380919054,2.719038554600009,0
272,0.6043100000000001,0.029530445645130396,0.051950792172349124,0.020340755351399863,0.007847783633903482,0.0013277386260064908,1.0,0.0,1.0,0.0,6368828.234872731,6974766628.610001,281.06192830701985,6428383.860443604,26000.098509365187,7095582264.559,61704112.268472746,282.0567700141125,2.7925123431695815,0
273,0.6043100000000001,0.029530445645130396,0.051950792172349124,0.020340755351399863,0.007847783633903482,0.0013277386260064908,1.0,0.0,1.0,0.0,6368828.234872731,6974766628.610001,281.06192830701985,6428383.860443604,26000.098509365187,7095582264.559,61704112.268472746,282.0567700141125,2.7925123431695815,0
274,0.6043100000000001,0.029530445645130396,0.051950792172349124,0.020340755351399863,0.007847783633903482,0.0013277386260064908,1.0,0.0,1.0,0.0,6368828.234872731,6974766628.610001,281.06192830701985,6428383.860443604,26000.098509365187,7095582264.559,61704112.268472746,282.0567700141125,2.7925123431695815,0
275,0.605094,0.029028048573750187,0.05152866554474626,0.02014488109564796,0.008111578935882062,0.0013353672488926587,1.0,0.0,1.0,0.0,6368828.234872731,6974766628.610001,281.06192830701985,6428383.860443604,26000.098509365187,7095582264.559,61704112.268472746,282.05440554009454,2.792942744444287,0
276,0.605094,0.029028048573750187,0.05152866554474626,0.02014488109564796,0.008111578935882062,0.0013353672488926587,1.0,0.0,1.0,0.0,6368828.234872731,6974766628.610001,281.06192830701985,6428383.860443604,26000.098509365187,7094830466.290166,62272933.76087715,282.05440554009454,2.792942744444287,0
277,0.605094,0.029028048573750187,0.05152866554474626,0.02014488109564796,0.008111578935882062,0.0013353672488926587,1.0,0.0,1.0,0.0,6368828.234872731,6974766628.610001,281.06192830701985,6428383.860443604,26000.098509365187,7094830466.290166,62272933.76087715,282.05440554009454,2.792942744444287,0
278,0.605094,0.029028048573750187,0.05152866554474626,0.02014488109564796,0.008111578935882062,0.0013353672488926587,1.0,0.0,1.0,0.0,6368828.234872731,6974766628.610001,281.06192830701985,6428383.860443604,26000.098509365187,7094830466.290166,62272933.76087715,282.05440554009454,2.792942744444287,0
279,0.605094,0.029028048573750187,0.05152866554474626,0.02014488109564796,0.008111578935882062,0.0013353672488926587,1.0,0.0,1.0,0.0,6368828.234872731,6974766628.610001,281.06192830701985,6428383.860443604,26000.098509365187,7094830466.290166,62272933.76087715,282.05440554009454,2.792942744444287,0
280,0.605882,0.02883535392534657,0.05102920887896326,0.019450966604582145,0.008254108820843594,0.0014792492725339628,1.0,0.0,1.0,0.0,6368828.234872731,6974766628.610001,281.06192830701985,6428282.414586261,25864.266359447785,7094830466.290166,62272933.76087715,282.05440554009454,2.792942744444287,0
281,0.605882,0.02883535392534657,0.05102920887896326,0.019450966604582145,0.008254108820843594,0.0014792492725339628,1.0,0.0,1.0,0.0,6368828.234872731,6974766628.610001,281.06192830701985,6428282.414586261,25864.266359447785,7094830466.290166,62272933.76087715,282.05440554009454,2.792942744444287,0
282,0.605882,0.02883535392534657,0.05102920887896326,0.019450966604582145,0.008254108820843594,0.0014792492725339628,1.0,0.0,1.0,0.0,6368828.234872731,6974766628.610001,281.06192830701985,6428282.414586261,25864.266359447785,7094830466.290166,62272933.76087715,282.05440554009454,2.792942744444287,0
283,0.605882,0.02883535392534657,0.05102920887896326,0.019450966604582145,0.008254108820843594,0.0014792492725339628,1.0,0.0,1.0,0.0,6368828.234872731,6974766628.610001,281.06192830701985,6428282.414586261,25864.266359447785,7094830466.290166,62272933.76087715,282.05440554009454,2.792942744444287,0
284,0.605882,0.02883535392534657,0.05102920887896326,0.019450966604582145,0.008254108820843594,0.0014792492725339628,1.0,0.0,1.0,0.0,6368828.234872731,6974766628.610001,281.06192830701985,6428282.414586261,25864.266359447785,7094830466.290166,62272933.76087715,282.05440554009454,2.792942744444287,0
285,0.606534,0.028611977981258117,0.050889495326559356,0.019255857000494925,0.00829893298975833,0.0017691149485605834,1.0,0.0,1.0,0.0,6368828.234872731,6974766628.610001,281.06192830701985,6428282.414586261,25864.266359447785,7094141649.490166,63008540.334465526,282.05440554009454,2.792942744444287,0
286,0.606534,0.028611977981258117,0.050889495326559356,0.019255857000494925,0.00829893298975833,0.0017691149485605834,1.0,0.0,1.0,0.0,6368828.234872731,6974766628.610001,281.06192830701985,6428282.414586261,25864.266359447785,7094141649.490166,63008540.334465526,282.05440554009454,2.792942744444287,0
287,0.606534,0.028611977981258117,0.050889495326559356,0.019255857000494925,0.00829893298975833,0.0017691149485605834,1.0,0.0,1.0,0.0,6368828.234872731,6974766628.610001,281.06192830701985,6428282.414586261,25864.266359447785,7094141649.490166,63008540.334465526,282.05440554009454,2.792942744444287,0
288,0.606534,0.028611977981258117,0.050889495326559356,0.019255857000494925,0.00829893298975833,0.0017691149485605834,1.0,0.0,1.0,0.0,6368828.234872731,6974766628.610001,281.06192830701985,6428282.414586261,25864.266359447785,7090499037.130167,63925781.55913878,282.05440554009454,2.792942744444287,0
289,0.606534,0.028611977981258117,0.050889495326559356,0.019255857000494925,0.00829893298975833,0.0017691149485605834,1.0,0.0,1.0,0.0,6368828.234872731,6974766628.610001,281.06192830701985,6428282.414586261,25864.266359447785,7090499037.130167,63925781.55913878,282.05440554009454,2.792942744444287,0
290,0.6063080000000001,0.028253556519489735,0.05076144211236784,0.01900320988926125,0.008336187748677863,0.00214192329086315,1.0,0.0,1.0,0.0,6368828.234872731,6974766628.610001,281.06192830701985,6428282.414586261,25864.266359447785,7090499037.130167,63925781.55913878,282.05440554009454,2.792942744444287,0
291,0.6063080000000001,0.028253556519489735,0.05076144211236784,0.01900320988926125,0.008336187748677863,0.00214192329086315,1.0,0.0,1.0,0.0,6368828.234872731,6974766628.610001,281.06192830701985,6427722.281177262,25176.523667949772,7090499037.130167,63925781.55913878,282.05440554009454,2.792942744444287,0
292,0.6063080000000001,0.028253556519489735,0.05076144211236784,0.01900320988926125,0.008336187748677863,0.00214192329086315,1.0,0.0,1.0,0.0,6368828.234872731,6974766628.610001,281.06192830701985,6427722.281177262,25176.523667949772,7090499037.130167,63925781.55913878,282.05440554009454,2.792942744444287,0
293,0.6063080000000001,0.028253556519489735,0.05076144211236784,0.01900320988926125,0.008336187748677863,0.00214192329086315,1.0,0.0,1.0,0.0,6368828.234872731,6974766628.610001,281.06192830701985,6427722.281177262,25176.523667949772,7090499037.130167,63925781.55913878,282.05440554009454,2.792942744444287,0
294,0.6063080000000001,0.028253556519489735,0.05076144211236784,0.01900320988926125,0.008336187748677863,0.00214192329086315,1.0,0.0,1.0,0.0,6368828.234872731,6964578432.460001,281.06192830701985,6427722.281177262,25176.523667949772,7089480217.515167,65815411.45051797,282.05440554009454,2.792942744444287,0
295,0.60673,0.028549289658413586,0.050590966513774704,0.018965215011752252,0.008207885092973445,0.0022440745987582916,1.0,0.0,1.0,0.0,6368828.234872731,6964578432.460001,281.06192830701985,6427722.281177262,25176.523667949772,7088459234.715167,64790613.15894752,282.05440554009454,2.792942744444287,0
296,0.60673,0.028549289658413586,0.050590966513774704,0.018965215011752252,0.008207885092973445,0.0022440745987582916,1.0,0.0,1.0,0.0,6368828.234872731,6964578432.460001,281.06192830701985,6427722.281177262,25176.523667949772,7088459234.715167,64790613.15894752,282.05431186762434,2.7929601651170177,0
297,0.60673,0.028549289658413586,0.050590966513774704,0.018965215011752252,0.008207885092973445,0.0022440745987582916,1.0,0.0,1.0,0.0,6368828.234872731,6964578432.460001,281.06192830701985,6427722.281177262,25176.523667949772,7088459234.715167,64790613.15894752,282.05431186762434,2.7929601651170177,0
298,0.60673,0.028549289658413586,0.050590966513774704,0.018965215011752252,0.008207885092973445,0.0022440745987582916,1.0,0.0,1.0,0.0,6368828.234872731,6964578432.460001,281.06192830701985,6427670.92642872,25118.153297900528,7088459234.715167,64790613.15894752,282.00705738530195,2.8053257885098737,0
299,0.60673,0.028549289658413586,0.050590966513774704,0.018965215011752252,0.008207885092973445,0.0022440745987582916,1.0,0.0,1.0,0.0,6368828.234872731,6964578432.460001,281.06192830701985,6427670.92642872,25118.153297900528,7088413235.714167,64836403.879726216,282.00705738530195,2.8053257885098737,0
300,0.6067199999999999,0.028379181101645612,0.05028624437395944,0.018974182866920913,0.008210993761349978,0.0020319853391260897,1.0,0.0,1.0,0.0,6368828.234872731,6964578432.460001,281.06192830701985,6427670.92642872,25118.153297900528,7088413235.714167,64836403.879726216,282.00705738530195,2.8053257885098737,0
301,0.6067199999999999,0.028379181101645612,0.05028624437395944,0.018974182866920913,0.008210993761349978,0.0020319853391260897,1.0,0.0,1.0,0.0,6368828.234872731,6964578432.460001,281.06192830701985,6427670.92642872,25118.153297900528,7088413235.714167,64836403.879726216,282.00705738530195,2.8053257885098737,0
302,0.6067199999999999,0.028379181101645612,0.05028624437395944,0.018974182866920913,0.008210993761349978,0.0020319853391260897,1.0,0.0,1.0,0.0,6368828.234872731,6964578432.460001,281.06192830701985,6427670.92642872,25118.153297900528,7088413235.714167,64836403.879726216,282.00705738530195,2.8053257885098737,0
303,0.6067199999999999,0.028379181101645612,0.05028624437395944,0.018974182866920913,0.008210993761349978,0.0020319853391260897,1.0,0.0,1.0,0.0,6368828.234872731,6964578432.460001,280.827158832448,6427670.92642872,25118.153297900528,7088413235.714167,64836403.879726216,281.9835804378448,2.8141056793691823,0
304,0.6067199999999999,0.028379181101645612,0.05028624437395944,0.018974182866920913,0.008210993761349978,0.0020319853391260897,1.0,0.0,1.0,0.0,6368828.234872731,6964578432.460001,280.827158832448,6427670.92642872,25118.153297900528,7088413235.714167,64836403.879726216,281.9835804378448,2.8141056793691823,0
305,0.607014,0.028236182532346686,0.050048157672902514,0.018918620979314724,0.008303489772760252,0.0021428153442486554,1.0,0.0,1.0,0.0,6368828.234872731,6964578432.460001,280.827158832448,6427670.92642872,25118.153297900528,7088413235.714167,64836403.879726216,281.9835804378448,2.8141056793691823,0
306,0.607014,0.028236182532346686,0.050048157672902514,0.018918620979314724,0.008303489772760252,0.0021428153442486554,1.0,0.0,1.0,0.0,6368828.234872731,6964578432.460001,280.827158832448,6427670.92642872,25118.153297900528,7088413235.714167,64836403.879726216,281.9835804378448,2.8141056793691823,0
307,0.607014,0.028236182532346686,0.050048157672902514,0.018918620979314724,0.008303489772760252,0.0021428153442486554,1.0,0.0,1.0,0.0,6368828.234872731,6964578432.460001,280.827158832448,6427670.92642872,25118.153297900528,7087767755.438167,64527252.933153585,281.95524924447426,2.8246482423118846,0
308,0.607014,0.028236182532346686,0.050048157672902514,0.018918620979314724,0.008303489772760252,0.0021428153442486554,1.0,0.0,1.0,0.0,6368828.234872731,6964578432.460001,280.827158832448,6427670.92642872,25118.153297900528,7087767755.438167,64527252.933153585,281.95524924447426,2.8246482423118846,0
309,0.607014,0.028236182532346686,0.050048157672902514,0.018918620979314724,0.008303489772760252,0.0021428153442486554,1.0,0.0,1.0,0.0,6368828.234872731,6964578432.460001,280.827158832448,6427670.92642872,25118.153297900528,7087767755.438167,64527252.933153585,281.95524924447426,2.8246482423118846,0
310,0.607162,0.028143254182841044,0.04986456151860795,0.01898289515343662,0.008345215055198363,0.0018573621708108576,1.0,0.0,1.0,0.0,6368828.234872731,6964578432.460001,280.827158832448,6427670.92642872,25118.153297900528,7087767755.438167,64527252.933153585,281.95524924447426,2.8246482423118846,0
311,0.607162,0.028143254182841044,0.04986456151860795,0.01898289515343662,0.008345215055198363,0.0018573621708108576,1.0,0.0,1.0,0.0,6368828.234872731,6964578432.460001,280.827158832448,6427670.92642872,25118.153297900528,7087767755.438167,64527252.933153585,281.95524924447426,2.8246482423118846,0
312,0.607162,0.028143254182841044,0.04986456151860795,0.01898289515343662,0.008345215055198363,0.0018573621708108576,1.0,0.0,1.0,0.0,6368828.234872731,6964578432.460001,280.827158832448,6427670.92642872,25118.153297900528,7085946449.258166,66536043.112528615,281.95524924447426,2.8246482423118846,0
313,0.607162,0.028143254182841044,0.04986456151860795,0.01898289515343662,0.008345215055198363,0.0018573621708108576,1.0,0.0,1.0,0.0,6368828.234872731,6964578432.460001,280.827158832448,6427670.92642872,25118.153297900528,7085946449.258166,66536043.112528615,281.95524924447426,2.8246482423118846,0
314,0.607162,0.028143254182841044,0.04986456151860795,0.01898289515343662,0.008345215055198363,0.0018573621708108576,1.0,0.0,1.0,0.0,6368828.234872731,6964578432.460001,280.827158832448,6427670.92642872,25118.153297900528,7085946449.258166,66536043.112528615,281.95524924447426,2.8246482423118846,0
315,0.607564,0.028048323728879065,0.04960276397559119,0.01893910485660719,0.008259449749811465,0.0019790871750111705,1.0,0.0,1.0,0.0,6368828.234872731,6964578432.460001,280.827158832448,6427670.92642872,25118.153297900528,7085946449.258166,66536043.112528615,281.95524924447426,2.8246482423118846,0
316,0.607564,0.028048323728879065,0.04960276397559119,0.01893910485660719,0.008259449749811465,0.0019790871750111705,1.0,0.0,1.0,0.0,6368828.234872731,6964578432.460001,280.827158832448,6427670.92642872,25118.153297900528,7085946449.258166,66536043.112528615,281.88335597946906,2.8619206066586313,0
317,0.607564,0.028048323728879065,0.04960276397559119,0.01893910485660719,0.008259449749811465,0.0019790871750111705,1.0,0.0,1.0,0.0,6368828.234872731,6964578432.460001,280.827158832448,6427670.92642872,25118.153297900528,7085558679.439166,66787020.0319673,281.782154539602,2.916567780686743,0
318,0.607564,0.028048323728879065,0.04960276397559119,0.01893910485660719,0.008259449749811465,0.0019790871750111705,1.0,0.0,1.0,0.0,6368828.234872731,6964578432.460001,280.827158832448,6427670.92642872,25118.153297900528,7085558679.439166,66787020.0319673,281.782154539602,2.916567780686743,0
319,0.607564,0.028048323728879065,0.04960276397559119,0.01893910485660719,0.008259449749811465,0.0019790871750111705,1.0,0.0,1.0,0.0,6368828.234872731,6964578432.460001,280.827158832448,6427670.92642872,25118.153297900528,7085558679.439166,66787020.0319673,281.782154539602,2.916567780686743,0
320,0.6078399999999999,0.028433609689942633,0.049381481986895216,0.018874271511160494,0.008059529096795314,0.0017182108982753065,1.0,0.0,1.0,0.0,6368828.234872731,6964578432.460001,280.827158832448,6427670.92642872,25118.153297900528,7085558679.439166,66787020.0319673,281.782154539602,2.916567780686743,0
321,0.6078399999999999,0.028433609689942633,0.049381481986895216,0.018874271511160494,0.008059529096795314,0.0017182108982753065,1.0,0.0,1.0,0.0,6368828.234872731,6964578432.460001,280.827158832448,6427670.92642872,25118.153297900528,7085558679.439166,66787020.0319673,281.782154539602,2.916567780686743,0
322,0.6078399999999999,0.028433609689942633,0.049381481986895216,0.018874271511160494,0.008059529096795314,0.0017182108982753065,1.0,0.0,1.0,0.0,6368828.234872731,6964578432.460001,280.827158832448,6427670.92642872,25118.153297900528,7085558679.439166,66787020.0319673,281.782154539602,2.916567780686743,0
323,0.6078399999999999,0.028433609689942633,0.049381481986895216,0.018874271511160494,0.008059529096795314,0.0017182108982753065,1.0,0.0,1.0,0.0,6368828.234872731,6964578432.460001,280.827158832448,6427670.92642872,25118.153297900528,7085464155.326999,66851124.98927386,281.782154539602,2.916567780686743,0
324,0.6078399999999999,0.028433609689942633,0.049381481986895216,0.018874271511160494,0.008059529096795314,0.0017182108982753065,1.0,0.0,1.0,0.0,6368828.234872731,6964578432.460001,280.827158832448,6427670.92642872,25118.153297900528,7085464155.326999,66851124.98927386,281.782154539602,2.916567780686743,0
325,0.6080699999999999,0.027872797132688365,0.04913071299212304,0.018796021325901822,0.008544067139359481,0.0022881699357923655,1.0,0.0,1.0,0.0,6368828.234872731,6964578432.460001,280.827158832448,6427670.92642872,25118.153297900528,7085464155.326999,66851124.98927386,281.782154539602,2.916567780686743,0
326,0.6080699999999999,0.027872797132688365,0.04913071299212304,0.018796021325901822,0.008544067139359481,0.0022881699357923655,1.0,0.0,1.0,0.0,6368828.234872731,6964578432.460001,280.827158832448,6427670.92642872,25118.153297900528,7085464155.326999,66851124.98927386,281.782154539602,2.916567780686743,0
327,0.6080699999999999,0.027872797132688365,0.04913071299212304,0.018796021325901822,0.008544067139359481,0.0022881699357923655,1.0,0.0,1.0,0.0,6368828.234872731,6964578432.460001,280.827158832448,6427670.92642872,25118.153297900528,7084712357.0581665,67401305.1376579,281.782154539602,2.916567780686743,0
328,0.6080699999999999,0.027872797132688365,0.04913071299212304,0.018796021325901822,0.008544067139359481,0.0022881699357923655,1.0,0.0,1.0,0.0,6368828.234872731,6964578432.460001,280.827158832448,6427670.92642872,25118.153297900528,7084207758.5581665,66828624.058595814,281.782154539602,2.916567780686743,0
329,0.6080699999999999,0.027872797132688365,0.04913071299212304,0.018796021325901822,0.008544067139359481,0.0022881699357923655,1.0,0.0,1.0,0.0,6368828.234872731,6964578432.460001,280.827158832448,6427670.92642872,25118.153297900528,7084207758.5581665,66828624.058595814,281.782154539602,2.916567780686743,0
330,0.608476,0.027966150682566228,0.048607328122636406,0.01926013122585153,0.008507290392330988,0.002101330718086177,1.0,0.0,1.0,0.0,6368828.234872731,6964578432.460001,280.827158832448,6427670.92642872,25118.153297900528,7084207758.5581665,66828624.058595814,281.782154539602,2.916567780686743,0
331,0.608476,0.027966150682566228,0.048607328122636406,0.01926013122585153,0.008507290392330988,0.002101330718086177,1.0,0.0,1.0,0.0,6368828.234872731,6964578432.460001,280.827158832448,6427670.92642872,25118.153297900528,7084207758.5581665,66828624.058595814,281.782154539602,2.916567780686743,0
332,0.608476,0.027966150682566228,0.048607328122636406,0.01926013122585153,0.008507290392330988,0.002101330718086177,1.0,0.0,1.0,0.0,6368828.234872731,6964578432.460001,280.827158832448,6427670.92642872,25118.153297900528,7084207758.5581665,66828624.058595814,281.782154539602,2.916567780686743,0
333,0.608476,0.027966150682566228,0.048607328122636406,0.01926013122585153,0.008507290392330988,0.002101330718086177,1.0,0.0,1.0,0.0,6368828.234872731,6964578432.460001,280.827158832448,6427670.92642872,25118.153297900528,7084207758.5581665,66828624.058595814,281.782154539602,2.916567780686743,0
334,0.608476,0.027966150682566228,0.048607328122636406,0.01926013122585153,0.008507290392330988,0.002101330718086177,1.0,0.0,1.0,0.0,6368828.234872731,6964578432.460001,280.827158832448,6427079.599416727,24505.885981694977,7084207758.5581665,66828624.058595814,281.782154539602,2.916567780686743,0
335,0.6095720000000001,0.028157598193027742,0.04790484262636395,0.019824438004098513,0.009011639303243533,0.0021141498185853654,1.0,0.0,1.0,0.0,6368828.234872731,6964578432.460001,280.827158832448,6427079.599416727,24505.885981694977,7084207758.5581665,66828624.058595814,281.782154539602,2.916567780686743,0
336,0.6095720000000001,0.028157598193027742,0.04790484262636395,0.019824438004098513,0.009011639303243533,0.0021141498185853654,1.0,0.0,1.0,0.0,6368828.234872731,6964578432.460001,280.827158832448,6427079.599416727,24505.885981694977,7084207758.5581665,66828624.058595814,281.56099193204636,3.127352936373474,0
337,0.6095720000000001,0.028157598193027742,0.04790484262636395,0.019824438004098513,0.009011639303243533,0.0021141498185853654,1.0,0.0,1.0,0.0,6368828.234872731,6964578432.460001,280.827158832448,6427079.599416727,24505.885981694977,7084094642.958166,66796619.40270083,281.56099193204636,3.127352936373474,0
338,0.6095720000000001,0.028157598193027742,0.04790484262636395,0.019824438004098513,0.009011639303243533,0.0021141498185853654,1.0,0.0,1.0,0.0,6368828.234872731,6964578432.460001,280.827158832448,6427079.599416727,24505.885981694977,7084094642.958166,66796619.40270083,281.50796639705,3.1634579388204056,0
339,0.6095720000000001,0.028157598193027742,0.04790484262636395,0.019824438004098513,0.009011639303243533,0.0021141498185853654,1.0,0.0,1.0,0.0,6368828.234872731,6964578432.460001,280.827158832448,6427079.599416727,24505.885981694977,7083882058.258166,66563707.12338439,281.50796639705,3.1634579388204056,0
340,0.6107719999999999,0.029080260246428333,0.047699491876639764,0.02038051012522631,0.008847145795138402,0.0018439204835565691,1.0,0.0,1.0,0.0,6368828.234872731,6964578432.460001,280.827158832448,6427079.599416727,24505.885981694977,7083882058.258166,66563707.12338439,281.3960545043391,3.263886643023791,0
341,0.6107719999999999,0.029080260246428333,0.047699491876639764,0.02038051012522631,0.008847145795138402,0.0018439204835565691,1.0,0.0,1.0,0.0,6368828.234872731,6964578432.460001,280.827158832448,6427079.599416727,24505.885981694977,7083882058.258166,66563707.12338439,281.3960545043391,3.263886643023791,0
342,0.6107719999999999,0.029080260246428333,0.047699491876639764,0.02038051012522631,0.008847145795138402,0.0018439204835565691,1.0,0.0,1.0,0.0,6368828.234872731,6964578432.460001,280.827158832448,6427079.599416727,24505.885981694977,7083640508.226,66754905.41551724,281.3960545043391,3.263886643023791,0
343,0.6107719999999999,0.029080260246428333,0.047699491876639764,0.02038051012522631,0.008847145795138402,0.0018439204835565691,1.0,0.0,1.0,0.0,6368828.234872731,6964578432.460001,280.827158832448,6427079.599416727,24505.885981694977,7083640508.226,66754905.41551724,281.3960545043391,3.263886643023791,0
344,0.6107719999999999,0.029080260246428333,0.047699491876639764,0.02038051012522631,0.008847145795138402,0.0018439204835565691,1.0,0.0,1.0,0.0,6368828.234872731,6964578432.460001,280.827158832448,6427079.599416727,24505.885981694977,7083640508.226,66754905.41551724,281.3960545043391,3.263886643023791,0
345,0.61099,0.029365366335191524,0.04703605342740119,0.0204549331814174,0.008737942928907607,0.002047055098908599,1.0,0.0,1.0,0.0,6368828.234872731,6964578432.460001,280.827158832448,6427079.599416727,24505.885981694977,7083640508.226,66754905.41551724,281.3960545043391,3.263886643023791,0
346,0.61099,0.029365366335191524,0.04703605342740119,0.0204549331814174,0.008737942928907607,0.002047055098908599,1.0,0.0,1.0,0.0,6368828.234872731,6964578432.460001,280.827158832448,6427079.599416727,24505.885981694977,7083640508.226,66754905.41551724,281.3883346883704,3.272732875661773,0
347,0.61099,0.029365366335191524,0.04703605342740119,0.0204549331814174,0.008737942928907607,0.002047055098908599,1.0,0.0,1.0,0.0,6368828.234872731,6954836618.080001,280.827158832448,6427079.599416727,24505.885981694977,7082666326.787999,68532727.87992552,281.2752862871325,3.1103479208373868,0
348,0.61099,0.029365366335191524,0.04703605342740119,0.0204549331814174,0.008737942928907607,0.002047055098908599,1.0,0.0,1.0,0.0,6368828.234872731,6954836618.080001,280.827158832448,6427079.599416727,24505.885981694977,7082190094.687999,68036356.25058168,281.2752862871325,3.1103479208373868,0
349,0.61099,0.029365366335191524,0.04703605342740119,0.0204549331814174,0.008737942928907607,0.002047055098908599,1.0,0.0,1.0,0.0,6368828.234872731,6954836618.080001,280.827158832448,6427079.599416727,24505.885981694977,7081501277.887999,67384041.26476192,281.2752862871325,3.1103479208373868,0
350,0.611322,0.029109015029712006,0.046720117626950955,0.02038446782048531,0.00868798033614526,0.0013703878791394867,1.0,0.0,1.0,0.0,6368828.234872731,6954836618.080001,280.827158832448,6427079.599416727,24505.885981694977,7081501277.887999,67384041.26476192,281.2752862871325,3.1103479208373868,0
351,0.611322,0.029109015029712006,0.046720117626950955,0.02038446782048531,0.00868798033614526,0.0013703878791394867,1.0,0.0,1.0,0.0,6368828.234872731,6954836618.080001,280.827158832448,6427079.599416727,24505.885981694977,7077784883.570999,64894888.40365983,281.2752862871325,3.1103479208373868,0
352,0.611322,0.029109015029712006,0.046720117626950955,0.02038446782048531,0.00868798033614526,0.0013703878791394867,1.0,0.0,1.0,0.0,6368828.234872731,6954836618.080001,280.827158832448,6427079.599416727,24505.885981694977,7077784883.570999,64894888.40365983,281.2752862871325,3.1103479208373868,0
353,0.611322,0.029109015029712006,0.046720117626950955,0.02038446782048531,0.00868798033614526,0.0013703878791394867,1.0,0.0,1.0,0.0,6368828.234872731,6954836618.080001,280.827158832448,6427079.599416727,24505.885981694977,7077784883.570999,64894888.40365983,281.26224851376577,3.1169109401397685,0
354,0.611322,0.029109015029712006,0.046720117626950955,0.02038446782048531,0.00868798033614526,0.0013703878791394867,1.0,0.0,1.0,0.0,6368828.234872731,6954836618.080001,280.827158832448,6427079.599416727,24505.885981694977,7077784883.570999,64894888.40365983,281.26224851376577,3.1169109401397685,0
355,0.6115120000000001,0.029172180172212032,0.04660341860848059,0.02045972447278706,0.008636553942662831,0.0020312577937272704,1.0,0.0,1.0,0.0,6368828.234872731,6954836618.080001,280.827158832448,6427079.599416727,24505.885981694977,7077784883.570999,64894888.40365983,280.95905103225135,3.3953652458484087,0
356,0.6115120000000001,0.029172180172212032,0.04660341860848059,0.02045972447278706,0.008636553942662831,0.0020312577937272704,1.0,0.0,1.0,0.0,6368828.234872731,6954836618.080001,280.827158832448,6427079.599416727,24505.885981694977,7077572298.870999,64657027.49852303,280.7912641533761,3.5737926880182007,0
357,0.6115120000000001,0.029172180172212032,0.04660341860848059,0.02045972447278706,0.008636553942662831,0.0020312577937272704,1.0,0.0,1.0,0.0,6368828.234872731,6954836618.080001,280.827158832448,6427079.599416727,24505.885981694977,7076037159.69,64159378.49142993,280.7912641533761,3.5737926880182007,0
358,0.6115120000000001,0.029172180172212032,0.04660341860848059,0.02045972447278706,0.008636553942662831,0.0020312577937272704,1.0,0.0,1.0,0.0,6368828.234872731,6954836618.080001,280.827158832448,6427079.599416727,24505.885981694977,7076037159.69,64159378.49142993,280.7912641533761,3.5737926880182007,0
359,0.6115120000000001,0.029172180172212032,0.04660341860848059,0.02045972447278706,0.008636553942662831,0.0020312577937272704,1.0,0.0,1.0,0.0,6368828.234872731,6954836618.080001,280.827158832448,6427079.599416727,24505.885981694977,7075348342.889999,64945418.84490151,280.7912641533761,3.5737926880182007,0
360,0.611792,0.02924204534570043,0.04632820147514494,0.020504045754393352,0.009018609176387707,0.0018613467195092038,1.0,0.0,1.0,0.0,6368828.234872731,6954836618.080001,280.827158832448,6427079.599416727,24505.885981694977,7075348342.889999,64945418.84490151,280.7912641533761,3.5737926880182007,0
361,0.611792,0.02924204534570043,0.04632820147514494,0.020504045754393352,0.009018609176387707,0.0018613467195092038,1.0,0.0,1.0,0.0,6368828.234872731,6954836618.080001,280.827158832448,6427079.599416727,24505.885981694977,7075348342.889999,64945418.84490151,280.7912641533761,3.5737926880182007,0
362,0.611792,0.02924204534570043,0.04632820147514494,0.020504045754393352,0.009018609176387707,0.0018613467195092038,1.0,0.0,1.0,0.0,6368828.234872731,6954836618.080001,280.827158832448,6427079.599416727,24505.885981694977,7075348342.889999,64945418.84490151,280.7912641533761,3.5737926880182007,0
363,0.611792,0.02924204534570043,0.04632820147514494,0.020504045754393352,0.009018609176387707,0.0018613467195092038,1.0,0.0,1.0,0.0,6368828.234872731,6954836618.080001,280.827158832448,6427079.599416727,24505.885981694977,7075348342.889999,64945418.84490151,280.7912641533761,3.5737926880182007,0
364,0.611792,0.02924204534570043,0.04632820147514494,0.020504045754393352,0.009018609176387707,0.0018613467195092038,1.0,0.0,1.0,0.0,6368828.234872731,6954836618.080001,280.827158832448,6427079.599416727,24505.885981694977,7075348342.889999,64945418.84490151,280.7912641533761,3.5737926880182007,0
365,0.6123579999999998,0.02919863483110128,0.04610602246449362,0.020360918113225338,0.008924527600140467,0.001659857395390234,1.0,0.0,1.0,0.0,6368828.234872731,6954836618.080001,280.827158832448,6427079.599416727,24505.885981694977,7075348342.889999,64945418.84490151,280.7912641533761,3.5737926880182007,0
366,0.6123579999999998,0.02919863483110128,0.04610602246449362,0.020360918113225338,0.008924527600140467,0.001659857395390234,1.0,0.0,1.0,0.0,6368828.234872731,6954836618.080001,280.827158832448,6427079.599416727,24505.885981694977,7075348342.889999,64945418.84490151,280.7912641533761,3.5737926880182007,0
367,0.6123579999999998,0.02919863483110128,0.04610602246449362,0.020360918113225338,0.008924527600140467,0.001659857395390234,1.0,0.0,1.0,0.0,6368828.234872731,6954836618.080001,280.827158832448,6427079.599416727,24505.885981694977,7075348342.889999,64945418.84490151,280.7912641533761,3.5737926880182007,0
368,0.6123579999999998,0.02919863483110128,0.04610602246449362,0.020360918113225338,0.008924527600140467,0.001659857395390234,1.0,0.0,1.0,0.0,6368828.234872731,6954836618.080001,280.827158832448,6427079.599416727,24505.885981694977,7071392835.825,67763295.21244577,280.7912641533761,3.5737926880182007,0
369,0.6123579999999998,0.02919863483110128,0.04610602246449362,0.020360918113225338,0.008924527600140467,0.001659857395390234,1.0,0.0,1.0,0.0,6368828.234872731,6954836618.080001,280.827158832448,6427079.599416727,24505.885981694977,7071370156.575,67785103.76712708,280.7912641533761,3.5737926880182007,0
370,0.6120879999999999,0.03004895499014901,0.04575786908118268,0.02042168907018085,0.008774538265860145,0.0015855387804894557,1.0,0.0,1.0,0.0,6368828.234872731,6954836618.080001,280.827158832448,6427079.599416727,24505.885981694977,7071370156.575,67785103.76712708,280.7912641533761,3.5737926880182007,0
371,0.6120879999999999,0.03004895499014901,0.04575786908118268,0.02042168907018085,0.008774538265860145,0.0015855387804894557,1.0,0.0,1.0,0.0,6368828.234872731,6954836618.080001,280.827158832448,6427079.599416727,24505.885981694977,7071370156.575,67785103.76712708,280.7912641533761,3.5737926880182007,0
372,0.6120879999999999,0.03004895499014901,0.04575786908118268,0.02042168907018085,0.008774538265860145,0.0015855387804894557,1.0,0.0,1.0,0.0,6368828.234872731,6954836618.080001,280.827158832448,6427079.599416727,24505.885981694977,7071370156.575,67785103.76712708,280.7912641533761,3.5737926880182007,0
373,0.6120879999999999,0.03004895499014901,0.04575786908118268,0.02042168907018085,0.008774538265860145,0.0015855387804894557,1.0,0.0,1.0,0.0,6368828.234872731,6954836618.080001,280.827158832448,6427079.599416727,24505.885981694977,7071370156.575,67785103.76712708,280.7912641533761,3.5737926880182007,0
374,0.6120879999999999,0.03004895499014901,0.04575786908118268,0.02042168907018085,0.008774538265860145,0.0015855387804894557,1.0,0.0,1.0,0.0,6368828.234872731,6939113476.960001,280.827158832448,6427079.599416727,24505.885981694977,7069797842.462999,70594082.555943,280.7912641533761,3.5737926880182007,0
375,0.61329,0.03009886276921439,0.04512430497490204,0.02095144333592896,0.008974742337612291,0.0019275339303934044,1.0,0.0,1.0,0.0,6368828.234872731,6939113476.960001,280.827158832448,6426861.291230892,24528.776624031605,7069797842.462999,70594082.555943,280.7912641533761,3.5737926880182007,0
376,0.61329,0.03009886276921439,0.04512430497490204,0.02095144333592896,0.008974742337612291,0.0019275339303934044,1.0,0.0,1.0,0.0,6368828.234872731,6939113476.960001,280.827158832448,6426861.291230892,24528.776624031605,7069797842.462999,70594082.555943,280.73316247996655,3.5613993978668432,0
377,0.61329,0.03009886276921439,0.04512430497490204,0.02095144333592896,0.008974742337612291,0.0019275339303934044,1.0,0.0,1.0,0.0,6368828.234872731,6939113476.960001,280.827158832448,6426861.291230892,24528.776624031605,7069797842.462999,70594082.555943,280.73316247996655,3.5613993978668432,0
378,0.61329,0.03009886276921439,0.04512430497490204,0.02095144333592896,0.008974742337612291,0.0019275339303934044,1.0,0.0,1.0,0.0,6368828.234872731,6939113476.960001,280.827158832448,6426175.548827954,24455.702047590228,7067665518.607167,72076813.71583909,280.73316247996655,3.5613993978668432,0
379,0.61329,0.03009886276921439,0.04512430497490204,0.02095144333592896,0.008974742337612291,0.0019275339303934044,1.0,0.0,1.0,0.0,6368828.234872731,6939113476.960001,280.827158832448,6426175.548827954,24455.702047590228,7067665518.607167,72076813.71583909,280.73316247996655,3.5613993978668432,0
380,0.6152,0.030469120105444485,0.04408582591828543,0.021412171634626272,0.00860562374639776,0.001844856199999271,1.0,0.0,1.0,0.0,6368828.234872731,6939113476.960001,280.827158832448,6426175.548827954,24455.702047590228,7066264265.983167,73339244.52430175,280.73316247996655,3.5613993978668432,0
381,0.6152,0.030469120105444485,0.04408582591828543,0.021412171634626272,0.00860562374639776,0.001844856199999271,1.0,0.0,1.0,0.0,6368828.234872731,6939113476.960001,280.827158832448,6426175.548827954,24455.702047590228,7066093204.495166,73508340.79427394,280.73316247996655,3.5613993978668432,0
382,0.6152,0.030469120105444485,0.04408582591828543,0.021412171634626272,0.00860562374639776,0.001844856199999271,1.0,0.0,1.0,0.0,6368828.234872731,6939113476.960001,280.827158832448,6426175.548827954,24455.702047590228,7065074384.880167,72413351.99360353,280.73316247996655,3.5613993978668432,0
383,0.6152,0.030469120105444485,0.04408582591828543,0.021412171634626272,0.00860562374639776,0.001844856199999271,1.0,0.0,1.0,0.0,6368828.234872731,6939113476.960001,280.827158832448,6426175.548827954,24455.702047590228,7065074384.880167,72413351.99360353,280.73316247996655,3.5613993978668432,0
384,0.6152,0.030469120105444485,0.04408582591828543,0.021412171634626272,0.00860562374639776,0.001844856199999271,1.0,0.0,1.0,0.0,6368828.234872731,6939113476.960001,280.827158832448,6426175.548827954,24455.702047590228,7065074384.880167,72413351.99360353,280.73316247996655,3.5613993978668432,0
385,0.615458,0.0306798689045439,0.04388871416498968,0.02200437328155682,0.008671117923211309,0.0019032495350707198,1.0,0.0,1.0,0.0,6368828.234872731,6939113476.960001,280.827158832448,6426175.548827954,24455.702047590228,7065074384.880167,72413351.99360353,280.73316247996655,3.5613993978668432,0
386,0.615458,0.0306798689045439,0.04388871416498968,0.02200437328155682,0.008671117923211309,0.0019032495350707198,1.0,0.0,1.0,0.0,6368828.234872731,6939113476.960001,280.827158832448,6426175.548827954,24455.702047590228,7065074384.880167,72413351.99360353,280.73316247996655,3.5613993978668432,0
387,0.615458,0.0306798689045439,0.04388871416498968,0.02200437328155682,0.008671117923211309,0.0019032495350707198,1.0,0.0,1.0,0.0,6368828.234872731,6939113476.960001,280.827158832448,6426175.548827954,24455.702047590228,7065074384.880167,72413351.99360353,280.73316247996655,3.5613993978668432,0
388,0.615458,0.0306798689045439,0.04388871416498968,0.02200437328155682,0.008671117923211309,0.0019032495350707198,1.0,0.0,1.0,0.0,6368828.234872731,6939113476.960001,280.827158832448,6426175.548827954,24455.702047590228,7065074384.880167,72413351.99360353,280.73316247996655,3.5613993978668432,0
389,0.615458,0.0306798689045439,0.04388871416498968,0.02200437328155682,0.008671117923211309,0.0019032495350707198,1.0,0.0,1.0,0.0,6368828.234872731,6939113476.960001,280.827158832448,6426175.548827954,24455.702047590228,7064217584.280167,71580610.80753967,280.73316247996655,3.5613993978668432,0
390,0.615898,0.030950997980679067,0.04388154830394788,0.0220598336587769,0.008514120792058197,0.001374488847626507,1.0,0.0,1.0,0.0,6368828.234872731,6939113476.960001,280.827158832448,6426175.548827954,24455.702047590228,7064217584.280167,71580610.80753967,280.73316247996655,3.5613993978668432,0
391,0.615898,0.030950997980679067,0.04388154830394788,0.0220598336587769,0.008514120792058197,0.001374488847626507,1.0,0.0,1.0,0.0,6368828.234872731,6939113476.960001,280.827158832448,6426175.548827954,24455.702047590228,7064217584.280167,71580610.80753967,280.73316247996655,3.5613993978668432,0
392,0.615898,0.030950997980679067,0.04388154830394788,0.0220598336587769,0.008514120792058197,0.001374488847626507,1.0,0.0,1.0,0.0,6368828.234872731,6939113476.960001,280.827158832448,6426175.548827954,24455.702047590228,7061142242.060167,75156636.9098175,280.73316247996655,3.5613993978668432,0
393,0.615898,0.030950997980679067,0.04388154830394788,0.0220598336587769,0.008514120792058197,0.001374488847626507,1.0,0.0,1.0,0.0,6368828.234872731,6939113476.960001,280.827158832448,6426175.548827954,24455.702047590228,7061142242.060167,75156636.9098175,280.73316247996655,3.5613993978668432,0
394,0.615898,0.030950997980679067,0.04388154830394788,0.0220598336587769,0.008514120792058197,0.001374488847626507,1.0,0.0,1.0,0.0,6368828.234872731,6939113476.960001,280.827158832448,6426175.548827954,24455.702047590228,7061142242.060167,75156636.9098175,280.73316247996655,3.5613993978668432,0
395,0.615874,0.031220785448159375,0.04381200139134818,0.02211840532174032,0.008553271122912142,0.0015329657644983536,1.0,0.0,1.0,0.0,6368828.234872731,6939113476.960001,280.827158832448,6426175.548827954,24455.702047590228,7061142242.060167,75156636.9098175,280.73316247996655,3.5613993978668432,0
396,0.615874,0.031220785448159375,0.04381200139134818,0.02211840532174032,0.008553271122912142,0.0015329657644983536,1.0,0.0,1.0,0.0,6368828.234872731,6939113476.960001,280.827158832448,6426175.548827954,24455.702047590228,7061142242.060167,75156636.9098175,280.73316247996655,3.5613993978668432,0
397,0.615874,0.031220785448159375,0.04381200139134818,0.02211840532174032,0.008553271122912142,0.0015329657644983536,1.0,0.0,1.0,0.0,6368828.234872731,6939113476.960001,280.827158832448,6426008.2442933,24480.45625972273,7061142242.060167,75156636.9098175,280.73316247996655,3.5613993978668432,0
398,0.615874,0.031220785448159375,0.04381200139134818,0.02211840532174032,0.008553271122912142,0.0015329657644983536,1.0,0.0,1.0,0.0,6368828.234872731,6939113476.960001,280.827158832448,6426008.2442933,24480.45625972273,7061142242.060167,75156636.9098175,280.73316247996655,3.5613993978668432,0
399,0.615874,0.031220785448159375,0.04381200139134818,0.02211840532174032,0.008553271122912142,0.0015329657644983536,1.0,0.0,1.0,0.0,6368828.234872731,6939113476.960001,280.827158832448,6426008.2442933,24480.45625972273,7061142242.060167,75156636.9098175,280.7240300773825,3.5496440813466146,0
400,0.6161760000000001,0.03099370619980771,0.04373370299189614,0.022065762988076533,0.008289134919977443,0.0010736557886551713,1.0,0.0,1.0,0.0,6368828.234872731,6939113476.960001,280.827158832448,6426008.2442933,24480.45625972273,7060066815.3289995,76630225.58586329,280.7240300773825,3.5496440813466146,0
401,0.6161760000000001,0.03099370619980771,0.04373370299189614,0.022065762988076533,0.008289134919977443,0.0010736557886551713,1.0,0.0,1.0,0.0,6368828.234872731,6939113476.960001,280.827158832448,6426008.2442933,24480.45625972273,7060066815.3289995,76630225.58586329,280.7240300773825,3.5496440813466146,0
402,0.6161760000000001,0.03099370619980771,0.04373370299189614,0.022065762988076533,0.008289134919977443,0.0010736557886551713,1.0,0.0,1.0,0.0,6368828.234872731,6939113476.960001,280.827158832448,6426008.2442933,24480.45625972273,7058337710.848999,79217808.87680376,280.7240300773825,3.5496440813466146,0
403,0.6161760000000001,0.03099370619980771,0.04373370299189614,0.022065762988076533,0.008289134919977443,0.0010736557886551713,1.0,0.0,1.0,0.0,6368828.234872731,6939113476.960001,280.827158832448,6426008.2442933,24480.45625972273,7058337710.848999,79217808.87680376,280.7240300773825,3.5496440813466146,0
404,0.6161760000000001,0.03099370619980771,0.04373370299189614,0.022065762988076533,0.008289134919977443,0.0010736557886551713,1.0,0.0,1.0,0.0,6368828.234872731,6939113476.960001,280.827158832448,6426008.2442933,24480.45625972273,7058337710.848999,79217808.87680376,280.7240300773825,3.5496440813466146,0
405,0.616328,0.030748723810916128,0.04370682040464389,0.021993709736479232,0.008893530720002782,0.0014792426374520941,1.0,0.0,1.0,0.0,6368828.234872731,6939113476.960001,280.827158832448,6426008.2442933,24480.45625972273,7058337710.848999,79217808.87680376,280.7240300773825,3.5496440813466146,0
406,0.616328,0.030748723810916128,0.04370682040464389,0.021993709736479232,0.008893530720002782,0.0014792426374520941,1.0,0.0,1.0,0.0,6368828.234872731,6939113476.960001,280.827158832448,6426008.2442933,24480.45625972273,7058337710.848999,79217808.87680376,280.7240300773825,3.5496440813466146,0
407,0.616328,0.030748723810916128,0.04370682040464389,0.021993709736479232,0.008893530720002782,0.0014792426374520941,1.0,0.0,1.0,0.0,6368828.234872731,6939113476.960001,280.827158832448,6425987.953728665,24460.54774469895,7057454213.537,78908329.58041212,280.7240300773825,3.5496440813466146,0
408,0.616328,0.030748723810916128,0.04370682040464389,0.021993709736479232,0.008893530720002782,0.0014792426374520941,1.0,0.0,1.0,0.0,6368828.234872731,6939113476.960001,280.827158832448,6425987.953728665,24460.54774469895,7057454213.537,78908329.58041212,280.7240300773825,3.5496440813466146,0
409,0.616328,0.030748723810916128,0.04370682040464389,0.021993709736479232,0.008893530720002782,0.0014792426374520941,1.0,0.0,1.0,0.0,6368828.234872731,6939113476.960001,280.827158832448,6425987.953728665,24460.54774469895,7057454213.537,78908329.58041212,280.7240300773825,3.5496440813466146,0
410,0.61633,0.031382960026103336,0.043772882952201136,0.02196516792672072,0.008468018197540023,0.0011840805892965834,1.0,0.0,1.0,0.0,6368828.234872731,6939113476.960001,280.827158832448,6425987.953728665,24460.54774469895,7057454213.537,78908329.58041212,280.7240300773825,3.5496440813466146,0
411,0.61633,0.031382960026103336,0.043772882952201136,0.02196516792672072,0.008468018197540023,0.0011840805892965834,1.0,0.0,1.0,0.0,6368828.234872731,6939113476.960001,280.827158832448,6425987.953728665,24460.54774469895,7057454213.537,78908329.58041212,280.7240300773825,3.5496440813466146,0
412,0.61633,0.031382960026103336,0.043772882952201136,0.02196516792672072,0.008468018197540023,0.0011840805892965834,1.0,0.0,1.0,0.0,6368828.234872731,6939113476.960001,280.827158832448,6425987.953728665,24460.54774469895,7057454213.537,78908329.58041212,280.7240300773825,3.5496440813466146,0
413,0.61633,0.031382960026103336,0.043772882952201136,0.02196516792672072,0.008468018197540023,0.0011840805892965834,1.0,0.0,1.0,0.0,6368828.234872731,6939113476.960001,280.827158832448,6425987.953728665,24460.54774469895,7057454213.537,78908329.58041212,280.7240300773825,3.5496440813466146,0
414,0.61633,0.031382960026103336,0.043772882952201136,0.02196516792672072,0.008468018197540023,0.0011840805892965834,1.0,0.0,1.0,0.0,6368828.234872731,6939113476.960001,280.827158832448,6425987.953728665,24460.54774469895,7057454213.537,78908329.58041212,280.7240300773825,3.5496440813466146,0
415,0.61669,0.0314113524064151,0.04354399563052337,0.02198823383469482,0.00840304933185611,0.001427059906491504,1.0,0.0,1.0,0.0,6368828.234872731,6939113476.960001,280.827158832448,6425987.953728665,24460.54774469895,7057454213.537,78908329.58041212,280.7240300773825,3.5496440813466146,0
416,0.61669,0.0314113524064151,0.04354399563052337,0.02198823383469482,0.00840304933185611,0.001427059906491504,1.0,0.0,1.0,0.0,6368828.234872731,6939113476.960001,280.827158832448,6425987.953728665,24460.54774469895,7057454213.537,78908329.58041212,280.7240300773825,3.5496440813466146,0
417,0.61669,0.0314113524064151,0.04354399563052337,0.02198823383469482,0.00840304933185611,0.001427059906491504,1.0,0.0,1.0,0.0,6368828.234872731,6939113476.960001,280.827158832448,6425987.953728665,24460.54774469895,7057454213.537,78908329.58041212,280.7240300773825,3.5496440813466146,0
418,0.61669,0.0314113524064151,0.04354399563052337,0.02198823383469482,0.00840304933185611,0.001427059906491504,1.0,0.0,1.0,0.0,6368828.234872731,6939113476.960001,280.827158832448,6425987.953728665,24460.54774469895,7057454213.537,78908329.58041212,280.7240300773825,3.5496440813466146,0
419,0.61669,0.0314113524064151,0.04354399563052337,0.02198823383469482,0.00840304933185611,0.001427059906491504,1.0,0.0,1.0,0.0,6368828.234872731,6939113476.960001,280.827158832448,6425987.953728665,24460.54774469895,7057454213.537,78908329.58041212,280.7240300773825,3.5496440813466146,0
420,0.6165719999999999,0.0313273876344645,0.043655692926821296,0.021988946316435033,0.008565092289109249,0.0014471043285512854,1.0,0.0,1.0,0.0,6368828.234872731,6939113476.960001,280.827158832448,6425987.953728665,24460.54774469895,7057454213.537,78908329.58041212,280.7240300773825,3.5496440813466146,0
421,0.6165719999999999,0.0313273876344645,0.043655692926821296,0.021988946316435033,0.008565092289109249,0.0014471043285512854,1.0,0.0,1.0,0.0,6368828.234872731,6939113476.960001,280.827158832448,6425987.953728665,24460.54774469895,7057454213.537,78908329.58041212,280.7240300773825,3.5496440813466146,0
422,0.6165719999999999,0.0313273876344645,0.043655692926821296,0.021988946316435033,0.008565092289109249,0.0014471043285512854,1.0,0.0,1.0,0.0,6368828.234872731,6939113476.960001,280.827158832448,6425987.953728665,24460.54774469895,7057454213.537,78908329.58041212,280.7240300773825,3.5496440813466146,0
423,0.6165719999999999,0.0313273876344645,0.043655692926821296,0.021988946316435033,0.008565092289109249,0.0014471043285512854,1.0,0.0,1.0,0.0,6368828.234872731,6939113476.960001,280.827158832448,6425987.953728665,24460.54774469895,7057454213.537,78908329.58041212,280.7240300773825,3.5496440813466146,0
424,0.6165719999999999,0.0313273876344645,0.043655692926821296,0.021988946316435033,0.008565092289109249,0.0014471043285512854,1.0,0.0,1.0,0.0,6368828.234872731,6939113476.960001,280.827158832448,6425987.953728665,24460.54774469895,7057454213.537,78908329.58041212,280.7240300773825,3.5496440813466146,0
425,0.616986,0.031235022714894894,0.04368095476064147,0.02225881392690952,0.008504751501018993,0.0013969708387021826,1.0,0.0,1.0,0.0,6368828.234872731,6939113476.960001,280.827158832448,6425987.953728665,24460.54774469895,7057454213.537,78908329.58041212,280.7240300773825,3.5496440813466146,0
426,0.616986,0.031235022714894894,0.04368095476064147,0.02225881392690952,0.008504751501018993,0.0013969708387021826,1.0,0.0,1.0,0.0,6368828.234872731,6939113476.960001,280.827158832448,6425987.953728665,24460.54774469895,7057454213.537,78908329.58041212,280.47634800785585,3.302319519887653,0
427,0.616986,0.031235022714894894,0.04368095476064147,0.02225881392690952,0.008504751501018993,0.0013969708387021826,1.0,0.0,1.0,0.0,6368828.234872731,6939113476.960001,280.827158832448,6425987.953728665,24460.54774469895,7057454213.537,78908329.58041212,280.47634800785585,3.302319519887653,0
428,0.616986,0.031235022714894894,0.04368095476064147,0.02225881392690952,0.008504751501018993,0.0013969708387021826,1.0,0.0,1.0,0.0,6368828.234872731,6939113476.960001,280.827158832448,6425987.953728665,24460.54774469895,7057454213.537,78908329.58041212,280.47634800785585,3.302319519887653,0
429,0.616986,0.031235022714894894,0.04368095476064147,0.02225881392690952,0.008504751501018993,0.0013969708387021826,1.0,0.0,1.0,0.0,6368828.234872731,6939113476.960001,280.827158832448,6425987.953728665,24460.54774469895,7057454213.537,78908329.58041212,280.47634800785585,3.302319519887653,0
430,0.6170039999999999,0.03125234557597236,0.04367307935034903,0.022134115837606265,0.009143648672741634,0.001452123456681214,1.0,0.0,1.0,0.0,6368828.234872731,6939113476.960001,280.827158832448,6425987.953728665,24460.54774469895,7057454213.537,78908329.58041212,280.47634800785585,3.302319519887653,0
431,0.6170039999999999,0.03125234557597236,0.04367307935034903,0.022134115837606265,0.009143648672741634,0.001452123456681214,1.0,0.0,1.0,0.0,6368828.234872731,6939113476.960001,280.827158832448,6425987.953728665,24460.54774469895,7057454213.537,78908329.58041212,280.47634800785585,3.302319519887653,0
432,0.6170039999999999,0.03125234557597236,0.04367307935034903,0.022134115837606265,0.009143648672741634,0.001452123456681214,1.0,0.0,1.0,0.0,6368828.234872731,6939113476.960001,280.827158832448,6425987.953728665,24460.54774469895,7056580370.532,79518269.30388264,280.47634800785585,3.302319519887653,0
433,0.6170039999999999,0.03125234557597236,0.04367307935034903,0.022134115837606265,0.009143648672741634,0.001452123456681214,1.0,0.0,1.0,0.0,6368828.234872731,6939113476.960001,280.827158832448,6425987.953728665,24460.54774469895,7056580370.532,79518269.30388264,280.47634800785585,3.302319519887653,0
434,0.6170039999999999,0.03125234557597236,0.04367307935034903,0.022134115837606265,0.009143648672741634,0.001452123456681214,1.0,0.0,1.0,0.0,6368828.234872731,6939113476.960001,280.827158832448,6425987.953728665,24460.54774469895,7055606189.093999,79270298.91964,280.47634800785585,3.302319519887653,0
435,0.6166479999999999,0.03169509766509641,0.043610840507958944,0.022264462104821265,0.00907981950455243,0.0014326602872238566,1.0,0.0,1.0,0.0,6368828.234872731,6939113476.960001,280.827158832448,6425987.953728665,24460.54774469895,7055553117.528999,79220410.57360429,280.47634800785585,3.302319519887653,0
436,0.6166479999999999,0.03169509766509641,0.043610840507958944,0.022264462104821265,0.00907981950455243,0.0014326602872238566,1.0,0.0,1.0,0.0,6368828.234872731,6939113476.960001,280.827158832448,6425987.953728665,24460.54774469895,7055553117.528999,79220410.57360429,280.47634800785585,3.302319519887653,0
437,0.6166479999999999,0.03169509766509641,0.043610840507958944,0.022264462104821265,0.00907981950455243,0.0014326602872238566,1.0,0.0,1.0,0.0,6368828.234872731,6939113476.960001,280.827158832448,6425987.953728665,24460.54774469895,7055553117.528999,79220410.57360429,280.47634800785585,3.302319519887653,0
438,0.6166479999999999,0.03169509766509641,0.043610840507958944,0.022264462104821265,0.00907981950455243,0.0014326602872238566,1.0,0.0,1.0,0.0,6368828.234872731,6939113476.960001,280.827158832448,6425987.953728665,24460.54774469895,7055553117.528999,79220410.57360429,280.47634800785585,3.302319519887653,0
439,0.6166479999999999,0.03169509766509641,0.043610840507958944,0.022264462104821265,0.00907981950455243,0.0014326602872238566,1.0,0.0,1.0,0.0,6368828.234872731,6939113476.960001,280.827158832448,6425987.953728665,24460.54774469895,7055553117.528999,79220410.57360429,280.47634800785585,3.302319519887653,0
440,0.616814,0.0309678530737925,0.043315091028307155,0.022041443171457245,0.00882325345178097,0.001344321565801227,1.0,0.0,1.0,0.0,6368828.234872731,6939113476.960001,280.827158832448,6425987.953728665,24460.54774469895,7055553117.528999,79220410.57360429,280.35151378274577,3.2356937943257447,0
441,0.616814,0.0309678530737925,0.043315091028307155,0.022041443171457245,0.00882325345178097,0.001344321565801227,1.0,0.0,1.0,0.0,6368828.234872731,6939113476.960001,280.827158832448,6425987.953728665,24460.54774469895,7055553117.528999,79220410.57360429,280.35151378274577,3.2356937943257447,0
442,0.616814,0.0309678530737925,0.043315091028307155,0.022041443171457245,0.00882325345178097,0.001344321565801227,1.0,0.0,1.0,0.0,6368828.234872731,6939113476.960001,280.827158832448,6425987.953728665,24460.54774469895,7055553117.528999,79220410.57360429,280.35151378274577,3.2356937943257447,0
443,0.616814,0.0309678530737925,0.043315091028307155,0.022041443171457245,0.00882325345178097,0.001344321565801227,1.0,0.0,1.0,0.0,6368828.234872731,6939113476.960001,280.827158832448,6425987.953728665,24460.54774469895,7055553117.528999,79220410.57360429,280.35151378274577,3.2356937943257447,0
444,0.616814,0.0309678530737925,0.043315091028307155,0.022041443171457245,0.00882325345178097,0.001344321565801227,1.0,0.0,1.0,0.0,6368828.234872731,6939113476.960001,280.827158832448,6425987.953728665,24460.54774469895,7055553117.528999,79220410.57360429,280.35151378274577,3.2356937943257447,0
445,0.616682,0.030887677089739208,0.04340467405695286,0.022116455177024857,0.008720372216157964,0.0014077813471846893,1.0,0.0,1.0,0.0,6368828.234872731,6939113476.960001,280.827158832448,6425987.953728665,24460.54774469895,7054483732.228999,78277421.33967261,280.35151378274577,3.2356937943257447,0
446,0.616682,0.030887677089739208,0.04340467405695286,0.022116455177024857,0.008720372216157964,0.0014077813471846893,1.0,0.0,1.0,0.0,6368828.234872731,6939113476.960001,280.827158832448,6425987.953728665,24460.54774469895,7053600234.917,78130871.29719537,280.35151378274577,3.2356937943257447,0
447,0.616682,0.030887677089739208,0.04340467405695286,0.022116455177024857,0.008720372216157964,0.0014077813471846893,1.0,0.0,1.0,0.0,6368828.234872731,6939113476.960001,280.827158832448,6425987.953728665,24460.54774469895,7053600234.917,78130871.29719537,280.35151378274577,3.2356937943257447,0
448,0.616682,0.030887677089739208,0.04340467405695286,0.022116455177024857,0.008720372216157964,0.0014077813471846893,1.0,0.0,1.0,0.0,6368828.234872731,6939113476.960001,280.827158832448,6425987.953728665,24460.54774469895,7053600234.917,78130871.29719537,280.35151378274577,3.2356937943257447,0
449,0.616682,0.030887677089739208,0.04340467405695286,0.022116455177024857,0.008720372216157964,0.0014077813471846893,1.0,0.0,1.0,0.0,6368828.234872731,6939113476.960001,280.827158832448,6425987.953728665,24460.54774469895,7053600234.917,78130871.29719537,280.35151378274577,3.2356937943257447,0
450,0.616384,0.03113017160248236,0.043697995980454984,0.022182249003979606,0.008853436876108543,0.0014583802961801234,1.0,0.0,1.0,0.0,6368828.234872731,6939113476.960001,280.827158832448,6425987.953728665,24460.54774469895,7053600234.917,78130871.29719537,280.35151378274577,3.2356937943257447,0
451,0.616384,0.03113017160248236,0.043697995980454984,0.022182249003979606,0.008853436876108543,0.0014583802961801234,1.0,0.0,1.0,0.0,6368828.234872731,6939113476.960001,280.827158832448,6425987.953728665,24460.54774469895,7050932606.356,80427290.21051429,280.35151378274577,3.2356937943257447,0
452,0.616384,0.03113017160248236,0.043697995980454984,0.022182249003979606,0.008853436876108543,0.0014583802961801234,1.0,0.0,1.0,0.0,6368828.234872731,6939113476.960001,280.827158832448,6425987.953728665,24460.54774469895,7050932606.356,80427290.21051429,280.35151378274577,3.2356937943257447,0
453,0.616384,0.03113017160248236,0.043697995980454984,0.022182249003979606,0.008853436876108543,0.0014583802961801234,1.0,0.0,1.0,0.0,6368828.234872731,6939113476.960001,280.827158832448,6425987.953728665,24460.54774469895,7050932606.356,80427290.21051429,280.35151378274577,3.2356937943257447,0
454,0.616384,0.03113017160248236,0.043697995980454984,0.022182249003979606,0.008853436876108543,0.0014583802961801234,1.0,0.0,1.0,0.0,6368828.234872731,6939113476.960001,280.827158832448,6425987.953728665,24460.54774469895,7050932606.356,80427290.21051429,280.35151378274577,3.2356937943257447,0
455,0.6169040000000001,0.031310201276900144,0.04356086878229628,0.02205351239530048,0.00893950902106097,0.0013791281762531504,1.0,0.0,1.0,0.0,6368828.234872731,6939113476.960001,280.827158832448,6425987.953728665,24460.54774469895,7050932606.356,80427290.21051429,280.35151378274577,3.2356937943257447,0
456,0.6169040000000001,0.031310201276900144,0.04356086878229628,0.02205351239530048,0.00893950902106097,0.0013791281762531504,1.0,0.0,1.0,0.0,6368828.234872731,6939113476.960001,280.827158832448,6425987.953728665,24460.54774469895,7050932606.356,80427290.21051429,280.35151378274577,3.2356937943257447,0
457,0.6169040000000001,0.031310201276900144,0.04356086878229628,0.02205351239530048,0.00893950902106097,0.0013791281762531504,1.0,0.0,1.0,0.0,6368828.234872731,6939113476.960001,280.827158832448,6425987.953728665,24460.54774469895,7050932606.356,80427290.21051429,280.35151378274577,3.2356937943257447,0
458,0.6169040000000001,0.031310201276900144,0.04356086878229628,0.02205351239530048,0.00893950902106097,0.0013791281762531504,1.0,0.0,1.0,0.0,6368828.234872731,6939113476.960001,280.827158832448,6425987.953728665,24460.54774469895,7049360292.244,82116743.3725034,280.35151378274577,3.2356937943257447,0
459,0.6169040000000001,0.031310201276900144,0.04356086878229628,0.02205351239530048,0.00893950902106097,0.0013791281762531504,1.0,0.0,1.0,0.0,6368828.234872731,6939113476.960001,280.827158832448,6425987.953728665,24460.54774469895,7049360292.244,82116743.3725034,280.35151378274577,3.2356937943257447,0
460,0.61735,0.03134825322087342,0.043789123737984804,0.022336504507484777,0.008549046024594855,0.0012171944954584147,1.0,0.0,1.0,0.0,6368828.234872731,6939113476.960001,280.827158832448,6425987.953728665,24460.54774469895,7049360292.244,82116743.3725034,280.35151378274577,3.2356937943257447,0
461,0.61735,0.03134825322087342,0.043789123737984804,0.022336504507484777,0.008549046024594855,0.0012171944954584147,1.0,0.0,1.0,0.0,6368828.234872731,6939113476.960001,280.827158832448,6425987.953728665,24460.54774469895,7047550735.024,82004428.50183213,280.35151378274577,3.2356937943257447,0
462,0.61735,0.03134825322087342,0.043789123737984804,0.022336504507484777,0.008549046024594855,0.0012171944954584147,1.0,0.0,1.0,0.0,6368828.234872731,6939113476.960001,280.827158832448,6425987.953728665,24460.54774469895,7047550735.024,82004428.50183213,280.35151378274577,3.2356937943257447,0
463,0.61735,0.03134825322087342,0.043789123737984804,0.022336504507484777,0.008549046024594855,0.0012171944954584147,1.0,0.0,1.0,0.0,6368828.234872731,6939113476.960001,280.827158832448,6425987.953728665,24460.54774469895,7042486809.894,86321690.43974273,280.35151378274577,3.2356937943257447,0
464,0.61735,0.03134825322087342,0.043789123737984804,0.022336504507484777,0.008549046024594855,0.0012171944954584147,1.0,0.0,1.0,0.0,6368828.234872731,6939113476.960001,280.827158832448,6425987.953728665,24460.54774469895,7042486809.894,86321690.43974273,280.35151378274577,3.2356937943257447,0
465,0.61803,0.03108674347692278,0.043547834082183885,0.022281047575509902,0.008561327949737648,0.001386575755906041,1.0,0.0,1.0,0.0,6368828.234872731,6939113476.960001,280.827158832448,6425987.953728665,24460.54774469895,7042262828.956001,86569258.69386177,280.35151378274577,3.2356937943257447,0
466,0.61803,0.03108674347692278,0.043547834082183885,0.022281047575509902,0.008561327949737648,0.001386575755906041,1.0,0.0,1.0,0.0,6368828.234872731,6939113476.960001,280.827158832448,6425987.953728665,24460.54774469895,7042262828.956001,86569258.69386177,280.35151378274577,3.2356937943257447,0
467,0.61803,0.03108674347692278,0.043547834082183885,0.022281047575509902,0.008561327949737648,0.001386575755906041,1.0,0.0,1.0,0.0,6368828.234872731,6939113476.960001,280.827158832448,6425987.953728665,24460.54774469895,7042262828.956001,86569258.69386177,280.35151378274577,3.2356937943257447,0
468,0.61803,0.03108674347692278,0.043547834082183885,0.022281047575509902,0.008561327949737648,0.001386575755906041,1.0,0.0,1.0,0.0,6368828.234872731,6939113476.960001,280.827158832448,6425987.953728665,24460.54774469895,7041780852.986334,87065980.1899795,280.35151378274577,3.2356937943257447,0
469,0.61803,0.03108674347692278,0.043547834082183885,0.022281047575509902,0.008561327949737648,0.001386575755906041,1.0,0.0,1.0,0.0,6368828.234872731,6939113476.960001,280.827158832448,6425987.953728665,24460.54774469895,7041780852.986334,87065980.1899795,280.35151378274577,3.2356937943257447,0
470,0.6177279999999999,0.03135225822807665,0.04339041180317073,0.02237705377682347,0.008338463826428274,0.0012513682059804303,1.0,0.0,1.0,0.0,6368828.234872731,6939113476.960001,280.827158832448,6425987.953728665,24460.54774469895,7041780852.986334,87065980.1899795,280.35151378274577,3.2356937943257447,0
471,0.6177279999999999,0.03135225822807665,0.04339041180317073,0.02237705377682347,0.008338463826428274,0.0012513682059804303,1.0,0.0,1.0,0.0,6368828.234872731,6939113476.960001,280.827158832448,6425987.953728665,24460.54774469895,7041780852.986334,87065980.1899795,280.35151378274577,3.2356937943257447,0
472,0.6177279999999999,0.03135225822807665,0.04339041180317073,0.02237705377682347,0.008338463826428274,0.0012513682059804303,1.0,0.0,1.0,0.0,6368828.234872731,6939113476.960001,280.827158832448,6425987.953728665,24460.54774469895,7041780852.986334,87065980.1899795,280.35151378274577,3.2356937943257447,0
473,0.6177279999999999,0.03135225822807665,0.04339041180317073,0.02237705377682347,0.008338463826428274,0.0012513682059804303,1.0,0.0,1.0,0.0,6368828.234872731,6939113476.960001,280.827158832448,6425987.953728665,24460.54774469895,7041780852.986334,87065980.1899795,280.35151378274577,3.2356937943257447,0
474,0.6177279999999999,0.03135225822807665,0.04339041180317073,0.02237705377682347,0.008338463826428274,0.0012513682059804303,1.0,0.0,1.0,0.0,6368828.234872731,6939113476.960001,280.827158832448,6425987.953728665,24460.54774469895,7039959546.806334,89220530.59181307,280.35151378274577,3.2356937943257447,0
475,0.617896,0.03141109842078115,0.04349055971738045,0.022476861744052855,0.008558018694661643,0.0010560283526636959,1.0,0.0,1.0,0.0,6368828.234872731,6939113476.960001,280.827158832448,6425987.953728665,24460.54774469895,7039959546.806334,89220530.59181307,280.35151378274577,3.2356937943257447,0
476,0.617896,0.03141109842078115,0.04349055971738045,0.022476861744052855,0.008558018694661643,0.0010560283526636959,1.0,0.0,1.0,0.0,6368828.234872731,6936873667.580001,280.827158832448,6425987.953728665,24460.54774469895,7039735565.868334,89475861.44243334,280.315391404043,3.2404717031892742,0
477,0.617896,0.03141109842078115,0.04349055971738045,0.022476861744052855,0.008558018694661643,0.0010560283526636959,1.0,0.0,1.0,0.0,6368828.234872731,6936873667.580001,280.827158832448,6425987.953728665,24460.54774469895,7039735565.868334,89475861.44243334,280.315391404043,3.2404717031892742,0
478,0.617896,0.03141109842078115,0.04349055971738045,0.022476861744052855,0.008558018694661643,0.0010560283526636959,1.0,0.0,1.0,0.0,6368828.234872731,6936873667.580001,280.827158832448,6425987.953728665,24460.54774469895,7039046749.068334,88912051.16326559,280.315391404043,3.2404717031892742,0
479,0.617896,0.03141109842078115,0.04349055971738045,0.022476861744052855,0.008558018694661643,0.0010560283526636959,1.0,0.0,1.0,0.0,6368828.234872731,6936873667.580001,280.827158832448,6425987.953728665,24460.54774469895,7039046749.068334,88912051.16326559,280.315391404043,3.2404717031892742,0
480,0.6181619999999999,0.03138354148275812,0.043063555281466964,0.022259361329614404,0.008264031282781316,0.0012426845862765188,1.0,0.0,1.0,0.0,6368828.234872731,6936873667.580001,280.827158832448,6425987.953728665,24460.54774469895,7039023220.232,88935603.95857745,280.315391404043,3.2404717031892742,0
481,0.6181619999999999,0.03138354148275812,0.043063555281466964,0.022259361329614404,0.008264031282781316,0.0012426845862765188,1.0,0.0,1.0,0.0,6368828.234872731,6936873667.580001,280.827158832448,6425987.953728665,24460.54774469895,7039023220.232,88935603.95857745,280.315391404043,3.2404717031892742,0
482,0.6181619999999999,0.03138354148275812,0.043063555281466964,0.022259361329614404,0.008264031282781316,0.0012426845862765188,1.0,0.0,1.0,0.0,6368828.234872731,6936873667.580001,280.827158832448,6425987.953728665,24460.54774469895,7037211093.102,90896041.52270694,280.315391404043,3.2404717031892742,0
483,0.6181619999999999,0.03138354148275812,0.043063555281466964,0.022259361329614404,0.008264031282781316,0.0012426845862765188,1.0,0.0,1.0,0.0,6368828.234872731,6921150526.460001,280.827158832448,6425987.953728665,24460.54774469895,7035638778.990001,92735450.66326463,280.315391404043,3.2404717031892742,0
484,0.6181619999999999,0.03138354148275812,0.043063555281466964,0.022259361329614404,0.008264031282781316,0.0012426845862765188,1.0,0.0,1.0,0.0,6368828.234872731,6921150526.460001,280.827158832448,6425987.953728665,24460.54774469895,7035638778.990001,92735450.66326463,280.315391404043,3.2404717031892742,0
485,0.617978,0.03211056455436433,0.04311476401303777,0.022253329300738003,0.00843155675303994,0.0010413482407071169,1.0,0.0,1.0,0.0,6368828.234872731,6921150526.460001,280.827158832448,6425987.953728665,24460.54774469895,7035638778.990001,92735450.66326463,280.315391404043,3.2404717031892742,0
486,0.617978,0.03211056455436433,0.04311476401303777,0.022253329300738003,0.00843155675303994,0.0010413482407071169,1.0,0.0,1.0,0.0,6368828.234872731,6921150526.460001,280.827158832448,6425987.953728665,24460.54774469895,7035638778.990001,92735450.66326463,280.315391404043,3.2404717031892742,0
487,0.617978,0.03211056455436433,0.04311476401303777,0.022253329300738003,0.00843155675303994,0.0010413482407071169,1.0,0.0,1.0,0.0,6368828.234872731,6921150526.460001,280.827158832448,6425987.953728665,24460.54774469895,7035638778.990001,92735450.66326463,280.315391404043,3.2404717031892742,0
488,0.617978,0.03211056455436433,0.04311476401303777,0.022253329300738003,0.00843155675303994,0.0010413482407071169,1.0,0.0,1.0,0.0,6368828.234872731,6921150526.460001,280.827158832448,6425987.953728665,24460.54774469895,7035638778.990001,92735450.66326463,280.315391404043,3.2404717031892742,0
489,0.617978,0.03211056455436433,0.04311476401303777,0.022253329300738003,0.00843155675303994,0.0010413482407071169,1.0,0.0,1.0,0.0,6368828.234872731,6921150526.460001,280.827158832448,6425987.953728665,24460.54774469895,7035627030.030001,92734334.56693438,280.315391404043,3.2404717031892742,0
490,0.617826,0.03196091744615602,0.04339962310775402,0.022425471932196565,0.008671148300330413,0.0015946227789898084,1.0,0.0,1.0,0.0,6368828.234872731,6921150526.460001,280.827158832448,6425987.953728665,24460.54774469895,7035627030.030001,92734334.56693438,280.315391404043,3.2404717031892742,0
491,0.617826,0.03196091744615602,0.04339962310775402,0.022425471932196565,0.008671148300330413,0.0015946227789898084,1.0,0.0,1.0,0.0,6368828.234872731,6921150526.460001,280.827158832448,6425987.953728665,24460.54774469895,7035627030.030001,92734334.56693438,280.315391404043,3.2404717031892742,0
492,0.617826,0.03196091744615602,0.04339962310775402,0.022425471932196565,0.008671148300330413,0.0015946227789898084,1.0,0.0,1.0,0.0,6368828.234872731,6921150526.460001,280.827158832448,6425987.953728665,24460.54774469895,7034376921.284001,94198501.49959278,280.315391404043,3.2404717031892742,0
493,0.617826,0.03196091744615602,0.04339962310775402,0.022425471932196565,0.008671148300330413,0.0015946227789898084,1.0,0.0,1.0,0.0,6368828.234872731,6921150526.460001,280.827158832448,6425987.953728665,24460.54774469895,7034376921.284001,94198501.49959278,280.315391404043,3.2404717031892742,0
494,0.617826,0.03196091744615602,0.04339962310775402,0.022425471932196565,0.008671148300330413,0.0015946227789898084,1.0,0.0,1.0,0.0,6368828.234872731,6921150526.460001,280.827158832448,6425987.953728665,24460.54774469895,7033581792.872,93510941.21724962,280.315391404043,3.2404717031892742,0
495,0.61804,0.03189750209655923,0.04320201502969345,0.0222429114091866,0.008687684483819558,0.0014946982498472692,1.0,0.0,1.0,0.0,6368828.234872731,6918304345.51,280.827158832448,6425987.953728665,24460.54774469895,7032608357.977,93797773.99422403,280.315391404043,3.2404717031892742,0
496,0.61804,0.03189750209655923,0.04320201502969345,0.0222429114091866,0.008687684483819558,0.0014946982498472692,1.0,0.0,1.0,0.0,6368828.234872731,6918304345.51,280.827158832448,6425987.953728665,24460.54774469895,7032608357.977,93797773.99422403,280.315391404043,3.2404717031892742,0
497,0.61804,0.03189750209655923,0.04320201502969345,0.0222429114091866,0.008687684483819558,0.0014946982498472692,1.0,0.0,1.0,0.0,6368828.234872731,6918304345.51,280.827158832448,6425987.953728665,24460.54774469895,7032608357.977,93797773.99422403,280.315391404043,3.2404717031892742,0
498,0.61804,0.03189750209655923,0.04320201502969345,0.0222429114091866,0.008687684483819558,0.0014946982498472692,1.0,0.0,1.0,0.0,6368828.234872731,6918304345.51,280.827158832448,6425987.953728665,24460.54774469895,7032608357.977,93797773.99422403,280.315391404043,3.2404717031892742,0
499,0.61804,0.03189750209655923,0.04320201502969345,0.0222429114091866,0.008687684483819558,0.0014946982498472692,1.0,0.0,1.0,0.0,6368828.234872731,6918304345.51,280.827158832448,6425942.9515601415,24461.45068718376,7032608357.977,93797773.99422403,280.315391404043,3.2404717031892742,0
