scenario_id,scenario_type,candidate_label,level,intensity,seed,route_change_ratio,path_route_change_ratio,rerouted_volume_share,border_share_shift,recovery_cost_delta,recovery_cost_delta_rel,cost,emission_gCO2,time_h,penalty,feasible,total_teu,on_time_rate,infeasible_teu,late_teu_h,late_h_per_teu,p90_lateness_h,p95_lateness_h,max_border_util,border_cap_excess,arc_cap_excess,runtime_s,wall_s,pareto_size,final_feasible_ratio,final_feasible_ratio_strict,boost_gens_triggered,boost_new_feasible_total,scenario_params_json,cost_delta_rel,time_delta_rel,emission_delta_rel,on_time_drop,late_h_per_teu_delta,p95_lateness_delta_h
baseline,baseline,Baseline,baseline,0,2026,0.0,0.0,0.0,0.0,0.0,0.0,11684232.795588981,15168716843.91088,467.83142857142855,0.0,True,4455.0,0.9999999999999998,0.0,0.0,0.0,0.0,0.0,0.9685614250265202,0.0,0.0,28.674218132160604,28.844338146969676,7,1.0,1.0,46,4,"{""baseline"": true}",0.0,0.0,0.0,0.0,0.0,0.0
baseline,baseline,Baseline,baseline,0,7,0.0,0.0,0.0,0.0,0.0,0.0,11378956.2842301,13912947544.436832,471.78583333333336,0.0,True,4455.0,1.0000000000000004,0.0,0.0,0.0,0.0,0.0,0.9944444444444445,0.0,0.0,26.291533892042935,26.47541757300496,10,1.0,1.0,27,5,"{""baseline"": true}",0.0,0.0,0.0,0.0,0.0,0.0
baseline,baseline,Baseline,baseline,0,99,0.0,0.0,0.0,0.0,0.0,0.0,11151092.296507437,13424099509.745983,471.47714285714284,0.0,True,4455.0,1.0,0.0,0.0,0.0,0.0,0.0,0.9873137564531891,0.0,0.0,25.860925647895783,26.046403620857745,4,1.0,1.0,28,10,"{""baseline"": true}",0.0,0.0,0.0,0.0,0.0,0.0
baseline,baseline,Baseline,baseline,0,1000,0.0,0.0,0.0,0.0,0.0,0.0,11335043.703792915,13589340611.725056,467.83142857142855,0.0,True,4455.0,1.0000000000000002,0.0,0.0,0.0,0.0,0.0,0.9659009873265859,0.0,0.0,27.142717625014484,27.30687993997708,6,1.0,1.0,29,6,"{""baseline"": true}",0.0,0.0,0.0,0.0,0.0,0.0
M1,single,Boundary bottleneck congestion,r1,1,2026,0.7066397383736926,0.7066397383736926,0.32987539057654713,0.19723857160283675,-538514.1303338651,-0.04608895934846183,11145718.665255116,13184554755.506613,467.83142857142855,0.0,True,4455.0,1.0,0.0,0.0,0.0,0.0,0.0,0.9941209400081129,0.0,0.0,27.773672251962125,27.937742608133703,9,1.0,1.0,37,4,"{""candidate_params"": {""M1"": {""background_growth"": 0.05, ""bpr_alpha"": 0.15, ""bpr_beta"": 4.0, ""capacity_loss"": 0.08, ""cascade_background_factor"": 0.0, ""cascade_nodes"": [], ""m1_bpr_scope"": ""all_boundary_nodes"", ""max_bpr_delay_multiplier"": 1.0294689269240018, ""max_utilisation"": 0.6657608695652174, ""mean_bpr_delay_multiplier"": 1.0185625446972688, ""mean_utilisation"": 0.5398299114331723, ""mechanism"": ""M1_boundary_bottleneck_congestion"", ""node_params"": {""Alashankou"": {""base_background"": 500.0, ""base_capacity"": 900.0, ""bpr_delay_multiplier"": 1.0242441591098375, ""effective_background"": 525.0, ""effective_capacity"": 828.0, ""utilisation"": 0.6340579710144928}, ""Altynkol"": {""base_background"": 350.0, ""base_capacity"": 700.0, ""bpr_delay_multiplier"": 1.0159065927919644, ""effective_background"": 367.5, ""effective_capacity"": 644.0, ""utilisation"": 0.5706521739130435}, ""Brest"": {""base_background"": 350.0, ""base_capacity"": 600.0, ""bpr_delay_multiplier"": 1.0294689269240018, ""effective_background"": 367.5, ""effective_capacity"": 552.0, ""utilisation"": 0.6657608695652174}, ""Dostyk"": {""base_background"": 450.0, ""base_capacity"": 800.0, ""bpr_delay_multiplier"": 1.0254792859638862, ""effective_background"": 472.5, ""effective_capacity"": 736.0, ""utilisation"": 0.641983695652174}, ""Erenhot"": {""base_background"": 450.0, ""base_capacity"": 900.0, ""bpr_delay_multiplier"": 1.0159065927919644, ""effective_background"": 472.5, ""effective_capacity"": 828.0, ""utilisation"": 0.5706521739130435}, ""Khorgos"": {""base_background"": 500.0, ""base_capacity"": 900.0, ""bpr_delay_multiplier"": 1.0242441591098375, ""effective_background"": 525.0, ""effective_capacity"": 828.0, ""utilisation"": 0.6340579710144928}, ""Malaszewicze"": {""base_background"": 0.0, ""base_capacity"": 500.0, ""bpr_delay_multiplier"": 1.0, ""effective_background"": 0.0, ""effective_capacity"": 460.0, ""utilisation"": 0.0}, ""Manzhouli"": {""base_background"": 450.0, ""base_capacity"": 900.0, ""bpr_delay_multiplier"": 1.0159065927919644, ""effective_background"": 472.5, ""effective_capacity"": 828.0, ""utilisation"": 0.5706521739130435}, ""Zabaykalsk"": {""base_background"": 350.0, ""base_capacity"": 700.0, ""bpr_delay_multiplier"": 1.0159065927919644, ""effective_background"": 367.5, ""effective_capacity"": 644.0, ""utilisation"": 0.5706521739130435}}}}, ""candidates"": [""M1""], ""intensity"": 1, ""level"": ""r1""}",-0.04608895934846183,0.0,-0.13080619203467833,-2.220446049250313e-16,0.0,0.0
M1,single,Boundary bottleneck congestion,r1,1,7,0.6993531685506625,0.6993531685506625,0.21257840287709132,0.1291336959893834,-295399.37568530627,-0.025960146810186376,11083556.908544794,12844589864.137465,467.83142857142855,98732857.14285453,False,4455.0,0.9726150392817059,0.0,98.73285714285453,0.02216225749559024,0.0,0.0,0.9759999999999999,0.0,0.0,26.774834079667926,26.938483546022326,0,0.0,0.0,80,0,"{""candidate_params"": {""M1"": {""background_growth"": 0.05, ""bpr_alpha"": 0.15, ""bpr_beta"": 4.0, ""capacity_loss"": 0.08, ""cascade_background_factor"": 0.0, ""cascade_nodes"": [], ""m1_bpr_scope"": ""all_boundary_nodes"", ""max_bpr_delay_multiplier"": 1.0294689269240018, ""max_utilisation"": 0.6657608695652174, ""mean_bpr_delay_multiplier"": 1.0185625446972688, ""mean_utilisation"": 0.5398299114331723, ""mechanism"": ""M1_boundary_bottleneck_congestion"", ""node_params"": {""Alashankou"": {""base_background"": 500.0, ""base_capacity"": 900.0, ""bpr_delay_multiplier"": 1.0242441591098375, ""effective_background"": 525.0, ""effective_capacity"": 828.0, ""utilisation"": 0.6340579710144928}, ""Altynkol"": {""base_background"": 350.0, ""base_capacity"": 700.0, ""bpr_delay_multiplier"": 1.0159065927919644, ""effective_background"": 367.5, ""effective_capacity"": 644.0, ""utilisation"": 0.5706521739130435}, ""Brest"": {""base_background"": 350.0, ""base_capacity"": 600.0, ""bpr_delay_multiplier"": 1.0294689269240018, ""effective_background"": 367.5, ""effective_capacity"": 552.0, ""utilisation"": 0.6657608695652174}, ""Dostyk"": {""base_background"": 450.0, ""base_capacity"": 800.0, ""bpr_delay_multiplier"": 1.0254792859638862, ""effective_background"": 472.5, ""effective_capacity"": 736.0, ""utilisation"": 0.641983695652174}, ""Erenhot"": {""base_background"": 450.0, ""base_capacity"": 900.0, ""bpr_delay_multiplier"": 1.0159065927919644, ""effective_background"": 472.5, ""effective_capacity"": 828.0, ""utilisation"": 0.5706521739130435}, ""Khorgos"": {""base_background"": 500.0, ""base_capacity"": 900.0, ""bpr_delay_multiplier"": 1.0242441591098375, ""effective_background"": 525.0, ""effective_capacity"": 828.0, ""utilisation"": 0.6340579710144928}, ""Malaszewicze"": {""base_background"": 0.0, ""base_capacity"": 500.0, ""bpr_delay_multiplier"": 1.0, ""effective_background"": 0.0, ""effective_capacity"": 460.0, ""utilisation"": 0.0}, ""Manzhouli"": {""base_background"": 450.0, ""base_capacity"": 900.0, ""bpr_delay_multiplier"": 1.0159065927919644, ""effective_background"": 472.5, ""effective_capacity"": 828.0, ""utilisation"": 0.5706521739130435}, ""Zabaykalsk"": {""base_background"": 350.0, ""base_capacity"": 700.0, ""bpr_delay_multiplier"": 1.0159065927919644, ""effective_background"": 367.5, ""effective_capacity"": 644.0, ""utilisation"": 0.5706521739130435}}}}, ""candidates"": [""M1""], ""intensity"": 1, ""level"": ""r1""}",-0.025960146810186376,-0.008381779363669203,-0.07678873774856979,0.02738496071829455,0.02216225749559024,0.0
M1,single,Boundary bottleneck congestion,r1,1,99,0.6830705627024978,0.6830705627024978,0.24068460015433357,0.10370370370370378,301585.3483350966,0.027045363836648923,11452677.644842533,13824738688.302683,467.83142857142855,0.0,True,4455.0,1.0,0.0,0.0,0.0,0.0,0.0,0.988,0.0,0.0,28.92120657209307,29.107606411911547,1,1.0,1.0,69,6,"{""candidate_params"": {""M1"": {""background_growth"": 0.05, ""bpr_alpha"": 0.15, ""bpr_beta"": 4.0, ""capacity_loss"": 0.08, ""cascade_background_factor"": 0.0, ""cascade_nodes"": [], ""m1_bpr_scope"": ""all_boundary_nodes"", ""max_bpr_delay_multiplier"": 1.0294689269240018, ""max_utilisation"": 0.6657608695652174, ""mean_bpr_delay_multiplier"": 1.0185625446972688, ""mean_utilisation"": 0.5398299114331723, ""mechanism"": ""M1_boundary_bottleneck_congestion"", ""node_params"": {""Alashankou"": {""base_background"": 500.0, ""base_capacity"": 900.0, ""bpr_delay_multiplier"": 1.0242441591098375, ""effective_background"": 525.0, ""effective_capacity"": 828.0, ""utilisation"": 0.6340579710144928}, ""Altynkol"": {""base_background"": 350.0, ""base_capacity"": 700.0, ""bpr_delay_multiplier"": 1.0159065927919644, ""effective_background"": 367.5, ""effective_capacity"": 644.0, ""utilisation"": 0.5706521739130435}, ""Brest"": {""base_background"": 350.0, ""base_capacity"": 600.0, ""bpr_delay_multiplier"": 1.0294689269240018, ""effective_background"": 367.5, ""effective_capacity"": 552.0, ""utilisation"": 0.6657608695652174}, ""Dostyk"": {""base_background"": 450.0, ""base_capacity"": 800.0, ""bpr_delay_multiplier"": 1.0254792859638862, ""effective_background"": 472.5, ""effective_capacity"": 736.0, ""utilisation"": 0.641983695652174}, ""Erenhot"": {""base_background"": 450.0, ""base_capacity"": 900.0, ""bpr_delay_multiplier"": 1.0159065927919644, ""effective_background"": 472.5, ""effective_capacity"": 828.0, ""utilisation"": 0.5706521739130435}, ""Khorgos"": {""base_background"": 500.0, ""base_capacity"": 900.0, ""bpr_delay_multiplier"": 1.0242441591098375, ""effective_background"": 525.0, ""effective_capacity"": 828.0, ""utilisation"": 0.6340579710144928}, ""Malaszewicze"": {""base_background"": 0.0, ""base_capacity"": 500.0, ""bpr_delay_multiplier"": 1.0, ""effective_background"": 0.0, ""effective_capacity"": 460.0, ""utilisation"": 0.0}, ""Manzhouli"": {""base_background"": 450.0, ""base_capacity"": 900.0, ""bpr_delay_multiplier"": 1.0159065927919644, ""effective_background"": 472.5, ""effective_capacity"": 828.0, ""utilisation"": 0.5706521739130435}, ""Zabaykalsk"": {""base_background"": 350.0, ""base_capacity"": 700.0, ""bpr_delay_multiplier"": 1.0159065927919644, ""effective_background"": 367.5, ""effective_capacity"": 644.0, ""utilisation"": 0.5706521739130435}}}}, ""candidates"": [""M1""], ""intensity"": 1, ""level"": ""r1""}",0.027045363836648923,-0.007732536647739336,0.029844771209110384,0.0,0.0,0.0
M1,single,Boundary bottleneck congestion,r1,1,1000,0.7090602911395067,0.7090602911395067,0.2720787648166327,0.1828333428420877,-98447.17912012339,-0.008685205076640432,11236596.524672791,13409864268.545614,467.83142857142855,0.0,True,4455.0,0.9999999999999998,0.0,0.0,0.0,0.0,0.0,0.9932668336496855,0.0,0.0,26.174572927877307,26.34014330478385,7,1.0,1.0,27,7,"{""candidate_params"": {""M1"": {""background_growth"": 0.05, ""bpr_alpha"": 0.15, ""bpr_beta"": 4.0, ""capacity_loss"": 0.08, ""cascade_background_factor"": 0.0, ""cascade_nodes"": [], ""m1_bpr_scope"": ""all_boundary_nodes"", ""max_bpr_delay_multiplier"": 1.0294689269240018, ""max_utilisation"": 0.6657608695652174, ""mean_bpr_delay_multiplier"": 1.0185625446972688, ""mean_utilisation"": 0.5398299114331723, ""mechanism"": ""M1_boundary_bottleneck_congestion"", ""node_params"": {""Alashankou"": {""base_background"": 500.0, ""base_capacity"": 900.0, ""bpr_delay_multiplier"": 1.0242441591098375, ""effective_background"": 525.0, ""effective_capacity"": 828.0, ""utilisation"": 0.6340579710144928}, ""Altynkol"": {""base_background"": 350.0, ""base_capacity"": 700.0, ""bpr_delay_multiplier"": 1.0159065927919644, ""effective_background"": 367.5, ""effective_capacity"": 644.0, ""utilisation"": 0.5706521739130435}, ""Brest"": {""base_background"": 350.0, ""base_capacity"": 600.0, ""bpr_delay_multiplier"": 1.0294689269240018, ""effective_background"": 367.5, ""effective_capacity"": 552.0, ""utilisation"": 0.6657608695652174}, ""Dostyk"": {""base_background"": 450.0, ""base_capacity"": 800.0, ""bpr_delay_multiplier"": 1.0254792859638862, ""effective_background"": 472.5, ""effective_capacity"": 736.0, ""utilisation"": 0.641983695652174}, ""Erenhot"": {""base_background"": 450.0, ""base_capacity"": 900.0, ""bpr_delay_multiplier"": 1.0159065927919644, ""effective_background"": 472.5, ""effective_capacity"": 828.0, ""utilisation"": 0.5706521739130435}, ""Khorgos"": {""base_background"": 500.0, ""base_capacity"": 900.0, ""bpr_delay_multiplier"": 1.0242441591098375, ""effective_background"": 525.0, ""effective_capacity"": 828.0, ""utilisation"": 0.6340579710144928}, ""Malaszewicze"": {""base_background"": 0.0, ""base_capacity"": 500.0, ""bpr_delay_multiplier"": 1.0, ""effective_background"": 0.0, ""effective_capacity"": 460.0, ""utilisation"": 0.0}, ""Manzhouli"": {""base_background"": 450.0, ""base_capacity"": 900.0, ""bpr_delay_multiplier"": 1.0159065927919644, ""effective_background"": 472.5, ""effective_capacity"": 828.0, ""utilisation"": 0.5706521739130435}, ""Zabaykalsk"": {""base_background"": 350.0, ""base_capacity"": 700.0, ""bpr_delay_multiplier"": 1.0159065927919644, ""effective_background"": 367.5, ""effective_capacity"": 644.0, ""utilisation"": 0.5706521739130435}}}}, ""candidates"": [""M1""], ""intensity"": 1, ""level"": ""r1""}",-0.008685205076640432,0.0,-0.01320714141380686,4.440892098500626e-16,0.0,0.0
M1,single,Boundary bottleneck congestion,r2,2,2026,0.777796231533062,0.777796231533062,0.2004962261897323,0.21416784493441163,-335622.65055681206,-0.028724406337018202,11348610.14503217,13699719810.345905,467.83142857142855,1545196137.566136,False,4455.0,0.9385854429064305,0.0,1545.1961375661358,0.3468453731910518,0.0,0.07428571428573605,0.9921568627450981,0.0,0.0,25.549844595137984,25.735735449939966,0,0.0,0.0,80,0,"{""candidate_params"": {""M1"": {""background_growth"": 0.12, ""bpr_alpha"": 0.15, ""bpr_beta"": 4.0, ""capacity_loss"": 0.15, ""cascade_background_factor"": 0.0, ""cascade_nodes"": [], ""m1_bpr_scope"": ""all_boundary_nodes"", ""max_bpr_delay_multiplier"": 1.0523545972159587, ""max_utilisation"": 0.7686274509803923, ""mean_bpr_delay_multiplier"": 1.0329782809341863, ""mean_utilisation"": 0.6232389251997096, ""mechanism"": ""M1_boundary_bottleneck_congestion"", ""node_params"": {""Alashankou"": {""base_background"": 500.0, ""base_capacity"": 900.0, ""bpr_delay_multiplier"": 1.0430722566963013, ""effective_background"": 560.0, ""effective_capacity"": 765.0, ""utilisation"": 0.7320261437908496}, ""Altynkol"": {""base_background"": 350.0, ""base_capacity"": 700.0, ""bpr_delay_multiplier"": 1.0282597076184432, ""effective_background"": 392.00000000000006, ""effective_capacity"": 595.0, ""utilisation"": 0.6588235294117648}, ""Brest"": {""base_background"": 350.0, ""base_capacity"": 600.0, ""bpr_delay_multiplier"": 1.0523545972159587, ""effective_background"": 392.00000000000006, ""effective_capacity"": 510.0, ""utilisation"": 0.7686274509803923}, ""Dostyk"": {""base_background"": 450.0, ""base_capacity"": 800.0, ""bpr_delay_multiplier"": 1.0452665873253433, ""effective_background"": 504.00000000000006, ""effective_capacity"": 680.0, ""utilisation"": 0.7411764705882353}, ""Erenhot"": {""base_background"": 450.0, ""base_capacity"": 900.0, ""bpr_delay_multiplier"": 1.0282597076184432, ""effective_background"": 504.00000000000006, ""effective_capacity"": 765.0, ""utilisation"": 0.6588235294117648}, ""Khorgos"": {""base_background"": 500.0, ""base_capacity"": 900.0, ""bpr_delay_multiplier"": 1.0430722566963013, ""effective_background"": 560.0, ""effective_capacity"": 765.0, ""utilisation"": 0.7320261437908496}, ""Malaszewicze"": {""base_background"": 0.0, ""base_capacity"": 500.0, ""bpr_delay_multiplier"": 1.0, ""effective_background"": 0.0, ""effective_capacity"": 425.0, ""utilisation"": 0.0}, ""Manzhouli"": {""base_background"": 450.0, ""base_capacity"": 900.0, ""bpr_delay_multiplier"": 1.0282597076184432, ""effective_background"": 504.00000000000006, ""effective_capacity"": 765.0, ""utilisation"": 0.6588235294117648}, ""Zabaykalsk"": {""base_background"": 350.0, ""base_capacity"": 700.0, ""bpr_delay_multiplier"": 1.0282597076184432, ""effective_background"": 392.00000000000006, ""effective_capacity"": 595.0, ""utilisation"": 0.6588235294117648}}}}, ""candidates"": [""M1""], ""intensity"": 2, ""level"": ""r2""}",-0.028724406337018202,0.0,-0.09684385625239407,0.061414557093569244,0.3468453731910518,0.07428571428573605
M1,single,Boundary bottleneck congestion,r2,2,7,0.8041237215121328,0.8041237215121328,0.2902551370955179,0.14758673889693186,355474.6044352036,0.031239649362907716,11734430.888665304,14646123045.934736,514.2285714285714,11316868.936324827,False,4455.0,0.9704015035698291,0.0,11.316868936324827,0.002540262387502767,0.0,0.0,0.9702523565526135,0.0,0.0,29.836636574938893,30.00120210694149,0,0.0,0.0,80,0,"{""candidate_params"": {""M1"": {""background_growth"": 0.12, ""bpr_alpha"": 0.15, ""bpr_beta"": 4.0, ""capacity_loss"": 0.15, ""cascade_background_factor"": 0.0, ""cascade_nodes"": [], ""m1_bpr_scope"": ""all_boundary_nodes"", ""max_bpr_delay_multiplier"": 1.0523545972159587, ""max_utilisation"": 0.7686274509803923, ""mean_bpr_delay_multiplier"": 1.0329782809341863, ""mean_utilisation"": 0.6232389251997096, ""mechanism"": ""M1_boundary_bottleneck_congestion"", ""node_params"": {""Alashankou"": {""base_background"": 500.0, ""base_capacity"": 900.0, ""bpr_delay_multiplier"": 1.0430722566963013, ""effective_background"": 560.0, ""effective_capacity"": 765.0, ""utilisation"": 0.7320261437908496}, ""Altynkol"": {""base_background"": 350.0, ""base_capacity"": 700.0, ""bpr_delay_multiplier"": 1.0282597076184432, ""effective_background"": 392.00000000000006, ""effective_capacity"": 595.0, ""utilisation"": 0.6588235294117648}, ""Brest"": {""base_background"": 350.0, ""base_capacity"": 600.0, ""bpr_delay_multiplier"": 1.0523545972159587, ""effective_background"": 392.00000000000006, ""effective_capacity"": 510.0, ""utilisation"": 0.7686274509803923}, ""Dostyk"": {""base_background"": 450.0, ""base_capacity"": 800.0, ""bpr_delay_multiplier"": 1.0452665873253433, ""effective_background"": 504.00000000000006, ""effective_capacity"": 680.0, ""utilisation"": 0.7411764705882353}, ""Erenhot"": {""base_background"": 450.0, ""base_capacity"": 900.0, ""bpr_delay_multiplier"": 1.0282597076184432, ""effective_background"": 504.00000000000006, ""effective_capacity"": 765.0, ""utilisation"": 0.6588235294117648}, ""Khorgos"": {""base_background"": 500.0, ""base_capacity"": 900.0, ""bpr_delay_multiplier"": 1.0430722566963013, ""effective_background"": 560.0, ""effective_capacity"": 765.0, ""utilisation"": 0.7320261437908496}, ""Malaszewicze"": {""base_background"": 0.0, ""base_capacity"": 500.0, ""bpr_delay_multiplier"": 1.0, ""effective_background"": 0.0, ""effective_capacity"": 425.0, ""utilisation"": 0.0}, ""Manzhouli"": {""base_background"": 450.0, ""base_capacity"": 900.0, ""bpr_delay_multiplier"": 1.0282597076184432, ""effective_background"": 504.00000000000006, ""effective_capacity"": 765.0, ""utilisation"": 0.6588235294117648}, ""Zabaykalsk"": {""base_background"": 350.0, ""base_capacity"": 700.0, ""bpr_delay_multiplier"": 1.0282597076184432, ""effective_background"": 392.00000000000006, ""effective_capacity"": 595.0, ""utilisation"": 0.6588235294117648}}}}, ""candidates"": [""M1""], ""intensity"": 2, ""level"": ""r2""}",0.031239649362907716,0.08996187485191134,0.05269735253124476,0.029598496430171317,0.002540262387502767,0.0
M1,single,Boundary bottleneck congestion,r2,2,99,0.7830241638429499,0.7830241638429499,0.28275402909296166,0.15954487305309523,371221.7584210057,0.03329017001655288,11522314.054928442,14277569016.474562,471.47714285714284,0.0,True,4455.0,1.0000000000000002,0.0,0.0,0.0,0.0,0.0,0.9977497738796938,0.0,0.0,28.700842388905585,28.86476101912558,4,0.1,0.1,79,4,"{""candidate_params"": {""M1"": {""background_growth"": 0.12, ""bpr_alpha"": 0.15, ""bpr_beta"": 4.0, ""capacity_loss"": 0.15, ""cascade_background_factor"": 0.0, ""cascade_nodes"": [], ""m1_bpr_scope"": ""all_boundary_nodes"", ""max_bpr_delay_multiplier"": 1.0523545972159587, ""max_utilisation"": 0.7686274509803923, ""mean_bpr_delay_multiplier"": 1.0329782809341863, ""mean_utilisation"": 0.6232389251997096, ""mechanism"": ""M1_boundary_bottleneck_congestion"", ""node_params"": {""Alashankou"": {""base_background"": 500.0, ""base_capacity"": 900.0, ""bpr_delay_multiplier"": 1.0430722566963013, ""effective_background"": 560.0, ""effective_capacity"": 765.0, ""utilisation"": 0.7320261437908496}, ""Altynkol"": {""base_background"": 350.0, ""base_capacity"": 700.0, ""bpr_delay_multiplier"": 1.0282597076184432, ""effective_background"": 392.00000000000006, ""effective_capacity"": 595.0, ""utilisation"": 0.6588235294117648}, ""Brest"": {""base_background"": 350.0, ""base_capacity"": 600.0, ""bpr_delay_multiplier"": 1.0523545972159587, ""effective_background"": 392.00000000000006, ""effective_capacity"": 510.0, ""utilisation"": 0.7686274509803923}, ""Dostyk"": {""base_background"": 450.0, ""base_capacity"": 800.0, ""bpr_delay_multiplier"": 1.0452665873253433, ""effective_background"": 504.00000000000006, ""effective_capacity"": 680.0, ""utilisation"": 0.7411764705882353}, ""Erenhot"": {""base_background"": 450.0, ""base_capacity"": 900.0, ""bpr_delay_multiplier"": 1.0282597076184432, ""effective_background"": 504.00000000000006, ""effective_capacity"": 765.0, ""utilisation"": 0.6588235294117648}, ""Khorgos"": {""base_background"": 500.0, ""base_capacity"": 900.0, ""bpr_delay_multiplier"": 1.0430722566963013, ""effective_background"": 560.0, ""effective_capacity"": 765.0, ""utilisation"": 0.7320261437908496}, ""Malaszewicze"": {""base_background"": 0.0, ""base_capacity"": 500.0, ""bpr_delay_multiplier"": 1.0, ""effective_background"": 0.0, ""effective_capacity"": 425.0, ""utilisation"": 0.0}, ""Manzhouli"": {""base_background"": 450.0, ""base_capacity"": 900.0, ""bpr_delay_multiplier"": 1.0282597076184432, ""effective_background"": 504.00000000000006, ""effective_capacity"": 765.0, ""utilisation"": 0.6588235294117648}, ""Zabaykalsk"": {""base_background"": 350.0, ""base_capacity"": 700.0, ""bpr_delay_multiplier"": 1.0282597076184432, ""effective_background"": 392.00000000000006, ""effective_capacity"": 595.0, ""utilisation"": 0.6588235294117648}}}}, ""candidates"": [""M1""], ""intensity"": 2, ""level"": ""r2""}",0.03329017001655288,0.0,0.06357741210938984,-2.220446049250313e-16,0.0,0.0
M1,single,Boundary bottleneck congestion,r2,2,1000,0.7733617105164546,0.7733617105164546,0.16558571368765287,0.16848422226766002,-178013.839632174,-0.015704733416476133,11157029.86416074,13271912704.736856,471.47714285714284,1135220000.0000021,False,4455.0,0.951290684624018,0.0,1135.220000000002,0.2548193041526379,0.0,0.0,0.9953557839180586,0.0,0.0,25.676706240978092,25.84036049293354,0,0.0,0.0,80,0,"{""candidate_params"": {""M1"": {""background_growth"": 0.12, ""bpr_alpha"": 0.15, ""bpr_beta"": 4.0, ""capacity_loss"": 0.15, ""cascade_background_factor"": 0.0, ""cascade_nodes"": [], ""m1_bpr_scope"": ""all_boundary_nodes"", ""max_bpr_delay_multiplier"": 1.0523545972159587, ""max_utilisation"": 0.7686274509803923, ""mean_bpr_delay_multiplier"": 1.0329782809341863, ""mean_utilisation"": 0.6232389251997096, ""mechanism"": ""M1_boundary_bottleneck_congestion"", ""node_params"": {""Alashankou"": {""base_background"": 500.0, ""base_capacity"": 900.0, ""bpr_delay_multiplier"": 1.0430722566963013, ""effective_background"": 560.0, ""effective_capacity"": 765.0, ""utilisation"": 0.7320261437908496}, ""Altynkol"": {""base_background"": 350.0, ""base_capacity"": 700.0, ""bpr_delay_multiplier"": 1.0282597076184432, ""effective_background"": 392.00000000000006, ""effective_capacity"": 595.0, ""utilisation"": 0.6588235294117648}, ""Brest"": {""base_background"": 350.0, ""base_capacity"": 600.0, ""bpr_delay_multiplier"": 1.0523545972159587, ""effective_background"": 392.00000000000006, ""effective_capacity"": 510.0, ""utilisation"": 0.7686274509803923}, ""Dostyk"": {""base_background"": 450.0, ""base_capacity"": 800.0, ""bpr_delay_multiplier"": 1.0452665873253433, ""effective_background"": 504.00000000000006, ""effective_capacity"": 680.0, ""utilisation"": 0.7411764705882353}, ""Erenhot"": {""base_background"": 450.0, ""base_capacity"": 900.0, ""bpr_delay_multiplier"": 1.0282597076184432, ""effective_background"": 504.00000000000006, ""effective_capacity"": 765.0, ""utilisation"": 0.6588235294117648}, ""Khorgos"": {""base_background"": 500.0, ""base_capacity"": 900.0, ""bpr_delay_multiplier"": 1.0430722566963013, ""effective_background"": 560.0, ""effective_capacity"": 765.0, ""utilisation"": 0.7320261437908496}, ""Malaszewicze"": {""base_background"": 0.0, ""base_capacity"": 500.0, ""bpr_delay_multiplier"": 1.0, ""effective_background"": 0.0, ""effective_capacity"": 425.0, ""utilisation"": 0.0}, ""Manzhouli"": {""base_background"": 450.0, ""base_capacity"": 900.0, ""bpr_delay_multiplier"": 1.0282597076184432, ""effective_background"": 504.00000000000006, ""effective_capacity"": 765.0, ""utilisation"": 0.6588235294117648}, ""Zabaykalsk"": {""base_background"": 350.0, ""base_capacity"": 700.0, ""bpr_delay_multiplier"": 1.0282597076184432, ""effective_background"": 392.00000000000006, ""effective_capacity"": 595.0, ""utilisation"": 0.6588235294117648}}}}, ""candidates"": [""M1""], ""intensity"": 2, ""level"": ""r2""}",-0.015704733416476133,0.007792794718488357,-0.02335859524444611,0.04870931537598222,0.2548193041526379,0.0
M1,single,Boundary bottleneck congestion,r3,3,2026,0.7377549390567991,0.7377549390567991,0.2730882828118228,0.36092355473489984,-352133.1972743459,-0.03013746845298074,11332099.598314635,12371981088.78126,467.83142857142855,32739981641.829834,False,4455.0,0.8695246872393647,0.0,6186.216632625796,1.388600815404219,2.831428571428546,6.07380952380953,1.3599925491441924,531.0753001840808,0.0,26.07218299387023,26.25396617501974,0,0.0,0.0,80,0,"{""candidate_params"": {""M1"": {""background_growth"": 0.25, ""bpr_alpha"": 0.15, ""bpr_beta"": 4.0, ""capacity_loss"": 0.25, ""cascade_background_factor"": 0.0, ""cascade_nodes"": [], ""m1_bpr_scope"": ""all_boundary_nodes"", ""max_bpr_delay_multiplier"": 1.1340150070016004, ""max_utilisation"": 0.9722222222222222, ""mean_bpr_delay_multiplier"": 1.0844163604595276, ""mean_utilisation"": 0.7883230452674898, ""mechanism"": ""M1_boundary_bottleneck_congestion"", ""node_params"": {""Alashankou"": {""base_background"": 500.0, ""base_capacity"": 900.0, ""bpr_delay_multiplier"": 1.110254477919468, ""effective_background"": 625.0, ""effective_capacity"": 675.0, ""utilisation"": 0.9259259259259259}, ""Altynkol"": {""base_background"": 350.0, ""base_capacity"": 700.0, ""bpr_delay_multiplier"": 1.072337962962963, ""effective_background"": 437.5, ""effective_capacity"": 525.0, ""utilisation"": 0.8333333333333334}, ""Brest"": {""base_background"": 350.0, ""base_capacity"": 600.0, ""bpr_delay_multiplier"": 1.1340150070016004, ""effective_background"": 437.5, ""effective_capacity"": 450.0, ""utilisation"": 0.9722222222222222}, ""Dostyk"": {""base_background"": 450.0, ""base_capacity"": 800.0, ""bpr_delay_multiplier"": 1.1158714294433594, ""effective_background"": 562.5, ""effective_capacity"": 600.0, ""utilisation"": 0.9375}, ""Erenhot"": {""base_background"": 450.0, ""base_capacity"": 900.0, ""bpr_delay_multiplier"": 1.072337962962963, ""effective_background"": 562.5, ""effective_capacity"": 675.0, ""utilisation"": 0.8333333333333334}, ""Khorgos"": {""base_background"": 500.0, ""base_capacity"": 900.0, ""bpr_delay_multiplier"": 1.110254477919468, ""effective_background"": 625.0, ""effective_capacity"": 675.0, ""utilisation"": 0.9259259259259259}, ""Malaszewicze"": {""base_background"": 0.0, ""base_capacity"": 500.0, ""bpr_delay_multiplier"": 1.0, ""effective_background"": 0.0, ""effective_capacity"": 375.0, ""utilisation"": 0.0}, ""Manzhouli"": {""base_background"": 450.0, ""base_capacity"": 900.0, ""bpr_delay_multiplier"": 1.072337962962963, ""effective_background"": 562.5, ""effective_capacity"": 675.0, ""utilisation"": 0.8333333333333334}, ""Zabaykalsk"": {""base_background"": 350.0, ""base_capacity"": 700.0, ""bpr_delay_multiplier"": 1.072337962962963, ""effective_background"": 437.5, ""effective_capacity"": 525.0, ""utilisation"": 0.8333333333333334}}}}, ""candidates"": [""M1""], ""intensity"": 3, ""level"": ""r3""}",-0.03013746845298074,0.0,-0.1843752364757407,0.13047531276063506,1.388600815404219,6.07380952380953
M1,single,Boundary bottleneck congestion,r3,3,7,0.7182074436873302,0.7182074436873302,0.28158247336924863,0.20989577533813547,91300.27814859524,0.00802360742655517,11470256.562378695,13322775746.809607,471.47714285714284,18921723727.590675,False,4455.0,0.9073581930213441,0.0,3315.679862381249,0.7442603507028618,0.0,3.5519047619047797,1.257037037037037,312.1208773041885,0.0,23.485187707003206,23.648143955040723,0,0.0,0.0,80,0,"{""candidate_params"": {""M1"": {""background_growth"": 0.25, ""bpr_alpha"": 0.15, ""bpr_beta"": 4.0, ""capacity_loss"": 0.25, ""cascade_background_factor"": 0.0, ""cascade_nodes"": [], ""m1_bpr_scope"": ""all_boundary_nodes"", ""max_bpr_delay_multiplier"": 1.1340150070016004, ""max_utilisation"": 0.9722222222222222, ""mean_bpr_delay_multiplier"": 1.0844163604595276, ""mean_utilisation"": 0.7883230452674898, ""mechanism"": ""M1_boundary_bottleneck_congestion"", ""node_params"": {""Alashankou"": {""base_background"": 500.0, ""base_capacity"": 900.0, ""bpr_delay_multiplier"": 1.110254477919468, ""effective_background"": 625.0, ""effective_capacity"": 675.0, ""utilisation"": 0.9259259259259259}, ""Altynkol"": {""base_background"": 350.0, ""base_capacity"": 700.0, ""bpr_delay_multiplier"": 1.072337962962963, ""effective_background"": 437.5, ""effective_capacity"": 525.0, ""utilisation"": 0.8333333333333334}, ""Brest"": {""base_background"": 350.0, ""base_capacity"": 600.0, ""bpr_delay_multiplier"": 1.1340150070016004, ""effective_background"": 437.5, ""effective_capacity"": 450.0, ""utilisation"": 0.9722222222222222}, ""Dostyk"": {""base_background"": 450.0, ""base_capacity"": 800.0, ""bpr_delay_multiplier"": 1.1158714294433594, ""effective_background"": 562.5, ""effective_capacity"": 600.0, ""utilisation"": 0.9375}, ""Erenhot"": {""base_background"": 450.0, ""base_capacity"": 900.0, ""bpr_delay_multiplier"": 1.072337962962963, ""effective_background"": 562.5, ""effective_capacity"": 675.0, ""utilisation"": 0.8333333333333334}, ""Khorgos"": {""base_background"": 500.0, ""base_capacity"": 900.0, ""bpr_delay_multiplier"": 1.110254477919468, ""effective_background"": 625.0, ""effective_capacity"": 675.0, ""utilisation"": 0.9259259259259259}, ""Malaszewicze"": {""base_background"": 0.0, ""base_capacity"": 500.0, ""bpr_delay_multiplier"": 1.0, ""effective_background"": 0.0, ""effective_capacity"": 375.0, ""utilisation"": 0.0}, ""Manzhouli"": {""base_background"": 450.0, ""base_capacity"": 900.0, ""bpr_delay_multiplier"": 1.072337962962963, ""effective_background"": 562.5, ""effective_capacity"": 675.0, ""utilisation"": 0.8333333333333334}, ""Zabaykalsk"": {""base_background"": 350.0, ""base_capacity"": 700.0, ""bpr_delay_multiplier"": 1.072337962962963, ""effective_background"": 437.5, ""effective_capacity"": 525.0, ""utilisation"": 0.8333333333333334}}}}, ""candidates"": [""M1""], ""intensity"": 3, ""level"": ""r3""}",0.00802360742655517,-0.0006543021311375824,-0.04241889044303982,0.09264180697865632,0.7442603507028618,3.5519047619047797
M1,single,Boundary bottleneck congestion,r3,3,99,0.7350161028307953,0.7350161028307953,0.2802351664444256,0.36664800103352413,845048.5310875047,0.07578168206465093,11996140.827594941,11934260917.845388,514.2285714285714,29412249546.136414,False,4455.0,0.8439695602480614,0.0,14637.249546136405,3.285577900367319,2.831428571428546,38.22380952380951,1.1751750205286406,295.5000000000001,0.0,23.66160440305248,23.82466966100037,0,0.0,0.0,80,0,"{""candidate_params"": {""M1"": {""background_growth"": 0.25, ""bpr_alpha"": 0.15, ""bpr_beta"": 4.0, ""capacity_loss"": 0.25, ""cascade_background_factor"": 0.0, ""cascade_nodes"": [], ""m1_bpr_scope"": ""all_boundary_nodes"", ""max_bpr_delay_multiplier"": 1.1340150070016004, ""max_utilisation"": 0.9722222222222222, ""mean_bpr_delay_multiplier"": 1.0844163604595276, ""mean_utilisation"": 0.7883230452674898, ""mechanism"": ""M1_boundary_bottleneck_congestion"", ""node_params"": {""Alashankou"": {""base_background"": 500.0, ""base_capacity"": 900.0, ""bpr_delay_multiplier"": 1.110254477919468, ""effective_background"": 625.0, ""effective_capacity"": 675.0, ""utilisation"": 0.9259259259259259}, ""Altynkol"": {""base_background"": 350.0, ""base_capacity"": 700.0, ""bpr_delay_multiplier"": 1.072337962962963, ""effective_background"": 437.5, ""effective_capacity"": 525.0, ""utilisation"": 0.8333333333333334}, ""Brest"": {""base_background"": 350.0, ""base_capacity"": 600.0, ""bpr_delay_multiplier"": 1.1340150070016004, ""effective_background"": 437.5, ""effective_capacity"": 450.0, ""utilisation"": 0.9722222222222222}, ""Dostyk"": {""base_background"": 450.0, ""base_capacity"": 800.0, ""bpr_delay_multiplier"": 1.1158714294433594, ""effective_background"": 562.5, ""effective_capacity"": 600.0, ""utilisation"": 0.9375}, ""Erenhot"": {""base_background"": 450.0, ""base_capacity"": 900.0, ""bpr_delay_multiplier"": 1.072337962962963, ""effective_background"": 562.5, ""effective_capacity"": 675.0, ""utilisation"": 0.8333333333333334}, ""Khorgos"": {""base_background"": 500.0, ""base_capacity"": 900.0, ""bpr_delay_multiplier"": 1.110254477919468, ""effective_background"": 625.0, ""effective_capacity"": 675.0, ""utilisation"": 0.9259259259259259}, ""Malaszewicze"": {""base_background"": 0.0, ""base_capacity"": 500.0, ""bpr_delay_multiplier"": 1.0, ""effective_background"": 0.0, ""effective_capacity"": 375.0, ""utilisation"": 0.0}, ""Manzhouli"": {""base_background"": 450.0, ""base_capacity"": 900.0, ""bpr_delay_multiplier"": 1.072337962962963, ""effective_background"": 562.5, ""effective_capacity"": 675.0, ""utilisation"": 0.8333333333333334}, ""Zabaykalsk"": {""base_background"": 350.0, ""base_capacity"": 700.0, ""bpr_delay_multiplier"": 1.072337962962963, ""effective_background"": 437.5, ""effective_capacity"": 525.0, ""utilisation"": 0.8333333333333334}}}}, ""candidates"": [""M1""], ""intensity"": 3, ""level"": ""r3""}",0.07578168206465093,0.09067550615997139,-0.11098238588137418,0.15603043975193864,3.285577900367319,38.22380952380951
M1,single,Boundary bottleneck congestion,r3,3,1000,0.7486356588500918,0.7486356588500918,0.2453598426756043,0.3528619528619529,194481.17696098238,0.017157514522498522,11529524.880753897,12640369392.782852,514.2285714285714,27330713593.658672,False,4455.0,0.891419968378058,0.0,8855.71359365867,1.9878144991377484,0.07428571428573605,11.854285714285709,1.4024684151389541,369.5000000000001,0.0,24.34104428999126,24.526296032126993,0,0.0,0.0,80,0,"{""candidate_params"": {""M1"": {""background_growth"": 0.25, ""bpr_alpha"": 0.15, ""bpr_beta"": 4.0, ""capacity_loss"": 0.25, ""cascade_background_factor"": 0.0, ""cascade_nodes"": [], ""m1_bpr_scope"": ""all_boundary_nodes"", ""max_bpr_delay_multiplier"": 1.1340150070016004, ""max_utilisation"": 0.9722222222222222, ""mean_bpr_delay_multiplier"": 1.0844163604595276, ""mean_utilisation"": 0.7883230452674898, ""mechanism"": ""M1_boundary_bottleneck_congestion"", ""node_params"": {""Alashankou"": {""base_background"": 500.0, ""base_capacity"": 900.0, ""bpr_delay_multiplier"": 1.110254477919468, ""effective_background"": 625.0, ""effective_capacity"": 675.0, ""utilisation"": 0.9259259259259259}, ""Altynkol"": {""base_background"": 350.0, ""base_capacity"": 700.0, ""bpr_delay_multiplier"": 1.072337962962963, ""effective_background"": 437.5, ""effective_capacity"": 525.0, ""utilisation"": 0.8333333333333334}, ""Brest"": {""base_background"": 350.0, ""base_capacity"": 600.0, ""bpr_delay_multiplier"": 1.1340150070016004, ""effective_background"": 437.5, ""effective_capacity"": 450.0, ""utilisation"": 0.9722222222222222}, ""Dostyk"": {""base_background"": 450.0, ""base_capacity"": 800.0, ""bpr_delay_multiplier"": 1.1158714294433594, ""effective_background"": 562.5, ""effective_capacity"": 600.0, ""utilisation"": 0.9375}, ""Erenhot"": {""base_background"": 450.0, ""base_capacity"": 900.0, ""bpr_delay_multiplier"": 1.072337962962963, ""effective_background"": 562.5, ""effective_capacity"": 675.0, ""utilisation"": 0.8333333333333334}, ""Khorgos"": {""base_background"": 500.0, ""base_capacity"": 900.0, ""bpr_delay_multiplier"": 1.110254477919468, ""effective_background"": 625.0, ""effective_capacity"": 675.0, ""utilisation"": 0.9259259259259259}, ""Malaszewicze"": {""base_background"": 0.0, ""base_capacity"": 500.0, ""bpr_delay_multiplier"": 1.0, ""effective_background"": 0.0, ""effective_capacity"": 375.0, ""utilisation"": 0.0}, ""Manzhouli"": {""base_background"": 450.0, ""base_capacity"": 900.0, ""bpr_delay_multiplier"": 1.072337962962963, ""effective_background"": 562.5, ""effective_capacity"": 675.0, ""utilisation"": 0.8333333333333334}, ""Zabaykalsk"": {""base_background"": 350.0, ""base_capacity"": 700.0, ""bpr_delay_multiplier"": 1.072337962962963, ""effective_background"": 437.5, ""effective_capacity"": 525.0, ""utilisation"": 0.8333333333333334}}}}, ""candidates"": [""M1""], ""intensity"": 3, ""level"": ""r3""}",0.017157514522498522,0.09917491648395942,-0.06983202835635889,0.10858003162194219,1.9878144991377484,11.854285714285709
M1,single,Boundary bottleneck congestion,r4,4,2026,0.684894095546338,0.684894095546338,0.32322272012839265,0.5458842730289515,673441.0849176589,0.05763673975854843,12357673.88050664,10346316674.955118,473.15,88829847712.94736,False,4455.0,0.7856341189674523,0.0,26013.18104628068,5.839097877953014,21.12095238095236,48.170476190476165,2.471794871794872,1256.3333333333335,0.0,17.19886507280171,17.36251202179119,0,0.0,0.0,80,0,"{""candidate_params"": {""M1"": {""background_growth"": 0.4, ""bpr_alpha"": 0.15, ""bpr_beta"": 4.0, ""capacity_loss"": 0.35, ""cascade_background_factor"": 0.0, ""cascade_nodes"": [], ""m1_bpr_scope"": ""all_boundary_nodes"", ""max_bpr_delay_multiplier"": 1.373780939302104, ""max_utilisation"": 1.2564102564102562, ""mean_bpr_delay_multiplier"": 1.2354454714511969, ""mean_utilisation"": 1.018755935422602, ""mechanism"": ""M1_boundary_bottleneck_congestion"", ""node_params"": {""Alashankou"": {""base_background"": 500.0, ""base_capacity"": 900.0, ""bpr_delay_multiplier"": 1.3075105037938757, ""effective_background"": 700.0, ""effective_capacity"": 585.0, ""utilisation"": 1.1965811965811965}, ""Altynkol"": {""base_background"": 350.0, ""base_capacity"": 700.0, ""bpr_delay_multiplier"": 1.2017576415391618, ""effective_background"": 489.99999999999994, ""effective_capacity"": 455.0, ""utilisation"": 1.0769230769230769}, ""Brest"": {""base_background"": 350.0, ""base_capacity"": 600.0, ""bpr_delay_multiplier"": 1.373780939302104, ""effective_background"": 489.99999999999994, ""effective_capacity"": 390.0, ""utilisation"": 1.2564102564102562}, ""Dostyk"": {""base_background"": 450.0, ""base_capacity"": 800.0, ""bpr_delay_multiplier"": 1.3231767300142676, ""effective_background"": 630.0, ""effective_capacity"": 520.0, ""utilisation"": 1.2115384615384615}, ""Erenhot"": {""base_background"": 450.0, ""base_capacity"": 900.0, ""bpr_delay_multiplier"": 1.2017576415391618, ""effective_background"": 630.0, ""effective_capacity"": 585.0, ""utilisation"": 1.0769230769230769}, ""Khorgos"": {""base_background"": 500.0, ""base_capacity"": 900.0, ""bpr_delay_multiplier"": 1.3075105037938757, ""effective_background"": 700.0, ""effective_capacity"": 585.0, ""utilisation"": 1.1965811965811965}, ""Malaszewicze"": {""base_background"": 0.0, ""base_capacity"": 500.0, ""bpr_delay_multiplier"": 1.0, ""effective_background"": 0.0, ""effective_capacity"": 325.0, ""utilisation"": 0.0}, ""Manzhouli"": {""base_background"": 450.0, ""base_capacity"": 900.0, ""bpr_delay_multiplier"": 1.2017576415391618, ""effective_background"": 630.0, ""effective_capacity"": 585.0, ""utilisation"": 1.0769230769230769}, ""Zabaykalsk"": {""base_background"": 350.0, ""base_capacity"": 700.0, ""bpr_delay_multiplier"": 1.2017576415391618, ""effective_background"": 489.99999999999994, ""effective_capacity"": 455.0, ""utilisation"": 1.0769230769230769}}}}, ""candidates"": [""M1""], ""intensity"": 4, ""level"": ""r4""}",0.05763673975854843,0.01136856376839033,-0.317917475721857,0.2143658810325475,5.839097877953014,48.170476190476165
M1,single,Boundary bottleneck congestion,r4,4,7,0.7352744605516083,0.7352744605516083,0.28877730173890803,0.37528279271122944,524004.1584594846,0.046050283116536174,11902960.442689585,10765849819.42936,471.47714285714284,89440958625.44092,False,4455.0,0.8601362562525113,0.0,18749.40769951499,4.208621256905722,2.831428571428546,39.12583333333333,2.5638137068692624,1413.8310185185185,0.0,16.987818037625402,17.149423302151263,0,0.0,0.0,80,0,"{""candidate_params"": {""M1"": {""background_growth"": 0.4, ""bpr_alpha"": 0.15, ""bpr_beta"": 4.0, ""capacity_loss"": 0.35, ""cascade_background_factor"": 0.0, ""cascade_nodes"": [], ""m1_bpr_scope"": ""all_boundary_nodes"", ""max_bpr_delay_multiplier"": 1.373780939302104, ""max_utilisation"": 1.2564102564102562, ""mean_bpr_delay_multiplier"": 1.2354454714511969, ""mean_utilisation"": 1.018755935422602, ""mechanism"": ""M1_boundary_bottleneck_congestion"", ""node_params"": {""Alashankou"": {""base_background"": 500.0, ""base_capacity"": 900.0, ""bpr_delay_multiplier"": 1.3075105037938757, ""effective_background"": 700.0, ""effective_capacity"": 585.0, ""utilisation"": 1.1965811965811965}, ""Altynkol"": {""base_background"": 350.0, ""base_capacity"": 700.0, ""bpr_delay_multiplier"": 1.2017576415391618, ""effective_background"": 489.99999999999994, ""effective_capacity"": 455.0, ""utilisation"": 1.0769230769230769}, ""Brest"": {""base_background"": 350.0, ""base_capacity"": 600.0, ""bpr_delay_multiplier"": 1.373780939302104, ""effective_background"": 489.99999999999994, ""effective_capacity"": 390.0, ""utilisation"": 1.2564102564102562}, ""Dostyk"": {""base_background"": 450.0, ""base_capacity"": 800.0, ""bpr_delay_multiplier"": 1.3231767300142676, ""effective_background"": 630.0, ""effective_capacity"": 520.0, ""utilisation"": 1.2115384615384615}, ""Erenhot"": {""base_background"": 450.0, ""base_capacity"": 900.0, ""bpr_delay_multiplier"": 1.2017576415391618, ""effective_background"": 630.0, ""effective_capacity"": 585.0, ""utilisation"": 1.0769230769230769}, ""Khorgos"": {""base_background"": 500.0, ""base_capacity"": 900.0, ""bpr_delay_multiplier"": 1.3075105037938757, ""effective_background"": 700.0, ""effective_capacity"": 585.0, ""utilisation"": 1.1965811965811965}, ""Malaszewicze"": {""base_background"": 0.0, ""base_capacity"": 500.0, ""bpr_delay_multiplier"": 1.0, ""effective_background"": 0.0, ""effective_capacity"": 325.0, ""utilisation"": 0.0}, ""Manzhouli"": {""base_background"": 450.0, ""base_capacity"": 900.0, ""bpr_delay_multiplier"": 1.2017576415391618, ""effective_background"": 630.0, ""effective_capacity"": 585.0, ""utilisation"": 1.0769230769230769}, ""Zabaykalsk"": {""base_background"": 350.0, ""base_capacity"": 700.0, ""bpr_delay_multiplier"": 1.2017576415391618, ""effective_background"": 489.99999999999994, ""effective_capacity"": 455.0, ""utilisation"": 1.0769230769230769}}}}, ""candidates"": [""M1""], ""intensity"": 4, ""level"": ""r4""}",0.046050283116536174,-0.0006543021311375824,-0.22619920868355872,0.1398637437474891,4.208621256905722,39.12583333333333
M1,single,Boundary bottleneck congestion,r4,4,99,0.6134160350510782,0.6134160350510782,0.2462401795735129,0.38967452300785627,1367592.1199717447,0.12264198731455928,12518684.416479181,10643003147.36128,471.47714285714284,84217083333.33331,False,4455.0,0.8190796857463524,0.0,27467.083333333325,6.165450804339692,38.22380952380951,41.21928571428572,2.5547653653316322,1134.9999999999998,0.0,17.735235183965415,17.89868331188336,0,0.0,0.0,80,0,"{""candidate_params"": {""M1"": {""background_growth"": 0.4, ""bpr_alpha"": 0.15, ""bpr_beta"": 4.0, ""capacity_loss"": 0.35, ""cascade_background_factor"": 0.0, ""cascade_nodes"": [], ""m1_bpr_scope"": ""all_boundary_nodes"", ""max_bpr_delay_multiplier"": 1.373780939302104, ""max_utilisation"": 1.2564102564102562, ""mean_bpr_delay_multiplier"": 1.2354454714511969, ""mean_utilisation"": 1.018755935422602, ""mechanism"": ""M1_boundary_bottleneck_congestion"", ""node_params"": {""Alashankou"": {""base_background"": 500.0, ""base_capacity"": 900.0, ""bpr_delay_multiplier"": 1.3075105037938757, ""effective_background"": 700.0, ""effective_capacity"": 585.0, ""utilisation"": 1.1965811965811965}, ""Altynkol"": {""base_background"": 350.0, ""base_capacity"": 700.0, ""bpr_delay_multiplier"": 1.2017576415391618, ""effective_background"": 489.99999999999994, ""effective_capacity"": 455.0, ""utilisation"": 1.0769230769230769}, ""Brest"": {""base_background"": 350.0, ""base_capacity"": 600.0, ""bpr_delay_multiplier"": 1.373780939302104, ""effective_background"": 489.99999999999994, ""effective_capacity"": 390.0, ""utilisation"": 1.2564102564102562}, ""Dostyk"": {""base_background"": 450.0, ""base_capacity"": 800.0, ""bpr_delay_multiplier"": 1.3231767300142676, ""effective_background"": 630.0, ""effective_capacity"": 520.0, ""utilisation"": 1.2115384615384615}, ""Erenhot"": {""base_background"": 450.0, ""base_capacity"": 900.0, ""bpr_delay_multiplier"": 1.2017576415391618, ""effective_background"": 630.0, ""effective_capacity"": 585.0, ""utilisation"": 1.0769230769230769}, ""Khorgos"": {""base_background"": 500.0, ""base_capacity"": 900.0, ""bpr_delay_multiplier"": 1.3075105037938757, ""effective_background"": 700.0, ""effective_capacity"": 585.0, ""utilisation"": 1.1965811965811965}, ""Malaszewicze"": {""base_background"": 0.0, ""base_capacity"": 500.0, ""bpr_delay_multiplier"": 1.0, ""effective_background"": 0.0, ""effective_capacity"": 325.0, ""utilisation"": 0.0}, ""Manzhouli"": {""base_background"": 450.0, ""base_capacity"": 900.0, ""bpr_delay_multiplier"": 1.2017576415391618, ""effective_background"": 630.0, ""effective_capacity"": 585.0, ""utilisation"": 1.0769230769230769}, ""Zabaykalsk"": {""base_background"": 350.0, ""base_capacity"": 700.0, ""bpr_delay_multiplier"": 1.2017576415391618, ""effective_background"": 489.99999999999994, ""effective_capacity"": 455.0, ""utilisation"": 1.0769230769230769}}}}, ""candidates"": [""M1""], ""intensity"": 4, ""level"": ""r4""}",0.12264198731455928,0.0,-0.20717191200539065,0.18092031425364763,6.165450804339692,41.21928571428572
M1,single,Boundary bottleneck congestion,r4,4,1000,0.6420200102480884,0.6420200102480884,0.2307519640852974,0.4170594837261504,1165343.1645606086,0.10280888146647933,12500386.868353523,10381390423.093746,467.83142857142855,90509319383.55377,False,4455.0,0.8190796857463523,0.0,27990.964116635627,6.283044695092173,38.22380952380951,50.22380952380951,2.471794871794872,1250.367105338363,0.0,17.58571878494695,17.748554351739585,0,0.0,0.0,80,0,"{""candidate_params"": {""M1"": {""background_growth"": 0.4, ""bpr_alpha"": 0.15, ""bpr_beta"": 4.0, ""capacity_loss"": 0.35, ""cascade_background_factor"": 0.0, ""cascade_nodes"": [], ""m1_bpr_scope"": ""all_boundary_nodes"", ""max_bpr_delay_multiplier"": 1.373780939302104, ""max_utilisation"": 1.2564102564102562, ""mean_bpr_delay_multiplier"": 1.2354454714511969, ""mean_utilisation"": 1.018755935422602, ""mechanism"": ""M1_boundary_bottleneck_congestion"", ""node_params"": {""Alashankou"": {""base_background"": 500.0, ""base_capacity"": 900.0, ""bpr_delay_multiplier"": 1.3075105037938757, ""effective_background"": 700.0, ""effective_capacity"": 585.0, ""utilisation"": 1.1965811965811965}, ""Altynkol"": {""base_background"": 350.0, ""base_capacity"": 700.0, ""bpr_delay_multiplier"": 1.2017576415391618, ""effective_background"": 489.99999999999994, ""effective_capacity"": 455.0, ""utilisation"": 1.0769230769230769}, ""Brest"": {""base_background"": 350.0, ""base_capacity"": 600.0, ""bpr_delay_multiplier"": 1.373780939302104, ""effective_background"": 489.99999999999994, ""effective_capacity"": 390.0, ""utilisation"": 1.2564102564102562}, ""Dostyk"": {""base_background"": 450.0, ""base_capacity"": 800.0, ""bpr_delay_multiplier"": 1.3231767300142676, ""effective_background"": 630.0, ""effective_capacity"": 520.0, ""utilisation"": 1.2115384615384615}, ""Erenhot"": {""base_background"": 450.0, ""base_capacity"": 900.0, ""bpr_delay_multiplier"": 1.2017576415391618, ""effective_background"": 630.0, ""effective_capacity"": 585.0, ""utilisation"": 1.0769230769230769}, ""Khorgos"": {""base_background"": 500.0, ""base_capacity"": 900.0, ""bpr_delay_multiplier"": 1.3075105037938757, ""effective_background"": 700.0, ""effective_capacity"": 585.0, ""utilisation"": 1.1965811965811965}, ""Malaszewicze"": {""base_background"": 0.0, ""base_capacity"": 500.0, ""bpr_delay_multiplier"": 1.0, ""effective_background"": 0.0, ""effective_capacity"": 325.0, ""utilisation"": 0.0}, ""Manzhouli"": {""base_background"": 450.0, ""base_capacity"": 900.0, ""bpr_delay_multiplier"": 1.2017576415391618, ""effective_background"": 630.0, ""effective_capacity"": 585.0, ""utilisation"": 1.0769230769230769}, ""Zabaykalsk"": {""base_background"": 350.0, ""base_capacity"": 700.0, ""bpr_delay_multiplier"": 1.2017576415391618, ""effective_background"": 489.99999999999994, ""effective_capacity"": 455.0, ""utilisation"": 1.0769230769230769}}}}, ""candidates"": [""M1""], ""intensity"": 4, ""level"": ""r4""}",0.10280888146647933,0.0,-0.23606371201435994,0.18092031425364796,6.283044695092173,50.22380952380951
M1,single,Boundary bottleneck congestion,r5,5,2026,0.7281304549656834,0.7281304549656834,0.3254673890397282,0.516546935994016,141810.4384584967,0.012136906285540016,11826043.234047478,11266697325.793318,471.47714285714284,98664108571.42856,False,4455.0,0.8277403666292555,0.0,17914.10857142856,4.021124258457589,18.814166666666665,38.22380952380951,3.355555555555555,1615.0,0.0,17.53382510598749,17.695088808890432,0,0.0,0.0,80,0,"{""candidate_params"": {""M1"": {""background_growth"": 0.6, ""bpr_alpha"": 0.15, ""bpr_beta"": 4.0, ""capacity_loss"": 0.45, ""cascade_background_factor"": 0.0, ""cascade_nodes"": [], ""m1_bpr_scope"": ""all_boundary_nodes"", ""max_bpr_delay_multiplier"": 2.243906128654438, ""max_utilisation"": 1.696969696969697, ""mean_bpr_delay_multiplier"": 1.7835393250627105, ""mean_utilisation"": 1.375982042648709, ""mechanism"": ""M1_boundary_bottleneck_congestion"", ""node_params"": {""Alashankou"": {""base_background"": 500.0, ""base_capacity"": 900.0, ""bpr_delay_multiplier"": 2.0233646504527947, ""effective_background"": 800.0, ""effective_capacity"": 495.00000000000006, ""utilisation"": 1.616161616161616}, ""Altynkol"": {""base_background"": 350.0, ""base_capacity"": 700.0, ""bpr_delay_multiplier"": 1.6714295471620786, ""effective_background"": 560.0, ""effective_capacity"": 385.00000000000006, ""utilisation"": 1.4545454545454544}, ""Brest"": {""base_background"": 350.0, ""base_capacity"": 600.0, ""bpr_delay_multiplier"": 2.243906128654438, ""effective_background"": 560.0, ""effective_capacity"": 330.0, ""utilisation"": 1.696969696969697}, ""Dostyk"": {""base_background"": 450.0, ""base_capacity"": 800.0, ""bpr_delay_multiplier"": 2.0755003073560543, ""effective_background"": 720.0, ""effective_capacity"": 440.00000000000006, ""utilisation"": 1.6363636363636362}, ""Erenhot"": {""base_background"": 450.0, ""base_capacity"": 900.0, ""bpr_delay_multiplier"": 1.6714295471620786, ""effective_background"": 720.0, ""effective_capacity"": 495.00000000000006, ""utilisation"": 1.4545454545454544}, ""Khorgos"": {""base_background"": 500.0, ""base_capacity"": 900.0, ""bpr_delay_multiplier"": 2.0233646504527947, ""effective_background"": 800.0, ""effective_capacity"": 495.00000000000006, ""utilisation"": 1.616161616161616}, ""Malaszewicze"": {""base_background"": 0.0, ""base_capacity"": 500.0, ""bpr_delay_multiplier"": 1.0, ""effective_background"": 0.0, ""effective_capacity"": 275.0, ""utilisation"": 0.0}, ""Manzhouli"": {""base_background"": 450.0, ""base_capacity"": 900.0, ""bpr_delay_multiplier"": 1.6714295471620786, ""effective_background"": 720.0, ""effective_capacity"": 495.00000000000006, ""utilisation"": 1.4545454545454544}, ""Zabaykalsk"": {""base_background"": 350.0, ""base_capacity"": 700.0, ""bpr_delay_multiplier"": 1.6714295471620786, ""effective_background"": 560.0, ""effective_capacity"": 385.00000000000006, ""utilisation"": 1.4545454545454544}}}}, ""candidates"": [""M1""], ""intensity"": 5, ""level"": ""r5""}",0.012136906285540016,0.007792794718488357,-0.25724123920764824,0.17225963337074424,4.021124258457589,38.22380952380951
M1,single,Boundary bottleneck congestion,r5,5,7,0.7130062266026139,0.7130062266026139,0.3300412789596754,0.4336441844059543,391013.84474309534,0.03436289190116625,11769970.128973195,11054089453.70116,471.47714285714284,99548136190.47618,False,4455.0,0.8413019079685746,0.0,18798.136190476183,4.21955918978141,18.814166666666665,38.22380952380951,3.355555555555555,1615.0,0.0,17.299391244072467,17.465102664195,0,0.0,0.0,80,0,"{""candidate_params"": {""M1"": {""background_growth"": 0.6, ""bpr_alpha"": 0.15, ""bpr_beta"": 4.0, ""capacity_loss"": 0.45, ""cascade_background_factor"": 0.0, ""cascade_nodes"": [], ""m1_bpr_scope"": ""all_boundary_nodes"", ""max_bpr_delay_multiplier"": 2.243906128654438, ""max_utilisation"": 1.696969696969697, ""mean_bpr_delay_multiplier"": 1.7835393250627105, ""mean_utilisation"": 1.375982042648709, ""mechanism"": ""M1_boundary_bottleneck_congestion"", ""node_params"": {""Alashankou"": {""base_background"": 500.0, ""base_capacity"": 900.0, ""bpr_delay_multiplier"": 2.0233646504527947, ""effective_background"": 800.0, ""effective_capacity"": 495.00000000000006, ""utilisation"": 1.616161616161616}, ""Altynkol"": {""base_background"": 350.0, ""base_capacity"": 700.0, ""bpr_delay_multiplier"": 1.6714295471620786, ""effective_background"": 560.0, ""effective_capacity"": 385.00000000000006, ""utilisation"": 1.4545454545454544}, ""Brest"": {""base_background"": 350.0, ""base_capacity"": 600.0, ""bpr_delay_multiplier"": 2.243906128654438, ""effective_background"": 560.0, ""effective_capacity"": 330.0, ""utilisation"": 1.696969696969697}, ""Dostyk"": {""base_background"": 450.0, ""base_capacity"": 800.0, ""bpr_delay_multiplier"": 2.0755003073560543, ""effective_background"": 720.0, ""effective_capacity"": 440.00000000000006, ""utilisation"": 1.6363636363636362}, ""Erenhot"": {""base_background"": 450.0, ""base_capacity"": 900.0, ""bpr_delay_multiplier"": 1.6714295471620786, ""effective_background"": 720.0, ""effective_capacity"": 495.00000000000006, ""utilisation"": 1.4545454545454544}, ""Khorgos"": {""base_background"": 500.0, ""base_capacity"": 900.0, ""bpr_delay_multiplier"": 2.0233646504527947, ""effective_background"": 800.0, ""effective_capacity"": 495.00000000000006, ""utilisation"": 1.616161616161616}, ""Malaszewicze"": {""base_background"": 0.0, ""base_capacity"": 500.0, ""bpr_delay_multiplier"": 1.0, ""effective_background"": 0.0, ""effective_capacity"": 275.0, ""utilisation"": 0.0}, ""Manzhouli"": {""base_background"": 450.0, ""base_capacity"": 900.0, ""bpr_delay_multiplier"": 1.6714295471620786, ""effective_background"": 720.0, ""effective_capacity"": 495.00000000000006, ""utilisation"": 1.4545454545454544}, ""Zabaykalsk"": {""base_background"": 350.0, ""base_capacity"": 700.0, ""bpr_delay_multiplier"": 1.6714295471620786, ""effective_background"": 560.0, ""effective_capacity"": 385.00000000000006, ""utilisation"": 1.4545454545454544}}}}, ""candidates"": [""M1""], ""intensity"": 5, ""level"": ""r5""}",0.03436289190116625,-0.0006543021311375824,-0.20548184211898377,0.15869809203142582,4.21955918978141,38.22380952380951
M1,single,Boundary bottleneck congestion,r5,5,99,0.7103452118901783,0.7103452118901783,0.24175084175084174,0.380695847362514,1444453.9341096338,0.12953474831896442,12595546.23061707,11059774869.408566,471.47714285714284,101565315567.66953,False,4455.0,0.7993265993265992,0.0,25815.31556766953,5.794683629106516,21.12095238095236,54.63428571428574,3.2710077995673745,1515.0,0.0,18.87034417502582,19.033302378840744,0,0.0,0.0,80,0,"{""candidate_params"": {""M1"": {""background_growth"": 0.6, ""bpr_alpha"": 0.15, ""bpr_beta"": 4.0, ""capacity_loss"": 0.45, ""cascade_background_factor"": 0.0, ""cascade_nodes"": [], ""m1_bpr_scope"": ""all_boundary_nodes"", ""max_bpr_delay_multiplier"": 2.243906128654438, ""max_utilisation"": 1.696969696969697, ""mean_bpr_delay_multiplier"": 1.7835393250627105, ""mean_utilisation"": 1.375982042648709, ""mechanism"": ""M1_boundary_bottleneck_congestion"", ""node_params"": {""Alashankou"": {""base_background"": 500.0, ""base_capacity"": 900.0, ""bpr_delay_multiplier"": 2.0233646504527947, ""effective_background"": 800.0, ""effective_capacity"": 495.00000000000006, ""utilisation"": 1.616161616161616}, ""Altynkol"": {""base_background"": 350.0, ""base_capacity"": 700.0, ""bpr_delay_multiplier"": 1.6714295471620786, ""effective_background"": 560.0, ""effective_capacity"": 385.00000000000006, ""utilisation"": 1.4545454545454544}, ""Brest"": {""base_background"": 350.0, ""base_capacity"": 600.0, ""bpr_delay_multiplier"": 2.243906128654438, ""effective_background"": 560.0, ""effective_capacity"": 330.0, ""utilisation"": 1.696969696969697}, ""Dostyk"": {""base_background"": 450.0, ""base_capacity"": 800.0, ""bpr_delay_multiplier"": 2.0755003073560543, ""effective_background"": 720.0, ""effective_capacity"": 440.00000000000006, ""utilisation"": 1.6363636363636362}, ""Erenhot"": {""base_background"": 450.0, ""base_capacity"": 900.0, ""bpr_delay_multiplier"": 1.6714295471620786, ""effective_background"": 720.0, ""effective_capacity"": 495.00000000000006, ""utilisation"": 1.4545454545454544}, ""Khorgos"": {""base_background"": 500.0, ""base_capacity"": 900.0, ""bpr_delay_multiplier"": 2.0233646504527947, ""effective_background"": 800.0, ""effective_capacity"": 495.00000000000006, ""utilisation"": 1.616161616161616}, ""Malaszewicze"": {""base_background"": 0.0, ""base_capacity"": 500.0, ""bpr_delay_multiplier"": 1.0, ""effective_background"": 0.0, ""effective_capacity"": 275.0, ""utilisation"": 0.0}, ""Manzhouli"": {""base_background"": 450.0, ""base_capacity"": 900.0, ""bpr_delay_multiplier"": 1.6714295471620786, ""effective_background"": 720.0, ""effective_capacity"": 495.00000000000006, ""utilisation"": 1.4545454545454544}, ""Zabaykalsk"": {""base_background"": 350.0, ""base_capacity"": 700.0, ""bpr_delay_multiplier"": 1.6714295471620786, ""effective_background"": 560.0, ""effective_capacity"": 385.00000000000006, ""utilisation"": 1.4545454545454544}}}}, ""candidates"": [""M1""], ""intensity"": 5, ""level"": ""r5""}",0.12953474831896442,0.0,-0.17612538097031408,0.20067340067340078,5.794683629106516,54.63428571428574
M1,single,Boundary bottleneck congestion,r5,5,1000,0.6831949257490436,0.6831949257490436,0.25993265993265996,0.4170594837261504,1048246.8215155117,0.0924784102212812,12383290.525308426,11137054244.41398,471.47714285714284,89001427691.17183,False,4455.0,0.7948372615039283,0.0,25501.427691171833,5.724226193304564,38.22380952380951,41.21928571428572,3.5656565656565653,1270.0,0.0,17.816969161853194,17.980399122927338,0,0.0,0.0,80,0,"{""candidate_params"": {""M1"": {""background_growth"": 0.6, ""bpr_alpha"": 0.15, ""bpr_beta"": 4.0, ""capacity_loss"": 0.45, ""cascade_background_factor"": 0.0, ""cascade_nodes"": [], ""m1_bpr_scope"": ""all_boundary_nodes"", ""max_bpr_delay_multiplier"": 2.243906128654438, ""max_utilisation"": 1.696969696969697, ""mean_bpr_delay_multiplier"": 1.7835393250627105, ""mean_utilisation"": 1.375982042648709, ""mechanism"": ""M1_boundary_bottleneck_congestion"", ""node_params"": {""Alashankou"": {""base_background"": 500.0, ""base_capacity"": 900.0, ""bpr_delay_multiplier"": 2.0233646504527947, ""effective_background"": 800.0, ""effective_capacity"": 495.00000000000006, ""utilisation"": 1.616161616161616}, ""Altynkol"": {""base_background"": 350.0, ""base_capacity"": 700.0, ""bpr_delay_multiplier"": 1.6714295471620786, ""effective_background"": 560.0, ""effective_capacity"": 385.00000000000006, ""utilisation"": 1.4545454545454544}, ""Brest"": {""base_background"": 350.0, ""base_capacity"": 600.0, ""bpr_delay_multiplier"": 2.243906128654438, ""effective_background"": 560.0, ""effective_capacity"": 330.0, ""utilisation"": 1.696969696969697}, ""Dostyk"": {""base_background"": 450.0, ""base_capacity"": 800.0, ""bpr_delay_multiplier"": 2.0755003073560543, ""effective_background"": 720.0, ""effective_capacity"": 440.00000000000006, ""utilisation"": 1.6363636363636362}, ""Erenhot"": {""base_background"": 450.0, ""base_capacity"": 900.0, ""bpr_delay_multiplier"": 1.6714295471620786, ""effective_background"": 720.0, ""effective_capacity"": 495.00000000000006, ""utilisation"": 1.4545454545454544}, ""Khorgos"": {""base_background"": 500.0, ""base_capacity"": 900.0, ""bpr_delay_multiplier"": 2.0233646504527947, ""effective_background"": 800.0, ""effective_capacity"": 495.00000000000006, ""utilisation"": 1.616161616161616}, ""Malaszewicze"": {""base_background"": 0.0, ""base_capacity"": 500.0, ""bpr_delay_multiplier"": 1.0, ""effective_background"": 0.0, ""effective_capacity"": 275.0, ""utilisation"": 0.0}, ""Manzhouli"": {""base_background"": 450.0, ""base_capacity"": 900.0, ""bpr_delay_multiplier"": 1.6714295471620786, ""effective_background"": 720.0, ""effective_capacity"": 495.00000000000006, ""utilisation"": 1.4545454545454544}, ""Zabaykalsk"": {""base_background"": 350.0, ""base_capacity"": 700.0, ""bpr_delay_multiplier"": 1.6714295471620786, ""effective_background"": 560.0, ""effective_capacity"": 385.00000000000006, ""utilisation"": 1.4545454545454544}}}}, ""candidates"": [""M1""], ""intensity"": 5, ""level"": ""r5""}",0.0924784102212812,0.007792794718488357,-0.18045661208868452,0.20516273849607192,5.724226193304564,41.21928571428572
M2,single,Corridor/link disruption,r1,1,2026,0.7742652567998792,0.7742652567998792,0.3414307085459129,0.3619416205692638,-151204.1841457188,-0.012940873978717819,11533028.611443263,14151171018.962084,473.15,1126157142.8571424,False,4455.0,0.978675645342312,0.0,1126.1571428571424,0.25278499278499267,0.0,0.0,0.9914118493216754,0.0,0.0,27.317453134804964,27.48117709113285,0,0.0,0.0,80,0,"{""candidate_params"": {""M2"": {""candidate"": ""C6"", ""capacity_factor"": 0.7, ""delay_spread"": 0.15, ""disrupted_nodes"": [""Erenhot""], ""level"": ""r1""}}, ""candidates"": [""M2""], ""intensity"": 1, ""level"": ""r1""}",-0.012940873978717819,0.01136856376839033,-0.06708186561985069,0.021324354657687783,0.25278499278499267,0.0
M2,single,Corridor/link disruption,r1,1,7,0.7216789356543929,0.7216789356543929,0.26900861338061255,0.05858660092879135,-193323.06954364665,-0.0169895256396731,11185633.214686453,13192918397.121233,471.47714285714284,1126157142.8571424,False,4455.0,0.9786756453423118,0.0,1126.1571428571424,0.25278499278499267,0.0,0.0,0.9674180662519098,0.0,0.0,30.253789694979787,30.422277423087507,0,0.0,0.0,80,0,"{""candidate_params"": {""M2"": {""candidate"": ""C6"", ""capacity_factor"": 0.7, ""delay_spread"": 0.15, ""disrupted_nodes"": [""Malaszewicze""], ""level"": ""r1""}}, ""candidates"": [""M2""], ""intensity"": 1, ""level"": ""r1""}",-0.0169895256396731,-0.0006543021311375824,-0.05175245180907097,0.02132435465768867,0.25278499278499267,0.0
M2,single,Corridor/link disruption,r1,1,99,0.7193095839213403,0.7193095839213403,0.20195981508786365,0.21914646809566585,685877.8347342052,0.061507681624070554,11836970.131241642,15199409436.11142,467.98380952380955,0.0,True,4455.0,1.0,0.0,0.0,0.0,0.0,0.0,0.9928151551589955,0.0,0.0,27.59206300182268,27.75798529945314,4,1.0,1.0,50,4,"{""candidate_params"": {""M2"": {""candidate"": ""C6"", ""capacity_factor"": 0.7, ""delay_spread"": 0.15, ""disrupted_nodes"": [""Khorgos""], ""level"": ""r1""}}, ""candidates"": [""M2""], ""intensity"": 1, ""level"": ""r1""}",0.061507681624070554,-0.007409337623800269,0.13224797127558166,0.0,0.0,0.0
M2,single,Corridor/link disruption,r1,1,1000,0.7071968138026237,0.7071968138026237,0.2967068135948397,0.24434360146643208,-31047.322341278195,-0.0027390562535624975,11303996.381451637,13387575247.622461,475.5330952380952,969444202.9663851,False,4455.0,0.9548447437336327,0.0,947.5271428571451,0.21268847202180585,0.0,0.0,1.0006957796860076,0.43834120218480166,0.0,30.14672293374315,30.33165778685361,0,0.0,0.0,80,0,"{""candidate_params"": {""M2"": {""candidate"": ""C6"", ""capacity_factor"": 0.7, ""delay_spread"": 0.15, ""disrupted_nodes"": [""Erenhot""], ""level"": ""r1""}}, ""candidates"": [""M2""], ""intensity"": 1, ""level"": ""r1""}",-0.0027390562535624975,0.01646248241633634,-0.014847325552242665,0.045155256266367516,0.21268847202180585,0.0
M2,single,Corridor/link disruption,r2,2,2026,0.7370585888275686,0.7370585888275686,0.31812766095012146,0.22767531813206893,-163823.81015070155,-0.014020930001715486,11520408.98543828,14304006390.969519,467.83142857142855,9062857.142859798,False,4455.0,0.9726150392817061,0.0,9.062857142859798,0.002034311367645297,0.0,0.0,0.9888885355427773,0.0,0.0,28.90689194202423,29.069674397818744,0,0.0,0.0,80,0,"{""candidate_params"": {""M2"": {""candidate"": ""C6"", ""capacity_factor"": 0.5, ""delay_spread"": 0.3, ""disrupted_nodes"": [""Brest""], ""level"": ""r2""}}, ""candidates"": [""M2""], ""intensity"": 2, ""level"": ""r2""}",-0.014020930001715486,0.0,-0.057006170122325006,0.02738496071829366,0.002034311367645297,0.0
M2,single,Corridor/link disruption,r2,2,7,0.7260926776509605,0.7260926776509605,0.2303609795156001,0.13863100505252274,-143268.49813422374,-0.012590653708088947,11235687.786095876,13711538421.715508,440.3475,0.0,True,4455.0,1.0,0.0,0.0,0.0,0.0,0.0,0.9465448693393491,0.0,0.0,25.09284477867186,25.255882266908884,7,1.0,1.0,60,6,"{""candidate_params"": {""M2"": {""candidate"": ""C6"", ""capacity_factor"": 0.5, ""delay_spread"": 0.3, ""disrupted_nodes"": [""Alashankou""], ""level"": ""r2""}}, ""candidates"": [""M2""], ""intensity"": 2, ""level"": ""r2""}",-0.012590653708088947,-0.06663687442925197,-0.014476380513765355,4.440892098500626e-16,0.0,0.0
M2,single,Corridor/link disruption,r2,2,99,0.6875888469557021,0.6875888469557021,0.11689210675066006,0.13523414322986738,73637.33715052158,0.006603598570660657,11224729.633657958,13841309351.149017,467.83142857142855,0.0,True,4455.0,1.0,0.0,0.0,0.0,0.0,0.0,0.974,0.0,0.0,24.252787987235934,24.417804487980902,10,1.0,1.0,23,6,"{""candidate_params"": {""M2"": {""candidate"": ""C6"", ""capacity_factor"": 0.5, ""delay_spread"": 0.3, ""disrupted_nodes"": [""Malaszewicze""], ""level"": ""r2""}}, ""candidates"": [""M2""], ""intensity"": 2, ""level"": ""r2""}",0.006603598570660657,-0.007732536647739336,0.03107916781309146,0.0,0.0,0.0
M2,single,Corridor/link disruption,r2,2,1000,0.5726153814954053,0.5726153814954053,0.24595881851480608,0.10145903479236819,-321542.5948890783,-0.028367124405659257,11013501.108903836,13387066832.904564,467.83142857142855,0.0,True,4455.0,1.0000000000000002,0.0,0.0,0.0,0.0,0.0,0.9689294039774566,0.0,0.0,24.63452587975189,24.798109480645508,16,1.0,1.0,26,12,"{""candidate_params"": {""M2"": {""candidate"": ""C6"", ""capacity_factor"": 0.5, ""delay_spread"": 0.3, ""disrupted_nodes"": [""Alashankou""], ""level"": ""r2""}}, ""candidates"": [""M2""], ""intensity"": 2, ""level"": ""r2""}",-0.028367124405659257,0.0,-0.014884738310699742,0.0,0.0,0.0
M2,single,Corridor/link disruption,r3,3,2026,0.7427252689157482,0.7427252689157482,0.4186881250313818,0.5114922191898177,213404.45979706757,0.01826431084783177,11897637.255386049,12961138561.280125,514.2285714285714,35998545393.111244,False,4455.0,0.8712587514486272,0.0,10498.545393111242,2.356575845816216,0.22857142857139934,11.854285714285709,3.1333333333333333,480.0,29.99999999999997,20.51586013007909,20.703219396993518,0,0.0,0.0,80,0,"{""candidate_params"": {""M2"": {""candidate"": ""C6"", ""capacity_factor"": 0.25, ""delay_spread"": 0.5, ""disrupted_nodes"": [""Erenhot"", ""Malaszewicze""], ""level"": ""r3""}}, ""candidates"": [""M2""], ""intensity"": 3, ""level"": ""r3""}",0.01826431084783177,0.09917491648395942,-0.14553493913474522,0.1287412485513726,2.356575845816216,11.854285714285709
M2,single,Corridor/link disruption,r3,3,7,0.6808800735956344,0.6808800735956344,0.29516324770211955,0.4414410630302841,232684.54043425992,0.020448671619973918,11611640.82466436,12945703852.522842,471.47714285714284,66806692076.1889,False,4455.0,0.891427577127843,0.0,9506.692076188901,2.133937615306151,0.8092857142856928,18.814166666666665,2.8,1146.0,0.0,18.494171056896448,18.658923362847418,0,0.0,0.0,80,0,"{""candidate_params"": {""M2"": {""candidate"": ""C6"", ""capacity_factor"": 0.25, ""delay_spread"": 0.5, ""disrupted_nodes"": [""Erenhot"", ""Khorgos""], ""level"": ""r3""}}, ""candidates"": [""M2""], ""intensity"": 3, ""level"": ""r3""}",0.020448671619973918,-0.0006543021311375824,-0.06952111972137404,0.1085724228721574,2.133937615306151,18.814166666666665
M2,single,Corridor/link disruption,r3,3,99,0.6561217119491131,0.6561217119491131,0.24099505221381545,0.3520917716086346,1317106.7203745525,0.11811459230653801,12468199.01688199,11313517441.43332,471.47714285714284,24011342142.857136,False,4455.0,0.8144968200523756,0.0,22861.342142857135,5.13161439794773,34.251666666666665,41.21928571428572,1.0255555555555556,23.0,0.0,18.883741687051952,19.047551146242768,0,0.0,0.0,80,0,"{""candidate_params"": {""M2"": {""candidate"": ""C6"", ""capacity_factor"": 0.25, ""delay_spread"": 0.5, ""disrupted_nodes"": [""Khorgos"", ""Manzhouli""], ""level"": ""r3""}}, ""candidates"": [""M2""], ""intensity"": 3, ""level"": ""r3""}",0.11811459230653801,0.0,-0.1572233628617225,0.18550317994762444,5.13161439794773,41.21928571428572
M2,single,Corridor/link disruption,r3,3,1000,0.6716683879663522,0.6716683879663522,0.3146973022289962,0.14314874393229657,376347.1286527682,0.033202088892417374,11711390.832445683,14059707040.709164,476.0904761904762,4577686209.462616,False,4455.0,0.9542328377820322,0.0,4577.686209462616,1.0275389920230338,0.0,0.0,0.9944444444444445,0.0,0.0,24.58162301313132,24.76510452805087,0,0.0,0.0,80,0,"{""candidate_params"": {""M2"": {""candidate"": ""C6"", ""capacity_factor"": 0.25, ""delay_spread"": 0.5, ""disrupted_nodes"": [""Alashankou"", ""Khorgos""], ""level"": ""r3""}}, ""candidates"": [""M2""], ""intensity"": 3, ""level"": ""r3""}",0.033202088892417374,0.017653896499146046,0.034612895682243024,0.04576716221796806,1.0275389920230338,0.0
M2,single,Corridor/link disruption,r4,4,2026,0.7040353456533758,0.7040353456533758,0.2908397338873817,0.22518891130265792,-197283.5488918461,-0.016884595877473818,11486949.246697135,14039906719.077427,471.47714285714284,4574514254.013891,False,4455.0,0.9204789666209418,0.0,4574.514254013891,1.0268269930446445,0.0,3.831428571428546,0.9885498780798007,0.0,0.0,18.52060919208452,18.705533446744084,0,0.0,0.0,80,0,"{""candidate_params"": {""M2"": {""candidate"": ""C6"", ""capacity_factor"": 0.1, ""delay_spread"": 0.7, ""disrupted_nodes"": [""Brest"", ""Manzhouli""], ""level"": ""r4""}}, ""candidates"": [""M2""], ""intensity"": 4, ""level"": ""r4""}",-0.016884595877473818,0.007792794718488357,-0.07441698176906679,0.07952103337905803,1.0268269930446445,3.831428571428546
M2,single,Corridor/link disruption,r4,4,7,0.7004436985775324,0.7004436985775324,0.21994644258395935,0.21360980101763932,-102927.44292566366,-0.00904542036674392,11276028.841304436,13690767890.31731,473.15,1647110609.5679011,False,4455.0,0.9803487550401132,0.0,1647.110609567901,0.36972179788280607,0.0,0.0,0.9993194122131778,0.0,0.0,19.748344929888844,19.927338236942887,0,0.0,0.0,80,0,"{""candidate_params"": {""M2"": {""candidate"": ""C6"", ""capacity_factor"": 0.1, ""delay_spread"": 0.7, ""disrupted_nodes"": [""Brest"", ""Manzhouli""], ""level"": ""r4""}}, ""candidates"": [""M2""], ""intensity"": 4, ""level"": ""r4""}",-0.00904542036674392,0.0028914956115326756,-0.015969272751866433,0.019651244959887237,0.36972179788280607,0.0
M2,single,Corridor/link disruption,r4,4,99,0.685343038554578,0.685343038554578,0.23228983728751,0.211964081014753,1275783.917509688,0.11440887435836831,12426876.214017125,13164182659.670921,471.47714285714284,14402261469.087957,False,4455.0,0.9077165170215269,0.0,14300.495708342643,3.2099878133204585,0.0,21.12095238095236,1.004,2.0353152149062907,0.0,19.889050835277885,20.05251348717138,0,0.0,0.0,80,0,"{""candidate_params"": {""M2"": {""candidate"": ""C6"", ""capacity_factor"": 0.1, ""delay_spread"": 0.7, ""disrupted_nodes"": [""Brest"", ""Manzhouli""], ""level"": ""r4""}}, ""candidates"": [""M2""], ""intensity"": 4, ""level"": ""r4""}",0.11440887435836831,0.0,-0.019361957938881524,0.09228348297847311,3.2099878133204585,21.12095238095236
M2,single,Corridor/link disruption,r4,4,1000,0.6962493011896524,0.6962493011896524,0.32589081460572566,0.1970819304152637,297618.66792471334,0.02625650819724009,11632662.371717628,14800449534.286438,471.25166666666667,22516514.669220325,False,4455.0,0.9726150392817061,0.0,22.516514669220324,0.005054212046963036,0.0,0.0,0.99,0.0,0.0,24.281383872032166,24.44284450262785,0,0.0,0.0,80,0,"{""candidate_params"": {""M2"": {""candidate"": ""C6"", ""capacity_factor"": 0.1, ""delay_spread"": 0.7, ""disrupted_nodes"": [""Brest"", ""Khorgos""], ""level"": ""r4""}}, ""candidates"": [""M2""], ""intensity"": 4, ""level"": ""r4""}",0.02625650819724009,0.007310834386826401,0.08912197855401624,0.027384960718294105,0.005054212046963036,0.0
M2,single,Corridor/link disruption,r5,5,2026,0.7821111874272332,0.7821111874272332,0.4561071196794589,0.6591914335556988,1132687.7753877826,0.09694156177848438,12816920.570976764,12340131398.688446,471.25166666666667,127116956799.84575,False,4455.0,0.7826330004979173,0.0,24564.460587263413,5.5139081003958275,21.12095238095236,41.21928571428572,35.0,1751.0,300.04992425164664,18.335371187888086,18.52221724204719,0,0.0,0.0,80,0,"{""candidate_params"": {""M2"": {""candidate"": ""C6"", ""capacity_factor"": 0.02, ""delay_spread"": 1.0, ""disrupted_nodes"": [""Brest"", ""Erenhot"", ""Khorgos""], ""level"": ""r5""}}, ""candidates"": [""M2""], ""intensity"": 5, ""level"": ""r5""}",0.09694156177848438,0.007310834386826401,-0.1864749322127337,0.2173669995020825,5.5139081003958275,41.21928571428572
M2,single,Corridor/link disruption,r5,5,7,0.7431417752023879,0.7431417752023879,0.30035059583517904,0.2674818548896932,-2831.3708775900304,-0.00024882518280819647,11376124.91335251,12942658803.672045,467.83142857142855,6929159517.195758,False,4455.0,0.9005523340399884,0.0,6929.159517195758,1.555366894993436,0.0,11.854285714285709,0.9827417695473252,0.0,0.0,19.489148606080562,19.67583375889808,0,0.0,0.0,80,0,"{""candidate_params"": {""M2"": {""candidate"": ""C6"", ""capacity_factor"": 0.02, ""delay_spread"": 1.0, ""disrupted_nodes"": [""Brest"", ""Malaszewicze"", ""Manzhouli""], ""level"": ""r5""}}, ""candidates"": [""M2""], ""intensity"": 5, ""level"": ""r5""}",-0.00024882518280819647,-0.008381779363669203,-0.06973998411664845,0.09944766596001209,1.555366894993436,11.854285714285709
M2,single,Corridor/link disruption,r5,5,99,0.6675943817620575,0.6675943817620575,0.1629483671322283,0.16411574553851643,384785.1528710108,0.034506498793084775,11535877.449378448,13378806991.637705,467.83142857142855,5042338435.003889,False,4455.0,0.9247975553312235,0.0,5042.338435003889,1.1318380325485722,0.0,0.07428571428573605,0.9913447964059602,0.0,0.0,22.056896128691733,22.221243183594197,0,0.0,0.0,80,0,"{""candidate_params"": {""M2"": {""candidate"": ""C6"", ""capacity_factor"": 0.02, ""delay_spread"": 1.0, ""disrupted_nodes"": [""Alashankou"", ""Brest"", ""Manzhouli""], ""level"": ""r5""}}, ""candidates"": [""M2""], ""intensity"": 5, ""level"": ""r5""}",0.034506498793084775,-0.007732536647739336,-0.0033739706767962805,0.07520244466877646,1.1318380325485722,0.07428571428573605
M2,single,Corridor/link disruption,r5,5,1000,0.6839012123009816,0.6839012123009816,0.3799874809344616,0.48946345725468005,1723902.640449658,0.15208610442964665,13058946.344242573,12345755730.189226,471.25166666666667,105478493862.38,False,4455.0,0.8,0.0,26304.615461327325,5.904515255067862,34.251666666666665,41.21928571428572,48.44444444444444,961.0000000000001,622.4775680210533,17.171081042382866,17.33415874093771,0,0.0,0.0,80,0,"{""candidate_params"": {""M2"": {""candidate"": ""C6"", ""capacity_factor"": 0.02, ""delay_spread"": 1.0, ""disrupted_nodes"": [""Erenhot"", ""Khorgos"", ""Malaszewicze""], ""level"": ""r5""}}, ""candidates"": [""M2""], ""intensity"": 5, ""level"": ""r5""}",0.15208610442964665,0.007310834386826401,-0.09151178979669174,0.20000000000000018,5.904515255067862,41.21928571428572
M1+M2,combination,Boundary bottleneck congestion + Corridor/link disruption,r3,3,2026,0.6953050253186963,0.6953050253186963,0.32322272012839265,0.5458842730289515,701033.6058147214,0.05999825731642174,12385266.401403703,10133820415.542551,471.47714285714284,131334816904.76187,False,4455.0,0.838608305274972,0.0,26834.816904761898,6.023527924750145,39.12583333333333,41.40214285714285,4.998492555237276,1624.9999999999998,464.99999999999983,17.42574692098424,17.588504396844655,0,0.0,0.0,80,0,"{""candidate_params"": {""M1"": {""background_growth"": 0.25, ""bpr_alpha"": 0.15, ""bpr_beta"": 4.0, ""capacity_loss"": 0.25, ""cascade_background_factor"": 0.36, ""cascade_nodes"": [""Erenhot"", ""Malaszewicze""], ""m1_bpr_scope"": ""open_boundary_nodes_only"", ""max_bpr_delay_multiplier"": 1.3688220568452216, ""max_utilisation"": 1.2522222222222221, ""mean_bpr_delay_multiplier"": 1.2102017533119456, ""mean_utilisation"": 0.8961008230452675, ""mechanism"": ""M1_boundary_bottleneck_congestion"", ""node_params"": {""Alashankou"": {""base_background"": 500.0, ""base_capacity"": 900.0, ""bpr_delay_multiplier"": 1.303430818924396, ""effective_background"": 804.9999999999999, ""effective_capacity"": 675.0, ""utilisation"": 1.1925925925925924}, ""Altynkol"": {""base_background"": 350.0, ""base_capacity"": 700.0, ""bpr_delay_multiplier"": 1.1990809602962962, ""effective_background"": 563.5, ""effective_capacity"": 525.0, ""utilisation"": 1.0733333333333333}, ""Brest"": {""base_background"": 350.0, ""base_capacity"": 600.0, ""bpr_delay_multiplier"": 1.3688220568452216, ""effective_background"": 563.5, ""effective_capacity"": 450.0, ""utilisation"": 1.2522222222222221}, ""Dostyk"": {""base_background"": 450.0, ""base_capacity"": 800.0, ""bpr_delay_multiplier"": 1.3188892042246094, ""effective_background"": 724.5, ""effective_capacity"": 600.0, ""utilisation"": 1.2075}, ""Erenhot"": {""base_background"": 450.0, ""base_capacity"": 225.0, ""bpr_delay_multiplier"": 1.0, ""effective_background"": 450.0, ""effective_capacity"": 225.0, ""excluded_from_m1_bpr"": 1.0, ""utilisation"": 0.0}, ""Khorgos"": {""base_background"": 500.0, ""base_capacity"": 900.0, ""bpr_delay_multiplier"": 1.303430818924396, ""effective_background"": 804.9999999999999, ""effective_capacity"": 675.0, ""utilisation"": 1.1925925925925924}, ""Malaszewicze"": {""base_background"": 0.0, ""base_capacity"": 125.0, ""bpr_delay_multiplier"": 1.0, ""effective_background"": 0.0, ""effective_capacity"": 125.0, ""excluded_from_m1_bpr"": 1.0, ""utilisation"": 0.0}, ""Manzhouli"": {""base_background"": 450.0, ""base_capacity"": 900.0, ""bpr_delay_multiplier"": 1.1990809602962962, ""effective_background"": 724.5, ""effective_capacity"": 675.0, ""utilisation"": 1.0733333333333333}, ""Zabaykalsk"": {""base_background"": 350.0, ""base_capacity"": 700.0, ""bpr_delay_multiplier"": 1.1990809602962962, ""effective_background"": 563.5, ""effective_capacity"": 525.0, ""utilisation"": 1.0733333333333333}}}, ""M2"": {""candidate"": ""C6"", ""capacity_factor"": 0.25, ""delay_spread"": 0.5, ""disrupted_nodes"": [""Erenhot"", ""Malaszewicze""], ""level"": ""r3""}}, ""candidates"": [""M1"", ""M2""], ""intensity"": 3, ""level"": ""r3""}",0.05999825731642174,0.007792794718488357,-0.33192632443326725,0.1613916947250278,6.023527924750145,41.40214285714285
M1+M2,combination,Boundary bottleneck congestion + Corridor/link disruption,r3,3,7,0.7278713342671135,0.7278713342671135,0.3116833145380921,0.4036479459783388,1361587.4008984324,0.11965837348241094,12740543.685128532,10600450759.519058,471.47714285714284,133277835003.42566,False,4455.0,0.7798345902071981,0.0,29750.057225647888,6.677902856486619,34.251666666666665,41.21928571428572,4.102222222222222,1822.5555555555554,248.0,18.74840950826183,18.913303796201944,0,0.0,0.0,80,0,"{""candidate_params"": {""M1"": {""background_growth"": 0.25, ""bpr_alpha"": 0.15, ""bpr_beta"": 4.0, ""capacity_loss"": 0.25, ""cascade_background_factor"": 0.36, ""cascade_nodes"": [""Erenhot"", ""Khorgos""], ""m1_bpr_scope"": ""open_boundary_nodes_only"", ""max_bpr_delay_multiplier"": 1.3688220568452216, ""max_utilisation"": 1.2522222222222221, ""mean_bpr_delay_multiplier"": 1.1764872178759016, ""mean_utilisation"": 0.7635905349794238, ""mechanism"": ""M1_boundary_bottleneck_congestion"", ""node_params"": {""Alashankou"": {""base_background"": 500.0, ""base_capacity"": 900.0, ""bpr_delay_multiplier"": 1.303430818924396, ""effective_background"": 804.9999999999999, ""effective_capacity"": 675.0, ""utilisation"": 1.1925925925925924}, ""Altynkol"": {""base_background"": 350.0, ""base_capacity"": 700.0, ""bpr_delay_multiplier"": 1.1990809602962962, ""effective_background"": 563.5, ""effective_capacity"": 525.0, ""utilisation"": 1.0733333333333333}, ""Brest"": {""base_background"": 350.0, ""base_capacity"": 600.0, ""bpr_delay_multiplier"": 1.3688220568452216, ""effective_background"": 563.5, ""effective_capacity"": 450.0, ""utilisation"": 1.2522222222222221}, ""Dostyk"": {""base_background"": 450.0, ""base_capacity"": 800.0, ""bpr_delay_multiplier"": 1.3188892042246094, ""effective_background"": 724.5, ""effective_capacity"": 600.0, ""utilisation"": 1.2075}, ""Erenhot"": {""base_background"": 450.0, ""base_capacity"": 225.0, ""bpr_delay_multiplier"": 1.0, ""effective_background"": 450.0, ""effective_capacity"": 225.0, ""excluded_from_m1_bpr"": 1.0, ""utilisation"": 0.0}, ""Khorgos"": {""base_background"": 500.0, ""base_capacity"": 225.0, ""bpr_delay_multiplier"": 1.0, ""effective_background"": 500.0, ""effective_capacity"": 225.0, ""excluded_from_m1_bpr"": 1.0, ""utilisation"": 0.0}, ""Malaszewicze"": {""base_background"": 0.0, ""base_capacity"": 500.0, ""bpr_delay_multiplier"": 1.0, ""effective_background"": 0.0, ""effective_capacity"": 375.0, ""utilisation"": 0.0}, ""Manzhouli"": {""base_background"": 450.0, ""base_capacity"": 900.0, ""bpr_delay_multiplier"": 1.1990809602962962, ""effective_background"": 724.5, ""effective_capacity"": 675.0, ""utilisation"": 1.0733333333333333}, ""Zabaykalsk"": {""base_background"": 350.0, ""base_capacity"": 700.0, ""bpr_delay_multiplier"": 1.1990809602962962, ""effective_background"": 563.5, ""effective_capacity"": 525.0, ""utilisation"": 1.0733333333333333}}}, ""M2"": {""candidate"": ""C6"", ""capacity_factor"": 0.25, ""delay_spread"": 0.5, ""disrupted_nodes"": [""Erenhot"", ""Khorgos""], ""level"": ""r3""}}, ""candidates"": [""M1"", ""M2""], ""intensity"": 3, ""level"": ""r3""}",0.11965837348241094,-0.0006543021311375824,-0.23808734808622878,0.2201654097928023,6.677902856486619,41.21928571428572
M1+M2,combination,Boundary bottleneck congestion + Corridor/link disruption,r3,3,99,0.6681033224402086,0.6681033224402086,0.2170594837261504,0.38967452300785627,1486481.0870140977,0.13330363048646535,12637573.383521535,10595211794.558947,471.47714285714284,101269830000.0,False,4455.0,0.822334455667789,0.0,28794.829999999998,6.4634859708193035,39.12583333333333,47.92083333333335,2.8,1434.5,15.0,17.344978884793818,17.507550168782473,0,0.0,0.0,80,0,"{""candidate_params"": {""M1"": {""background_growth"": 0.25, ""bpr_alpha"": 0.15, ""bpr_beta"": 4.0, ""capacity_loss"": 0.25, ""cascade_background_factor"": 0.36, ""cascade_nodes"": [""Khorgos"", ""Manzhouli""], ""m1_bpr_scope"": ""open_boundary_nodes_only"", ""max_bpr_delay_multiplier"": 1.3688220568452216, ""max_utilisation"": 1.2522222222222221, ""mean_bpr_delay_multiplier"": 1.1764872178759016, ""mean_utilisation"": 0.7635905349794238, ""mechanism"": ""M1_boundary_bottleneck_congestion"", ""node_params"": {""Alashankou"": {""base_background"": 500.0, ""base_capacity"": 900.0, ""bpr_delay_multiplier"": 1.303430818924396, ""effective_background"": 804.9999999999999, ""effective_capacity"": 675.0, ""utilisation"": 1.1925925925925924}, ""Altynkol"": {""base_background"": 350.0, ""base_capacity"": 700.0, ""bpr_delay_multiplier"": 1.1990809602962962, ""effective_background"": 563.5, ""effective_capacity"": 525.0, ""utilisation"": 1.0733333333333333}, ""Brest"": {""base_background"": 350.0, ""base_capacity"": 600.0, ""bpr_delay_multiplier"": 1.3688220568452216, ""effective_background"": 563.5, ""effective_capacity"": 450.0, ""utilisation"": 1.2522222222222221}, ""Dostyk"": {""base_background"": 450.0, ""base_capacity"": 800.0, ""bpr_delay_multiplier"": 1.3188892042246094, ""effective_background"": 724.5, ""effective_capacity"": 600.0, ""utilisation"": 1.2075}, ""Erenhot"": {""base_background"": 450.0, ""base_capacity"": 900.0, ""bpr_delay_multiplier"": 1.1990809602962962, ""effective_background"": 724.5, ""effective_capacity"": 675.0, ""utilisation"": 1.0733333333333333}, ""Khorgos"": {""base_background"": 500.0, ""base_capacity"": 225.0, ""bpr_delay_multiplier"": 1.0, ""effective_background"": 500.0, ""effective_capacity"": 225.0, ""excluded_from_m1_bpr"": 1.0, ""utilisation"": 0.0}, ""Malaszewicze"": {""base_background"": 0.0, ""base_capacity"": 500.0, ""bpr_delay_multiplier"": 1.0, ""effective_background"": 0.0, ""effective_capacity"": 375.0, ""utilisation"": 0.0}, ""Manzhouli"": {""base_background"": 450.0, ""base_capacity"": 225.0, ""bpr_delay_multiplier"": 1.0, ""effective_background"": 450.0, ""effective_capacity"": 225.0, ""excluded_from_m1_bpr"": 1.0, ""utilisation"": 0.0}, ""Zabaykalsk"": {""base_background"": 350.0, ""base_capacity"": 700.0, ""bpr_delay_multiplier"": 1.1990809602962962, ""effective_background"": 563.5, ""effective_capacity"": 525.0, ""utilisation"": 1.0733333333333333}}}, ""M2"": {""candidate"": ""C6"", ""capacity_factor"": 0.25, ""delay_spread"": 0.5, ""disrupted_nodes"": [""Khorgos"", ""Manzhouli""], ""level"": ""r3""}}, ""candidates"": [""M1"", ""M2""], ""intensity"": 3, ""level"": ""r3""}",0.13330363048646535,0.0,-0.21073202810611213,0.17766554433221105,6.4634859708193035,47.92083333333335
M1+M2,combination,Boundary bottleneck congestion + Corridor/link disruption,r3,3,1000,0.6579979163439762,0.6579979163439762,0.2307519640852974,0.4170594837261504,909155.2244945671,0.08020747411766459,12244198.928287482,10435911210.130714,471.47714285714284,95894583571.42856,False,4455.0,0.7980920314253648,0.0,24944.583571428557,5.599233124899788,38.22380952380951,41.21928571428572,2.8,1419.0,0.0,17.77371168602258,17.959112213924527,0,0.0,0.0,80,0,"{""candidate_params"": {""M1"": {""background_growth"": 0.25, ""bpr_alpha"": 0.15, ""bpr_beta"": 4.0, ""capacity_loss"": 0.25, ""cascade_background_factor"": 0.36, ""cascade_nodes"": [""Alashankou"", ""Khorgos""], ""m1_bpr_scope"": ""open_boundary_nodes_only"", ""max_bpr_delay_multiplier"": 1.3688220568452216, ""max_utilisation"": 1.2522222222222221, ""mean_bpr_delay_multiplier"": 1.1648927891394463, ""mean_utilisation"": 0.7503395061728395, ""mechanism"": ""M1_boundary_bottleneck_congestion"", ""node_params"": {""Alashankou"": {""base_background"": 500.0, ""base_capacity"": 225.0, ""bpr_delay_multiplier"": 1.0, ""effective_background"": 500.0, ""effective_capacity"": 225.0, ""excluded_from_m1_bpr"": 1.0, ""utilisation"": 0.0}, ""Altynkol"": {""base_background"": 350.0, ""base_capacity"": 700.0, ""bpr_delay_multiplier"": 1.1990809602962962, ""effective_background"": 563.5, ""effective_capacity"": 525.0, ""utilisation"": 1.0733333333333333}, ""Brest"": {""base_background"": 350.0, ""base_capacity"": 600.0, ""bpr_delay_multiplier"": 1.3688220568452216, ""effective_background"": 563.5, ""effective_capacity"": 450.0, ""utilisation"": 1.2522222222222221}, ""Dostyk"": {""base_background"": 450.0, ""base_capacity"": 800.0, ""bpr_delay_multiplier"": 1.3188892042246094, ""effective_background"": 724.5, ""effective_capacity"": 600.0, ""utilisation"": 1.2075}, ""Erenhot"": {""base_background"": 450.0, ""base_capacity"": 900.0, ""bpr_delay_multiplier"": 1.1990809602962962, ""effective_background"": 724.5, ""effective_capacity"": 675.0, ""utilisation"": 1.0733333333333333}, ""Khorgos"": {""base_background"": 500.0, ""base_capacity"": 225.0, ""bpr_delay_multiplier"": 1.0, ""effective_background"": 500.0, ""effective_capacity"": 225.0, ""excluded_from_m1_bpr"": 1.0, ""utilisation"": 0.0}, ""Malaszewicze"": {""base_background"": 0.0, ""base_capacity"": 500.0, ""bpr_delay_multiplier"": 1.0, ""effective_background"": 0.0, ""effective_capacity"": 375.0, ""utilisation"": 0.0}, ""Manzhouli"": {""base_background"": 450.0, ""base_capacity"": 900.0, ""bpr_delay_multiplier"": 1.1990809602962962, ""effective_background"": 724.5, ""effective_capacity"": 675.0, ""utilisation"": 1.0733333333333333}, ""Zabaykalsk"": {""base_background"": 350.0, ""base_capacity"": 700.0, ""bpr_delay_multiplier"": 1.1990809602962962, ""effective_background"": 563.5, ""effective_capacity"": 525.0, ""utilisation"": 1.0733333333333333}}}, ""M2"": {""candidate"": ""C6"", ""capacity_factor"": 0.25, ""delay_spread"": 0.5, ""disrupted_nodes"": [""Alashankou"", ""Khorgos""], ""level"": ""r3""}}, ""candidates"": [""M1"", ""M2""], ""intensity"": 3, ""level"": ""r3""}",0.08020747411766459,0.007792794718488357,-0.23205168607471083,0.20190796857463544,5.599233124899788,41.21928571428572
M1+M2,combination,Boundary bottleneck congestion + Corridor/link disruption,r5,5,2026,0.7114556496606727,0.7114556496606727,0.32322272012839265,0.5458842730289515,990372.6264060047,0.08476145962958638,12674605.421994986,10898288772.394144,471.47714285714284,197590865558.38165,False,4455.0,0.7976430976430977,0.0,28563.186949635117,6.411489775451205,38.22380952380951,50.22380952380951,75.83333333333333,1998.511401759184,1382.0421704157466,17.512176531832665,17.676949161104858,0,0.0,0.0,80,0,"{""candidate_params"": {""M1"": {""background_growth"": 0.6, ""bpr_alpha"": 0.15, ""bpr_beta"": 4.0, ""capacity_loss"": 0.45, ""cascade_background_factor"": 0.8999999999999999, ""cascade_nodes"": [""Brest"", ""Erenhot"", ""Khorgos""], ""m1_bpr_scope"": ""open_boundary_nodes_only"", ""max_bpr_delay_multiplier"": 7.410481377578107, ""max_utilisation"": 2.5568181818181817, ""mean_bpr_delay_multiplier"": 3.724033991028922, ""mean_utilisation"": 1.322250280583614, ""mechanism"": ""M1_boundary_bottleneck_congestion"", ""node_params"": {""Alashankou"": {""base_background"": 500.0, ""base_capacity"": 900.0, ""bpr_delay_multiplier"": 7.099728646593065, ""effective_background"": 1250.0, ""effective_capacity"": 495.00000000000006, ""utilisation"": 2.525252525252525}, ""Altynkol"": {""base_background"": 350.0, ""base_capacity"": 700.0, ""bpr_delay_multiplier"": 5.002031965029709, ""effective_background"": 875.0, ""effective_capacity"": 385.00000000000006, ""utilisation"": 2.2727272727272725}, ""Brest"": {""base_background"": 350.0, ""base_capacity"": 12.0, ""bpr_delay_multiplier"": 1.0, ""effective_background"": 350.0, ""effective_capacity"": 12.0, ""excluded_from_m1_bpr"": 1.0, ""utilisation"": 0.0}, ""Dostyk"": {""base_background"": 450.0, ""base_capacity"": 800.0, ""bpr_delay_multiplier"": 7.410481377578107, ""effective_background"": 1125.0, ""effective_capacity"": 440.00000000000006, ""utilisation"": 2.5568181818181817}, ""Erenhot"": {""base_background"": 450.0, ""base_capacity"": 18.0, ""bpr_delay_multiplier"": 1.0, ""effective_background"": 450.0, ""effective_capacity"": 18.0, ""excluded_from_m1_bpr"": 1.0, ""utilisation"": 0.0}, ""Khorgos"": {""base_background"": 500.0, ""base_capacity"": 18.0, ""bpr_delay_multiplier"": 1.0, ""effective_background"": 500.0, ""effective_capacity"": 18.0, ""excluded_from_m1_bpr"": 1.0, ""utilisation"": 0.0}, ""Malaszewicze"": {""base_background"": 0.0, ""base_capacity"": 500.0, ""bpr_delay_multiplier"": 1.0, ""effective_background"": 0.0, ""effective_capacity"": 275.0, ""utilisation"": 0.0}, ""Manzhouli"": {""base_background"": 450.0, ""base_capacity"": 900.0, ""bpr_delay_multiplier"": 5.002031965029709, ""effective_background"": 1125.0, ""effective_capacity"": 495.00000000000006, ""utilisation"": 2.2727272727272725}, ""Zabaykalsk"": {""base_background"": 350.0, ""base_capacity"": 700.0, ""bpr_delay_multiplier"": 5.002031965029709, ""effective_background"": 875.0, ""effective_capacity"": 385.00000000000006, ""utilisation"": 2.2727272727272725}}}, ""M2"": {""candidate"": ""C6"", ""capacity_factor"": 0.02, ""delay_spread"": 1.0, ""disrupted_nodes"": [""Brest"", ""Erenhot"", ""Khorgos""], ""level"": ""r5""}}, ""candidates"": [""M1"", ""M2""], ""intensity"": 5, ""level"": ""r5""}",0.08476145962958638,0.007792794718488357,-0.2815286299731409,0.20235690235690207,6.411489775451205,50.22380952380951
M1+M2,combination,Boundary bottleneck congestion + Corridor/link disruption,r5,5,7,0.6787498034089926,0.6787498034089926,0.3008605831123129,0.40364794597833875,1609438.4042375032,0.14143989694977527,12988394.688467603,10605445452.882645,471.47714285714284,156102447156.55637,False,4455.0,0.725925925925926,0.0,33851.20725913453,7.598475254575652,33.11166666666668,41.21928571428572,4.121212121212121,2430.024797948437,15.0,17.324370466638356,17.49419701192528,0,0.0,0.0,80,0,"{""candidate_params"": {""M1"": {""background_growth"": 0.6, ""bpr_alpha"": 0.15, ""bpr_beta"": 4.0, ""capacity_loss"": 0.45, ""cascade_background_factor"": 0.8999999999999999, ""cascade_nodes"": [""Brest"", ""Malaszewicze"", ""Manzhouli""], ""m1_bpr_scope"": ""open_boundary_nodes_only"", ""max_bpr_delay_multiplier"": 7.410481377578107, ""max_utilisation"": 2.5568181818181817, ""mean_bpr_delay_multiplier"": 4.401781618428151, ""mean_utilisation"": 1.602833894500561, ""mechanism"": ""M1_boundary_bottleneck_congestion"", ""node_params"": {""Alashankou"": {""base_background"": 500.0, ""base_capacity"": 900.0, ""bpr_delay_multiplier"": 7.099728646593065, ""effective_background"": 1250.0, ""effective_capacity"": 495.00000000000006, ""utilisation"": 2.525252525252525}, ""Altynkol"": {""base_background"": 350.0, ""base_capacity"": 700.0, ""bpr_delay_multiplier"": 5.002031965029709, ""effective_background"": 875.0, ""effective_capacity"": 385.00000000000006, ""utilisation"": 2.2727272727272725}, ""Brest"": {""base_background"": 350.0, ""base_capacity"": 12.0, ""bpr_delay_multiplier"": 1.0, ""effective_background"": 350.0, ""effective_capacity"": 12.0, ""excluded_from_m1_bpr"": 1.0, ""utilisation"": 0.0}, ""Dostyk"": {""base_background"": 450.0, ""base_capacity"": 800.0, ""bpr_delay_multiplier"": 7.410481377578107, ""effective_background"": 1125.0, ""effective_capacity"": 440.00000000000006, ""utilisation"": 2.5568181818181817}, ""Erenhot"": {""base_background"": 450.0, ""base_capacity"": 900.0, ""bpr_delay_multiplier"": 5.002031965029709, ""effective_background"": 1125.0, ""effective_capacity"": 495.00000000000006, ""utilisation"": 2.2727272727272725}, ""Khorgos"": {""base_background"": 500.0, ""base_capacity"": 900.0, ""bpr_delay_multiplier"": 7.099728646593065, ""effective_background"": 1250.0, ""effective_capacity"": 495.00000000000006, ""utilisation"": 2.525252525252525}, ""Malaszewicze"": {""base_background"": 0.0, ""base_capacity"": 10.0, ""bpr_delay_multiplier"": 1.0, ""effective_background"": 0.0, ""effective_capacity"": 10.0, ""excluded_from_m1_bpr"": 1.0, ""utilisation"": 0.0}, ""Manzhouli"": {""base_background"": 450.0, ""base_capacity"": 18.0, ""bpr_delay_multiplier"": 1.0, ""effective_background"": 450.0, ""effective_capacity"": 18.0, ""excluded_from_m1_bpr"": 1.0, ""utilisation"": 0.0}, ""Zabaykalsk"": {""base_background"": 350.0, ""base_capacity"": 700.0, ""bpr_delay_multiplier"": 5.002031965029709, ""effective_background"": 875.0, ""effective_capacity"": 385.00000000000006, ""utilisation"": 2.2727272727272725}}}, ""M2"": {""candidate"": ""C6"", ""capacity_factor"": 0.02, ""delay_spread"": 1.0, ""disrupted_nodes"": [""Brest"", ""Malaszewicze"", ""Manzhouli""], ""level"": ""r5""}}, ""candidates"": [""M1"", ""M2""], ""intensity"": 5, ""level"": ""r5""}",0.14143989694977527,-0.0006543021311375824,-0.23772835202535572,0.27407407407407447,7.598475254575652,41.21928571428572
M1+M2,combination,Boundary bottleneck congestion + Corridor/link disruption,r5,5,99,0.6985064669456711,0.6985064669456711,0.2462401795735129,0.38967452300785627,1689481.4017238058,0.15150815335399542,12840573.698231243,10966951144.810179,471.47714285714284,145511310122.52063,False,4455.0,0.7634393646566136,0.0,30099.997658158787,6.756452897454273,21.12095238095236,41.21928571428572,3.971717171717171,2308.226249287237,0.0,19.051777948159724,19.24367703543976,0,0.0,0.0,80,0,"{""candidate_params"": {""M1"": {""background_growth"": 0.6, ""bpr_alpha"": 0.15, ""bpr_beta"": 4.0, ""capacity_loss"": 0.45, ""cascade_background_factor"": 0.8999999999999999, ""cascade_nodes"": [""Alashankou"", ""Brest"", ""Manzhouli""], ""m1_bpr_scope"": ""open_boundary_nodes_only"", ""max_bpr_delay_multiplier"": 7.410481377578107, ""max_utilisation"": 2.5568181818181817, ""mean_bpr_delay_multiplier"": 3.724033991028922, ""mean_utilisation"": 1.322250280583614, ""mechanism"": ""M1_boundary_bottleneck_congestion"", ""node_params"": {""Alashankou"": {""base_background"": 500.0, ""base_capacity"": 18.0, ""bpr_delay_multiplier"": 1.0, ""effective_background"": 500.0, ""effective_capacity"": 18.0, ""excluded_from_m1_bpr"": 1.0, ""utilisation"": 0.0}, ""Altynkol"": {""base_background"": 350.0, ""base_capacity"": 700.0, ""bpr_delay_multiplier"": 5.002031965029709, ""effective_background"": 875.0, ""effective_capacity"": 385.00000000000006, ""utilisation"": 2.2727272727272725}, ""Brest"": {""base_background"": 350.0, ""base_capacity"": 12.0, ""bpr_delay_multiplier"": 1.0, ""effective_background"": 350.0, ""effective_capacity"": 12.0, ""excluded_from_m1_bpr"": 1.0, ""utilisation"": 0.0}, ""Dostyk"": {""base_background"": 450.0, ""base_capacity"": 800.0, ""bpr_delay_multiplier"": 7.410481377578107, ""effective_background"": 1125.0, ""effective_capacity"": 440.00000000000006, ""utilisation"": 2.5568181818181817}, ""Erenhot"": {""base_background"": 450.0, ""base_capacity"": 900.0, ""bpr_delay_multiplier"": 5.002031965029709, ""effective_background"": 1125.0, ""effective_capacity"": 495.00000000000006, ""utilisation"": 2.2727272727272725}, ""Khorgos"": {""base_background"": 500.0, ""base_capacity"": 900.0, ""bpr_delay_multiplier"": 7.099728646593065, ""effective_background"": 1250.0, ""effective_capacity"": 495.00000000000006, ""utilisation"": 2.525252525252525}, ""Malaszewicze"": {""base_background"": 0.0, ""base_capacity"": 500.0, ""bpr_delay_multiplier"": 1.0, ""effective_background"": 0.0, ""effective_capacity"": 275.0, ""utilisation"": 0.0}, ""Manzhouli"": {""base_background"": 450.0, ""base_capacity"": 18.0, ""bpr_delay_multiplier"": 1.0, ""effective_background"": 450.0, ""effective_capacity"": 18.0, ""excluded_from_m1_bpr"": 1.0, ""utilisation"": 0.0}, ""Zabaykalsk"": {""base_background"": 350.0, ""base_capacity"": 700.0, ""bpr_delay_multiplier"": 5.002031965029709, ""effective_background"": 875.0, ""effective_capacity"": 385.00000000000006, ""utilisation"": 2.2727272727272725}}}, ""M2"": {""candidate"": ""C6"", ""capacity_factor"": 0.02, ""delay_spread"": 1.0, ""disrupted_nodes"": [""Alashankou"", ""Brest"", ""Manzhouli""], ""level"": ""r5""}}, ""candidates"": [""M1"", ""M2""], ""intensity"": 5, ""level"": ""r5""}",0.15150815335399542,0.0,-0.18304008869659366,0.23656063534338645,6.756452897454273,41.21928571428572
M1+M2,combination,Boundary bottleneck congestion + Corridor/link disruption,r5,5,1000,0.6479813653418288,0.6479813653418288,0.2307519640852974,0.4170594837261504,1656163.0959808845,0.1461099876859497,12991206.7997738,10881593226.200218,471.47714285714284,194414239938.70905,False,4455.0,0.7483852190243402,0.0,32962.00890731608,7.39887966494188,34.251666666666665,41.21928571428572,75.83333333333333,1959.0,1270.0446206278593,17.67716927221045,17.848096285946667,0,0.0,0.0,80,0,"{""candidate_params"": {""M1"": {""background_growth"": 0.6, ""bpr_alpha"": 0.15, ""bpr_beta"": 4.0, ""capacity_loss"": 0.45, ""cascade_background_factor"": 0.8999999999999999, ""cascade_nodes"": [""Erenhot"", ""Khorgos"", ""Malaszewicze""], ""m1_bpr_scope"": ""open_boundary_nodes_only"", ""max_bpr_delay_multiplier"": 8.41425829323791, ""max_utilisation"": 2.6515151515151514, ""mean_bpr_delay_multiplier"": 4.547840468055357, ""mean_utilisation"": 1.6168630751964086, ""mechanism"": ""M1_boundary_bottleneck_congestion"", ""node_params"": {""Alashankou"": {""base_background"": 500.0, ""base_capacity"": 900.0, ""bpr_delay_multiplier"": 7.099728646593065, ""effective_background"": 1250.0, ""effective_capacity"": 495.00000000000006, ""utilisation"": 2.525252525252525}, ""Altynkol"": {""base_background"": 350.0, ""base_capacity"": 700.0, ""bpr_delay_multiplier"": 5.002031965029709, ""effective_background"": 875.0, ""effective_capacity"": 385.00000000000006, ""utilisation"": 2.2727272727272725}, ""Brest"": {""base_background"": 350.0, ""base_capacity"": 600.0, ""bpr_delay_multiplier"": 8.41425829323791, ""effective_background"": 875.0, ""effective_capacity"": 330.0, ""utilisation"": 2.6515151515151514}, ""Dostyk"": {""base_background"": 450.0, ""base_capacity"": 800.0, ""bpr_delay_multiplier"": 7.410481377578107, ""effective_background"": 1125.0, ""effective_capacity"": 440.00000000000006, ""utilisation"": 2.5568181818181817}, ""Erenhot"": {""base_background"": 450.0, ""base_capacity"": 18.0, ""bpr_delay_multiplier"": 1.0, ""effective_background"": 450.0, ""effective_capacity"": 18.0, ""excluded_from_m1_bpr"": 1.0, ""utilisation"": 0.0}, ""Khorgos"": {""base_background"": 500.0, ""base_capacity"": 18.0, ""bpr_delay_multiplier"": 1.0, ""effective_background"": 500.0, ""effective_capacity"": 18.0, ""excluded_from_m1_bpr"": 1.0, ""utilisation"": 0.0}, ""Malaszewicze"": {""base_background"": 0.0, ""base_capacity"": 10.0, ""bpr_delay_multiplier"": 1.0, ""effective_background"": 0.0, ""effective_capacity"": 10.0, ""excluded_from_m1_bpr"": 1.0, ""utilisation"": 0.0}, ""Manzhouli"": {""base_background"": 450.0, ""base_capacity"": 900.0, ""bpr_delay_multiplier"": 5.002031965029709, ""effective_background"": 1125.0, ""effective_capacity"": 495.00000000000006, ""utilisation"": 2.2727272727272725}, ""Zabaykalsk"": {""base_background"": 350.0, ""base_capacity"": 700.0, ""bpr_delay_multiplier"": 5.002031965029709, ""effective_background"": 875.0, ""effective_capacity"": 385.00000000000006, ""utilisation"": 2.2727272727272725}}}, ""M2"": {""candidate"": ""C6"", ""capacity_factor"": 0.02, ""delay_spread"": 1.0, ""disrupted_nodes"": [""Erenhot"", ""Khorgos"", ""Malaszewicze""], ""level"": ""r5""}}, ""candidates"": [""M1"", ""M2""], ""intensity"": 5, ""level"": ""r5""}",0.1461099876859497,0.007792794718488357,-0.19925524445156365,0.25161478097566004,7.39887966494188,41.21928571428572
