solution_id,decision_fingerprint,seed,S,objective,comparison,reference_oos_seed,comparison_oos_seed,histogram_bins,histogram_smoothing,js_distance,js_divergence,wasserstein,wasserstein_normalized,wasserstein_scale,wasserstein_scale_basis,ks_statistic,ks_pvalue,kl_sample_to_oos,kl_oos_to_sample,symmetric_kl,sample_mean,oos_mean,mean_signed_error_pct,mean_absolute_error_pct,q90_reestimate,q90_oos,signed_error,signed_error_pct,coverage,exceedance,coverage_gap_pp,absolute_coverage_gap_pp
formal-run-01-CCP30-solution-0000,880b6a66d67460e8db98668627808176e3b2929ccf310bb70ef7a09c1174cead,930002,5000,cost,independent_oos_baseline,930001,930002,20,0.5,0.039194020724330925,0.0015361712605392818,9526.842940907292,0.0353910305182387,269188.0626645684,oos_iqr,0.020799999999999985,0.22715738303256128,0.007193828600384582,0.0057285930495889845,0.006461210824986783,11665296.551415263,11656386.000898356,0.07644350930228624,0.07644350930228624,11959588.181570949,11937224.557427725,22363.62414322421,0.18734358255251923,0.9096,0.09040000000000004,0.9599999999999942,0.9599999999999942
formal-run-01-CCP30-solution-0000,880b6a66d67460e8db98668627808176e3b2929ccf310bb70ef7a09c1174cead,930002,5000,emission,independent_oos_baseline,930001,930002,20,0.5,0.03299879310672052,0.0010889203465001458,258467.85257290513,0.025250406569857678,10236185.77617073,oos_iqr,0.019000000000000017,0.32464327024437933,0.004396547558570715,0.004359156535233739,0.004377852046902227,9859100468.235065,9859055760.104015,0.00045347274767455195,0.00045347274767455195,9871191710.722296,9871117948.166279,73762.556016922,0.0007472563533761097,0.9018,0.09819999999999995,0.18000000000000238,0.18000000000000238
formal-run-01-CCP30-solution-0000,880b6a66d67460e8db98668627808176e3b2929ccf310bb70ef7a09c1174cead,930002,5000,makespan,independent_oos_baseline,930001,930002,20,0.5,0.032459664984078235,0.0010536298508785947,1.6446122695029346,0.03339784063058795,49.24307196066712,oos_iqr,0.019400000000000084,0.3008012928035292,0.0045019209654649905,0.004087613360439292,0.004294767162952141,518.6517370933719,517.1822035547532,0.28414232518408206,0.28414232518408206,573.1722153565614,572.8550476120045,0.3171677445569685,0.0553661429499678,0.9136,0.08640000000000003,1.3599999999999945,1.3599999999999945
formal-run-01-CCP30-solution-0001,b2613fff54ca503d147adb3771dc151860deac6ba694a5fa2135d6edb22e8093,930002,5000,cost,independent_oos_baseline,930001,930002,20,0.5,0.03143889561878214,0.0009884041577286787,12478.243713186539,0.03546993544615419,351797.75650083646,oos_iqr,0.02279999999999993,0.14672889406686074,0.005266465334150754,0.0034180811570378665,0.00434227324559431,11942666.685219917,11930305.392752346,0.10361254017085995,0.10361254017085995,12323990.903122902,12300554.830207704,23436.07291519828,0.190528583780985,0.9092,0.09079999999999999,0.9199999999999986,0.9199999999999986
formal-run-01-CCP30-solution-0001,b2613fff54ca503d147adb3771dc151860deac6ba694a5fa2135d6edb22e8093,930002,5000,emission,independent_oos_baseline,930001,930002,20,0.5,0.025539442389126858,0.0006522631175475298,216926.51945691608,0.020960385608735744,10349357.283126831,oos_iqr,0.0232,0.13378475057842076,0.0027183128795349337,0.002533331975745673,0.0026258224276403033,9267652337.807484,9267556450.429537,0.0010346565295796975,0.0010346565295796975,9279985300.560577,9279475925.810297,509374.75028038025,0.00548926204834031,0.9064,0.09360000000000002,0.6399999999999961,0.6399999999999961
formal-run-01-CCP30-solution-0001,b2613fff54ca503d147adb3771dc151860deac6ba694a5fa2135d6edb22e8093,930002,5000,makespan,independent_oos_baseline,930001,930002,20,0.5,0.03418255794637738,0.0011684472677574477,1.728224654247473,0.03161089491702592,54.671804097410586,oos_iqr,0.019600000000000062,0.2893512907607284,0.004815491489044312,0.004571738562539144,0.004693615025791728,513.2436114715076,511.5944187917268,0.32236330561929116,0.32236330561929116,573.5702318629109,573.0069269542795,0.5633049086313804,0.0983068235536927,0.9092,0.09079999999999999,0.9199999999999986,0.9199999999999986
formal-run-01-CCP30-solution-0002,e34f474f6d450f85db480de42503cd3e80544f8046b8077b869342d14ab6fc4e,930002,5000,cost,independent_oos_baseline,930001,930002,20,0.5,0.039117761320764846,0.001530199250748326,12891.56918562377,0.044355051558708856,290644.8923537005,oos_iqr,0.02400000000000002,0.11067945593694506,0.007382146748063263,0.005591177798898376,0.00648666227348082,11747935.273090253,11736083.727233017,0.10098382162811985,0.10098382162811985,12082701.214564808,12056940.434353117,25760.780211690813,0.21365934709515663,0.9126,0.08740000000000003,1.2599999999999945,1.2599999999999945
formal-run-01-CCP30-solution-0002,e34f474f6d450f85db480de42503cd3e80544f8046b8077b869342d14ab6fc4e,930002,5000,emission,independent_oos_baseline,930001,930002,20,0.5,0.028672695266069893,0.0008221234538209069,258680.8505036102,0.02546737994817526,10157340.528551102,oos_iqr,0.021400000000000086,0.20011475900980402,0.0033514909342697696,0.0032354591347223847,0.003293475034496077,10256760553.476963,10256668790.991785,0.0008946616786396263,0.0008946616786396263,10269159742.24491,10268577987.354298,581754.8906116486,0.005665389027848616,0.9078,0.09219999999999995,0.7800000000000029,0.7800000000000029
formal-run-01-CCP30-solution-0002,e34f474f6d450f85db480de42503cd3e80544f8046b8077b869342d14ab6fc4e,930002,5000,makespan,independent_oos_baseline,930001,930002,20,0.5,0.03703407615918895,0.0013715227969646074,2.0581597140916075,0.039172019133158695,52.54157839286353,oos_iqr,0.022399999999999975,0.16066237817968165,0.006367155843048501,0.0050531476082406645,0.005710151725644583,502.0108625048767,500.12755752682256,0.3765649282289595,0.3765649282289595,571.4971898733315,561.4308751718597,10.06631470147181,1.7929749051279749,0.911,0.08899999999999997,1.100000000000001,1.100000000000001
formal-run-01-CCP30-solution-0003,e68e972d1f9e6a59c28a22f616bc989bd7b5f8342a94bfd62864d730625a57b4,930002,5000,cost,independent_oos_baseline,930001,930002,20,0.5,0.03553400109660033,0.0012626652339331932,9938.85465763824,0.03781614488259445,262820.4088093806,oos_iqr,0.020199999999999996,0.25687337890743356,0.006062587460186198,0.004606721029041595,0.005334654244613896,11718547.072483966,11709397.62822481,0.07813761689244669,0.07813761689244669,12014527.043098249,11994219.833860485,20307.209237763658,0.16930829615474488,0.9128,0.08720000000000006,1.2799999999999923,1.2799999999999923
formal-run-01-CCP30-solution-0003,e68e972d1f9e6a59c28a22f616bc989bd7b5f8342a94bfd62864d730625a57b4,930002,5000,emission,independent_oos_baseline,930001,930002,20,0.5,0.033456418090077635,0.0011193319114180741,298102.2767254665,0.029948996809045822,9953664.846477509,oos_iqr,0.020199999999999996,0.25687337890743356,0.004546745668375701,0.004418594898150818,0.004482670283263259,10339269084.407969,10339199893.992836,0.0006692047338471792,0.0006692047338471792,10351435518.02351,10351002828.519768,432689.503742218,0.0041801698918489645,0.9078,0.09219999999999995,0.7800000000000029,0.7800000000000029
formal-run-01-CCP30-solution-0003,e68e972d1f9e6a59c28a22f616bc989bd7b5f8342a94bfd62864d730625a57b4,930002,5000,makespan,independent_oos_baseline,930001,930002,20,0.5,0.03067460806786622,0.0009409315801172033,1.9130141408876566,0.034333248666573654,55.71899587673272,oos_iqr,0.02200000000000002,0.17563013054961474,0.004262956523948855,0.003480950346355295,0.003871953435152075,504.54029782586116,502.64856523269304,0.37635292807259235,0.37635292807259235,571.7785916963102,571.0572635992467,0.7213280970635196,0.12631449471759618,0.9096,0.09040000000000004,0.9599999999999942,0.9599999999999942
formal-run-01-CCP30-solution-0004,642ade1243f080ffff52604523a1d3736fc17a482221ec565e3f1bc5d23485b6,930002,5000,cost,independent_oos_baseline,930001,930002,20,0.5,0.03311984766586248,0.001096924309409936,14739.626831635314,0.042943400257352805,343233.8087646328,oos_iqr,0.021399999999999975,0.20011475900980857,0.005248982630330891,0.003958272124685881,0.004603627377508386,12029007.217912057,12014727.057139114,0.11885547382833506,0.11885547382833506,12403894.38824187,12368800.70090567,35093.68733620085,0.28372748647838764,0.9136,0.08640000000000003,1.3599999999999945,1.3599999999999945
formal-run-01-CCP30-solution-0004,642ade1243f080ffff52604523a1d3736fc17a482221ec565e3f1bc5d23485b6,930002,5000,emission,independent_oos_baseline,930001,930002,20,0.5,0.02395914476772388,0.0005740406180007505,236972.14725188102,0.02280043062891142,10393318.929309845,oos_iqr,0.020600000000000063,0.23676066509225802,0.0023226626901925412,0.0022723737598696015,0.002297518225031071,9348868751.873981,9348764857.194242,0.0011113198516170548,0.0011113198516170548,9361442334.908495,9361026930.4905,415404.4179954529,0.004437594519062948,0.9054,0.09460000000000002,0.539999999999996,0.539999999999996
formal-run-01-CCP30-solution-0004,642ade1243f080ffff52604523a1d3736fc17a482221ec565e3f1bc5d23485b6,930002,5000,makespan,independent_oos_baseline,930001,930002,20,0.5,0.03564212824320702,0.0012703613057052157,1.3739233174097798,0.024024030818570363,57.189541912664765,oos_iqr,0.015800000000000036,0.5573253923257078,0.005680020065563132,0.004815426908122934,0.005247723486843033,518.7400906937694,517.6370744266276,0.21308679799714733,0.21308679799714733,576.76763375469,573.559147617706,3.2084861369839928,0.559399348839702,0.9126,0.08740000000000003,1.2599999999999945,1.2599999999999945
formal-run-01-CCP30-solution-0005,76a1430df32e785319422d17d6f443da5ae34fc7c1e4f6602c8054ad3872f205,930002,5000,cost,independent_oos_baseline,930001,930002,20,0.5,0.03969759943531652,0.0015758994009268423,11673.452623678877,0.03926246141384126,297318.4105967339,oos_iqr,0.027799999999999936,0.0411729893744434,0.00742585550566888,0.0057853746829175726,0.0066056150942932264,11752112.259311011,11741604.748847451,0.08948956031407386,0.08948956031407386,12084708.383079732,12057626.35810172,27082.024978011847,0.22460494440363035,0.9158,0.08420000000000005,1.5799999999999925,1.5799999999999925
formal-run-01-CCP30-solution-0005,76a1430df32e785319422d17d6f443da5ae34fc7c1e4f6602c8054ad3872f205,930002,5000,emission,independent_oos_baseline,930001,930002,20,0.5,0.030898031207910785,0.0009546883325250288,253808.52826019522,0.02493615491130811,10178334.59741211,oos_iqr,0.02180000000000004,0.18351543091287947,0.003872970704702459,0.003775912428546663,0.003824441566624561,9492629914.65377,9492575017.983892,0.0005783116780642032,0.0005783116780642032,9504986194.916368,9504540781.81275,445413.1036186218,0.004686319032592657,0.9062,0.0938,0.6199999999999983,0.6199999999999983
formal-run-01-CCP30-solution-0005,76a1430df32e785319422d17d6f443da5ae34fc7c1e4f6602c8054ad3872f205,930002,5000,makespan,independent_oos_baseline,930001,930002,20,0.5,0.035998793577370056,0.0012959131390260995,1.6348664582049726,0.03114791771990237,52.487183024769365,oos_iqr,0.020000000000000018,0.26738904394377594,0.005523578093532346,0.0050136373915954545,0.005268607742563901,518.74245656664,517.2355205560425,0.2913442620834594,0.2913442620834594,575.7276401676912,574.3177088539384,1.4099313137528497,0.24549675066896226,0.9134,0.08660000000000001,1.3399999999999967,1.3399999999999967
formal-run-01-CCP30-solution-0006,c33fcf127c6681977bc327e36753db28f2aca89b59c50c773e6d16ba0b85a7f0,930002,5000,cost,independent_oos_baseline,930001,930002,20,0.5,0.03944562276192291,0.001555957155075931,11315.46069927586,0.040081217712389414,282313.2964789681,oos_iqr,0.022599999999999953,0.15356912653670451,0.0070501131919394125,0.005846512023766111,0.006448312607852762,11740068.090760438,11729602.018920142,0.08922785123837562,0.08922785123837562,12056233.164616862,12034280.591180153,21952.57343670912,0.18241699842696057,0.9136,0.08640000000000003,1.3599999999999945,1.3599999999999945
formal-run-01-CCP30-solution-0006,c33fcf127c6681977bc327e36753db28f2aca89b59c50c773e6d16ba0b85a7f0,930002,5000,emission,independent_oos_baseline,930001,930002,20,0.5,0.033383233147384464,0.0011144402553726288,268217.56259297405,0.026534471429852307,10108268.53295517,oos_iqr,0.022199999999999998,0.16801422440099156,0.004489797694723595,0.004448235719319856,0.004469016707021725,9619076765.881714,9619006614.22897,0.0007293024691398069,0.0007293024691398069,9631314006.378319,9630935318.851536,378687.5267829895,0.003931991174748612,0.9068,0.09319999999999995,0.6800000000000028,0.6800000000000028
formal-run-01-CCP30-solution-0006,c33fcf127c6681977bc327e36753db28f2aca89b59c50c773e6d16ba0b85a7f0,930002,5000,makespan,independent_oos_baseline,930001,930002,20,0.5,0.044268522344627914,0.001959702070576821,2.0727389479154334,0.03729231006495513,55.5808675918754,oos_iqr,0.02859999999999996,0.03282146324245611,0.008394727604466985,0.007877774623759473,0.00813625111411323,519.0478213042488,517.0357706707887,0.38915114728904865,0.38915114728904865,575.8221131893583,573.559147617706,2.2629655716523303,0.3945478999073803,0.9124,0.08760000000000001,1.2399999999999967,1.2399999999999967
formal-run-01-CCP30-solution-0007,107efc5507113682c8b0eb675a2bde14695c4b96ea0c4a0b3beca4363cbbed67,930002,5000,cost,independent_oos_baseline,930001,930002,20,0.5,0.0401077438866873,0.0016086311196801023,9974.53652024677,0.03884018224986627,256809.7249410078,oos_iqr,0.023799999999999988,0.11612252501738525,0.007669251053060403,0.005948972531801527,0.006809111792430964,11698804.088428909,11689137.068762362,0.08270088381785477,0.08270088381785477,11980991.84465336,11955364.074804468,25627.769848892465,0.21436210297352748,0.9156,0.08440000000000003,1.5599999999999947,1.5599999999999947
formal-run-01-CCP30-solution-0007,107efc5507113682c8b0eb675a2bde14695c4b96ea0c4a0b3beca4363cbbed67,930002,5000,emission,independent_oos_baseline,930001,930002,20,0.5,0.0348604439487831,0.001215250552306248,290861.39857781376,0.028771104545348414,10109497.121299744,oos_iqr,0.022800000000000042,0.14672889406685674,0.004921323468188419,0.0048132976239126145,0.004867310546050517,9888746690.026423,9888682157.023947,0.0006525945667077653,0.0006525945667077653,9900935511.67531,9900665089.74424,270421.93107032776,0.00273135116296832,0.9044,0.09560000000000002,0.43999999999999595,0.43999999999999595
formal-run-01-CCP30-solution-0007,107efc5507113682c8b0eb675a2bde14695c4b96ea0c4a0b3beca4363cbbed67,930002,5000,makespan,independent_oos_baseline,930001,930002,20,0.5,0.03955932394143539,0.0015649401107034231,1.8275728774541904,0.03546270478965565,51.53506728531568,oos_iqr,0.02080000000000004,0.22715738303255884,0.006792925241251994,0.006077157468958085,0.00643504135510504,514.2203856187206,512.4347778702316,0.3484556133973236,0.3484556133973236,572.3700776390971,571.7619586178174,0.6081190212796628,0.10635877608047505,0.9144,0.08560000000000001,1.4399999999999968,1.4399999999999968
formal-run-01-CCP30-solution-0009,fdc17b8e09b4cac1d05d52888deb95da805b3d1f0e42e340b11a115b4e979289,930002,5000,cost,independent_oos_baseline,930001,930002,20,0.5,0.03975481014336081,0.0015804449295346635,12712.388825119102,0.041503270639659084,306298.4827266019,oos_iqr,0.02400000000000002,0.11067945593694506,0.007359120214509127,0.005802260842309521,0.006580690528409323,11800795.125474283,11789588.45121246,0.09505568670355737,0.09505568670355737,12153559.524703365,12129391.398746,24168.125957364216,0.19925258541712854,0.911,0.08899999999999997,1.100000000000001,1.100000000000001
formal-run-01-CCP30-solution-0009,fdc17b8e09b4cac1d05d52888deb95da805b3d1f0e42e340b11a115b4e979289,930002,5000,emission,independent_oos_baseline,930001,930002,20,0.5,0.031097000204387194,0.0009670234217116571,250674.99985882174,0.02449954964630985,10231820.726409912,oos_iqr,0.020400000000000085,0.24666489084878074,0.003972070295564924,0.003805281436069792,0.003888675865817358,10105890418.280191,10105818986.42937,0.0007068388115447532,0.0007068388115447532,10118426638.793869,10117984337.180653,442301.61321640015,0.004371439987222259,0.9078,0.09219999999999995,0.7800000000000029,0.7800000000000029
formal-run-01-CCP30-solution-0009,fdc17b8e09b4cac1d05d52888deb95da805b3d1f0e42e340b11a115b4e979289,930002,5000,makespan,independent_oos_baseline,930001,930002,20,0.5,0.03712104995173778,0.0013779723495194113,2.0506874595232505,0.03935652556274504,52.10539879222557,oos_iqr,0.022399999999999975,0.16066237817968165,0.006392910701571807,0.0050790051788569416,0.005735957940214374,502.06671892908065,500.19517007787806,0.3741637191161199,0.3741637191161199,571.4971898733315,561.4308751718597,10.06631470147181,1.7929749051279749,0.911,0.08899999999999997,1.100000000000001,1.100000000000001
formal-run-01-CCP30-solution-0010,c1bfba8e1342a477ff18deac0dde8e396b322e5a2353f86ec2213e158471d56b,930002,5000,cost,independent_oos_baseline,930001,930002,20,0.5,0.03995425934531756,0.0015963428398328957,9878.387030537753,0.03690174547483593,267694.30289616063,oos_iqr,0.026599999999999957,0.05715490544435234,0.007050788977806965,0.006042410354284321,0.006546599666045643,11670058.071635474,11661291.735668128,0.07517465617065192,0.07517465617065192,11959115.652113246,11940596.520544767,18519.13156847842,0.15509385596117203,0.911,0.08899999999999997,1.100000000000001,1.100000000000001
formal-run-01-CCP30-solution-0010,c1bfba8e1342a477ff18deac0dde8e396b322e5a2353f86ec2213e158471d56b,930002,5000,emission,independent_oos_baseline,930001,930002,20,0.5,0.031347142059530486,0.000982643315300385,286123.62366381654,0.028299063476401185,10110709.985240936,oos_iqr,0.02180000000000004,0.18351543091287947,0.004012079316296904,0.0038610159165007665,0.003936547616398835,9977296359.944847,9977235020.95957,0.0006147894195968992,0.0006147894195968992,9989475083.688852,9989216366.802658,258716.88619422913,0.0025899617817272194,0.905,0.09499999999999997,0.5000000000000004,0.5000000000000004
formal-run-01-CCP30-solution-0010,c1bfba8e1342a477ff18deac0dde8e396b322e5a2353f86ec2213e158471d56b,930002,5000,makespan,independent_oos_baseline,930001,930002,20,0.5,0.03935253013485365,0.0015486216280145649,1.9871688149796847,0.03620843552814515,54.88137739160368,oos_iqr,0.022199999999999998,0.16801422440099156,0.006601764223621668,0.005992809261533101,0.006297286742577384,505.5808613803687,503.70844497007096,0.3717262295272757,0.3717262295272757,571.147187779102,568.8758453069108,2.2713424721911224,0.3992685734381504,0.909,0.09099999999999997,0.9000000000000008,0.9000000000000008
formal-run-01-CCP30-solution-0011,459cc49c2575f44e3369a8926fb943bf8d919dc94a9a7311afc6d88bede20377,930002,5000,cost,independent_oos_baseline,930001,930002,20,0.5,0.0437179522408111,0.0019112593481298398,13333.808139783803,0.042650236903118845,312631.51410089247,oos_iqr,0.020400000000000085,0.24666489084878074,0.008895538180243757,0.007118319789103145,0.00800692898467345,11811251.262070071,11799862.501268752,0.09651604669202275,0.09651604669202275,12167083.944381991,12138120.914490664,28963.029891327024,0.23861213852920626,0.9168,0.08320000000000005,1.6799999999999926,1.6799999999999926
formal-run-01-CCP30-solution-0011,459cc49c2575f44e3369a8926fb943bf8d919dc94a9a7311afc6d88bede20377,930002,5000,emission,independent_oos_baseline,930001,930002,20,0.5,0.03109744612506569,0.0009670511555013631,259143.07893208464,0.025754696082859466,10061973.866760254,oos_iqr,0.022599999999999953,0.15356912653670451,0.0039103911984618555,0.003833350126915756,0.0038718706626888057,9576479465.882643,9576408211.408384,0.0007440626243724377,0.0007440626243724377,9588687263.987988,9588504889.990204,182373.9977836609,0.0019020066201775408,0.9026,0.09740000000000004,0.25999999999999357,0.25999999999999357
formal-run-01-CCP30-solution-0011,459cc49c2575f44e3369a8926fb943bf8d919dc94a9a7311afc6d88bede20377,930002,5000,makespan,independent_oos_baseline,930001,930002,20,0.5,0.03282983628331341,0.0010777981503891614,2.018022021797999,0.035822161024164204,56.3344578914913,oos_iqr,0.017400000000000027,0.43234344883612397,0.00501107470073107,0.0040417466283927065,0.004526410664561888,515.6202568301585,513.6498192872177,0.38361495885954194,0.38361495885954194,573.332139533435,572.4251146165554,0.9070249168795499,0.15845302620712745,0.9114,0.08860000000000001,1.1399999999999966,1.1399999999999966
formal-run-01-CCP30-solution-0012,340daf7a9a16cdfa1827226b2032a7e4fc397cedcd1fc5c5f943721efb6cf675,930002,5000,cost,independent_oos_baseline,930001,930002,20,0.5,0.035393460067447126,0.0012526970155459741,13541.799280017742,0.042397732487526006,319399.1396592241,oos_iqr,0.02300000000000002,0.1401360148439318,0.005631788395878395,0.004668921925075421,0.005150355160476908,12021895.989193238,12008692.866836157,0.10994637387674444,0.10994637387674444,12379211.404926697,12354216.841559928,24994.56336676888,0.20231604874124015,0.9106,0.08940000000000003,1.0599999999999943,1.0599999999999943
formal-run-01-CCP30-solution-0012,340daf7a9a16cdfa1827226b2032a7e4fc397cedcd1fc5c5f943721efb6cf675,930002,5000,emission,independent_oos_baseline,930001,930002,20,0.5,0.0260535846992732,0.0006787892756822025,226671.95663484832,0.021832030387938347,10382541.275688171,oos_iqr,0.019199999999999995,0.31256521491747236,0.0027705920413070096,0.0026682208534272505,0.00271940644736713,9379416224.970015,9379305594.485912,0.0011795167881862036,0.0011795167881862036,9391886547.363983,9391628164.06476,258383.29922294617,0.00275120878626349,0.903,0.09699999999999998,0.30000000000000027,0.30000000000000027
formal-run-01-CCP30-solution-0012,340daf7a9a16cdfa1827226b2032a7e4fc397cedcd1fc5c5f943721efb6cf675,930002,5000,makespan,independent_oos_baseline,930001,930002,20,0.5,0.02938627858816058,0.000863553369260985,2.2314259164369874,0.04033735945063821,55.319087486815704,oos_iqr,0.02200000000000002,0.17563013054961474,0.003815000694150455,0.003229605575382179,0.003522303134766317,526.0953183061954,523.868812712093,0.42501205265029146,0.42501205265029146,577.7330332471454,575.2731689991543,2.4598642479910495,0.42759933550710505,0.9138,0.08620000000000005,1.3799999999999923,1.3799999999999923
formal-run-01-CCP30-solution-0013,b96f17d24de7b55f9fe0047c30b0dcf6d2540ca7e555adec961b7f7a9c3e1032,930002,5000,cost,independent_oos_baseline,930001,930002,20,0.5,0.035699098504604135,0.0012744256340414292,14128.437429242087,0.042086480821885645,335700.1382233668,oos_iqr,0.02080000000000004,0.22715738303255884,0.005645455755418223,0.004839855385334611,0.005242655570376417,11969747.030989565,11955784.529587945,0.11678448509226523,0.11678448509226523,12344204.007838408,12324637.725523371,19566.282315036282,0.15875746412015038,0.9084,0.09160000000000001,0.8399999999999963,0.8399999999999963
formal-run-01-CCP30-solution-0013,b96f17d24de7b55f9fe0047c30b0dcf6d2540ca7e555adec961b7f7a9c3e1032,930002,5000,emission,independent_oos_baseline,930001,930002,20,0.5,0.031108283997726978,0.0009677253332832363,210422.85504261003,0.020415006554986074,10307263.653129578,oos_iqr,0.01980000000000004,0.27821435494794367,0.003977994631269358,0.003822163432850049,0.0039000790320597037,9299704080.1334,9299595133.51464,0.0011715200199041414,0.0011715200199041414,9312093817.08933,9311821286.412987,272530.67634391785,0.002926717212040692,0.9034,0.09660000000000002,0.33999999999999586,0.33999999999999586
formal-run-01-CCP30-solution-0013,b96f17d24de7b55f9fe0047c30b0dcf6d2540ca7e555adec961b7f7a9c3e1032,930002,5000,makespan,independent_oos_baseline,930001,930002,20,0.5,0.04444526749603218,0.0019753818027938544,2.241293074611903,0.036529703451166226,61.355359142406314,oos_iqr,0.022800000000000042,0.14672889406685674,0.00859517782070859,0.00836835814890335,0.00848176798480597,522.4395401157383,520.2245338273457,0.4257788982185386,0.4257788982185386,575.3729595428254,572.8735089276622,2.4994506151631413,0.4363006102065633,0.917,0.08299999999999996,1.7000000000000015,1.7000000000000015
formal-run-01-CCP30-solution-0014,4139fc7109c88eea945521b7074e178400fc637506d6d3c486ef6a18c5272f4e,930002,5000,cost,independent_oos_baseline,930001,930002,20,0.5,0.03983271085830344,0.001586644854321205,13040.27679092687,0.04184786411077057,311611.5258931611,oos_iqr,0.026000000000000023,0.06697525827187539,0.007181269683006102,0.0059179929653871205,0.006549631324196611,11807691.367619839,11796217.594419727,0.09726654419751635,0.09726654419751635,12162761.23060656,12132078.476654476,30682.75395208411,0.2529059963725617,0.9124,0.08760000000000001,1.2399999999999967,1.2399999999999967
formal-run-01-CCP30-solution-0014,4139fc7109c88eea945521b7074e178400fc637506d6d3c486ef6a18c5272f4e,930002,5000,emission,independent_oos_baseline,930001,930002,20,0.5,0.030269451607408182,0.0009162397006132259,233207.6436585282,0.02327662784653122,10018961.732606888,oos_iqr,0.01980000000000004,0.27821435494794367,0.0037697052919028425,0.0035845354366439313,0.003677120364273387,9434884917.599741,9434784828.235363,0.0010608547645775586,0.0010608547645775586,9447180987.76832,9446655655.612223,525332.1560974121,0.005561038480166409,0.908,0.09199999999999997,0.8000000000000007,0.8000000000000007
formal-run-01-CCP30-solution-0014,4139fc7109c88eea945521b7074e178400fc637506d6d3c486ef6a18c5272f4e,930002,5000,makespan,independent_oos_baseline,930001,930002,20,0.5,0.03359333682908045,0.0011285122793120532,1.7921486515450407,0.033893293693770844,52.87620222859647,oos_iqr,0.02059999999999995,0.23676066509226357,0.005052758335875819,0.0042588859191301605,0.0046558221275029895,513.7375825120564,512.0195165560292,0.33554696656552135,0.33554696656552135,575.4070329995683,574.527052633123,0.8799803664452384,0.15316604543026963,0.9066,0.09340000000000004,0.6599999999999939,0.6599999999999939
formal-run-01-CCP30-solution-0015,cf4756d08ad770632bf652a81de44e90b60cb7c1b53d074ece1a15b4671f9d4b,930002,5000,cost,independent_oos_baseline,930001,930002,20,0.5,0.03881964340564041,0.001506964714141081,13382.70783657929,0.042191627341176374,317188.70970209315,oos_iqr,0.020000000000000018,0.26738904394377594,0.007370201413901021,0.0054799567318489645,0.006425079072874993,11782752.517891131,11771455.418654164,0.09597028434618703,0.09597028434618703,12140226.107514348,12110115.843713183,30110.263801164925,0.24863728959947395,0.9142,0.08579999999999999,1.419999999999999,1.419999999999999
formal-run-01-CCP30-solution-0015,cf4756d08ad770632bf652a81de44e90b60cb7c1b53d074ece1a15b4671f9d4b,930002,5000,emission,independent_oos_baseline,930001,930002,20,0.5,0.03023635760489971,0.0009142373212113765,228663.16204286765,0.022737890529264983,10056480.910072327,oos_iqr,0.021399999999999975,0.20011475900980857,0.0037725342169390675,0.003581039433832484,0.003676786825385776,9591870514.140419,9591777253.138296,0.0009723015835502782,0.0009723015835502782,9604116255.15304,9603619193.941807,497061.21123313904,0.005175769688438888,0.9064,0.09360000000000002,0.6399999999999961,0.6399999999999961
formal-run-01-CCP30-solution-0015,cf4756d08ad770632bf652a81de44e90b60cb7c1b53d074ece1a15b4671f9d4b,930002,5000,makespan,independent_oos_baseline,930001,930002,20,0.5,0.034573246194678955,0.0011953093524378828,1.9108982435533197,0.034597484183916075,55.232288954746366,oos_iqr,0.022399999999999975,0.16066237817968165,0.0051971885734272815,0.004630707068426651,0.004913947820926966,510.09031480399983,508.25114568577504,0.3618622670772787,0.3618622670772787,574.3836713197562,572.2952618149054,2.0884095048508016,0.36491818894811073,0.9066,0.09340000000000004,0.6599999999999939,0.6599999999999939
formal-run-01-CCP30-solution-0016,0e1a4ab53497f7c1b7e54884aa7d5c1160806c0b69aa8c9982220929414b934a,930002,5000,cost,independent_oos_baseline,930001,930002,20,0.5,0.03597737589606439,0.0012943715763667147,12196.482501533437,0.04165394321451549,292804.99180407077,oos_iqr,0.021399999999999975,0.20011475900980857,0.006258738675091855,0.004726792687890707,0.00549276568149128,11696204.49005802,11686016.38119567,0.0871820518645153,0.0871820518645153,12019712.510962006,11998911.804115638,20800.706846367568,0.1733549440644518,0.913,0.08699999999999997,1.3000000000000012,1.3000000000000012
formal-run-01-CCP30-solution-0016,0e1a4ab53497f7c1b7e54884aa7d5c1160806c0b69aa8c9982220929414b934a,930002,5000,emission,independent_oos_baseline,930001,930002,20,0.5,0.03458507113377,0.0011961271453279306,284952.0950080692,0.028220368503135942,10097391.00240326,oos_iqr,0.023399999999999976,0.1276693074850469,0.004930275868967825,0.004683860689789196,0.004807068279378511,9799834659.077198,9799760519.707209,0.0007565426710203958,0.0007565426710203958,9812102175.261282,9811536548.723053,565626.5382289886,0.005764912920826897,0.907,0.09299999999999997,0.7000000000000006,0.7000000000000006
formal-run-01-CCP30-solution-0016,0e1a4ab53497f7c1b7e54884aa7d5c1160806c0b69aa8c9982220929414b934a,930002,5000,makespan,independent_oos_baseline,930001,930002,20,0.5,0.036608626674737674,0.0013401915470103148,1.97243711318054,0.0377572208882903,52.239997191961095,oos_iqr,0.024399999999999977,0.10042462289139976,0.005853388122193362,0.005094994690142363,0.005474191406167863,505.56573117433106,503.7403835887441,0.3623587953347734,0.3623587953347734,572.1839197168409,570.1001756993667,2.0837440174742596,0.36550488954297206,0.911,0.08899999999999997,1.100000000000001,1.100000000000001
formal-run-01-CCP30-solution-0017,36e1933f6f633dbbf3b0f90a4b4a211e8602e4714cd6fb8e2d0ddf174e263d21,930002,5000,cost,independent_oos_baseline,930001,930002,20,0.5,0.03935414070007446,0.0015487483902412568,13442.006485515209,0.043864599507304265,306443.16000826284,oos_iqr,0.01980000000000004,0.27821435494794367,0.00725603119124516,0.005712498884331043,0.006484265037788102,11709495.534470977,11698315.213837115,0.09557205827927899,0.09557205827927899,12054782.360383118,12022793.271969263,31989.08841385506,0.2660703522902331,0.9144,0.08560000000000001,1.4399999999999968,1.4399999999999968
formal-run-01-CCP30-solution-0017,36e1933f6f633dbbf3b0f90a4b4a211e8602e4714cd6fb8e2d0ddf174e263d21,930002,5000,emission,independent_oos_baseline,930001,930002,20,0.5,0.033216700276390426,0.0011033491772515559,245547.13103214346,0.023941466085812036,10256144.304281235,oos_iqr,0.021600000000000064,0.1916753061426506,0.004492290400390373,0.0043461426938250485,0.004419216547107711,9729190065.56486,9729116476.678135,0.0007563778982487616,0.0007563778982487616,9741517573.943363,9741160818.27907,356755.6642932892,0.003662352680019872,0.9046,0.09540000000000004,0.45999999999999375,0.45999999999999375
formal-run-01-CCP30-solution-0017,36e1933f6f633dbbf3b0f90a4b4a211e8602e4714cd6fb8e2d0ddf174e263d21,930002,5000,makespan,independent_oos_baseline,930001,930002,20,0.5,0.035213382271615856,0.0012399822910069498,2.143866646698875,0.039611619939701664,54.122165414147446,oos_iqr,0.02080000000000004,0.22715738303255884,0.005377989415758535,0.004804614831188662,0.005091302123473598,510.1426803772122,508.086880516921,0.40461581259481527,0.40461581259481527,572.8970096995209,572.1504864533226,0.7465232461983078,0.13047673013893538,0.914,0.08599999999999997,1.4000000000000012,1.4000000000000012
formal-run-01-CCP30-solution-0019,2b1f8b0f039321d27d26c3a187bf0102ceb944e1e95635134d395b9a97a161a9,930002,5000,cost,independent_oos_baseline,930001,930002,20,0.5,0.035248611833082207,0.0012424646361593027,13531.507955383355,0.040749256480313384,332067.6037836578,oos_iqr,0.021600000000000064,0.1916753061426506,0.005903848694340928,0.004486962966263859,0.005195405830302393,12012752.367241837,11999558.563447827,0.10995240970113355,0.10995240970113355,12377392.388892604,12352921.09103084,24471.297861764207,0.1981013047960958,0.9132,0.08679999999999999,1.319999999999999,1.319999999999999
formal-run-01-CCP30-solution-0019,2b1f8b0f039321d27d26c3a187bf0102ceb944e1e95635134d395b9a97a161a9,930002,5000,emission,independent_oos_baseline,930001,930002,20,0.5,0.023641398760360328,0.0005589157353463668,234675.13897177583,0.022642450477047743,10364387.865600586,oos_iqr,0.020400000000000085,0.24666489084878074,0.002273263778456936,0.0022017576753560085,0.0022375107269064724,9360718188.991718,9360619282.843313,0.0010566197109026323,0.0010566197109026323,9373220004.668911,9372870838.57466,349166.0942516327,0.003725284390078405,0.9044,0.09560000000000002,0.43999999999999595,0.43999999999999595
formal-run-01-CCP30-solution-0019,2b1f8b0f039321d27d26c3a187bf0102ceb944e1e95635134d395b9a97a161a9,930002,5000,makespan,independent_oos_baseline,930001,930002,20,0.5,0.03983319642557793,0.0015866835374786744,1.4159614675839691,0.02473390398920731,57.247795099464554,oos_iqr,0.01540000000000008,0.5904900950102416,0.0072259575702748186,0.005995669037176784,0.0066108133037258016,517.0949083831532,515.9203460321497,0.22766350659299145,0.22766350659299145,575.4145066198222,572.0105467382115,3.4039598816107173,0.5950869089776742,0.9106,0.08940000000000003,1.0599999999999943,1.0599999999999943
formal-run-01-CCP30-solution-0021,821ee9aa596a93ea4db9d83f2c8bf2260f0bbeb504ebfbb95288b6784af765ea,930002,5000,cost,independent_oos_baseline,930001,930002,20,0.5,0.03691907641709098,0.0013630182034910037,12968.53115738366,0.039841134384322546,325506.07199795917,oos_iqr,0.023800000000000043,0.11612252501738375,0.006476890127437721,0.0049867026634414025,0.005731796395439562,11822145.510734707,11809786.927912932,0.10464695846937927,0.10464695846937927,12180831.60021091,12153056.490018662,27775.110192248598,0.2285442367116484,0.912,0.08799999999999997,1.200000000000001,1.200000000000001
formal-run-01-CCP30-solution-0021,821ee9aa596a93ea4db9d83f2c8bf2260f0bbeb504ebfbb95288b6784af765ea,930002,5000,emission,independent_oos_baseline,930001,930002,20,0.5,0.03523120691766175,0.0012412379408750975,250599.32583110587,0.024684188491299424,10152220.556873322,oos_iqr,0.0262,0.06355294100975063,0.005087844330456031,0.004863362487858734,0.004975603409157382,9379718090.65749,9379622397.415321,0.0010202248887417476,0.0010202248887417476,9391800979.856504,9391517136.513094,283843.34341049194,0.0030223374912126074,0.9038,0.09619999999999995,0.38000000000000256,0.38000000000000256
formal-run-01-CCP30-solution-0021,821ee9aa596a93ea4db9d83f2c8bf2260f0bbeb504ebfbb95288b6784af765ea,930002,5000,makespan,independent_oos_baseline,930001,930002,20,0.5,0.04525774961638328,0.002048263900339241,2.259476772857912,0.03933932043716191,57.43558220501177,oos_iqr,0.023399999999999976,0.1276693074850469,0.009048898452548911,0.008068626711386691,0.008558762581967801,520.217731865914,517.9990865803562,0.4283106559520068,0.4283106559520068,574.779928385707,572.7415744418269,2.038353943880111,0.3558941824446072,0.917,0.08299999999999996,1.7000000000000015,1.7000000000000015
formal-run-01-CCP30-solution-0022,00285dc984881c2386a1727198c3093b3c446b7f368fac87f673011cd0b4359e,930002,5000,cost,independent_oos_baseline,930001,930002,20,0.5,0.03754460338134866,0.0014095972430627772,12980.740524930388,0.03972465649615314,326767.8482301645,oos_iqr,0.024399999999999977,0.10042462289139976,0.007152141286808122,0.005058100792654203,0.006105121039731163,11750184.48923555,11738567.845696589,0.09896133575800646,0.09896133575800646,12113094.963236336,12087653.452034283,25441.511202052236,0.21047518695839657,0.9124,0.08760000000000001,1.2399999999999967,1.2399999999999967
formal-run-01-CCP30-solution-0022,00285dc984881c2386a1727198c3093b3c446b7f368fac87f673011cd0b4359e,930002,5000,emission,independent_oos_baseline,930001,930002,20,0.5,0.037547063181137194,0.001409781953528308,298363.2174103862,0.02932772670781252,10173417.816625595,oos_iqr,0.023600000000000065,0.12178385194186107,0.005747074564883727,0.005582463630834488,0.005664769097859108,9818312425.963343,9818247716.871332,0.0006590696616801001,0.0006590696616801001,9830692058.445572,9830126016.562475,566041.883096695,0.005758236284489014,0.907,0.09299999999999997,0.7000000000000006,0.7000000000000006
formal-run-01-CCP30-solution-0022,00285dc984881c2386a1727198c3093b3c446b7f368fac87f673011cd0b4359e,930002,5000,makespan,independent_oos_baseline,930001,930002,20,0.5,0.03652654471871734,0.0013341884690884571,2.046812608355504,0.039941754410174904,51.244934995496635,oos_iqr,0.022399999999999975,0.16066237817968165,0.006173256737354873,0.004935604360017402,0.005554430548686137,502.3329284404182,500.4899593327295,0.36823298316430014,0.36823298316430014,571.4971898733315,561.4308751718597,10.06631470147181,1.7929749051279749,0.911,0.08899999999999997,1.100000000000001,1.100000000000001
formal-run-01-CCP30-solution-0024,393e0b763bf0d06b8c94f163cbce73ffc5472a43d70209175ed1f4173d43b59d,930002,5000,cost,independent_oos_baseline,930001,930002,20,0.5,0.03512135503630545,0.0012335095795862185,14234.063516751496,0.043079883488233474,330410.91024861485,oos_iqr,0.024600000000000066,0.09560116579888145,0.005612530504196012,0.004575962371512813,0.005094246437854413,12020666.197501898,12006747.546992745,0.11592357093106932,0.11592357093106932,12381129.922955606,12358028.932371467,23100.99058413878,0.18693102848809864,0.9126,0.08740000000000003,1.2599999999999945,1.2599999999999945
formal-run-01-CCP30-solution-0024,393e0b763bf0d06b8c94f163cbce73ffc5472a43d70209175ed1f4173d43b59d,930002,5000,emission,independent_oos_baseline,930001,930002,20,0.5,0.02599475570945763,0.00067572732439438,226647.79671350968,0.02182699861976716,10383827.875823975,oos_iqr,0.019199999999999995,0.31256521491747236,0.002758375178895417,0.002655940006015026,0.0027071575924552216,9379333819.893772,9379223199.221416,0.0011794225385833087,0.0011794225385833087,9391803057.395521,9391546235.669676,256821.7258453369,0.0027346053503938686,0.903,0.09699999999999998,0.30000000000000027,0.30000000000000027
formal-run-01-CCP30-solution-0024,393e0b763bf0d06b8c94f163cbce73ffc5472a43d70209175ed1f4173d43b59d,930002,5000,makespan,independent_oos_baseline,930001,930002,20,0.5,0.039708025186047935,0.0015767272641758173,2.08825246984159,0.0375882950106357,55.55592423787016,oos_iqr,0.020199999999999996,0.25687337890743356,0.007003354876560269,0.005977543017312932,0.0064904489469366005,525.7620858534325,523.7102560350628,0.39178721339234673,0.39178721339234673,577.5545634249715,574.8781117361779,2.6764516887936907,0.46556854995063085,0.9144,0.08560000000000001,1.4399999999999968,1.4399999999999968
formal-run-01-CCP30-solution-0025,5a2b3f5225d930216b4f82fe6827bc2de2f18e28f8dc9b3f12c26e712e837893,930002,5000,cost,independent_oos_baseline,930001,930002,20,0.5,0.039365173359472115,0.001549616873621293,9056.026467082178,0.0342845253667302,264143.26493404433,oos_iqr,0.02639999999999998,0.06028121671289906,0.007048825434980981,0.0058285687845644,0.00643869710977269,11664426.27984829,11656317.324746963,0.06956704141978222,0.06956704141978222,11949066.50526903,11933485.55196295,15580.953306080773,0.1305649823619039,0.9074,0.09260000000000002,0.7399999999999962,0.7399999999999962
formal-run-01-CCP30-solution-0025,5a2b3f5225d930216b4f82fe6827bc2de2f18e28f8dc9b3f12c26e712e837893,930002,5000,emission,independent_oos_baseline,930001,930002,20,0.5,0.034882119569109256,0.0012167622656336348,298959.90467893105,0.02969566888096663,10067458.183120728,oos_iqr,0.022800000000000015,0.14672889406685785,0.004956884299801463,0.004788653786699085,0.004872769043250274,9930077940.92372,9930041874.590513,0.00036320424084479533,0.00036320424084479533,9942307908.808214,9941861936.411087,445972.3971271515,0.00448580356455989,0.9056,0.09440000000000004,0.5599999999999938,0.5599999999999938
formal-run-01-CCP30-solution-0025,5a2b3f5225d930216b4f82fe6827bc2de2f18e28f8dc9b3f12c26e712e837893,930002,5000,makespan,independent_oos_baseline,930001,930002,20,0.5,0.02562448816588125,0.0006566143937633882,1.4535640043270712,0.02618843997870578,55.50403176015777,oos_iqr,0.018399999999999972,0.3627535567329816,0.0029456504514554227,0.002427288115538698,0.0026864692834970604,511.694465023865,510.51120669245273,0.23177911001767804,0.23177911001767804,572.7105900028407,572.4717522452712,0.2388377575695131,0.04172044413244426,0.9112,0.08879999999999999,1.1199999999999988,1.1199999999999988
formal-run-01-CCP30-solution-0026,53ba194e4eac55a38066c4eaf07de4a475587657389f08927c7dc119662b0eee,930002,5000,cost,independent_oos_baseline,930001,930002,20,0.5,0.04070875241839166,0.0016572025234619092,14513.572146354032,0.04417150943772214,328573.1533991806,oos_iqr,0.020399999999999974,0.24666489084878618,0.007710943021435631,0.006161714448163122,0.006936328734799376,11863923.059770323,11851551.516805213,0.1043875390286904,0.1043875390286904,12240896.061055927,12208239.576453017,32656.484602909535,0.26749544353550075,0.9128,0.08720000000000006,1.2799999999999923,1.2799999999999923
formal-run-01-CCP30-solution-0026,53ba194e4eac55a38066c4eaf07de4a475587657389f08927c7dc119662b0eee,930002,5000,emission,independent_oos_baseline,930001,930002,20,0.5,0.026614849273562922,0.0007083502018544729,245347.82738056692,0.02412714247487712,10168955.052843094,oos_iqr,0.023600000000000065,0.12178385194186107,0.002925906935095133,0.0027753534483862313,0.002850630191740682,9509514757.394257,9509423098.27231,0.0009638767883089316,0.0009638767883089316,9521825312.072697,9521508373.372766,316938.69993019104,0.003328660622895856,0.904,0.09599999999999997,0.40000000000000036,0.40000000000000036
formal-run-01-CCP30-solution-0026,53ba194e4eac55a38066c4eaf07de4a475587657389f08927c7dc119662b0eee,930002,5000,makespan,independent_oos_baseline,930001,930002,20,0.5,0.03602265821256648,0.0012976319046993832,2.026051466248051,0.03609378321508763,56.13297598022746,oos_iqr,0.021399999999999975,0.20011475900980857,0.005626056284557672,0.005033821921694046,0.005329939103125859,513.7331244765801,511.77034666475674,0.38352706924402796,0.38352706924402796,574.7933079458917,572.2952618149054,2.4980461309862676,0.43649603581624585,0.9054,0.09460000000000002,0.539999999999996,0.539999999999996
formal-run-01-CCP30-solution-0027,0703ad23cf37ce250840e2bb80a6c69b202ba9d562bf0071f7acf5c147e918bd,930002,5000,cost,independent_oos_baseline,930001,930002,20,0.5,0.03622396598633298,0.0013121757117790084,13305.776273592233,0.04274538235589473,311279.85153599456,oos_iqr,0.020600000000000063,0.23676066509225802,0.005988702934506454,0.004892921181020555,0.005440812057763505,11735567.801960459,11724347.117893644,0.09570412709540428,0.09570412709540428,12090649.951886013,12060052.834227417,30597.117658596486,0.2537063317978124,0.9144,0.08560000000000001,1.4399999999999968,1.4399999999999968
formal-run-01-CCP30-solution-0027,0703ad23cf37ce250840e2bb80a6c69b202ba9d562bf0071f7acf5c147e918bd,930002,5000,emission,independent_oos_baseline,930001,930002,20,0.5,0.03351519425070247,0.00112326824566232,245587.27003842162,0.024320476760641342,10097962.81772995,oos_iqr,0.020199999999999996,0.25687337890743356,0.004504502044281227,0.004496357873451628,0.0045004299588664275,9529195680.860483,9529125056.475231,0.0007411423906543048,0.0007411423906543048,9541529194.351873,9541285699.630999,243494.72087478638,0.0025520116317678584,0.9048,0.09519999999999995,0.48000000000000265,0.48000000000000265
formal-run-01-CCP30-solution-0027,0703ad23cf37ce250840e2bb80a6c69b202ba9d562bf0071f7acf5c147e918bd,930002,5000,makespan,independent_oos_baseline,930001,930002,20,0.5,0.030677244459914984,0.0009410933276533845,1.800432586296171,0.039807019743909364,45.22902236537425,oos_iqr,0.022199999999999998,0.16801422440099156,0.004637423071249624,0.00335460864729622,0.003996015859272922,519.0588567685973,517.4935756163379,0.30247354286380695,0.30247354286380695,573.6822936503887,573.0819658371043,0.6003278132843661,0.10475426711560598,0.915,0.08499999999999996,1.5000000000000013,1.5000000000000013
formal-run-01-CCP30-solution-0028,285a25bbc296a85beae14ebae0b6ca393379f251a1842a672bf4aa8fda1c8c26,930002,5000,cost,independent_oos_baseline,930001,930002,20,0.5,0.036972537414504306,0.0013669685228669209,9557.509554898772,0.035189181217878326,271603.63566637784,oos_iqr,0.022800000000000042,0.14672889406685674,0.0062165536304745,0.005117488777370984,0.005667021203922743,11678994.986704728,11670089.49746525,0.07631037655206296,0.07631037655206296,11969817.215089211,11953408.894507326,16408.320581885055,0.13726896424855667,0.9098,0.09019999999999995,0.9800000000000031,0.9800000000000031
formal-run-01-CCP30-solution-0028,285a25bbc296a85beae14ebae0b6ca393379f251a1842a672bf4aa8fda1c8c26,930002,5000,emission,independent_oos_baseline,930001,930002,20,0.5,0.032802771875585904,0.0010760218427217296,292057.9008005887,0.028530784876961795,10236588.374980927,oos_iqr,0.022599999999999953,0.15356912653670451,0.004399315456135114,0.0042303491942599376,0.004314832325197526,9971582816.94665,9971517750.836184,0.0006525196273209979,0.0006525196273209979,9983797603.45622,9983519153.765558,278449.69066238403,0.002789093568848006,0.9032,0.0968,0.31999999999999806,0.31999999999999806
formal-run-01-CCP30-solution-0028,285a25bbc296a85beae14ebae0b6ca393379f251a1842a672bf4aa8fda1c8c26,930002,5000,makespan,independent_oos_baseline,930001,930002,20,0.5,0.03671091605204894,0.0013476913573805846,1.9901171169974294,0.035387659272895125,56.23760253964417,oos_iqr,0.022199999999999998,0.16801422440099156,0.005827614407499588,0.005147606171595375,0.005487610289547482,511.52995704933284,509.56818858643715,0.3849864467281045,0.3849864467281045,571.5023695423309,568.8758453069108,2.6265242354201064,0.461704299292772,0.9108,0.08919999999999995,1.0800000000000032,1.0800000000000032
formal-run-01-CCP30-solution-0029,5f87ef60b64f72f9b5f1a1df9f7807b77de65a6698035c4994e34f85bec41eeb,930002,5000,cost,independent_oos_baseline,930001,930002,20,0.5,0.04142955597709921,0.0017164081084595968,13971.196613776636,0.043023239986776395,324736.04075543396,oos_iqr,0.02100000000000002,0.2178513612898525,0.007569444123044638,0.006632016388747057,0.0071007302558958475,11996726.413562983,11982997.598706124,0.11456911965284301,0.11456911965284301,12376783.650305167,12342840.030084671,33943.62022049539,0.27500656362523185,0.9156,0.08440000000000003,1.5599999999999947,1.5599999999999947
formal-run-01-CCP30-solution-0029,5f87ef60b64f72f9b5f1a1df9f7807b77de65a6698035c4994e34f85bec41eeb,930002,5000,emission,independent_oos_baseline,930001,930002,20,0.5,0.022747301640985,0.0005174397319459589,236680.2375887545,0.022730855168282302,10412289.191785812,oos_iqr,0.020199999999999996,0.25687337890743356,0.002104359621196522,0.002038173297933078,0.0020712664595648,9505752790.042793,9505655756.342546,0.0010207996453276379,0.0010207996453276379,9518137910.707186,9517917545.439617,220365.26756858826,0.0023152676677071376,0.9028,0.09719999999999995,0.28000000000000247,0.28000000000000247
formal-run-01-CCP30-solution-0029,5f87ef60b64f72f9b5f1a1df9f7807b77de65a6698035c4994e34f85bec41eeb,930002,5000,makespan,independent_oos_baseline,930001,930002,20,0.5,0.032241427301695116,0.0010395096344504914,2.185280655607285,0.038026204694457756,57.46775606890333,oos_iqr,0.020600000000000007,0.2367606650922608,0.004706855409564205,0.0038510078157915216,0.004278931612677863,519.1304464670493,516.9692182949047,0.41805741921594947,0.41805741921594947,576.7820073132003,573.7565073113211,3.025500001879209,0.5273142811149971,0.9132,0.08679999999999999,1.319999999999999,1.319999999999999
formal-run-01-CCP30-solution-0032,45c7f3498b1103e61638a9a07c85758af5c5a15bee6c11acf40053671e1b8fb1,930002,5000,cost,independent_oos_baseline,930001,930002,20,0.5,0.03804765503033312,0.001447624053307233,12883.359870033462,0.04429459895222374,290856.225697618,oos_iqr,0.024399999999999977,0.10042462289139976,0.00688654044249523,0.005334027336071456,0.0061102838892833425,11808310.511088654,11796492.166147776,0.10018524807563883,0.10018524807563883,12144262.544997316,12116060.04119179,28202.5038055256,0.232769594320626,0.9136,0.08640000000000003,1.3599999999999945,1.3599999999999945
formal-run-01-CCP30-solution-0032,45c7f3498b1103e61638a9a07c85758af5c5a15bee6c11acf40053671e1b8fb1,930002,5000,emission,independent_oos_baseline,930001,930002,20,0.5,0.028300030904374628,0.0008008917491885589,278124.8748648067,0.027436813580311213,10136923.300174713,oos_iqr,0.021600000000000064,0.1916753061426506,0.0033162272586666573,0.0031240409862849736,0.0032201341224758154,10203413007.215322,10203334545.84726,0.0007689777073408484,0.0007689777073408484,10215883956.016083,10215462946.877405,421009.13867759705,0.004121292797663059,0.9064,0.09360000000000002,0.6399999999999961,0.6399999999999961
formal-run-01-CCP30-solution-0032,45c7f3498b1103e61638a9a07c85758af5c5a15bee6c11acf40053671e1b8fb1,930002,5000,makespan,independent_oos_baseline,930001,930002,20,0.5,0.03703407615918895,0.0013715227969646074,2.0581597140916075,0.039172019133158695,52.54157839286353,oos_iqr,0.022399999999999975,0.16066237817968165,0.006367155843048501,0.0050531476082406645,0.005710151725644583,502.0108625048767,500.12755752682256,0.3765649282289595,0.3765649282289595,571.4971898733315,561.4308751718597,10.06631470147181,1.7929749051279749,0.911,0.08899999999999997,1.100000000000001,1.100000000000001
formal-run-01-CCP30-solution-0033,1fcdd587ed99b4e7516dc61e867540c16672ff67385ea140f11e17389780c197,930002,5000,cost,independent_oos_baseline,930001,930002,20,0.5,0.034054634689111275,0.0011597181438088209,12896.365918156607,0.03888834702652253,331625.4586331751,oos_iqr,0.02300000000000002,0.1401360148439318,0.005331199283667407,0.004270815033299212,0.004801007158483309,11905111.163975164,11892801.288587833,0.10350694582901891,0.10350694582901891,12265135.093444869,12238187.933796894,26947.159647975117,0.22018913088887965,0.9116,0.08840000000000003,1.1599999999999944,1.1599999999999944
formal-run-01-CCP30-solution-0033,1fcdd587ed99b4e7516dc61e867540c16672ff67385ea140f11e17389780c197,930002,5000,emission,independent_oos_baseline,930001,930002,20,0.5,0.03293034258472327,0.0010844074627472389,262116.49417928123,0.025610358778472193,10234784.153028488,oos_iqr,0.022399999999999975,0.16066237817968165,0.004410148764737059,0.004288634166803276,0.004349391465770168,9303301300.546272,9303225271.773027,0.0008172302725543705,0.0008172302725543705,9315410112.800327,9315190329.45717,219783.34315681458,0.002359407971105,0.9036,0.09640000000000004,0.35999999999999366,0.35999999999999366
formal-run-01-CCP30-solution-0033,1fcdd587ed99b4e7516dc61e867540c16672ff67385ea140f11e17389780c197,930002,5000,makespan,independent_oos_baseline,930001,930002,20,0.5,0.0440604444541634,0.0019413227654984182,2.211330160181804,0.037403210072444966,59.12140043324507,oos_iqr,0.022400000000000087,0.16066237817967755,0.00867552359928522,0.007589155131572851,0.008132339365429035,522.097766881095,519.9692053514533,0.4093629983727612,0.4093629983727612,574.779928385707,572.7453846395128,2.0345437461941174,0.3552265632790151,0.917,0.08299999999999996,1.7000000000000015,1.7000000000000015
formal-run-01-CCP30-solution-0034,e32a7960e819d67f4fe2f32719ec0622370c8a84e35aeba55ac6d5cc670238bb,930002,5000,cost,independent_oos_baseline,930001,930002,20,0.5,0.040981868589099586,0.0016795135530542273,12744.873065142121,0.04100880976399316,310783.78374035284,oos_iqr,0.02200000000000002,0.17563013054961474,0.008696694363830738,0.006048905961033838,0.007372800162432288,11753074.960583787,11741846.53028298,0.09562746601949475,0.09562746601949475,12107160.147502905,12082046.182812672,25113.96469023265,0.20786184980784586,0.911,0.08899999999999997,1.100000000000001,1.100000000000001
formal-run-01-CCP30-solution-0034,e32a7960e819d67f4fe2f32719ec0622370c8a84e35aeba55ac6d5cc670238bb,930002,5000,emission,independent_oos_baseline,930001,930002,20,0.5,0.035618524997983673,0.0012686793230319876,232365.0533245606,0.02290358117853679,10145358.994876862,oos_iqr,0.019000000000000017,0.32464327024437933,0.005285687163768953,0.00490940772476013,0.005097547444264541,10160857532.218246,10160774495.413843,0.000817229084660667,0.000817229084660667,10173267365.876451,10172611204.122383,656161.7540683746,0.006450278506687343,0.9082,0.09179999999999999,0.8199999999999985,0.8199999999999985
formal-run-01-CCP30-solution-0034,e32a7960e819d67f4fe2f32719ec0622370c8a84e35aeba55ac6d5cc670238bb,930002,5000,makespan,independent_oos_baseline,930001,930002,20,0.5,0.036991393720685925,0.0013683632093988022,2.0400819072554333,0.03713467848264958,54.93737903799598,oos_iqr,0.022399999999999975,0.16066237817968165,0.006252407901027816,0.005066967206709162,0.005659687553868489,504.3077841281824,502.4533527039276,0.3690753408799608,0.3690753408799608,571.5023695423309,567.8159066286837,3.686462913647233,0.6492355833310515,0.911,0.08899999999999997,1.100000000000001,1.100000000000001
formal-run-01-CCP30-solution-0035,47589e8fdd593a4614a5d249570558e00cc2b999dec3541f706fdf9d01f8be46,930002,5000,cost,independent_oos_baseline,930001,930002,20,0.5,0.041867190390864104,0.0017528616312248635,9852.172407369211,0.037568456975231604,262245.8626358975,oos_iqr,0.023400000000000087,0.12766930748504346,0.007908787485477927,0.0065727281336299915,0.007240757809553959,11683476.77491803,11674625.315672552,0.07581792996469246,0.07581792996469246,11970220.636530248,11947492.829409018,22727.80712123029,0.19023076595020244,0.9106,0.08940000000000003,1.0599999999999943,1.0599999999999943
formal-run-01-CCP30-solution-0035,47589e8fdd593a4614a5d249570558e00cc2b999dec3541f706fdf9d01f8be46,930002,5000,emission,independent_oos_baseline,930001,930002,20,0.5,0.03084981123705858,0.0009517108533621457,285191.4237822937,0.028069093347146468,10160336.148202896,oos_iqr,0.022199999999999998,0.16801422440099156,0.0038985609307351666,0.0037297678061530516,0.003814164368444109,9903320416.55827,9903258198.46275,0.0006282588444445228,0.0006282588444445228,9915497835.268986,9915204925.373518,292909.8954677582,0.002954148680459309,0.905,0.09499999999999997,0.5000000000000004,0.5000000000000004
formal-run-01-CCP30-solution-0035,47589e8fdd593a4614a5d249570558e00cc2b999dec3541f706fdf9d01f8be46,930002,5000,makespan,independent_oos_baseline,930001,930002,20,0.5,0.03728145251091474,0.001389906701323591,1.951764105927424,0.036968808565472085,52.79488795184818,oos_iqr,0.020600000000000063,0.23676066509225802,0.00602475599398807,0.00536977317323989,0.0056972645836139806,509.9109271866521,508.0550385633122,0.36529282901867927,0.36529282901867927,571.8810011343159,571.0053292634379,0.875671870877909,0.15335616429490637,0.913,0.08699999999999997,1.3000000000000012,1.3000000000000012
formal-run-01-CCP30-solution-0036,3140cc8b98abb0267e06c328c69944c13a0ab9bcf25004351805126f276eb6b9,930002,5000,cost,independent_oos_baseline,930001,930002,20,0.5,0.0391274784090733,0.0015309595666524976,14019.872619223997,0.04166729875935148,336471.8385080695,oos_iqr,0.0232,0.13378475057842076,0.0069970057972719105,0.00573304810374892,0.006365026950510415,12024764.579260884,12011167.111235622,0.11320688405493949,0.11320688405493949,12394524.521109892,12365079.365136938,29445.155972953886,0.23813155664794064,0.9148,0.08520000000000005,1.4799999999999924,1.4799999999999924
formal-run-01-CCP30-solution-0036,3140cc8b98abb0267e06c328c69944c13a0ab9bcf25004351805126f276eb6b9,930002,5000,emission,independent_oos_baseline,930001,930002,20,0.5,0.02703689474996712,0.0007309936777207995,225633.04407015606,0.02165858095253672,10417720.559099197,oos_iqr,0.020000000000000018,0.26738904394377594,0.002987936932784056,0.0028701472252702026,0.002929042079027129,9374883945.776686,9374773854.938679,0.00117433059944136,0.00117433059944136,9387333241.184666,9387081914.874647,251326.31001853943,0.002677363554485351,0.9032,0.0968,0.31999999999999806,0.31999999999999806
formal-run-01-CCP30-solution-0036,3140cc8b98abb0267e06c328c69944c13a0ab9bcf25004351805126f276eb6b9,930002,5000,makespan,independent_oos_baseline,930001,930002,20,0.5,0.03861071037379189,0.0014907869555688407,1.545395584445607,0.027328101905113703,56.5496861000957,oos_iqr,0.015600000000000058,0.5738415896821087,0.006439420078211474,0.005742449722837138,0.006090934900524306,521.5271740332433,520.2089346862035,0.2534057489487372,0.2534057489487372,575.4145066198222,572.0105467382115,3.4039598816107173,0.5950869089776742,0.911,0.08899999999999997,1.100000000000001,1.100000000000001
formal-run-01-CCP30-solution-0037,7360cbc0838974dcea75eb67b2e323e16e4ac011753a6364df9ac8530fd37f47,930002,5000,cost,independent_oos_baseline,930001,930002,20,0.5,0.03554692978546884,0.0012635842171730518,13801.409004509915,0.04417808356418503,312403.97706383653,oos_iqr,0.02100000000000002,0.2178513612898525,0.006147405927661038,0.004567464020133626,0.005357434973897332,11707466.537482636,11696085.466039984,0.09730667132775196,0.09730667132775196,12062689.000289794,12036718.493473144,25970.50681664981,0.21576068951626806,0.9122,0.08779999999999999,1.2199999999999989,1.2199999999999989
formal-run-01-CCP30-solution-0037,7360cbc0838974dcea75eb67b2e323e16e4ac011753a6364df9ac8530fd37f47,930002,5000,emission,independent_oos_baseline,930001,930002,20,0.5,0.032648705932070574,0.0010659379990388203,233906.7197061364,0.022805310082070054,10256677.89056015,oos_iqr,0.020199999999999996,0.25687337890743356,0.00447706013295632,0.004117667852592068,0.004297363992774195,9706440763.360313,9706357566.270882,0.0008571401667796427,0.0008571401667796427,9718873319.66442,9718227448.459206,645871.2052135468,0.0066459774546226286,0.907,0.09299999999999997,0.7000000000000006,0.7000000000000006
formal-run-01-CCP30-solution-0037,7360cbc0838974dcea75eb67b2e323e16e4ac011753a6364df9ac8530fd37f47,930002,5000,makespan,independent_oos_baseline,930001,930002,20,0.5,0.03964485850987024,0.0015717148062676307,2.054839932065077,0.03639811968162058,56.454562764204525,oos_iqr,0.023400000000000087,0.12766930748504346,0.007940599633807563,0.0057797392656507756,0.00686016944972917,509.40815183068526,507.4571063962141,0.3844749457401057,0.3844749457401057,572.1839197168409,570.1001756993667,2.0837440174742596,0.36550488954297206,0.911,0.08899999999999997,1.100000000000001,1.100000000000001
formal-run-01-CCP30-solution-0038,75259f71d11f104735357f5a94fe859de4665463755dd743bdefaefec975a09a,930002,5000,cost,independent_oos_baseline,930001,930002,20,0.5,0.036359224844117716,0.001321993231265107,10792.154562395981,0.04196881983762215,257146.963010896,oos_iqr,0.01980000000000004,0.27821435494794367,0.005940007800028036,0.004976977223240786,0.005458492511634411,11729955.259450749,11719623.411670525,0.08815853050308231,0.08815853050308231,12024660.929425968,11995196.489805399,29464.43962056935,0.24563532281952105,0.9178,0.08220000000000005,1.7799999999999927,1.7799999999999927
formal-run-01-CCP30-solution-0038,75259f71d11f104735357f5a94fe859de4665463755dd743bdefaefec975a09a,930002,5000,emission,independent_oos_baseline,930001,930002,20,0.5,0.026906872288710623,0.0007239797763609836,260889.63646229584,0.025527247785011795,10220045.60223198,oos_iqr,0.023599999999999954,0.12178385194186427,0.002948996053112913,0.0028489683376943745,0.002898982195403644,9759405506.425304,9759309110.982988,0.000987728139562392,0.000987728139562392,9771814322.313389,9771351332.668434,462989.6449546814,0.004738235574508247,0.9054,0.09460000000000002,0.539999999999996,0.539999999999996
formal-run-01-CCP30-solution-0038,75259f71d11f104735357f5a94fe859de4665463755dd743bdefaefec975a09a,930002,5000,makespan,independent_oos_baseline,930001,930002,20,0.5,0.0416307974492696,0.0017331232962621119,2.0168845013514907,0.03888586574509058,51.86677633906419,oos_iqr,0.01959999999999995,0.2893512907607346,0.00758910057348104,0.00692061569785504,0.0072548581356680405,514.5184473552825,512.531154724939,0.3877408450243462,0.3877408450243462,572.2342318752541,571.6079177575481,0.6263141177059879,0.10957058120591742,0.9172,0.08279999999999998,1.7199999999999993,1.7199999999999993
formal-run-01-CCP30-solution-0040,815c8f3bcff95034084f8a941ea1bb8ffe74a20471524da8d476400e14e784ab,930002,5000,cost,independent_oos_baseline,930001,930002,20,0.5,0.039093859501519175,0.0015283298507245211,12892.722577047272,0.04437196255332012,290560.11578380316,oos_iqr,0.02400000000000002,0.11067945593694506,0.007370299669296683,0.005587059486780185,0.006478679578038434,11777715.666740024,11765871.62746229,0.10066435919706532,0.10066435919706532,12113692.847435214,12087258.805063331,26434.042371882126,0.21869344239414276,0.9136,0.08640000000000003,1.3599999999999945,1.3599999999999945
formal-run-01-CCP30-solution-0040,815c8f3bcff95034084f8a941ea1bb8ffe74a20471524da8d476400e14e784ab,930002,5000,emission,independent_oos_baseline,930001,930002,20,0.5,0.025653728400094583,0.0006581137808258194,262981.35176668776,0.026253853607989718,10016866.692920685,oos_iqr,0.02080000000000004,0.22715738303255884,0.0026711242021593123,0.0026022711854046983,0.0026366976937820053,10220432435.530403,10220343680.368639,0.0008684166065239753,0.0008684166065239753,10232861192.952389,10232364304.809372,496888.1430168152,0.0048560442945065,0.908,0.09199999999999997,0.8000000000000007,0.8000000000000007
formal-run-01-CCP30-solution-0040,815c8f3bcff95034084f8a941ea1bb8ffe74a20471524da8d476400e14e784ab,930002,5000,makespan,independent_oos_baseline,930001,930002,20,0.5,0.03703407615918895,0.0013715227969646074,2.0581597140916075,0.039172019133158695,52.54157839286353,oos_iqr,0.022399999999999975,0.16066237817968165,0.006367155843048501,0.0050531476082406645,0.005710151725644583,502.0108625048767,500.12755752682256,0.3765649282289595,0.3765649282289595,571.4971898733315,561.4308751718597,10.06631470147181,1.7929749051279749,0.911,0.08899999999999997,1.100000000000001,1.100000000000001
formal-run-01-CCP30-solution-0041,f66e4e94d49c22947cead3c776114d778891466e17110044461238fa0b92509e,930002,5000,cost,independent_oos_baseline,930001,930002,20,0.5,0.039382944165380226,0.0015510162911334564,11908.492328949213,0.04168574305535044,285673.02526278794,oos_iqr,0.020399999999999974,0.24666489084878618,0.0071651152473713245,0.005785717756348642,0.006475416501859984,11720242.427777527,11710131.328369627,0.08634488482126929,0.08634488482126929,12040659.290151248,12011101.563247252,29557.7269039955,0.24608672858482133,0.916,0.08399999999999996,1.6000000000000014,1.6000000000000014
formal-run-01-CCP30-solution-0041,f66e4e94d49c22947cead3c776114d778891466e17110044461238fa0b92509e,930002,5000,emission,independent_oos_baseline,930001,930002,20,0.5,0.03609593801064304,0.0013029167408681853,294324.62025582267,0.029062105941653458,10127436.079364777,oos_iqr,0.02279999999999993,0.14672889406686074,0.005260217235921497,0.0051782006901882095,0.005219208963054853,9774696654.06524,9774640086.566895,0.0005787169434920514,0.0005787169434920514,9786899990.625313,9786602132.95847,297857.6668434143,0.003043524839334329,0.9038,0.09619999999999995,0.38000000000000256,0.38000000000000256
formal-run-01-CCP30-solution-0041,f66e4e94d49c22947cead3c776114d778891466e17110044461238fa0b92509e,930002,5000,makespan,independent_oos_baseline,930001,930002,20,0.5,0.03241676946011009,0.0010508469422299258,1.9754761555336102,0.03557631125306982,55.527852268920924,oos_iqr,0.021399999999999975,0.20011475900980857,0.004581178962139746,0.004064929029078299,0.004323053995609023,511.65163642527557,509.8173116742574,0.3598004047752325,0.3598004047752325,572.975488629193,572.2483901298673,0.7270984993257343,0.1270599466711868,0.9136,0.08640000000000003,1.3599999999999945,1.3599999999999945
formal-run-01-CCP30-solution-0042,1341ad2c7cdcac24484c73583e7b384f1914f97fa3feb598f36701c5a4489bf9,930002,5000,cost,independent_oos_baseline,930001,930002,20,0.5,0.042125364118886045,0.001774546302148732,9496.041426491543,0.035641101867627964,266435.12486679293,oos_iqr,0.025600000000000067,0.07429284307890882,0.007739913156434164,0.006771978630503875,0.00725594589346902,11682710.192285538,11674274.267865881,0.07226080376470825,0.07226080376470825,11968896.2091663,11952030.290944053,16865.91822224669,0.14111341597775107,0.9094,0.09060000000000001,0.9399999999999964,0.9399999999999964
formal-run-01-CCP30-solution-0042,1341ad2c7cdcac24484c73583e7b384f1914f97fa3feb598f36701c5a4489bf9,930002,5000,emission,independent_oos_baseline,930001,930002,20,0.5,0.033187302476190686,0.0011013970456461722,304411.6121252044,0.030214030952708092,10075173.769487381,oos_iqr,0.022600000000000064,0.15356912653670052,0.004438819820382001,0.004382771782757355,0.004410795801569678,9937574151.38608,9937524898.346369,0.0004956268307734693,0.0004956268307734693,9949716327.12172,9949340518.423313,375808.6984062195,0.0037772221958865516,0.905,0.09499999999999997,0.5000000000000004,0.5000000000000004
formal-run-01-CCP30-solution-0042,1341ad2c7cdcac24484c73583e7b384f1914f97fa3feb598f36701c5a4489bf9,930002,5000,makespan,independent_oos_baseline,930001,930002,20,0.5,0.03667968633326862,0.0013453993895069726,1.7177479090874186,0.03102668679586588,55.363562354853116,oos_iqr,0.019199999999999995,0.31256521491747236,0.005850216834407684,0.00511392307083576,0.005482069952621722,506.5392543148074,504.95115783361047,0.3145049687598192,0.3145049687598192,571.7023160955354,571.262332622152,0.4399834733833359,0.0770195141982786,0.9082,0.09179999999999999,0.8199999999999985,0.8199999999999985
formal-run-01-CCP30-solution-0044,29645e3895c05d9067b603f15f23f295fa060931c6c197a092a560c435173a8a,930002,5000,cost,independent_oos_baseline,930001,930002,20,0.5,0.03601087198673518,0.0012967829012450283,13608.58660457602,0.043350220496908766,313921.969682863,oos_iqr,0.021400000000000086,0.20011475900980402,0.00611871641112092,0.004760861837010313,0.005439789124065617,11721046.19529204,11709724.738839213,0.09668422362889974,0.09668422362889974,12077598.489811921,12051259.971198225,26338.5186136961,0.21855406552214082,0.9126,0.08740000000000003,1.2599999999999945,1.2599999999999945
formal-run-01-CCP30-solution-0044,29645e3895c05d9067b603f15f23f295fa060931c6c197a092a560c435173a8a,930002,5000,emission,independent_oos_baseline,930001,930002,20,0.5,0.03147854330285916,0.0009908986884699794,240638.66681663637,0.023688338552243376,10158528.69064331,oos_iqr,0.020400000000000085,0.24666489084878074,0.004070302389887291,0.003888780676775623,0.003979541533331457,9669442844.215652,9669369059.447414,0.00076307738162064,0.00076307738162064,9681830661.219358,9681305853.645487,524807.5738716125,0.005420834563077012,0.9076,0.09240000000000004,0.759999999999994,0.759999999999994
formal-run-01-CCP30-solution-0044,29645e3895c05d9067b603f15f23f295fa060931c6c197a092a560c435173a8a,930002,5000,makespan,independent_oos_baseline,930001,930002,20,0.5,0.03948452272587494,0.0015590275348901343,2.0333720986116157,0.035923305720349255,56.60314544660025,oos_iqr,0.022800000000000042,0.14672889406685674,0.007904618827876205,0.005718422568678439,0.006811520698277323,510.43716582334685,508.5903460973861,0.36312520285375666,0.36312520285375666,572.3284362963469,571.8438316533271,0.484604643019793,0.08474422844060303,0.9104,0.08960000000000001,1.0399999999999965,1.0399999999999965
formal-run-01-CCP30-solution-0045,08337044ed484ce5d92f556b5fefc836584855bbecb3d9f7af37858beee842e5,930002,5000,cost,independent_oos_baseline,930001,930002,20,0.5,0.039350342855729616,0.001548449482863471,10905.226281346337,0.038792141028551594,281119.4740017038,oos_iqr,0.02300000000000002,0.1401360148439318,0.007161481896189053,0.0057344032065666925,0.006447942551377872,11734209.90629868,11724085.426592477,0.08635624304851362,0.08635624304851362,12048630.044636719,12015450.98063186,33179.064004858956,0.2761366515359389,0.9178,0.08220000000000005,1.7799999999999927,1.7799999999999927
formal-run-01-CCP30-solution-0045,08337044ed484ce5d92f556b5fefc836584855bbecb3d9f7af37858beee842e5,930002,5000,emission,independent_oos_baseline,930001,930002,20,0.5,0.03150861625142912,0.000992792898079823,278619.45612753485,0.02783774915554628,10008691.958919525,oos_iqr,0.023399999999999976,0.1276693074850469,0.0040017200543923685,0.003949905706390554,0.0039758128803914616,9586491199.387032,9586438038.204296,0.0005545457293270224,0.0005545457293270224,9598587699.598854,9598355751.25854,231948.3403148651,0.0024165424404534283,0.9038,0.09619999999999995,0.38000000000000256,0.38000000000000256
formal-run-01-CCP30-solution-0045,08337044ed484ce5d92f556b5fefc836584855bbecb3d9f7af37858beee842e5,930002,5000,makespan,independent_oos_baseline,930001,930002,20,0.5,0.03917767832540491,0.0015348904789689016,1.7286664125889346,0.033360337537056584,51.81801325207624,oos_iqr,0.01980000000000004,0.27821435494794367,0.006707889104346635,0.006133932430197561,0.0064209107672720984,517.3084539508831,515.6405004579714,0.32347216547774715,0.32347216547774715,575.238419289416,573.1504669168033,2.0879523726126763,0.3642939320706785,0.9146,0.08540000000000003,1.4599999999999946,1.4599999999999946
formal-run-01-CCP30-solution-0046,f13cbaefb1ba906d69b8ac08c82e4228b3b58db161ef951885ee9393824a05fc,930002,5000,cost,independent_oos_baseline,930001,930002,20,0.5,0.03802195401770991,0.0014456689873248467,13878.032317378756,0.04443386355150876,312330.0835924614,oos_iqr,0.020399999999999974,0.24666489084878618,0.006774623158462115,0.005333678204264287,0.006054150681363201,11711513.69300282,11699928.352606438,0.09902060976126409,0.09902060976126409,12064237.286453694,12035320.040820612,28917.245633082464,0.240269851861046,0.9144,0.08560000000000001,1.4399999999999968,1.4399999999999968
formal-run-01-CCP30-solution-0046,f13cbaefb1ba906d69b8ac08c82e4228b3b58db161ef951885ee9393824a05fc,930002,5000,emission,independent_oos_baseline,930001,930002,20,0.5,0.03226721992140641,0.0010411734814564067,246546.07530895167,0.024062615280304664,10246021.574834824,oos_iqr,0.021400000000000086,0.20011475900980402,0.004226462304513928,0.0041132141897151165,0.004169838247114522,9712699080.699793,9712624322.085648,0.0007697056085581779,0.0007697056085581779,9725037413.374859,9724674520.067204,362893.3076553345,0.0037316756145050565,0.905,0.09499999999999997,0.5000000000000004,0.5000000000000004
formal-run-01-CCP30-solution-0046,f13cbaefb1ba906d69b8ac08c82e4228b3b58db161ef951885ee9393824a05fc,930002,5000,makespan,independent_oos_baseline,930001,930002,20,0.5,0.03750624080318811,0.0014067180991867326,2.263130772650514,0.04029625879550923,56.16230489622342,oos_iqr,0.019400000000000084,0.3008012928035292,0.006322905041726111,0.0052656179007139,0.005794261471220006,512.1202034945919,509.9324071499674,0.4290365377741359,0.4290365377741359,572.5532417372476,571.936202833757,0.617038903490652,0.10788596707699669,0.9142,0.08579999999999999,1.419999999999999,1.419999999999999
formal-run-01-CCP30-solution-0047,de1daa3b06d5de7717277196b982bb196b302001c3035fc999485ea934423340,930002,5000,cost,independent_oos_baseline,930001,930002,20,0.5,0.04324149978516123,0.0018698273036700987,10095.912356268058,0.036438007623758414,277070.9216737002,oos_iqr,0.026599999999999957,0.05715490544435234,0.008840513172569855,0.006893061838234895,0.007866787505402376,11748334.013291977,11738583.35254465,0.08306505524973075,0.08306505524973075,12048216.672629492,12020142.348274203,28074.32435528934,0.23356066460660613,0.914,0.08599999999999997,1.4000000000000012,1.4000000000000012
formal-run-01-CCP30-solution-0047,de1daa3b06d5de7717277196b982bb196b302001c3035fc999485ea934423340,930002,5000,emission,independent_oos_baseline,930001,930002,20,0.5,0.030934861655903662,0.0009569656656698987,253475.98480929877,0.02477017005430347,10233114.437793732,oos_iqr,0.020199999999999996,0.25687337890743356,0.0039330558997298795,0.003769847863860377,0.0038514518817951283,9730581689.561052,9730502955.184425,0.0008091501229648011,0.0008091501229648011,9742849761.729319,9742496820.057352,352941.67196655273,0.003622702460009374,0.9044,0.09560000000000002,0.43999999999999595,0.43999999999999595
formal-run-01-CCP30-solution-0047,de1daa3b06d5de7717277196b982bb196b302001c3035fc999485ea934423340,930002,5000,makespan,independent_oos_baseline,930001,930002,20,0.5,0.04359486959795287,0.0019005126552625153,1.8780558781267487,0.03539022407501692,53.067080732402815,oos_iqr,0.01980000000000004,0.27821435494794367,0.008282698397387125,0.007404044608137949,0.007843371502762536,515.7957593712744,513.9484304505226,0.35943857618797564,0.35943857618797564,572.4926217722896,571.7558199161465,0.7368018561430745,0.12886652491812564,0.9166,0.08340000000000003,1.6599999999999948,1.6599999999999948
formal-run-01-CCP30-solution-0048,06f68762eadc6db4018cf86e7f5f14597f043b5ec3a94989d137298049d79d37,930002,5000,cost,independent_oos_baseline,930001,930002,20,0.5,0.04531841147898254,0.0020537584189783764,11536.729040535658,0.040504042093284634,284829.0798722133,oos_iqr,0.023400000000000087,0.12766930748504346,0.009680693329306104,0.00761773541563723,0.008649214372471667,11736464.807920553,11726036.43155878,0.08893351494036028,0.08893351494036028,12057274.201562906,12034234.4025365,23039.79902640544,0.19145213775750666,0.914,0.08599999999999997,1.4000000000000012,1.4000000000000012
formal-run-01-CCP30-solution-0048,06f68762eadc6db4018cf86e7f5f14597f043b5ec3a94989d137298049d79d37,930002,5000,emission,independent_oos_baseline,930001,930002,20,0.5,0.03511141712558007,0.0012328116125664777,285432.057518658,0.028193406643971575,10124071.2455616,oos_iqr,0.022199999999999998,0.16801422440099156,0.004997851040737816,0.004877748828782354,0.004937799934760085,10253914504.959728,10253847855.782377,0.000649991869280691,0.000649991869280691,10266169502.249498,10265678534.031704,490968.21779441833,0.00478261827668587,0.9082,0.09179999999999999,0.8199999999999985,0.8199999999999985
formal-run-01-CCP30-solution-0048,06f68762eadc6db4018cf86e7f5f14597f043b5ec3a94989d137298049d79d37,930002,5000,makespan,independent_oos_baseline,930001,930002,20,0.5,0.03357245470958125,0.001127109715226884,2.1120916518636705,0.03783497133328319,55.82379416277439,oos_iqr,0.02180000000000004,0.18351543091287947,0.005111646967586455,0.0041771149169884305,0.0046443809422874426,505.04097089990216,502.97313283567877,0.4111229664624963,0.4111229664624963,572.2227331464034,571.6248243474093,0.5979087989940126,0.10459811637407633,0.915,0.08499999999999996,1.5000000000000013,1.5000000000000013
formal-run-01-CCP30-solution-0049,9114049cd93b6dae5ba2f15687956a3c5a5ca83acb50423fd6c48cbc1366cc95,930002,5000,cost,independent_oos_baseline,930001,930002,20,0.5,0.038653787471441006,0.00149411528588733,13493.978826385257,0.04624965168284869,291763.9016812183,oos_iqr,0.02400000000000002,0.11067945593694506,0.006961831697077327,0.005500559947162259,0.0062311958221197925,11882456.542970119,11870008.623786958,0.10486866166395234,0.10486866166395234,12225817.933101904,12187695.560396487,38122.372705416754,0.31279393644598524,0.9178,0.08220000000000005,1.7799999999999927,1.7799999999999927
formal-run-01-CCP30-solution-0049,9114049cd93b6dae5ba2f15687956a3c5a5ca83acb50423fd6c48cbc1366cc95,930002,5000,emission,independent_oos_baseline,930001,930002,20,0.5,0.029921794368585025,0.0008953137782358864,263359.67898280534,0.026026897905865237,10118750.222763062,oos_iqr,0.0232,0.13378475057842076,0.003687643392273066,0.003495351638901005,0.0035914975155870357,9527218815.046124,9527118203.681948,0.0010560524392036325,0.0010560524392036325,9539635350.409128,9539189849.061447,445501.34768104553,0.004670222049568266,0.9056,0.09440000000000004,0.5599999999999938,0.5599999999999938
formal-run-01-CCP30-solution-0049,9114049cd93b6dae5ba2f15687956a3c5a5ca83acb50423fd6c48cbc1366cc95,930002,5000,makespan,independent_oos_baseline,930001,930002,20,0.5,0.03346377145549842,0.001119824000025831,2.1439730963447077,0.04769166745779447,44.954878087289615,oos_iqr,0.020399999999999974,0.24666489084878618,0.004903970111409316,0.004212063679689387,0.0045580168955493515,521.6729361753395,519.5456674880174,0.4094478734867144,0.4094478734867144,578.5044105074788,576.3566412774876,2.1477692299912405,0.3726458717003305,0.9122,0.08779999999999999,1.2199999999999989,1.2199999999999989
formal-run-01-CCP30-solution-0051,7682305c3e1933d02f73b16bd88958fc55a596837500a90480b7951ca5866ac5,930002,5000,cost,independent_oos_baseline,930001,930002,20,0.5,0.04477198837049935,0.0020045309426481293,10513.057051454585,0.03734693419618722,281497.1905385442,oos_iqr,0.020399999999999974,0.24666489084878618,0.008983960298684644,0.007502836778876333,0.008243398538780488,11713186.732392274,11703555.860093769,0.0822901382591256,0.0822901382591256,12019317.161239358,12000390.412911963,18926.748327394947,0.15771777147375546,0.9118,0.08819999999999995,1.1800000000000033,1.1800000000000033
formal-run-01-CCP30-solution-0051,7682305c3e1933d02f73b16bd88958fc55a596837500a90480b7951ca5866ac5,930002,5000,emission,independent_oos_baseline,930001,930002,20,0.5,0.02878528642087594,0.0008285927143318647,260452.15038836974,0.02588090580709994,10063486.661928177,oos_iqr,0.020399999999999974,0.24666489084878618,0.0034280932423373035,0.0032324383885866024,0.003330265815461953,9705777072.168503,9705718411.422262,0.0006043936548950402,0.0006043936548950402,9718011305.60428,9717768238.258606,243067.34567451477,0.002501267160473789,0.9042,0.0958,0.41999999999999815,0.41999999999999815
formal-run-01-CCP30-solution-0051,7682305c3e1933d02f73b16bd88958fc55a596837500a90480b7951ca5866ac5,930002,5000,makespan,independent_oos_baseline,930001,930002,20,0.5,0.03194653553920858,0.0010205811329579166,1.7044384767068483,0.03172695654156786,53.72209195274485,oos_iqr,0.020199999999999996,0.25687337890743356,0.004632936431901354,0.003780824912193117,0.004206880672047235,510.267103397049,508.6469465143822,0.31852287598880197,0.31852287598880197,571.99654804259,571.6590798031649,0.33746823942510673,0.05903312854600414,0.9122,0.08779999999999999,1.2199999999999989,1.2199999999999989
formal-run-01-CCP30-solution-0052,faf1c6d70c7be23563e000303ba44c668cd753e6aa25aa6a1215e9372024b306,930002,5000,cost,independent_oos_baseline,930001,930002,20,0.5,0.03564510631529721,0.0012705736042288407,9577.363023325448,0.035794643388002895,267564.14135796204,oos_iqr,0.021999999999999964,0.17563013054961696,0.006037014119435791,0.004669318964686125,0.005353166542060958,11678715.254697816,11669719.580902778,0.07708560375143926,0.07708560375143926,11973665.416384986,11949181.326501146,24484.08988383971,0.20490181891824155,0.914,0.08599999999999997,1.4000000000000012,1.4000000000000012
formal-run-01-CCP30-solution-0052,faf1c6d70c7be23563e000303ba44c668cd753e6aa25aa6a1215e9372024b306,930002,5000,emission,independent_oos_baseline,930001,930002,20,0.5,0.03202526607453718,0.0010256176671449018,257226.91871079005,0.02528064621983374,10174855.360658646,oos_iqr,0.01959999999999995,0.2893512907607346,0.004125940608648532,0.004120553294636303,0.004123246951642418,9785124524.848488,9785078937.607199,0.0004658852685790034,0.0004658852685790034,9797229257.754805,9797147673.467165,81584.28763961792,0.0008327351016721546,0.9022,0.0978,0.21999999999999797,0.21999999999999797
formal-run-01-CCP30-solution-0052,faf1c6d70c7be23563e000303ba44c668cd753e6aa25aa6a1215e9372024b306,930002,5000,makespan,independent_oos_baseline,930001,930002,20,0.5,0.032459664984078235,0.0010536298508785947,1.6446122695029346,0.03339784063058795,49.24307196066712,oos_iqr,0.019400000000000084,0.3008012928035292,0.0045019209654649905,0.004087613360439292,0.004294767162952141,518.6517370933719,517.1822035547532,0.28414232518408206,0.28414232518408206,573.1722153565614,572.8550476120045,0.3171677445569685,0.0553661429499678,0.9136,0.08640000000000003,1.3599999999999945,1.3599999999999945
formal-run-01-CCP30-solution-0053,9ac5f10252cf7f9adb1f24e6e9a740d5439827d6ad9acdda12a4f65ea91183f9,930002,5000,cost,independent_oos_baseline,930001,930002,20,0.5,0.03726786775781909,0.0013888939672142917,13580.474888466511,0.04376608408347752,310296.7782670185,oos_iqr,0.02140000000000003,0.20011475900980646,0.006659896240127421,0.005070202739681397,0.005865049489904409,11699037.254560877,11687839.53946239,0.09580654372161478,0.09580654372161478,12051154.459545918,12026488.98633371,24665.4732122086,0.20509288488300442,0.9124,0.08760000000000001,1.2399999999999967,1.2399999999999967
formal-run-01-CCP30-solution-0053,9ac5f10252cf7f9adb1f24e6e9a740d5439827d6ad9acdda12a4f65ea91183f9,930002,5000,emission,independent_oos_baseline,930001,930002,20,0.5,0.03134448868075844,0.0009824769706581937,232421.06347694297,0.022697465064052822,10239956.877168655,oos_iqr,0.020000000000000018,0.26738904394377594,0.004098647642832024,0.003812928675915743,0.003955788159373884,9717330151.43216,9717248402.994982,0.0008412714565623552,0.0008412714565623552,9729729715.378525,9729145968.599932,583746.7785930634,0.005999979653682461,0.9068,0.09319999999999995,0.6800000000000028,0.6800000000000028
formal-run-01-CCP30-solution-0053,9ac5f10252cf7f9adb1f24e6e9a740d5439827d6ad9acdda12a4f65ea91183f9,930002,5000,makespan,independent_oos_baseline,930001,930002,20,0.5,0.03674064353271098,0.0013498748871977372,1.9545581886271077,0.0375974797500817,51.98641509003966,oos_iqr,0.024800000000000044,0.0909726007974492,0.005927262490520672,0.0051051370964465955,0.005516199793483634,505.3321032409204,503.48923984658194,0.3660184267095737,0.3660184267095737,572.1839197168409,570.1001756993667,2.0837440174742596,0.36550488954297206,0.911,0.08899999999999997,1.100000000000001,1.100000000000001
formal-run-01-CCP30-solution-0055,5405a5d13b806c633e28cbc9501c5c7fea2115beb111347884fbf650a59a142d,930002,5000,cost,independent_oos_baseline,930001,930002,20,0.5,0.033234710530271216,0.0011045459840309203,9192.006060168871,0.03626905326001316,253439.37141869403,oos_iqr,0.021199999999999997,0.2088385883788043,0.005339190082526216,0.004021880029110557,0.004680535055818386,11695082.036700409,11686477.287923222,0.07362996192256006,0.07362996192256006,11976688.323613334,11951588.921195768,25099.402417566627,0.21000891666424057,0.9142,0.08579999999999999,1.419999999999999,1.419999999999999
formal-run-01-CCP30-solution-0055,5405a5d13b806c633e28cbc9501c5c7fea2115beb111347884fbf650a59a142d,930002,5000,emission,independent_oos_baseline,930001,930002,20,0.5,0.035006120098066015,0.0012254284443202217,277592.54971874086,0.027658504416226932,10036426.610105515,oos_iqr,0.021199999999999997,0.2088385883788043,0.004983612516538752,0.00483416460745359,0.004908888561996171,9748111925.12897,9748043061.18742,0.0007064386268818222,0.0007064386268818222,9760392060.096565,9759922941.15906,469118.93750572205,0.004806584440614558,0.9072,0.0928,0.7199999999999984,0.7199999999999984
formal-run-01-CCP30-solution-0055,5405a5d13b806c633e28cbc9501c5c7fea2115beb111347884fbf650a59a142d,930002,5000,makespan,independent_oos_baseline,930001,930002,20,0.5,0.03460755557895805,0.0011976829031506708,1.7227453704392754,0.03519488234819458,48.94874639430776,oos_iqr,0.020199999999999996,0.25687337890743356,0.0051335482788445325,0.004625207431313529,0.004879377855079031,518.0546016075854,516.4920650096891,0.3025286744467133,0.3025286744467133,573.0898901530641,572.7339478577335,0.3559422953305784,0.06214793040677137,0.9152,0.08479999999999999,1.5199999999999991,1.5199999999999991
formal-run-01-CCP30-solution-0056,0799d6fc5e403e6049eab5e2ad8c74e3422a97f005e4dfa83db8fea969251400,930002,5000,cost,independent_oos_baseline,930001,930002,20,0.5,0.03385481510334854,0.0011461485056819165,14662.708848924793,0.04322091518569833,339250.30939133465,oos_iqr,0.0232,0.13378475057842076,0.005560620852728491,0.004105642961277445,0.0048331319070029684,12009183.447448947,11994941.491126008,0.11873302036091266,0.11873302036091266,12379001.402118849,12346216.663492285,32784.73862656392,0.2655448184666017,0.913,0.08699999999999997,1.3000000000000012,1.3000000000000012
formal-run-01-CCP30-solution-0056,0799d6fc5e403e6049eab5e2ad8c74e3422a97f005e4dfa83db8fea969251400,930002,5000,emission,independent_oos_baseline,930001,930002,20,0.5,0.02705229456603018,0.000731826641287266,246412.33772839623,0.024038231430945453,10250851.37549591,oos_iqr,0.02079999999999993,0.2271573830325644,0.0029635335263071003,0.002896165351891793,0.002929849439099447,9355745605.239574,9355642394.230509,0.0011031953201768039,0.0011031953201768039,9368254779.074715,9367870369.474537,384409.6001777649,0.004103489747577786,0.905,0.09499999999999997,0.5000000000000004,0.5000000000000004
formal-run-01-CCP30-solution-0056,0799d6fc5e403e6049eab5e2ad8c74e3422a97f005e4dfa83db8fea969251400,930002,5000,makespan,independent_oos_baseline,930001,930002,20,0.5,0.037946077275109645,0.0014399047805685925,1.3230464738374754,0.02313441285922389,57.189541912664765,oos_iqr,0.01739999999999997,0.43234344883612785,0.006355562147781234,0.0054980255157726175,0.005926793831776926,517.4788001272439,516.4895279288863,0.1915377069356061,0.1915377069356061,576.76763375469,573.559147617706,3.2084861369839928,0.559399348839702,0.9126,0.08740000000000003,1.2599999999999945,1.2599999999999945
formal-run-01-CCP30-solution-0057,d5133673e49b6a9895f52f11b3ecc2e8174b9a38907d7ace8c208a0a5bc2d25d,930002,5000,cost,independent_oos_baseline,930001,930002,20,0.5,0.037625123449120994,0.0014156499145615946,13498.689212158348,0.042833433835788325,315143.75578452647,oos_iqr,0.022599999999999953,0.15356912653670451,0.006296385607755425,0.0053044986987531295,0.005800442153254277,12002072.218730127,11988907.300823051,0.10980915588672681,0.10980915588672681,12358677.071178025,12330196.912755812,28480.158422213048,0.23097894237803948,0.9118,0.08819999999999995,1.1800000000000033,1.1800000000000033
formal-run-01-CCP30-solution-0057,d5133673e49b6a9895f52f11b3ecc2e8174b9a38907d7ace8c208a0a5bc2d25d,930002,5000,emission,independent_oos_baseline,930001,930002,20,0.5,0.031085753581522314,0.0009663240757311273,236398.26472742547,0.023037709334943986,10261361.548166275,oos_iqr,0.01980000000000004,0.27821435494794367,0.003943208348057327,0.0038047178998114398,0.0038739631239343834,9386293078.335606,9386183131.52218,0.0011713687223491637,0.0011713687223491637,9398704097.971949,9398486465.141714,217632.8302345276,0.0023156157221879453,0.9022,0.0978,0.21999999999999797,0.21999999999999797
formal-run-01-CCP30-solution-0057,d5133673e49b6a9895f52f11b3ecc2e8174b9a38907d7ace8c208a0a5bc2d25d,930002,5000,makespan,independent_oos_baseline,930001,930002,20,0.5,0.02882668530027707,0.0008309777854012101,2.1891393390019167,0.039572947394037515,55.319087486815704,oos_iqr,0.020399999999999974,0.24666489084878618,0.00381854350321988,0.0030495802316224028,0.0034340618674211414,525.0981978226672,522.9154200737655,0.41742462836413774,0.41742462836413774,577.7330332471454,575.2731689991543,2.4598642479910495,0.42759933550710505,0.9138,0.08620000000000005,1.3799999999999923,1.3799999999999923
formal-run-01-CCP30-solution-0058,489a63c0ac022d1a9b01feed72a3634243a5d3cad3daddc5adb7bac8cff58964,930002,5000,cost,independent_oos_baseline,930001,930002,20,0.5,0.03836239419936703,0.0014716732887076291,11154.295075628264,0.040790560711215805,273452.8499031216,oos_iqr,0.02240000000000003,0.16066237817967954,0.006789958739371136,0.005494077273736999,0.006142018006554067,11714324.118311457,11703546.419623768,0.09208916939585093,0.09208916939585093,12020350.858589888,11991866.274357801,28484.584232086316,0.23753253730818263,0.9166,0.08340000000000003,1.6599999999999948,1.6599999999999948
formal-run-01-CCP30-solution-0058,489a63c0ac022d1a9b01feed72a3634243a5d3cad3daddc5adb7bac8cff58964,930002,5000,emission,independent_oos_baseline,930001,930002,20,0.5,0.032993602585642504,0.0010885778115793158,252087.80350681877,0.024885394722862244,10129949.9692173,oos_iqr,0.023399999999999976,0.1276693074850469,0.0044308925660727,0.004384495289433488,0.004407693927753094,9728865046.195425,9728791984.596659,0.0007509832554956815,0.0007509832554956815,9741112564.233501,9740868106.116148,244458.11735343933,0.0025096132571587504,0.9046,0.09540000000000004,0.45999999999999375,0.45999999999999375
formal-run-01-CCP30-solution-0058,489a63c0ac022d1a9b01feed72a3634243a5d3cad3daddc5adb7bac8cff58964,930002,5000,makespan,independent_oos_baseline,930001,930002,20,0.5,0.03956221411590676,0.0015651687857528524,1.8468868848432864,0.03559790062243614,51.88190462218597,oos_iqr,0.020600000000000063,0.23676066509225802,0.006820480548970849,0.006031067958011966,0.006425774253491407,513.6412642962737,511.84689698580456,0.35056719519760565,0.35056719519760565,572.3349408640555,571.6944935338422,0.6404473302133056,0.11202614988548835,0.9154,0.08460000000000001,1.539999999999997,1.539999999999997
formal-run-01-CCP30-solution-0059,3f1caa7d595ebe654f44b58cdf662c8cb35f20981a1bdb3760ef92384d5473ac,930002,5000,cost,independent_oos_baseline,930001,930002,20,0.5,0.03794840362041799,0.0014400813373381537,9988.989966296636,0.03822378532995361,261329.16664506495,oos_iqr,0.024800000000000044,0.0909726007974492,0.007010142171361459,0.005269110432426385,0.006139626301893922,11711652.308335451,11702028.954151854,0.08223662940248619,0.08223662940248619,11997099.940002786,11969074.115688955,28025.824313830584,0.23415198237509938,0.9154,0.08460000000000001,1.539999999999997,1.539999999999997
formal-run-01-CCP30-solution-0059,3f1caa7d595ebe654f44b58cdf662c8cb35f20981a1bdb3760ef92384d5473ac,930002,5000,emission,independent_oos_baseline,930001,930002,20,0.5,0.034092930532626006,0.0011623279123024626,304196.0067499286,0.030230532379311094,10062542.165420532,oos_iqr,0.0232,0.13378475057842076,0.004743492735502699,0.004567027935256998,0.0046552603353798485,9848347578.082382,9848292416.982237,0.0005601082686194518,0.0005601082686194518,9860536274.154543,9860105402.490015,430871.66452789307,0.004369848464490888,0.9054,0.09460000000000002,0.539999999999996,0.539999999999996
formal-run-01-CCP30-solution-0059,3f1caa7d595ebe654f44b58cdf662c8cb35f20981a1bdb3760ef92384d5473ac,930002,5000,makespan,independent_oos_baseline,930001,930002,20,0.5,0.03681582274305386,0.0013554048042479618,1.6426274766817388,0.03161173156264394,51.96259095856857,oos_iqr,0.020000000000000018,0.26738904394377594,0.005995949586782325,0.005186802203972771,0.005591375895377548,515.0480266949402,513.440606509198,0.31306837935370335,0.31306837935370335,572.4259096652486,571.9605159242844,0.46539374096414576,0.08136815881636035,0.9144,0.08560000000000001,1.4399999999999968,1.4399999999999968
formal-run-01-CCP30-solution-0060,35ea7dd4b48db2115d0f1f1b327a0a3fac51b9af664c82d2c572470bee308c07,930002,5000,cost,independent_oos_baseline,930001,930002,20,0.5,0.04113872141214603,0.0016923943994261623,12750.369669511603,0.041134975616912726,309964.1966061909,oos_iqr,0.022800000000000042,0.14672889406685674,0.008745874325880736,0.006102182105293669,0.007424028215587203,11782855.35423356,11771634.430512255,0.09532171413868713,0.09532171413868713,12136745.482146421,12112313.085289253,24432.396857168525,0.20171536753654729,0.9104,0.08960000000000001,1.0399999999999965,1.0399999999999965
formal-run-01-CCP30-solution-0060,35ea7dd4b48db2115d0f1f1b327a0a3fac51b9af664c82d2c572470bee308c07,930002,5000,emission,independent_oos_baseline,930001,930002,20,0.5,0.02807109753320446,0.0007879865167186775,234806.619875171,0.02309110901170389,10168702.584018707,oos_iqr,0.019400000000000084,0.3008012928035292,0.003264632665149086,0.0030769404993291434,0.0031707865822391147,10124529414.271687,10124449384.790697,0.000790457613523944,0.000790457613523944,10136904984.50515,10136501807.424717,403177.08043289185,0.003977477517318404,0.9076,0.09240000000000004,0.759999999999994,0.759999999999994
formal-run-01-CCP30-solution-0060,35ea7dd4b48db2115d0f1f1b327a0a3fac51b9af664c82d2c572470bee308c07,930002,5000,makespan,independent_oos_baseline,930001,930002,20,0.5,0.036991393720685925,0.0013683632093988022,2.0400819072554333,0.03713467848264958,54.93737903799598,oos_iqr,0.022399999999999975,0.16066237817968165,0.006252407901027816,0.005066967206709162,0.005659687553868489,504.3077841281824,502.4533527039276,0.3690753408799608,0.3690753408799608,571.5023695423309,567.8159066286837,3.686462913647233,0.6492355833310515,0.911,0.08899999999999997,1.100000000000001,1.100000000000001
formal-run-01-CCP30-solution-0061,a7e486d8c7e8e16e4283396b9f23b2622b0222de500cdcfc7c54d9e4b251af93,930002,5000,cost,independent_oos_baseline,930001,930002,20,0.5,0.04391561223729,0.0019285809981760154,9976.66228549995,0.037668807562993484,264852.0866718702,oos_iqr,0.022399999999999975,0.16066237817968165,0.008306395021934558,0.00742044013368761,0.007863417577811085,11687142.343365215,11678085.261036683,0.07755622712184136,0.07755622712184136,11984029.657147735,11962087.95620963,21941.700938105583,0.18342701557143662,0.913,0.08699999999999997,1.3000000000000012,1.3000000000000012
formal-run-01-CCP30-solution-0061,a7e486d8c7e8e16e4283396b9f23b2622b0222de500cdcfc7c54d9e4b251af93,930002,5000,emission,independent_oos_baseline,930001,930002,20,0.5,0.030897949449162087,0.0009546832801629757,297192.60317387583,0.029464640876788666,10086415.253341675,oos_iqr,0.023400000000000004,0.1276693074850458,0.0038817115493418506,0.0037629998367077378,0.003822355693024794,9783894465.230103,9783856670.99056,0.0003862918357549998,0.0003862918357549998,9796129715.817318,9795652992.596027,476723.2212905884,0.004866681390724193,0.9054,0.09460000000000002,0.539999999999996,0.539999999999996
formal-run-01-CCP30-solution-0061,a7e486d8c7e8e16e4283396b9f23b2622b0222de500cdcfc7c54d9e4b251af93,930002,5000,makespan,independent_oos_baseline,930001,930002,20,0.5,0.026085339706873944,0.0006804449476230143,1.5955964172305377,0.03197330908854718,49.904012525312226,oos_iqr,0.02180000000000004,0.18351543091287947,0.0029958417650922022,0.002555995015010925,0.0027759183900515636,515.0746419840141,513.7426186123355,0.25927834744886485,0.25927834744886485,572.7973183696774,572.5613095943709,0.23600877530657272,0.041219825956066145,0.9116,0.08840000000000003,1.1599999999999944,1.1599999999999944
formal-run-01-CCP30-solution-0062,8b445fd8b4a097b9b7d3979c1b8392142c093eeab6b4611e076683a716cb7018,930002,5000,cost,independent_oos_baseline,930001,930002,20,0.5,0.03804518063353797,0.0014474357694385328,13072.94486627993,0.039112500851825,334239.5546581354,oos_iqr,0.022800000000000042,0.14672889406685674,0.007277983079373618,0.005231801808253501,0.006254892443813559,11773735.05503437,11762062.597696891,0.09923818412396257,0.09923818412396257,12140608.331969135,12116936.106115703,23672.22585343197,0.19536478236840782,0.9134,0.08660000000000001,1.3399999999999967,1.3399999999999967
formal-run-01-CCP30-solution-0062,8b445fd8b4a097b9b7d3979c1b8392142c093eeab6b4611e076683a716cb7018,930002,5000,emission,independent_oos_baseline,930001,930002,20,0.5,0.03459349335711208,0.0011967097826485573,278255.8683237564,0.02735083103250512,10173580.02735138,oos_iqr,0.02279999999999993,0.14672889406686074,0.004987547232977941,0.0046656098677832734,0.004826578550380607,9790718262.301619,9790645814.793684,0.0007399665895900554,0.0007399665895900554,9803076338.706642,9802646318.046957,430020.6596851349,0.004386781341824547,0.9064,0.09360000000000002,0.6399999999999961,0.6399999999999961
formal-run-01-CCP30-solution-0062,8b445fd8b4a097b9b7d3979c1b8392142c093eeab6b4611e076683a716cb7018,930002,5000,makespan,independent_oos_baseline,930001,930002,20,0.5,0.036157413777561986,0.0013073585710818292,2.0376479486938424,0.03840353191410641,53.05886847207853,oos_iqr,0.02400000000000002,0.11067945593694506,0.005975909828316908,0.004849107152355781,0.005412508490336344,504.53469642419026,502.70939970837554,0.36309182141284413,0.36309182141284413,571.5023695423309,567.8159066286837,3.686462913647233,0.6492355833310515,0.911,0.08899999999999997,1.100000000000001,1.100000000000001
formal-run-01-CCP30-solution-0063,897eba58b2a1a0d607e3bb0dcc70bcaf92163817b92cfb4b2a2b3443d54fa3b7,930002,5000,cost,independent_oos_baseline,930001,930002,20,0.5,0.036444912178919125,0.0013282316237291276,13999.935961837724,0.04396784784302797,318413.0369951166,oos_iqr,0.02180000000000004,0.18351543091287947,0.005879434111403638,0.005005158447553872,0.005442296279478755,12009832.938160354,11996586.133795232,0.11042145004740563,0.11042145004740563,12371720.89518263,12344456.356890038,27264.53829259239,0.22086463351927796,0.9124,0.08760000000000001,1.2399999999999967,1.2399999999999967
formal-run-01-CCP30-solution-0063,897eba58b2a1a0d607e3bb0dcc70bcaf92163817b92cfb4b2a2b3443d54fa3b7,930002,5000,emission,independent_oos_baseline,930001,930002,20,0.5,0.030873837618203864,0.00095319384927522,231919.79597435147,0.02189243386972795,10593604.957511902,oos_iqr,0.01880000000000004,0.3370349751045171,0.003920336401707257,0.0037266320126160125,0.0038234842071616345,9385684565.623144,9385589048.015675,0.0010177049834688137,0.0010177049834688137,9398301890.046505,9397918001.452345,383888.59416007996,0.004084825959332208,0.9056,0.09440000000000004,0.5599999999999938,0.5599999999999938
formal-run-01-CCP30-solution-0063,897eba58b2a1a0d607e3bb0dcc70bcaf92163817b92cfb4b2a2b3443d54fa3b7,930002,5000,makespan,independent_oos_baseline,930001,930002,20,0.5,0.029220088996263837,0.0008538136009495789,2.2062677164556423,0.039845191609465994,55.37099025849585,oos_iqr,0.02200000000000002,0.17563013054961474,0.0037786425164135287,0.0031878794728138495,0.0034832609946136893,525.9734027906048,523.7725731294863,0.42018803084109424,0.42018803084109424,577.6479271657502,575.2597994988548,2.3881276668953433,0.41513898050512,0.914,0.08599999999999997,1.4000000000000012,1.4000000000000012
formal-run-01-CCP30-solution-0064,3a4242b948c5fdb3a976ec53b53be7966a30594c39a8eab5411079ff10a3a06f,930002,5000,cost,independent_oos_baseline,930001,930002,20,0.5,0.04200274119751846,0.0017642302681057146,12810.062888647324,0.04080255146161858,313952.49634565786,oos_iqr,0.021400000000000086,0.20011475900980402,0.008995027591496025,0.006443547350056522,0.007719287470776274,11765026.585100178,11753752.00790398,0.09592321829332312,0.09592321829332312,12119509.846164271,12097474.551304977,22035.29485929385,0.18214789182521454,0.9102,0.08979999999999999,1.0199999999999987,1.0199999999999987
formal-run-01-CCP30-solution-0064,3a4242b948c5fdb3a976ec53b53be7966a30594c39a8eab5411079ff10a3a06f,930002,5000,emission,independent_oos_baseline,930001,930002,20,0.5,0.03364313047182435,0.0011318602279441962,231796.42564243855,0.02247528173169118,10313393.54983902,oos_iqr,0.019199999999999995,0.31256521491747236,0.0047026767939955475,0.0044028785957414916,0.0045527776948685195,10151033455.981686,10150949442.50489,0.0008276415646738264,0.0008276415646738264,10163543433.01813,10162977235.053137,566197.9649925232,0.005571182065031584,0.907,0.09299999999999997,0.7000000000000006,0.7000000000000006
formal-run-01-CCP30-solution-0064,3a4242b948c5fdb3a976ec53b53be7966a30594c39a8eab5411079ff10a3a06f,930002,5000,makespan,independent_oos_baseline,930001,930002,20,0.5,0.036991393720685925,0.0013683632093988022,2.0400819072554333,0.03713467848264958,54.93737903799598,oos_iqr,0.022399999999999975,0.16066237817968165,0.006252407901027816,0.005066967206709162,0.005659687553868489,504.3077841281824,502.4533527039276,0.3690753408799608,0.3690753408799608,571.5023695423309,567.8159066286837,3.686462913647233,0.6492355833310515,0.911,0.08899999999999997,1.100000000000001,1.100000000000001
formal-run-01-CCP30-solution-0065,fa5dccd5806558d989432597f28a788da39f39eb3b504ef1bf7f237d3e27cfbd,930002,5000,cost,independent_oos_baseline,930001,930002,20,0.5,0.03722655181993728,0.0013858161604024756,13277.076435290855,0.04302988401934157,308554.78088955395,oos_iqr,0.023799999999999932,0.11612252501738683,0.006354943304731167,0.005135098079689711,0.005745020692210439,11813737.749922568,11802016.21997535,0.09931802946837533,0.09931802946837533,12168948.802572194,12135461.44546844,33487.357103753835,0.2759463021182314,0.915,0.08499999999999996,1.5000000000000013,1.5000000000000013
formal-run-01-CCP30-solution-0065,fa5dccd5806558d989432597f28a788da39f39eb3b504ef1bf7f237d3e27cfbd,930002,5000,emission,independent_oos_baseline,930001,930002,20,0.5,0.028929635447105372,0.0008369238071024157,236719.13958880358,0.023508062526344655,10069700.100700378,oos_iqr,0.022800000000000042,0.14672889406685674,0.0033902649185953977,0.0033140291091634548,0.003352147013879426,9438560529.330591,9438468534.855406,0.000974675868713945,0.000974675868713945,9450812919.556581,9450406575.469723,406344.0868587494,0.004299752435133221,0.9046,0.09540000000000004,0.45999999999999375,0.45999999999999375
formal-run-01-CCP30-solution-0065,fa5dccd5806558d989432597f28a788da39f39eb3b504ef1bf7f237d3e27cfbd,930002,5000,makespan,independent_oos_baseline,930001,930002,20,0.5,0.0369560825976927,0.0013657520409674855,1.943153303478886,0.03674910870259118,52.87620222859647,oos_iqr,0.01739999999999997,0.43234344883612785,0.0063697785704606835,0.005049664231364793,0.005709721400912738,513.2123043709081,511.3082322671535,0.37239222519689713,0.37239222519689713,573.5732303554099,572.412897748526,1.1603326068839124,0.20270902550376718,0.9114,0.08860000000000001,1.1399999999999966,1.1399999999999966
formal-run-01-CCP30-solution-0066,d0d0123bebcd893c71dfbcba4be96ad6ded32c88d96caebdaad942c75d9956d5,930002,5000,cost,independent_oos_baseline,930001,930002,20,0.5,0.03842736980986973,0.0014766627505044877,14909.517241513491,0.045814198098639,325434.4255772624,oos_iqr,0.022199999999999998,0.16801422440099156,0.006884774424625727,0.005421520346285312,0.006153147385455519,11805205.262928655,11792937.10824954,0.10402967951498607,0.10402967951498607,12180462.603310386,12150161.996902918,30300.606407467276,0.24938438199581958,0.9134,0.08660000000000001,1.3399999999999967,1.3399999999999967
formal-run-01-CCP30-solution-0066,d0d0123bebcd893c71dfbcba4be96ad6ded32c88d96caebdaad942c75d9956d5,930002,5000,emission,independent_oos_baseline,930001,930002,20,0.5,0.02779956134417217,0.0007728156109283917,254203.99225662963,0.024870592782316663,10221066.883350372,oos_iqr,0.02059999999999995,0.23676066509226357,0.003169774738870695,0.003047205323227901,0.003108490031049298,9599973931.933987,9599895389.538586,0.0008181588675079935,0.0008181588675079935,9612496206.947124,9612089162.15546,407044.79166412354,0.004234717185799033,0.9056,0.09440000000000004,0.5599999999999938,0.5599999999999938
formal-run-01-CCP30-solution-0066,d0d0123bebcd893c71dfbcba4be96ad6ded32c88d96caebdaad942c75d9956d5,930002,5000,makespan,independent_oos_baseline,930001,930002,20,0.5,0.03964485850987024,0.0015717148062676307,2.054839932065077,0.03639811968162058,56.454562764204525,oos_iqr,0.023400000000000087,0.12766930748504346,0.007940599633807563,0.0057797392656507756,0.00686016944972917,509.40815183068526,507.4571063962141,0.3844749457401057,0.3844749457401057,572.1839197168409,570.1001756993667,2.0837440174742596,0.36550488954297206,0.911,0.08899999999999997,1.100000000000001,1.100000000000001
formal-run-01-CCP30-solution-0068,42b302a1addd983951695cce1e847887e15c741b46d232ec2d88eb0063b153f6,930002,5000,cost,independent_oos_baseline,930001,930002,20,0.5,0.03899741320428909,0.0015207982366260606,12887.438988539958,0.04433632487299628,290674.49829133786,oos_iqr,0.023800000000000043,0.11612252501738375,0.007342949487587923,0.00555449460903678,0.006448722048312351,11773747.190277698,11761917.836325333,0.10057334285937107,0.10057334285937107,12109041.14725223,12082243.570683645,26797.57656858489,0.22179305037026836,0.9132,0.08679999999999999,1.319999999999999,1.319999999999999
formal-run-01-CCP30-solution-0068,42b302a1addd983951695cce1e847887e15c741b46d232ec2d88eb0063b153f6,930002,5000,emission,independent_oos_baseline,930001,930002,20,0.5,0.030529620925412712,0.0009320577538493976,275201.39305452997,0.0270043181974921,10191014.30526352,oos_iqr,0.02100000000000002,0.2178513612898525,0.003783541968372975,0.0036838788849857407,0.003733710426679358,10241068780.356432,10240985908.503143,0.0008092175307051403,0.0008092175307051403,10253543999.771345,10252974861.429638,569138.3417072296,0.005550958130681216,0.907,0.09299999999999997,0.7000000000000006,0.7000000000000006
formal-run-01-CCP30-solution-0068,42b302a1addd983951695cce1e847887e15c741b46d232ec2d88eb0063b153f6,930002,5000,makespan,independent_oos_baseline,930001,930002,20,0.5,0.03703407615918895,0.0013715227969646074,2.0581597140916075,0.039172019133158695,52.54157839286353,oos_iqr,0.022399999999999975,0.16066237817968165,0.006367155843048501,0.0050531476082406645,0.005710151725644583,502.0108625048767,500.12755752682256,0.3765649282289595,0.3765649282289595,571.4971898733315,561.4308751718597,10.06631470147181,1.7929749051279749,0.911,0.08899999999999997,1.100000000000001,1.100000000000001
formal-run-01-CCP30-solution-0069,1305d52e679111b09ec2f8825b609586c3979bd8d1ef7eb3a313c96a73cfda9c,930002,5000,cost,independent_oos_baseline,930001,930002,20,0.5,0.039038913629210456,0.0015240367773489538,12736.0739961388,0.04111666563396245,309754.5435595531,oos_iqr,0.022800000000000042,0.14672889406685674,0.006994324766152443,0.005639921448803978,0.006317123107478211,11808667.271421002,11797468.539604569,0.09492487120299396,0.09492487120299396,12162333.877921443,12138645.008942533,23688.868978910148,0.19515249816975924,0.9102,0.08979999999999999,1.0199999999999987,1.0199999999999987
formal-run-01-CCP30-solution-0069,1305d52e679111b09ec2f8825b609586c3979bd8d1ef7eb3a313c96a73cfda9c,930002,5000,emission,independent_oos_baseline,930001,930002,20,0.5,0.03014140160419862,0.0009085040906655871,253147.81743704178,0.02485598992723943,10184579.981649399,oos_iqr,0.019199999999999995,0.31256521491747236,0.0037232590591927068,0.0035837688876067418,0.0036535139733997243,10108837641.15116,10108766502.302055,0.0007037342200725208,0.0007037342200725208,10121348509.521389,10120934177.606075,414331.9153137207,0.004093810986642771,0.9076,0.09240000000000004,0.759999999999994,0.759999999999994
formal-run-01-CCP30-solution-0069,1305d52e679111b09ec2f8825b609586c3979bd8d1ef7eb3a313c96a73cfda9c,930002,5000,makespan,independent_oos_baseline,930001,930002,20,0.5,0.036991393720685925,0.0013683632093988022,2.0400819072554333,0.03713467848264958,54.93737903799598,oos_iqr,0.022399999999999975,0.16066237817968165,0.006252407901027816,0.005066967206709162,0.005659687553868489,504.3077841281824,502.4533527039276,0.3690753408799608,0.3690753408799608,571.5023695423309,567.8159066286837,3.686462913647233,0.6492355833310515,0.911,0.08899999999999997,1.100000000000001,1.100000000000001
formal-run-01-CCP30-solution-0070,0520c6e0eefc9bba693f9e23948061843706b83e843af2a0b035664eda3d1818,930002,5000,cost,independent_oos_baseline,930001,930002,20,0.5,0.03739476154596038,0.0013983681910792374,10811.172231794017,0.042366304165829795,255183.2746485751,oos_iqr,0.021600000000000008,0.19167530614265293,0.006293043169355123,0.005225436604086005,0.005759239886720564,11718003.634934356,11707717.934049526,0.08785402025202818,0.08785402025202818,12011540.639429657,11983766.75667039,27773.882759267464,0.23176254447549224,0.9174,0.0826,1.739999999999997,1.739999999999997
formal-run-01-CCP30-solution-0070,0520c6e0eefc9bba693f9e23948061843706b83e843af2a0b035664eda3d1818,930002,5000,emission,independent_oos_baseline,930001,930002,20,0.5,0.027375068919753335,0.000749394398361245,272849.7920831761,0.027234286336206358,10018613.62236023,oos_iqr,0.022199999999999998,0.16801422440099156,0.003044866346200216,0.002955357365694889,0.003000111855947552,9769229582.661865,9769134163.891943,0.0009767372248293744,0.0009767372248293744,9781657213.493534,9781113460.247578,543753.2459564209,0.0055592162197723605,0.909,0.09099999999999997,0.9000000000000008,0.9000000000000008
formal-run-01-CCP30-solution-0070,0520c6e0eefc9bba693f9e23948061843706b83e843af2a0b035664eda3d1818,930002,5000,makespan,independent_oos_baseline,930001,930002,20,0.5,0.03772185256353779,0.0014229381608252827,1.9514047888372947,0.03804067724815988,51.297845622127795,oos_iqr,0.021199999999999997,0.2088385883788043,0.006311788213463914,0.0054119672061722565,0.005861877709818085,512.8739922065688,510.9694657542544,0.37272803561815787,0.37272803561815787,572.1940896445958,571.5917355620206,0.6023540825751752,0.10538187400188831,0.917,0.08299999999999996,1.7000000000000015,1.7000000000000015
formal-run-01-CCP30-solution-0071,e7b35d1ae32d1d7a62eb5bbe4ca4be2ca29c5574da28c9d39ad8b46cc843c0e2,930002,5000,cost,independent_oos_baseline,930001,930002,20,0.5,0.03910895262725216,0.0015295101756006536,12882.370891345112,0.04427712647011027,290948.6662383452,oos_iqr,0.02440000000000009,0.10042462289139704,0.007371533632064999,0.005594820146435183,0.0064831768892500904,11803527.58392747,11791705.736554606,0.10025561727015792,0.10025561727015792,12139691.57309413,12111367.602091528,28323.971002601087,0.23386269769988471,0.9142,0.08579999999999999,1.419999999999999,1.419999999999999
formal-run-01-CCP30-solution-0071,e7b35d1ae32d1d7a62eb5bbe4ca4be2ca29c5574da28c9d39ad8b46cc843c0e2,930002,5000,emission,independent_oos_baseline,930001,930002,20,0.5,0.029666683226657418,0.0008801120936708366,280040.7330667435,0.027669271088356328,10121001.45943451,oos_iqr,0.02100000000000002,0.2178513612898525,0.003635451728022027,0.0034384101112155964,0.0035369309196188114,10204740662.409876,10204660797.879997,0.0007826279722615382,0.0007826279722615382,10217250182.735762,10216767335.29952,482847.4362411499,0.004726029480703589,0.9074,0.09260000000000002,0.7399999999999962,0.7399999999999962
formal-run-01-CCP30-solution-0071,e7b35d1ae32d1d7a62eb5bbe4ca4be2ca29c5574da28c9d39ad8b46cc843c0e2,930002,5000,makespan,independent_oos_baseline,930001,930002,20,0.5,0.03703407615918895,0.0013715227969646074,2.0581597140916075,0.039172019133158695,52.54157839286353,oos_iqr,0.022399999999999975,0.16066237817968165,0.006367155843048501,0.0050531476082406645,0.005710151725644583,502.0108625048767,500.12755752682256,0.3765649282289595,0.3765649282289595,571.4971898733315,561.4308751718597,10.06631470147181,1.7929749051279749,0.911,0.08899999999999997,1.100000000000001,1.100000000000001
formal-run-01-CCP30-solution-0072,c28903f0033dfec60c9b8e3057a99065768d5e37aac9b305cbc93244e7318f7b,930002,5000,cost,independent_oos_baseline,930001,930002,20,0.5,0.03490339096296205,0.0012182467007133809,13048.730467184125,0.0420350573847113,310424.9471520912,oos_iqr,0.02400000000000002,0.11067945593694506,0.005545439713836952,0.004507753090006832,0.005026596401921892,11990060.00671108,11977298.753035255,0.1065453399715188,0.1065453399715188,12341190.286383338,12312476.448467545,28713.83791579306,0.2332092819504795,0.9112,0.08879999999999999,1.1199999999999988,1.1199999999999988
formal-run-01-CCP30-solution-0072,c28903f0033dfec60c9b8e3057a99065768d5e37aac9b305cbc93244e7318f7b,930002,5000,emission,independent_oos_baseline,930001,930002,20,0.5,0.027957051662557995,0.0007815967376629367,244186.642957257,0.023723229008733568,10293145.290945053,oos_iqr,0.02100000000000002,0.2178513612898525,0.0031721398058598407,0.003087208266316032,0.0031296740360879363,9372127321.550638,9372028559.426815,0.0010537966588228802,0.0010537966588228802,9384636295.840994,9384315684.015793,320611.82520103455,0.0034164646202932978,0.9046,0.09540000000000004,0.45999999999999375,0.45999999999999375
formal-run-01-CCP30-solution-0072,c28903f0033dfec60c9b8e3057a99065768d5e37aac9b305cbc93244e7318f7b,930002,5000,makespan,independent_oos_baseline,930001,930002,20,0.5,0.029308634893025143,0.0008589960792926509,2.091690966256539,0.036786879695570526,56.859700620610056,oos_iqr,0.017799999999999983,0.40362483408775673,0.003935265253767048,0.0031671345871905226,0.003551199920478785,520.9501538058678,518.862292277655,0.40239222608520603,0.40239222608520603,577.7330332471454,575.4464407803484,2.2865924667969466,0.39735973754501913,0.9138,0.08620000000000005,1.3799999999999923,1.3799999999999923
formal-run-01-CCP30-solution-0073,c179641f614120c07b9ccc75bdf0c14fd184f76a691024e6b75c9ee7dcc6cdd9,930002,5000,cost,independent_oos_baseline,930001,930002,20,0.5,0.03963462122208246,0.0015709031994179492,14617.197861569664,0.04554919580827227,320910.1193157621,oos_iqr,0.02180000000000004,0.18351543091287947,0.007423013765607404,0.005708291997983798,0.006565652881795601,11820113.597387457,11808130.034692561,0.10148569383711076,0.10148569383711076,12187319.879727334,12161108.281298047,26211.598429286852,0.21553626382552932,0.9126,0.08740000000000003,1.2599999999999945,1.2599999999999945
formal-run-01-CCP30-solution-0073,c179641f614120c07b9ccc75bdf0c14fd184f76a691024e6b75c9ee7dcc6cdd9,930002,5000,emission,independent_oos_baseline,930001,930002,20,0.5,0.03174123338400018,0.0010075058967375674,245649.78099463432,0.02392543964723022,10267304.785894394,oos_iqr,0.02100000000000002,0.2178513612898525,0.0041102614082969705,0.003975104736042737,0.0040426830721698535,9601172140.252901,9601100726.990108,0.000743802870350418,0.000743802870350418,9613702604.34544,9613371871.390427,330732.95501327515,0.003440342883203578,0.9056,0.09440000000000004,0.5599999999999938,0.5599999999999938
formal-run-01-CCP30-solution-0073,c179641f614120c07b9ccc75bdf0c14fd184f76a691024e6b75c9ee7dcc6cdd9,930002,5000,makespan,independent_oos_baseline,930001,930002,20,0.5,0.03890204770415633,0.0015133693155764552,1.940465742119685,0.0387363621357769,50.09416566579108,oos_iqr,0.02440000000000009,0.10042462289139704,0.006922816914960203,0.005625820645850333,0.006274318780405268,507.38370534776607,505.55658609501336,0.36140746713748156,0.36140746713748156,572.2021511274648,570.1084159369013,2.093735190563507,0.36725211065735924,0.9112,0.08879999999999999,1.1199999999999988,1.1199999999999988
formal-run-01-CCP30-solution-0074,d69007540ad3139ccafb63f158c6fcd816bc447d3a7985fcd32428bc151650b4,930002,5000,cost,independent_oos_baseline,930001,930002,20,0.5,0.03360780627550375,0.001129484642651789,13232.643083628695,0.039194090023750114,337618.32652857155,oos_iqr,0.019000000000000017,0.32464327024437933,0.00522603720270714,0.00416068334281671,0.004693360272761925,11972576.623956423,11959492.02131532,0.10940767900328202,0.10940767900328202,12341416.435293034,12315029.890739996,26386.544553037733,0.21426293551165873,0.9108,0.08919999999999995,1.0800000000000032,1.0800000000000032
formal-run-01-CCP30-solution-0074,d69007540ad3139ccafb63f158c6fcd816bc447d3a7985fcd32428bc151650b4,930002,5000,emission,independent_oos_baseline,930001,930002,20,0.5,0.028911003083727398,0.000835846099307295,228141.6010270183,0.02203370242580603,10354210.863800049,oos_iqr,0.02279999999999993,0.14672889406686074,0.0033162048807805124,0.0033801074408268527,0.0033481561608036826,9328084475.018879,9327987191.54929,0.0010429202741333904,0.0010429202741333904,9340520396.766932,9340202262.637722,318134.12920951843,0.003406073233361391,0.905,0.09499999999999997,0.5000000000000004,0.5000000000000004
formal-run-01-CCP30-solution-0074,d69007540ad3139ccafb63f158c6fcd816bc447d3a7985fcd32428bc151650b4,930002,5000,makespan,independent_oos_baseline,930001,930002,20,0.5,0.03741977928339781,0.0014002398816182083,1.315202907730439,0.02836930834712967,46.360062488569895,oos_iqr,0.016000000000000014,0.5409645639896304,0.006360322451341147,0.00523703842862331,0.005798680439982228,511.13547112040595,510.13295557996037,0.19652044226506504,0.19652044226506504,572.8663179647964,571.9867647198453,0.8795532449511256,0.15377160787661304,0.9128,0.08720000000000006,1.2799999999999923,1.2799999999999923
formal-run-01-CCP30-solution-0075,b628f85a66455c19c4e452fc017e0125ecca97b251560df0fcc5d62505d66753,930002,5000,cost,independent_oos_baseline,930001,930002,20,0.5,0.03946432281585279,0.0015574327753138393,10008.718754200703,0.038593286683121224,259338.33613030985,oos_iqr,0.022199999999999998,0.16801422440099156,0.007472156523281162,0.005737661972445268,0.006604909247863215,11723603.932851842,11713934.431772852,0.08254699678668015,0.08254699678668015,12007705.609091146,11984087.774858164,23617.834232982248,0.19707661256062334,0.9138,0.08620000000000005,1.3799999999999923,1.3799999999999923
formal-run-01-CCP30-solution-0075,b628f85a66455c19c4e452fc017e0125ecca97b251560df0fcc5d62505d66753,930002,5000,emission,independent_oos_baseline,930001,930002,20,0.5,0.033338483223771996,0.0011114544636617266,290691.81192908937,0.028603613241197312,10162765.4337883,oos_iqr,0.0232,0.13378475057842076,0.004495136152103859,0.0044119962246302975,0.004453566188367078,9838523501.84582,9838467364.07328,0.0005705946918534765,0.0005705946918534765,9850756302.275019,9850357957.486546,398344.7884731293,0.0040439625665621235,0.9046,0.09540000000000004,0.45999999999999375,0.45999999999999375
formal-run-01-CCP30-solution-0075,b628f85a66455c19c4e452fc017e0125ecca97b251560df0fcc5d62505d66753,930002,5000,makespan,independent_oos_baseline,930001,930002,20,0.5,0.0414058109191867,0.0017144411778754404,1.7365643411360252,0.032300911975952605,53.76208394452959,oos_iqr,0.017800000000000038,0.40362483408775285,0.007478892322563446,0.00677149478899496,0.007125193555779202,516.5855796310252,514.8870062136374,0.3298924612370284,0.3298924612370284,572.5395392365978,571.9801233737751,0.5594158628226751,0.09780337462130838,0.9156,0.08440000000000003,1.5599999999999947,1.5599999999999947
formal-run-01-CCP30-solution-0076,d07c5ca22261c7b3fd1daf34e285bf173f8472ea7423c447a4110750b1bdd77d,930002,5000,cost,independent_oos_baseline,930001,930002,20,0.5,0.03631519667801135,0.0013187935097626466,13541.29850359444,0.04365843990012031,310164.50735696405,oos_iqr,0.020799999999999985,0.22715738303256128,0.0063798290904888266,0.004788903597095116,0.005584366343791971,11724849.171748322,11713673.648554703,0.09540579265666309,0.09540579265666309,12076042.020252515,12050248.585172474,25793.435080040246,0.21404898743564854,0.9118,0.08819999999999995,1.1800000000000033,1.1800000000000033
formal-run-01-CCP30-solution-0076,d07c5ca22261c7b3fd1daf34e285bf173f8472ea7423c447a4110750b1bdd77d,930002,5000,emission,independent_oos_baseline,930001,930002,20,0.5,0.031029648449008854,0.0009628390828690776,245049.86539505396,0.02411958486452776,10159787.855861664,oos_iqr,0.020199999999999996,0.25687337890743356,0.003968185294942466,0.0037797073632754932,0.0038739463291089797,9701638378.31163,9701565520.50634,0.0007509901895340661,0.0007509901895340661,9714180795.335691,9713574252.990602,606542.3450889587,0.006244275580661951,0.9066,0.09340000000000004,0.6599999999999939,0.6599999999999939
formal-run-01-CCP30-solution-0076,d07c5ca22261c7b3fd1daf34e285bf173f8472ea7423c447a4110750b1bdd77d,930002,5000,makespan,independent_oos_baseline,930001,930002,20,0.5,0.03674064353271098,0.0013498748871977372,1.9545581886271077,0.0375974797500817,51.98641509003966,oos_iqr,0.024800000000000044,0.0909726007974492,0.005927262490520672,0.0051051370964465955,0.005516199793483634,505.3321032409204,503.48923984658194,0.3660184267095737,0.3660184267095737,572.1839197168409,570.1001756993667,2.0837440174742596,0.36550488954297206,0.911,0.08899999999999997,1.100000000000001,1.100000000000001
formal-run-01-CCP30-solution-0077,a0f3c5412bf30bf3d7154ff040da4a36397e3ace6ebc3d503f04af702fc02760,930002,5000,cost,independent_oos_baseline,930001,930002,20,0.5,0.03971578313198618,0.0015773434297869583,9692.440939280039,0.0365852832653445,264927.31705760024,oos_iqr,0.027200000000000002,0.04859809468752414,0.00689562717370259,0.006000340020515082,0.0064479835971088355,11664011.689332742,11655493.110112507,0.07308639059504468,0.07308639059504468,11952258.571854142,11934265.670356365,17992.90149777755,0.1507667249478976,0.9084,0.09160000000000001,0.8399999999999963,0.8399999999999963
formal-run-01-CCP30-solution-0077,a0f3c5412bf30bf3d7154ff040da4a36397e3ace6ebc3d503f04af702fc02760,930002,5000,emission,independent_oos_baseline,930001,930002,20,0.5,0.03365130501556709,0.0011324103292507308,298155.7726572376,0.029986044570731774,9943151.119979858,oos_iqr,0.02080000000000004,0.22715738303255884,0.00462215090533098,0.004453065419439557,0.004537608162385269,9973620748.213997,9973551314.339529,0.0006961800494074843,0.0006961800494074843,9985763410.5916,9985430168.602278,333241.98932266235,0.0033372822572080366,0.9068,0.09319999999999995,0.6800000000000028,0.6800000000000028
formal-run-01-CCP30-solution-0077,a0f3c5412bf30bf3d7154ff040da4a36397e3ace6ebc3d503f04af702fc02760,930002,5000,makespan,independent_oos_baseline,930001,930002,20,0.5,0.03189880425147429,0.001017533712673874,1.8266724446496618,0.03325907439484647,54.922527998335,oos_iqr,0.022599999999999953,0.15356912653670451,0.004473126664934718,0.0038417411802694995,0.004157433922602109,508.0304544451542,506.2745022443068,0.34683796894042285,0.34683796894042285,572.1174586199314,571.7558199161465,0.36163870378493357,0.06325055053011465,0.9088,0.09119999999999995,0.880000000000003,0.880000000000003
formal-run-01-CCP30-solution-0078,c4501aeb30bcb5f40377998f94947373e7aaae75f471fff68402c211d774f0e7,930002,5000,cost,independent_oos_baseline,930001,930002,20,0.5,0.03114497594866767,0.0009700095268430876,12870.758822211126,0.03784532010705795,340088.5178352818,oos_iqr,0.023599999999999954,0.12178385194186427,0.0045874935487298625,0.0035229906528107553,0.004055242100770309,11835923.581158964,11823302.052334858,0.1067513015250538,0.1067513015250538,12203718.060194053,12184117.808957428,19600.251236625016,0.1608672170111114,0.911,0.08899999999999997,1.100000000000001,1.100000000000001
formal-run-01-CCP30-solution-0078,c4501aeb30bcb5f40377998f94947373e7aaae75f471fff68402c211d774f0e7,930002,5000,emission,independent_oos_baseline,930001,930002,20,0.5,0.03160765070414977,0.0009990435830355394,265889.6617949475,0.02616787258496338,10160920.072185516,oos_iqr,0.020000000000000018,0.26738904394377594,0.004096398345015522,0.003922953960417313,0.004009676152716418,9315772266.668112,9315691364.039253,0.0008684554446583466,0.0008684554446583466,9328008982.043777,9327565941.819372,443040.2244052887,0.004749794610606336,0.906,0.09399999999999997,0.6000000000000005,0.6000000000000005
formal-run-01-CCP30-solution-0078,c4501aeb30bcb5f40377998f94947373e7aaae75f471fff68402c211d774f0e7,930002,5000,makespan,independent_oos_baseline,930001,930002,20,0.5,0.04170868405912642,0.0017396143259440263,2.360235934496096,0.03929258418419481,60.06822873832476,oos_iqr,0.023800000000000043,0.11612252501738375,0.0075144072071965835,0.006857943442423721,0.007186175324810152,517.2565335647536,514.9404329919926,0.4497802899849229,0.4497802899849229,575.1557752210986,573.535988741229,1.6197864798696173,0.28242107063318767,0.912,0.08799999999999997,1.200000000000001,1.200000000000001
formal-run-01-CCP30-solution-0080,c3b56937d69bf8ac2ec90b2a36ca3315f4c0c9cd2a721007840c49b8947fe3df,930002,5000,cost,independent_oos_baseline,930001,930002,20,0.5,0.04196432941100763,0.0017610049429155603,11389.779256461192,0.03978376313757964,286292.1543412879,oos_iqr,0.02200000000000002,0.17563013054961474,0.008687726922772572,0.006392061871327563,0.007539894397050067,11730418.425617822,11720237.806003155,0.08686359255826509,0.08686359255826509,12052949.681031123,12034238.639967417,18711.04106370546,0.15548171864868485,0.9126,0.08740000000000003,1.2599999999999945,1.2599999999999945
formal-run-01-CCP30-solution-0080,c3b56937d69bf8ac2ec90b2a36ca3315f4c0c9cd2a721007840c49b8947fe3df,930002,5000,emission,independent_oos_baseline,930001,930002,20,0.5,0.03205239870595461,0.0010273562628054806,291619.5845293523,0.02929220046121694,9955536.966758728,oos_iqr,0.021199999999999997,0.2088385883788043,0.004155288087350135,0.0040724180127734875,0.004113853050061811,10250238893.228878,10250164149.162338,0.000729198727474746,0.000729198727474746,10262474833.394331,10261904041.8945,570791.499830246,0.005562237743599767,0.9092,0.09079999999999999,0.9199999999999986,0.9199999999999986
formal-run-01-CCP30-solution-0080,c3b56937d69bf8ac2ec90b2a36ca3315f4c0c9cd2a721007840c49b8947fe3df,930002,5000,makespan,independent_oos_baseline,930001,930002,20,0.5,0.03239770763298876,0.0010496114598726183,2.00790341917663,0.035660364446485085,56.30630674540237,oos_iqr,0.022399999999999975,0.16066237817968165,0.004890719243908791,0.003907572075307516,0.004399145659608153,501.3101075726969,499.46069118396787,0.3702826711637702,0.3702826711637702,571.4971898733315,561.4308751718597,10.06631470147181,1.7929749051279749,0.911,0.08899999999999997,1.100000000000001,1.100000000000001
formal-run-01-CCP30-solution-0081,5e69e5fcaec881ab685e9b01fd9b500b38dcc836be4dcb55641849e41fa346bf,930002,5000,cost,independent_oos_baseline,930001,930002,20,0.5,0.04212703774664924,0.0017746873093076097,10645.303666296795,0.037914179590319876,280773.67837901786,oos_iqr,0.022600000000000064,0.15356912653670052,0.007862065719827005,0.006688716985428761,0.007275391352627883,11685382.002261542,11675791.733337793,0.08213806089368028,0.08213806089368028,11994959.196627198,11972589.511018611,22369.685608586296,0.18684082994743142,0.9112,0.08879999999999999,1.1199999999999988,1.1199999999999988
formal-run-01-CCP30-solution-0081,5e69e5fcaec881ab685e9b01fd9b500b38dcc836be4dcb55641849e41fa346bf,930002,5000,emission,independent_oos_baseline,930001,930002,20,0.5,0.02634885748346071,0.0006942622906837235,248863.89528495117,0.024584328303224302,10122867.389966965,oos_iqr,0.02200000000000002,0.17563013054961474,0.0028362049194013226,0.0027306843212895017,0.002783444620345412,9818091619.499123,9818024465.960793,0.000683982185651505,0.000683982185651505,9830274835.998972,9830064263.891111,210572.1078605652,0.002142123410464997,0.9034,0.09660000000000002,0.33999999999999586,0.33999999999999586
formal-run-01-CCP30-solution-0081,5e69e5fcaec881ab685e9b01fd9b500b38dcc836be4dcb55641849e41fa346bf,930002,5000,makespan,independent_oos_baseline,930001,930002,20,0.5,0.0353069211940028,0.0012465786841995238,1.9850246205071795,0.037216180421857606,53.33767726849652,oos_iqr,0.02200000000000002,0.17563013054961474,0.005485902995520502,0.004744843964351699,0.005115373479936101,509.2882480127003,507.3956338328182,0.37300561015582445,0.37300561015582445,571.7652463110617,570.7039663474603,1.0612799636013506,0.18595980161021242,0.9104,0.08960000000000001,1.0399999999999965,1.0399999999999965
formal-run-01-CCP30-solution-0082,b3400eb878b74533bde0e46cc75f79d0a150d9130742ad55143e0494007baccf,930002,5000,cost,independent_oos_baseline,930001,930002,20,0.5,0.04169485612259735,0.0017384610270840938,12722.605138853902,0.041391309456146795,307373.82571414486,oos_iqr,0.022800000000000042,0.14672889406685674,0.008680442527470623,0.006318156976554616,0.00749929975201262,11771014.731824512,11759800.550983189,0.09536029792941868,0.09536029792941868,12123381.80707184,12097759.298208473,25622.50886336714,0.21179549230378153,0.9114,0.08860000000000001,1.1399999999999966,1.1399999999999966
formal-run-01-CCP30-solution-0082,b3400eb878b74533bde0e46cc75f79d0a150d9130742ad55143e0494007baccf,930002,5000,emission,independent_oos_baseline,930001,930002,20,0.5,0.030074401029042103,0.0009044695972556488,245189.0527349931,0.02404768733936645,10195951.455739975,oos_iqr,0.019600000000000062,0.2893512907607284,0.003750170192153882,0.003527548021888987,0.0036388591070214346,10142218536.22675,10142144097.052517,0.0007339589491152687,0.0007339589491152687,10154748384.003538,10154101552.849344,646831.1541938782,0.00637014659374143,0.9078,0.09219999999999995,0.7800000000000029,0.7800000000000029
formal-run-01-CCP30-solution-0082,b3400eb878b74533bde0e46cc75f79d0a150d9130742ad55143e0494007baccf,930002,5000,makespan,independent_oos_baseline,930001,930002,20,0.5,0.03712104995173778,0.0013779723495194113,2.0506874595232505,0.03935652556274504,52.10539879222557,oos_iqr,0.022399999999999975,0.16066237817968165,0.006392910701571807,0.0050790051788569416,0.005735957940214374,502.06671892908065,500.19517007787806,0.3741637191161199,0.3741637191161199,571.4971898733315,561.4308751718597,10.06631470147181,1.7929749051279749,0.911,0.08899999999999997,1.100000000000001,1.100000000000001
formal-run-01-CCP30-solution-0083,93466c9d55e816b282c97281ce3dd9a8085880bf9ada1f34c9653b1e87a05ce2,930002,5000,cost,independent_oos_baseline,930001,930002,20,0.5,0.03769578480985523,0.0014209721924309123,12104.088575724996,0.043060484391661026,281095.03984281793,oos_iqr,0.02540000000000009,0.07819890888114513,0.0063748751752968165,0.005316839895562443,0.00584585753542963,11774538.26905982,11763513.45708748,0.09372040090367861,0.09372040090367861,12096671.092913805,12067139.970649578,29531.1222642269,0.24472345838412637,0.915,0.08499999999999996,1.5000000000000013,1.5000000000000013
formal-run-01-CCP30-solution-0083,93466c9d55e816b282c97281ce3dd9a8085880bf9ada1f34c9653b1e87a05ce2,930002,5000,emission,independent_oos_baseline,930001,930002,20,0.5,0.0316908764654604,0.0010043116511490716,266806.0207741165,0.026508887502195568,10064776.22842598,oos_iqr,0.024399999999999977,0.10042462289139976,0.0040440708605027085,0.0040083001933266535,0.004026185526914681,9623964806.214428,9623861364.555553,0.0010748456877764762,0.0010748456877764762,9636401420.656715,9635881618.581322,519802.07539367676,0.005394442314352618,0.9086,0.09140000000000004,0.8599999999999941,0.8599999999999941
formal-run-01-CCP30-solution-0083,93466c9d55e816b282c97281ce3dd9a8085880bf9ada1f34c9653b1e87a05ce2,930002,5000,makespan,independent_oos_baseline,930001,930002,20,0.5,0.039183447602820026,0.0015353425660429424,1.9742398919064055,0.038063670643426493,51.86677633906419,oos_iqr,0.02080000000000004,0.22715738303255884,0.006824626974136277,0.00613262577311231,0.006478626373624294,515.924143492756,513.9892103337289,0.3764540422493978,0.3764540422493978,574.4764454586043,572.63935440585,1.8370910527543174,0.3208111769859787,0.9176,0.08240000000000003,1.759999999999995,1.759999999999995
formal-run-01-CCP30-solution-0084,20c722f19624b013e55e39d9d45b069f474b040e90f6ca14421692f3f9df4dd2,930002,5000,cost,independent_oos_baseline,930001,930002,20,0.5,0.03720975785021259,0.0013845660792714577,13605.89374768321,0.044968912331709174,302562.2155884169,oos_iqr,0.022600000000000064,0.15356912653670052,0.00629914623519306,0.005125738060505223,0.005712442147849141,11801379.32587656,11788554.410270907,0.10879124920082847,0.10879124920082847,12154205.04661224,12121261.663361229,32943.38325101137,0.2717818009868468,0.9154,0.08460000000000001,1.539999999999997,1.539999999999997
formal-run-01-CCP30-solution-0084,20c722f19624b013e55e39d9d45b069f474b040e90f6ca14421692f3f9df4dd2,930002,5000,emission,independent_oos_baseline,930001,930002,20,0.5,0.03142073642119551,0.000987262677250242,235386.39173055073,0.023421056277257775,10050203.925222397,oos_iqr,0.0232,0.13378475057842076,0.004025734724847724,0.0038905780842661774,0.0039581564045569504,9468671727.127554,9468576766.520533,0.0010029026469648347,0.0010029026469648347,9480886697.683691,9480576438.548761,310259.134929657,0.0032725766934183368,0.9038,0.09619999999999995,0.38000000000000256,0.38000000000000256
formal-run-01-CCP30-solution-0084,20c722f19624b013e55e39d9d45b069f474b040e90f6ca14421692f3f9df4dd2,930002,5000,makespan,independent_oos_baseline,930001,930002,20,0.5,0.04238349310546517,0.0017963604878210137,1.8180354151953397,0.03435098758848618,52.925273560539836,oos_iqr,0.02100000000000002,0.2178513612898525,0.008031079256935657,0.00695809802203581,0.007494588639485733,517.1267733589442,515.3471972523627,0.34531595710029556,0.34531595710029556,575.3736474830444,573.1711158910501,2.202531591994216,0.38427121167300393,0.9136,0.08640000000000003,1.3599999999999945,1.3599999999999945
formal-run-01-CCP30-solution-0085,0c63145d2d98182ddf4bac1fe5a458ca4f954890df11659e5166e53be1572c2a,930002,5000,cost,independent_oos_baseline,930001,930002,20,0.5,0.03517242856976708,0.0012370997314953673,14436.45707169499,0.04524273152303574,319088.980388917,oos_iqr,0.024399999999999977,0.10042462289139976,0.005703473106886046,0.00466555921994708,0.005184516163416563,12022040.246085428,12007833.24849677,0.11831441438808604,0.11831441438808604,12383141.58500676,12349839.092572946,33302.49243381433,0.26965932255621106,0.9154,0.08460000000000001,1.539999999999997,1.539999999999997
formal-run-01-CCP30-solution-0085,0c63145d2d98182ddf4bac1fe5a458ca4f954890df11659e5166e53be1572c2a,930002,5000,emission,independent_oos_baseline,930001,930002,20,0.5,0.02391148881252896,0.0005717592972316976,238697.29018952974,0.023010032151999423,10373618.281484604,oos_iqr,0.020399999999999974,0.24666489084878618,0.0023090042984436785,0.0022674577698125866,0.0022882310341281326,9357850905.184393,9357745941.024216,0.0011216820892419141,0.0011216820892419141,9370346922.282629,9370025103.702454,321818.5801753998,0.003434554087248251,0.9042,0.0958,0.41999999999999815,0.41999999999999815
formal-run-01-CCP30-solution-0085,0c63145d2d98182ddf4bac1fe5a458ca4f954890df11659e5166e53be1572c2a,930002,5000,makespan,independent_oos_baseline,930001,930002,20,0.5,0.03587177341251527,0.0012867841277588372,2.014896866539112,0.03543285404590796,56.86521508903985,oos_iqr,0.020000000000000018,0.26738904394377594,0.005997601632023168,0.004764458273160085,0.005381029952591626,525.1596735137553,523.1484552479719,0.38444503574611755,0.38444503574611755,581.069370728277,576.9814544337316,4.08791629454538,0.7085004661991076,0.9164,0.08360000000000001,1.639999999999997,1.639999999999997
formal-run-01-CCP30-solution-0086,0d6803b4a8054874bacd3d4308f8be9e37a6d00566301a975fbeba3e277660b1,930002,5000,cost,independent_oos_baseline,930001,930002,20,0.5,0.041202593213196026,0.001697653687492107,12726.894537623342,0.04135917477956413,307716.3556926623,oos_iqr,0.024600000000000066,0.09560116579888145,0.008797129581531962,0.006096348672482143,0.007446739127007052,11779766.135448022,11768540.77171332,0.09538449967971183,0.09538449967971183,12131686.136614641,12107992.400630333,23693.735984308645,0.19568674310594353,0.911,0.08899999999999997,1.100000000000001,1.100000000000001
formal-run-01-CCP30-solution-0086,0d6803b4a8054874bacd3d4308f8be9e37a6d00566301a975fbeba3e277660b1,930002,5000,emission,independent_oos_baseline,930001,930002,20,0.5,0.030459648068518447,0.0009277901604579996,231437.4321628083,0.0227145532238965,10188949.343688965,oos_iqr,0.02080000000000004,0.22715738303255884,0.0038802523108269343,0.0035931824564896884,0.0037367173836583114,10120254536.206165,10120175616.885275,0.0007798216540704255,0.0007798216540704255,10132647031.153585,10132172124.699707,474906.4538784027,0.004687113957733696,0.9066,0.09340000000000004,0.6599999999999939,0.6599999999999939
formal-run-01-CCP30-solution-0086,0d6803b4a8054874bacd3d4308f8be9e37a6d00566301a975fbeba3e277660b1,930002,5000,makespan,independent_oos_baseline,930001,930002,20,0.5,0.03712104995173778,0.0013779723495194113,2.0506874595232505,0.03935652556274504,52.10539879222557,oos_iqr,0.022399999999999975,0.16066237817968165,0.006392910701571807,0.0050790051788569416,0.005735957940214374,502.06671892908065,500.19517007787806,0.3741637191161199,0.3741637191161199,571.4971898733315,561.4308751718597,10.06631470147181,1.7929749051279749,0.911,0.08899999999999997,1.100000000000001,1.100000000000001
formal-run-01-CCP30-solution-0087,41ff351e0edce0341ecf41602ceefd45b310548e2d1038961c3213ce10cca335,930002,5000,cost,independent_oos_baseline,930001,930002,20,0.5,0.040112260306194754,0.001608993426871927,14320.249101439398,0.040583630673663544,352857.76219948754,oos_iqr,0.0232,0.13378475057842076,0.007534238446372958,0.005935266561070358,0.006734752503721658,11807404.34501247,11794750.899798859,0.1072803090214147,0.1072803090214147,12199800.58670398,12176898.8140908,22901.7726131808,0.18807557624343113,0.9114,0.08860000000000001,1.1399999999999966,1.1399999999999966
formal-run-01-CCP30-solution-0087,41ff351e0edce0341ecf41602ceefd45b310548e2d1038961c3213ce10cca335,930002,5000,emission,independent_oos_baseline,930001,930002,20,0.5,0.028985043900057694,0.0008401327698882717,243809.8923532102,0.023580010902911484,10339685.310455322,oos_iqr,0.020400000000000085,0.24666489084878074,0.0034272990719171935,0.0033107124757372763,0.003369005773827235,9691275291.811598,9691206700.466955,0.0007077688750497314,0.0007077688750497314,9703834215.617752,9703478820.916765,355394.7009868622,0.003662549355193885,0.906,0.09399999999999997,0.6000000000000005,0.6000000000000005
formal-run-01-CCP30-solution-0087,41ff351e0edce0341ecf41602ceefd45b310548e2d1038961c3213ce10cca335,930002,5000,makespan,independent_oos_baseline,930001,930002,20,0.5,0.036991393720685925,0.0013683632093988022,2.0397076829674274,0.03712786664898443,54.93737903799598,oos_iqr,0.022399999999999975,0.16066237817968165,0.006252407901027816,0.005066967206709162,0.005659687553868489,504.3081933199345,502.4541361199678,0.369000286132386,0.369000286132386,571.5023695423309,567.8159066286837,3.686462913647233,0.6492355833310515,0.911,0.08899999999999997,1.100000000000001,1.100000000000001
formal-run-01-CCP30-solution-0088,3d34cf38e4d8640f1b2650cc159b84792012e4a9694da5855d2d03eb61bcfaa9,930002,5000,cost,independent_oos_baseline,930001,930002,20,0.5,0.03873504926028184,0.0015004040411964606,12083.157702826942,0.042897975948019584,281671.9771923125,oos_iqr,0.025599999999999956,0.07429284307891093,0.006825551757915131,0.005585880953881834,0.006205716355898483,11762586.64454343,11751607.97946648,0.09342266263590078,0.09342266263590078,12085675.083464196,12057243.276952451,28431.806511744857,0.23580685782539162,0.9146,0.08540000000000003,1.4599999999999946,1.4599999999999946
formal-run-01-CCP30-solution-0088,3d34cf38e4d8640f1b2650cc159b84792012e4a9694da5855d2d03eb61bcfaa9,930002,5000,emission,independent_oos_baseline,930001,930002,20,0.5,0.03379980863912498,0.001142427064041468,277143.55806595157,0.027933608436625342,9921509.37802124,oos_iqr,0.02180000000000004,0.18351543091287947,0.004647466614680552,0.004507275251256346,0.00457737093296845,9633788882.45099,9633686417.46451,0.0010636113948546049,0.0010636113948546049,9646136524.297815,9645567103.765911,569420.5319042206,0.005903442750213227,0.9074,0.09260000000000002,0.7399999999999962,0.7399999999999962
formal-run-01-CCP30-solution-0088,3d34cf38e4d8640f1b2650cc159b84792012e4a9694da5855d2d03eb61bcfaa9,930002,5000,makespan,independent_oos_baseline,930001,930002,20,0.5,0.038546651984267856,0.0014858443791962608,1.925237076152639,0.037530563960412607,51.297845622127795,oos_iqr,0.021199999999999997,0.2088385883788043,0.006531497085426019,0.006022447274693203,0.006276972180059612,515.2396148612563,513.3585648678219,0.3664202999941684,0.3664202999941684,574.4764454586043,572.63935440585,1.8370910527543174,0.3208111769859787,0.9176,0.08240000000000003,1.759999999999995,1.759999999999995
formal-run-01-CCP30-solution-0089,9478603960c4f45ff7357c001edab6019f9b555a38f32178e8e090098b90e8df,930002,5000,cost,independent_oos_baseline,930001,930002,20,0.5,0.03665965499568464,0.0013439303044026256,9891.3851966756,0.037649761776463155,262721.0566537827,oos_iqr,0.02180000000000004,0.18351543091287947,0.006160081778600357,0.0050001360505271064,0.005580108914563732,11696164.040297722,11687211.508267237,0.0766010953438532,0.0766010953438532,11979961.567833876,11959637.15219253,20324.415641346946,0.1699417413982407,0.9102,0.08979999999999999,1.0199999999999987,1.0199999999999987
formal-run-01-CCP30-solution-0089,9478603960c4f45ff7357c001edab6019f9b555a38f32178e8e090098b90e8df,930002,5000,emission,independent_oos_baseline,930001,930002,20,0.5,0.02978737796983819,0.0008872878863180016,283902.5149837593,0.027940287883995163,10161044.730909348,oos_iqr,0.023399999999999976,0.1276693074850469,0.003616135683521658,0.003491187341427167,0.0035536615124744124,9825943280.372309,9825880142.747688,0.0006425645713482309,0.0006425645713482309,9838144192.514349,9837857157.7332,287034.7811489105,0.002917655507157698,0.9054,0.09460000000000002,0.539999999999996,0.539999999999996
formal-run-01-CCP30-solution-0089,9478603960c4f45ff7357c001edab6019f9b555a38f32178e8e090098b90e8df,930002,5000,makespan,independent_oos_baseline,930001,930002,20,0.5,0.03728145251091474,0.001389906701323591,1.951764105927424,0.036968808565472085,52.79488795184818,oos_iqr,0.020600000000000063,0.23676066509225802,0.00602475599398807,0.00536977317323989,0.0056972645836139806,509.9109271866521,508.0550385633122,0.36529282901867927,0.36529282901867927,571.8810011343159,571.0053292634379,0.875671870877909,0.15335616429490637,0.913,0.08699999999999997,1.3000000000000012,1.3000000000000012
formal-run-01-CCP30-solution-0090,d4181b8f0d66eb7073d10685a8215e8aa3a7293a9bd71d36b86e5e18d36c8e4b,930002,5000,cost,independent_oos_baseline,930001,930002,20,0.5,0.04353907239428235,0.0018956508249545593,10674.291915473043,0.03805441129376707,280500.7764558792,oos_iqr,0.02080000000000004,0.22715738303255884,0.008457073856386615,0.007075072247112637,0.0077660730517496255,11698069.267641237,11688377.925932478,0.08291434252187467,0.08291434252187467,12005757.729075387,11983213.407571284,22544.32150410302,0.1881325211971855,0.9128,0.08720000000000006,1.2799999999999923,1.2799999999999923
formal-run-01-CCP30-solution-0090,d4181b8f0d66eb7073d10685a8215e8aa3a7293a9bd71d36b86e5e18d36c8e4b,930002,5000,emission,independent_oos_baseline,930001,930002,20,0.5,0.03118444812949434,0.0009724698051411229,246971.84793157745,0.024420846925912777,10113156.545341492,oos_iqr,0.022600000000000064,0.15356912653670052,0.003959827884135389,0.0038528627019917255,0.003906345293063557,9740714483.313162,9740646410.24573,0.0006988557490476268,0.0006988557490476268,9752917535.967064,9752713062.731758,204473.23530578613,0.0020965779879974517,0.9036,0.09640000000000004,0.35999999999999366,0.35999999999999366
formal-run-01-CCP30-solution-0090,d4181b8f0d66eb7073d10685a8215e8aa3a7293a9bd71d36b86e5e18d36c8e4b,930002,5000,makespan,independent_oos_baseline,930001,930002,20,0.5,0.0353069211940028,0.0012465786841995238,1.9850246205071795,0.037216180421857606,53.33767726849652,oos_iqr,0.02200000000000002,0.17563013054961474,0.005485902995520502,0.004744843964351699,0.005115373479936101,509.2882480127003,507.3956338328182,0.37300561015582445,0.37300561015582445,571.7652463110617,570.7039663474603,1.0612799636013506,0.18595980161021242,0.9104,0.08960000000000001,1.0399999999999965,1.0399999999999965
formal-run-01-CCP30-solution-0091,4e597e3cb2d9d992b194efd6b47e2661c375981051e882645cc5c2873c327cd5,930002,5000,cost,independent_oos_baseline,930001,930002,20,0.5,0.039079171874064816,0.0015271816743626988,14701.312211517792,0.044964773255346965,326951.77017866075,oos_iqr,0.022199999999999998,0.16801422440099156,0.007155168575622556,0.005601850862298157,0.006378509718960356,11789004.52708829,11776788.480819494,0.10372986055317594,0.10372986055317594,12163904.95109258,12134203.370885244,29701.580207336694,0.24477569148546283,0.9132,0.08679999999999999,1.319999999999999,1.319999999999999
formal-run-01-CCP30-solution-0091,4e597e3cb2d9d992b194efd6b47e2661c375981051e882645cc5c2873c327cd5,930002,5000,emission,independent_oos_baseline,930001,930002,20,0.5,0.03203346478143655,0.0010261428659035358,263483.40838757,0.02561832460384401,10284958.617006302,oos_iqr,0.022399999999999975,0.16066237817968165,0.004234979721195002,0.004021751251349432,0.004128365486272217,9599304130.73589,9599231993.338266,0.0007514913450693189,0.0007514913450693189,9611798944.33307,9611424524.676348,374419.65672302246,0.0038955688177307987,0.9064,0.09360000000000002,0.6399999999999961,0.6399999999999961
formal-run-01-CCP30-solution-0091,4e597e3cb2d9d992b194efd6b47e2661c375981051e882645cc5c2873c327cd5,930002,5000,makespan,independent_oos_baseline,930001,930002,20,0.5,0.03948452272587494,0.0015590275348901343,2.0333720986116157,0.035923305720349255,56.60314544660025,oos_iqr,0.022800000000000042,0.14672889406685674,0.007904618827876205,0.005718422568678439,0.006811520698277323,510.43716582334685,508.5903460973861,0.36312520285375666,0.36312520285375666,572.3284362963469,571.8438316533271,0.484604643019793,0.08474422844060303,0.9104,0.08960000000000001,1.0399999999999965,1.0399999999999965
formal-run-01-CCP30-solution-0092,f58ffc22167a2f8f3d0ec1b6ab865f53e84acdbadd55f49f80c03d9e1167e1bd,930002,5000,cost,independent_oos_baseline,930001,930002,20,0.5,0.03564514634497774,0.00127057645795488,13810.562695386448,0.04318953866739747,319766.38606264256,oos_iqr,0.024600000000000066,0.09560116579888145,0.005640755857619131,0.004766752699762763,0.005203754278690947,11914432.1412005,11901033.263249433,0.11258583733601413,0.11258583733601413,12270755.417806145,12243212.717400977,27542.700405167416,0.22496301453638595,0.9108,0.08919999999999995,1.0800000000000032,1.0800000000000032
formal-run-01-CCP30-solution-0092,f58ffc22167a2f8f3d0ec1b6ab865f53e84acdbadd55f49f80c03d9e1167e1bd,930002,5000,emission,independent_oos_baseline,930001,930002,20,0.5,0.030821637511623902,0.0009499733388979416,246697.69264652478,0.024706064946644762,9985308.999198914,oos_iqr,0.02300000000000002,0.1401360148439318,0.003829618135851444,0.003784644934870065,0.0038071315353607545,9331098394.03714,9331001475.518023,0.0010386722086760231,0.0010386722086760231,9343373594.131329,9343099835.56604,273758.5652885437,0.002930061436852434,0.9038,0.09619999999999995,0.38000000000000256,0.38000000000000256
formal-run-01-CCP30-solution-0092,f58ffc22167a2f8f3d0ec1b6ab865f53e84acdbadd55f49f80c03d9e1167e1bd,930002,5000,makespan,independent_oos_baseline,930001,930002,20,0.5,0.044009455449775275,0.0019368321689857545,2.2516904669489026,0.0399004947346678,56.43264530734018,oos_iqr,0.023400000000000087,0.12766930748504346,0.008648253658440255,0.0075102345011143655,0.00807924407977731,519.7941048127188,517.5785809547973,0.4280555531943529,0.4280555531943529,574.6997969252748,572.6793271252311,2.0204698000436565,0.35280997660350827,0.9178,0.08220000000000005,1.7799999999999927,1.7799999999999927
formal-run-01-CCP30-solution-0093,bca7c874858661975c663abdea509a32b101cd8a6ac1cac04536bfd0550ddf8f,930002,5000,cost,independent_oos_baseline,930001,930002,20,0.5,0.04113195835854702,0.0016918379984092464,10907.990340703922,0.03793030488429699,287579.82236045226,oos_iqr,0.023400000000000087,0.12766930748504346,0.007717089241737902,0.006342879772790632,0.007029984507264267,11790556.721893968,11780270.09332655,0.08732082105015058,0.08732082105015058,12108436.399464566,12080543.137697937,27893.261766629294,0.23089410342476224,0.915,0.08499999999999996,1.5000000000000013,1.5000000000000013
formal-run-01-CCP30-solution-0093,bca7c874858661975c663abdea509a32b101cd8a6ac1cac04536bfd0550ddf8f,930002,5000,emission,independent_oos_baseline,930001,930002,20,0.5,0.03209910888764097,0.0010303527913806316,258890.28699788405,0.026106854341983145,9916563.811426163,oos_iqr,0.022600000000000064,0.15356912653670052,0.0041665812033760945,0.004096493755334252,0.004131537479355173,9462932550.39947,9462854608.211086,0.0008236646509972858,0.0008236646509972858,9474995078.90139,9474655293.08371,339785.8176803589,0.0035862604724880604,0.9054,0.09460000000000002,0.539999999999996,0.539999999999996
formal-run-01-CCP30-solution-0093,bca7c874858661975c663abdea509a32b101cd8a6ac1cac04536bfd0550ddf8f,930002,5000,makespan,independent_oos_baseline,930001,930002,20,0.5,0.04067792940742275,0.0016546939408752686,1.7581841457581797,0.03400046718511586,51.71058786297641,oos_iqr,0.021399999999999975,0.20011475900980857,0.007343487806556658,0.006575257036305477,0.006959372421431067,517.1040308363289,515.3817491972902,0.33417590780448325,0.33417590780448325,575.4145066198222,573.4451007939023,1.969405825919921,0.34343406599749304,0.9126,0.08740000000000003,1.2599999999999945,1.2599999999999945
formal-run-01-CCP30-solution-0094,069edd603915cbacc7a20c4e5ffa4eaf79846f9560fce7c17252fd53333b1949,930002,5000,cost,independent_oos_baseline,930001,930002,20,0.5,0.035150242465206184,0.001235539545362784,13159.969889780445,0.045443051328514034,289592.5670713708,oos_iqr,0.02300000000000002,0.1401360148439318,0.005694734578185565,0.004559078863082974,0.00512690672063427,11822092.411098853,11810037.3163407,0.10207499295089605,0.10207499295089605,12160315.670790203,12127228.27958414,33087.39120606333,0.2728355601400285,0.9162,0.08379999999999999,1.6199999999999992,1.6199999999999992
formal-run-01-CCP30-solution-0094,069edd603915cbacc7a20c4e5ffa4eaf79846f9560fce7c17252fd53333b1949,930002,5000,emission,independent_oos_baseline,930001,930002,20,0.5,0.03252800384221402,0.0010580710339590902,258798.06022837444,0.02600282207275052,9952691.269598007,oos_iqr,0.02300000000000002,0.1401360148439318,0.00429179896306982,0.004191366320466541,0.004241582641768181,9546684979.868185,9546566553.147863,0.0012405163643111619,0.0012405163643111619,9559008762.65529,9558496998.980574,511763.67471694946,0.005354018260104384,0.908,0.09199999999999997,0.8000000000000007,0.8000000000000007
formal-run-01-CCP30-solution-0094,069edd603915cbacc7a20c4e5ffa4eaf79846f9560fce7c17252fd53333b1949,930002,5000,makespan,independent_oos_baseline,930001,930002,20,0.5,0.02957206219965894,0.0008745068627404971,1.9498900924404297,0.03713207139201801,52.51228976306402,oos_iqr,0.020000000000000018,0.26738904394377594,0.0039805435473679275,0.0032136179501121246,0.003597080748740026,514.7433728370871,512.8029135219626,0.3784025527072943,0.3784025527072943,574.0918668649545,572.8694766657156,1.2223901992388164,0.21338022866107653,0.91,0.08999999999999997,1.0000000000000009,1.0000000000000009
formal-run-01-CCP30-solution-0095,3b749bc1834848e4d3f0ae5ad42a03f6d3faf68d7303d463da46bf6afa64f24b,930002,5000,cost,independent_oos_baseline,930001,930002,20,0.5,0.040547266972341074,0.0016440808589263014,9183.454673551298,0.034731351668574044,264413.9727467261,oos_iqr,0.0262,0.06355294100975063,0.007467436671786786,0.0061727411843773275,0.006820088928082057,11650846.622038886,11642678.051947733,0.07016057692831267,0.07016057692831267,11935935.702336162,11918690.298348576,17245.4039875865,0.14469210589334616,0.9078,0.09219999999999995,0.7800000000000029,0.7800000000000029
formal-run-01-CCP30-solution-0095,3b749bc1834848e4d3f0ae5ad42a03f6d3faf68d7303d463da46bf6afa64f24b,930002,5000,emission,independent_oos_baseline,930001,930002,20,0.5,0.031206146775941107,0.0009738235966015795,283059.6381463762,0.028064050409299525,10086200.4599514,oos_iqr,0.021600000000000064,0.1916753061426506,0.003991779793493203,0.003812491223824188,0.0039021355086586956,9967075860.06838,9967030381.41398,0.0004562909177509697,0.0004562909177509697,9979185627.875313,9978922426.035677,263201.839635849,0.002637577770412743,0.9034,0.09660000000000002,0.33999999999999586,0.33999999999999586
formal-run-01-CCP30-solution-0095,3b749bc1834848e4d3f0ae5ad42a03f6d3faf68d7303d463da46bf6afa64f24b,930002,5000,makespan,independent_oos_baseline,930001,930002,20,0.5,0.026333941754993272,0.0006934764883553782,1.5817168377989153,0.029074362973725083,54.402458937048266,oos_iqr,0.020000000000000018,0.26738904394377594,0.00308718987053401,0.002580575253829138,0.002833882562181574,510.89497545753176,509.4862979609828,0.27648977061534463,0.27648977061534463,572.7084938340254,572.4486194717524,0.2598743622729671,0.04539697597887048,0.9116,0.08840000000000003,1.1599999999999944,1.1599999999999944
formal-run-01-CCP30-solution-0096,fa609da8705046f6c56497034336907a4f551ee2ed3353e17343969a332a12f5,930002,5000,cost,independent_oos_baseline,930001,930002,20,0.5,0.028184860703632516,0.0007943863728831685,12659.043143805837,0.03595957407832188,352035.40276182815,oos_iqr,0.02100000000000002,0.2178513612898525,0.00383671129565124,0.002847312277184448,0.003342011786417844,11859845.733381059,11847507.182590842,0.1041446998094881,0.1041446998094881,12241369.317222346,12214853.7852092,26515.532013146207,0.21707613107291962,0.91,0.08999999999999997,1.0000000000000009,1.0000000000000009
formal-run-01-CCP30-solution-0096,fa609da8705046f6c56497034336907a4f551ee2ed3353e17343969a332a12f5,930002,5000,emission,independent_oos_baseline,930001,930002,20,0.5,0.03458454636234833,0.0011960908470894215,259270.50452939648,0.02507408118797126,10340179.669425964,oos_iqr,0.02200000000000002,0.17563013054961474,0.004915418553334578,0.004699815289010633,0.004807616921172606,9304445539.185436,9304364482.720245,0.0008711660569770542,0.0008711660569770542,9316648717.53202,9316361494.821672,287222.7103481293,0.003082992330297367,0.9054,0.09460000000000002,0.539999999999996,0.539999999999996
formal-run-01-CCP30-solution-0096,fa609da8705046f6c56497034336907a4f551ee2ed3353e17343969a332a12f5,930002,5000,makespan,independent_oos_baseline,930001,930002,20,0.5,0.03348035416538194,0.0011209341150394078,1.8127876855915992,0.032664665862700434,55.496899714550864,oos_iqr,0.020199999999999996,0.25687337890743356,0.004607703144813787,0.00439520647860755,0.0045014548117106685,513.4484773584584,511.77100686920716,0.327777554166903,0.327777554166903,573.5637965993795,573.0055508903008,0.5582457090787329,0.09742413633015685,0.9094,0.09060000000000001,0.9399999999999964,0.9399999999999964
formal-run-01-CCP30-solution-0097,0332d69d49f8eafbc34aff039096c6f237471afefb6f9abe466c2b406afb9fa4,930002,5000,cost,independent_oos_baseline,930001,930002,20,0.5,0.03926426606094457,0.0015416825893046432,11762.26323164619,0.036410990267560686,323041.5636930764,oos_iqr,0.024799999999999933,0.0909726007974517,0.007047475305273862,0.005739252111105365,0.006393363708189614,11880030.012485508,11868671.849239234,0.09569868802971444,0.09569868802971444,12230928.00215385,12203760.802278252,27167.19987559691,0.22261334285186266,0.9134,0.08660000000000001,1.3399999999999967,1.3399999999999967
formal-run-01-CCP30-solution-0097,0332d69d49f8eafbc34aff039096c6f237471afefb6f9abe466c2b406afb9fa4,930002,5000,emission,independent_oos_baseline,930001,930002,20,0.5,0.03288695302237848,0.0010815516790961288,280187.5676467288,0.02833760282833059,9887483.05014038,oos_iqr,0.022199999999999998,0.16801422440099156,0.004390039065247827,0.004275957914526693,0.00433299848988726,9320784713.668425,9320710345.238253,0.0007978837171992986,0.0007978837171992986,9332790742.658484,9332604320.411888,186422.2465953827,0.001997537238213857,0.9036,0.09640000000000004,0.35999999999999366,0.35999999999999366
formal-run-01-CCP30-solution-0097,0332d69d49f8eafbc34aff039096c6f237471afefb6f9abe466c2b406afb9fa4,930002,5000,makespan,independent_oos_baseline,930001,930002,20,0.5,0.04346545884574127,0.001889246112670828,2.1551087221366707,0.036261883501552086,59.431792119800605,oos_iqr,0.0232,0.13378475057842076,0.008446693136407408,0.0073965000120415495,0.007921596574224478,521.0421545956706,518.9514480075671,0.4028713275838009,0.4028713275838009,575.117787275528,572.7701934364732,2.3475938390548663,0.40986662119582545,0.9186,0.08140000000000003,1.859999999999995,1.859999999999995
formal-run-01-CCP30-solution-0098,f20613a5eed1641fd544161c3ae6e09214e133d7cd6719ec28225007665c81d9,930002,5000,cost,independent_oos_baseline,930001,930002,20,0.5,0.038064305915949,0.00144889138486295,12985.728407267325,0.039730377859316116,326846.33539729565,oos_iqr,0.023600000000000065,0.12178385194186107,0.007299539132908289,0.005232109043698699,0.006265824088303494,11724372.572048105,11712733.736604275,0.09936907732698462,0.09936907732698462,12088291.845819622,12063270.940567732,25020.90525189042,0.2074139375229258,0.9128,0.08720000000000006,1.2799999999999923,1.2799999999999923
formal-run-01-CCP30-solution-0098,f20613a5eed1641fd544161c3ae6e09214e133d7cd6719ec28225007665c81d9,930002,5000,emission,independent_oos_baseline,930001,930002,20,0.5,0.03466730126880659,0.001201821777262199,284669.73144046747,0.028182577658557688,10100911.807619095,oos_iqr,0.02300000000000002,0.1401360148439318,0.004927773169407779,0.00473239834206596,0.00483008575573687,9834004199.08387,9833930599.359972,0.0007484263098493302,0.0007484263098493302,9846263433.42272,9845724589.327902,538844.0948181152,0.005472873935577943,0.9072,0.0928,0.7199999999999984,0.7199999999999984
formal-run-01-CCP30-solution-0098,f20613a5eed1641fd544161c3ae6e09214e133d7cd6719ec28225007665c81d9,930002,5000,makespan,independent_oos_baseline,930001,930002,20,0.5,0.03652654471871734,0.0013341884690884571,2.046812608355504,0.039941754410174904,51.244934995496635,oos_iqr,0.022399999999999975,0.16066237817968165,0.006173256737354873,0.004935604360017402,0.005554430548686137,502.3329284404182,500.4899593327295,0.36823298316430014,0.36823298316430014,571.4971898733315,561.4308751718597,10.06631470147181,1.7929749051279749,0.911,0.08899999999999997,1.100000000000001,1.100000000000001
formal-run-01-CCP30-solution-0099,3920e11e20e50ad4b73bbe77c0af5c56c0de410cf6ff230b2d02526f748f91b1,930002,5000,cost,independent_oos_baseline,930001,930002,20,0.5,0.0377567830057397,0.0014255746629425142,9736.559265912289,0.03781162732360405,257501.7251329515,oos_iqr,0.024800000000000044,0.0909726007974492,0.007111027081289586,0.00519719341477175,0.006154110248030668,11691290.627360014,11681910.340823313,0.08029753921257987,0.08029753921257987,11971554.825882051,11949610.343384493,21944.482497557998,0.18364182485420402,0.9132,0.08679999999999999,1.319999999999999,1.319999999999999
formal-run-01-CCP30-solution-0099,3920e11e20e50ad4b73bbe77c0af5c56c0de410cf6ff230b2d02526f748f91b1,930002,5000,emission,independent_oos_baseline,930001,930002,20,0.5,0.03117807729473564,0.0009720725037965101,286493.3474349758,0.028370326226633213,10098345.191604614,oos_iqr,0.02200000000000002,0.17563013054961474,0.003945189810133269,0.0038416402649116633,0.003893415037522466,9949222945.445591,9949150219.991768,0.0007309715122901197,0.0007309715122901197,9961407299.507584,9961100982.057055,306317.4505290985,0.003075136484218648,0.9046,0.09540000000000004,0.45999999999999375,0.45999999999999375
formal-run-01-CCP30-solution-0099,3920e11e20e50ad4b73bbe77c0af5c56c0de410cf6ff230b2d02526f748f91b1,930002,5000,makespan,independent_oos_baseline,930001,930002,20,0.5,0.042851886592940536,0.0018362841845742366,1.7762903679853523,0.0340345841096143,52.19074698443501,oos_iqr,0.018400000000000083,0.3627535567329744,0.007781354814617504,0.007865745875578103,0.007823550345097803,517.5579307834354,515.8313646550033,0.334715228025505,0.334715228025505,573.4285238322194,572.6301714666291,0.79835236559029,0.13941849475823773,0.9086,0.09140000000000004,0.8599999999999941,0.8599999999999941
formal-run-01-CCP30-solution-0100,de17081308d2a7518f4b22029ea80a94e4a184ba3a8a43126edd758d639de377,930002,5000,cost,independent_oos_baseline,930001,930002,20,0.5,0.03697123626487715,0.0013668723109533675,11701.927309459988,0.04000627563027851,292502.2918305211,oos_iqr,0.025800000000000045,0.0705534396151128,0.006403526249751729,0.005025313763917234,0.005714420006834482,11769319.183720492,11758353.89197009,0.09325533022007083,0.09325533022007083,12099892.777033368,12070313.968469707,29578.80856366083,0.24505417705725907,0.9158,0.08420000000000005,1.5799999999999925,1.5799999999999925
formal-run-01-CCP30-solution-0100,de17081308d2a7518f4b22029ea80a94e4a184ba3a8a43126edd758d639de377,930002,5000,emission,independent_oos_baseline,930001,930002,20,0.5,0.03376051232092477,0.0011397721921713134,289841.6885185973,0.028831556720126265,10052932.324541092,oos_iqr,0.024400000000000005,0.10042462289139914,0.0045908175293412215,0.004541271940119809,0.004566044734730515,9498591893.959463,9498546774.612518,0.00047501315743796554,0.00047501315743796554,9510753727.341045,9510529358.357243,224368.9838027954,0.002359163989180417,0.9026,0.09740000000000004,0.25999999999999357,0.25999999999999357
formal-run-01-CCP30-solution-0100,de17081308d2a7518f4b22029ea80a94e4a184ba3a8a43126edd758d639de377,930002,5000,makespan,independent_oos_baseline,930001,930002,20,0.5,0.04110637767078635,0.0016897342852133226,1.8175743773402173,0.03504743769362905,51.86040683569337,oos_iqr,0.02080000000000004,0.22715738303255884,0.007330740809905045,0.006765470189591478,0.007048105499748261,516.9692384129685,515.2293055423653,0.33770068043230045,0.33770068043230045,574.5379637636996,572.7453846395128,1.7925791241867728,0.3129801081356641,0.9162,0.08379999999999999,1.6199999999999992,1.6199999999999992
formal-run-01-CCP30-solution-0101,8678123c172f5e5bb9256acc14aedd1a1c7b5ed665e892a206de26819bab3952,930002,5000,cost,independent_oos_baseline,930001,930002,20,0.5,0.0454900666219653,0.0020693461612708414,13183.192122522007,0.040944019084761446,321980.9001952261,oos_iqr,0.021199999999999997,0.2088385883788043,0.010223308164546661,0.007624996331276968,0.008924152247911814,11873651.895079542,11861944.585963633,0.09869637335654413,0.09869637335654413,12236888.22885837,12203741.915728994,33146.31312937662,0.27160778520443346,0.9158,0.08420000000000005,1.5799999999999925,1.5799999999999925
formal-run-01-CCP30-solution-0101,8678123c172f5e5bb9256acc14aedd1a1c7b5ed665e892a206de26819bab3952,930002,5000,emission,independent_oos_baseline,930001,930002,20,0.5,0.027019035520232146,0.0007300282804435665,234252.96035498194,0.022770335276498216,10287637.731744766,oos_iqr,0.02100000000000002,0.2178513612898525,0.002936065851749768,0.0029079319378238332,0.0029219988947868005,9542887633.930721,9542803092.386833,0.0008859193998830235,0.0008859193998830235,9555225563.519802,9554951251.736317,274311.7834854126,0.0028708862688918996,0.904,0.09599999999999997,0.40000000000000036,0.40000000000000036
formal-run-01-CCP30-solution-0101,8678123c172f5e5bb9256acc14aedd1a1c7b5ed665e892a206de26819bab3952,930002,5000,makespan,independent_oos_baseline,930001,930002,20,0.5,0.035852748707950605,0.0012854195899154538,1.883100826306857,0.04077001515005167,46.18837690827962,oos_iqr,0.017400000000000082,0.43234344883611986,0.005696390077866904,0.004832331979075707,0.0052643610284713056,512.3218809173381,510.47609095219036,0.36158205993640913,0.36158205993640913,572.9412944813131,572.1474737825102,0.7938206988028469,0.13874407127149196,0.9138,0.08620000000000005,1.3799999999999923,1.3799999999999923
formal-run-01-CCP30-solution-0102,a333eadcf7542e9076a52416954c2025f9223ce182d8aec5e7b400c81a82aa16,930002,5000,cost,independent_oos_baseline,930001,930002,20,0.5,0.032590656343857285,0.0010621508809234052,12828.774530209765,0.036640647577151644,350124.1211197786,oos_iqr,0.020000000000000018,0.26738904394377594,0.005409330122044168,0.003749784647187126,0.004579557384615646,11967050.39810117,11954318.33037855,0.10650601205980488,0.10650601205980488,12345314.453583937,12321015.012740072,24299.440843865275,0.19721947273612908,0.9096,0.09040000000000004,0.9599999999999942,0.9599999999999942
formal-run-01-CCP30-solution-0102,a333eadcf7542e9076a52416954c2025f9223ce182d8aec5e7b400c81a82aa16,930002,5000,emission,independent_oos_baseline,930001,930002,20,0.5,0.03240257304804734,0.0010499267401340438,228349.56431316852,0.02197940656522169,10389250.666780472,oos_iqr,0.02080000000000004,0.22715738303255884,0.004346832707482227,0.004098617572221451,0.0042227251398518385,9278826064.45543,9278733699.229004,0.0009954507739870343,0.0009954507739870343,9291052203.107866,9290771941.86883,280261.23903656006,0.0030165549298822396,0.9032,0.0968,0.31999999999999806,0.31999999999999806
formal-run-01-CCP30-solution-0102,a333eadcf7542e9076a52416954c2025f9223ce182d8aec5e7b400c81a82aa16,930002,5000,makespan,independent_oos_baseline,930001,930002,20,0.5,0.04284081504839535,0.0018353354340108173,1.673960503886423,0.03470463625967426,48.234492111116424,oos_iqr,0.018000000000000016,0.3897008318597607,0.008226320298583938,0.007076186671156446,0.007651253484870192,515.7284554765149,514.2411865333258,0.28921622424202326,0.28921622424202326,572.6754704141981,571.9815178101494,0.6939526040487181,0.12132430549601307,0.9142,0.08579999999999999,1.419999999999999,1.419999999999999
formal-run-01-CCP30-solution-0103,175c31222843091b12b42d85b97051278ee97ec14b44e5b0de5077ff846141ab,930002,5000,cost,independent_oos_baseline,930001,930002,20,0.5,0.04108642971534814,0.001688094706754243,10704.43230763744,0.03807860860626298,281114.0611339677,oos_iqr,0.024800000000000044,0.0909726007974492,0.007718986283058786,0.0062968979106202815,0.007007942096839534,11715925.993861431,11706128.483473562,0.08369556511959908,0.08369556511959908,12027985.978424218,11999631.451905318,28354.526518899947,0.23629497816283163,0.916,0.08399999999999996,1.6000000000000014,1.6000000000000014
formal-run-01-CCP30-solution-0103,175c31222843091b12b42d85b97051278ee97ec14b44e5b0de5077ff846141ab,930002,5000,emission,independent_oos_baseline,930001,930002,20,0.5,0.036974703510388195,0.001367128699681113,276125.69022092817,0.027446082823590717,10060659.366064072,oos_iqr,0.021199999999999997,0.2088385883788043,0.005525178255746805,0.005428465922281294,0.00547682208901405,9578994988.924675,9578955014.448437,0.00041731562762279545,0.00041731562762279545,9591100067.299381,9590944598.260458,155469.03892326355,0.0016209981960636232,0.9028,0.09719999999999995,0.28000000000000247,0.28000000000000247
formal-run-01-CCP30-solution-0103,175c31222843091b12b42d85b97051278ee97ec14b44e5b0de5077ff846141ab,930002,5000,makespan,independent_oos_baseline,930001,930002,20,0.5,0.03394976516275055,0.001152586554605911,1.6551660474461292,0.032323562075355035,51.20617720248424,oos_iqr,0.020199999999999996,0.25687337890743356,0.004913472258883897,0.0044744913940228115,0.004693981826453354,521.3298477436421,519.9522202857925,0.26495270221028844,0.26495270221028844,574.9097146555749,573.7621223533155,1.1475923022594543,0.2000118616322291,0.915,0.08499999999999996,1.5000000000000013,1.5000000000000013
formal-run-01-CCP30-solution-0104,53ea84053d93c2a6a2e26d4e7225f7ffe1641e2683799eaec54d924dc671c863,930002,5000,cost,independent_oos_baseline,930001,930002,20,0.5,0.038920830417864316,0.001514831040416152,12233.196634744269,0.03981954615273337,307215.8730243221,oos_iqr,0.02180000000000004,0.18351543091287947,0.006596752763623152,0.005974556559408391,0.006285654661515771,11919007.903706575,11907432.501919637,0.0972115675236639,0.0972115675236639,12263990.736914525,12231021.83108001,32968.90583451465,0.26955152472001975,0.9172,0.08279999999999998,1.7199999999999993,1.7199999999999993
formal-run-01-CCP30-solution-0104,53ea84053d93c2a6a2e26d4e7225f7ffe1641e2683799eaec54d924dc671c863,930002,5000,emission,independent_oos_baseline,930001,930002,20,0.5,0.030866728062486058,0.0009527549012834642,269532.29082924454,0.02688356722292221,10025912.431718826,oos_iqr,0.02180000000000004,0.18351543091287947,0.0038555974114883435,0.0037758513259667334,0.0038157243687275385,9445143992.002558,9445048750.993748,0.0010083696899925762,0.0010083696899925762,9457305469.100817,9456855417.11874,450051.9820766449,0.004759002461452077,0.9082,0.09179999999999999,0.8199999999999985,0.8199999999999985
formal-run-01-CCP30-solution-0104,53ea84053d93c2a6a2e26d4e7225f7ffe1641e2683799eaec54d924dc671c863,930002,5000,makespan,independent_oos_baseline,930001,930002,20,0.5,0.03125314347841332,0.0009767589772822888,2.0170915172075157,0.03570475994560779,56.493630548989245,oos_iqr,0.01780000000000001,0.40362483408775474,0.004470089769867537,0.003602118436251981,0.004036104103059759,520.2954261004309,518.2960827524543,0.38575312731651895,0.38575312731651895,577.3720083396256,575.4335837995658,1.9384245400598275,0.33686329658767655,0.9136,0.08640000000000003,1.3599999999999945,1.3599999999999945
formal-run-01-CCP30-solution-0105,e5e0e432ddf3bd23c68fa05c3337df23fd304d88bee61802ac11c9ff52705256,930002,5000,cost,independent_oos_baseline,930001,930002,20,0.5,0.035179174628039885,0.0012375743275101253,14452.03628922575,0.04079760963658338,354237.32953870296,oos_iqr,0.020600000000000063,0.23676066509225802,0.005801273038600818,0.004529329333395044,0.005165301185997931,11972615.62105721,11958258.773987414,0.12005800627952931,0.12005800627952931,12368063.404333014,12339577.441549508,28485.96278350614,0.23085039109677238,0.9122,0.08779999999999999,1.2199999999999989,1.2199999999999989
formal-run-01-CCP30-solution-0105,e5e0e432ddf3bd23c68fa05c3337df23fd304d88bee61802ac11c9ff52705256,930002,5000,emission,independent_oos_baseline,930001,930002,20,0.5,0.03282227733930448,0.0010773018897382203,210938.28669666545,0.02042616394510708,10326867.407093048,oos_iqr,0.019400000000000084,0.3008012928035292,0.004422360722356288,0.004261522392610987,0.004341941557483638,9295171800.940075,9295063393.967405,0.0011662854579341407,0.0011662854579341407,9307540187.399374,9307283004.5048,257182.89457321167,0.0027632435206787313,0.9034,0.09660000000000002,0.33999999999999586,0.33999999999999586
formal-run-01-CCP30-solution-0105,e5e0e432ddf3bd23c68fa05c3337df23fd304d88bee61802ac11c9ff52705256,930002,5000,makespan,independent_oos_baseline,930001,930002,20,0.5,0.04119005066073758,0.0016966202734341285,1.677503415714035,0.03454354338642662,48.56199599874242,oos_iqr,0.01759999999999995,0.4178414326994784,0.007597779218713215,0.006574217842793594,0.007085998530753404,515.5510866311912,514.0625508925262,0.28956315453839676,0.28956315453839676,572.6754704141981,571.9815178101494,0.6939526040487181,0.12132430549601307,0.9142,0.08579999999999999,1.419999999999999,1.419999999999999
formal-run-01-CCP30-solution-0106,62401300ec974405b4a109cb706bfcf579364a3db6520d2501aa3318c3da1e50,930002,5000,cost,independent_oos_baseline,930001,930002,20,0.5,0.03772812201125572,0.0014234111904961985,10927.935950013216,0.03900266738736862,280184.3228176832,oos_iqr,0.023399999999999976,0.1276693074850469,0.006599560804387442,0.005245161464332967,0.0059223611343602045,11707942.98310958,11697859.961198565,0.08619544040072973,0.08619544040072973,12021010.85457339,11989633.198266366,31377.65630702302,0.26170655755807487,0.9168,0.08320000000000005,1.6799999999999926,1.6799999999999926
formal-run-01-CCP30-solution-0106,62401300ec974405b4a109cb706bfcf579364a3db6520d2501aa3318c3da1e50,930002,5000,emission,independent_oos_baseline,930001,930002,20,0.5,0.033452203974432174,0.0011190499507470156,271252.18059960025,0.026904047853968716,10082207.037094116,oos_iqr,0.021600000000000064,0.1916753061426506,0.004553313951935809,0.004422326374777614,0.004487820163356712,9700866254.71765,9700804600.742823,0.0006355552695298253,0.0006355552695298253,9713006687.057081,9712625343.602816,381343.4542655945,0.003926265461446682,0.9054,0.09460000000000002,0.539999999999996,0.539999999999996
formal-run-01-CCP30-solution-0106,62401300ec974405b4a109cb706bfcf579364a3db6520d2501aa3318c3da1e50,930002,5000,makespan,independent_oos_baseline,930001,930002,20,0.5,0.04158980799091129,0.0017297121287208688,1.8412418899859888,0.03589186025720637,51.299706306426515,oos_iqr,0.021199999999999997,0.2088385883788043,0.007448874214333146,0.006965401941896832,0.0072071380781149885,516.5052603051179,514.7190932678625,0.3470178317876876,0.3470178317876876,575.238419289416,573.1504669168033,2.0879523726126763,0.3642939320706785,0.9146,0.08540000000000003,1.4599999999999946,1.4599999999999946
formal-run-01-CCP30-solution-0107,15230b369218e25386a0bf27e853b7dbd4241dcac7e3b3ebda537654f7ff786d,930002,5000,cost,independent_oos_baseline,930001,930002,20,0.5,0.03506097120562366,0.0012292717018815716,13344.661678030967,0.042813463312635906,311693.1134625692,oos_iqr,0.02080000000000004,0.22715738303255884,0.00582342292485432,0.004506671093173939,0.00516504700901413,11738428.829557724,11727312.92135393,0.09478648926944763,0.09478648926944763,12091152.44395116,12064999.009564716,26153.434386443347,0.21677112750452612,0.9128,0.08720000000000006,1.2799999999999923,1.2799999999999923
formal-run-01-CCP30-solution-0107,15230b369218e25386a0bf27e853b7dbd4241dcac7e3b3ebda537654f7ff786d,930002,5000,emission,independent_oos_baseline,930001,930002,20,0.5,0.033101638949635845,0.001095718501152049,254324.19250751237,0.02495906608603782,10189651.79349327,oos_iqr,0.021199999999999997,0.2088385883788043,0.00456371311831553,0.004275035025763388,0.004419374072039459,9664640459.166971,9664577013.682875,0.0006564745048510919,0.0006564745048510919,9677115114.06079,9676659098.025223,456016.03556632996,0.004712535917064517,0.9078,0.09219999999999995,0.7800000000000029,0.7800000000000029
formal-run-01-CCP30-solution-0107,15230b369218e25386a0bf27e853b7dbd4241dcac7e3b3ebda537654f7ff786d,930002,5000,makespan,independent_oos_baseline,930001,930002,20,0.5,0.03614364438227821,0.0013063630292325912,1.9246138932805195,0.03657907173867961,52.615164950875055,oos_iqr,0.02440000000000009,0.10042462289139704,0.005749275557770968,0.004934233985987374,0.005341754771879171,506.40745396122935,504.68295960488535,0.34169855025303353,0.34169855025303353,572.3284362963469,571.8438316533271,0.484604643019793,0.08474422844060303,0.9104,0.08960000000000001,1.0399999999999965,1.0399999999999965
formal-run-01-CCP30-solution-0108,bb5d7a23629ae04b7e9bf2b760891b6a185edf776424d558b43bc6a635c9b9d0,930002,5000,cost,independent_oos_baseline,930001,930002,20,0.5,0.03758713136176973,0.0014127924440069336,12662.267205741293,0.03769340543796977,335927.91785764694,oos_iqr,0.025800000000000045,0.0705534396151128,0.006396539314913601,0.005276255021508222,0.0058363971682109115,11831218.644267246,11819456.198050724,0.09951765986037207,0.09951765986037207,12198988.704254232,12170035.638638861,28953.06561537087,0.23790452612519283,0.9134,0.08660000000000001,1.3399999999999967,1.3399999999999967
formal-run-01-CCP30-solution-0108,bb5d7a23629ae04b7e9bf2b760891b6a185edf776424d558b43bc6a635c9b9d0,930002,5000,emission,independent_oos_baseline,930001,930002,20,0.5,0.030396861096181314,0.000923969164500541,251276.01303266006,0.02466212629948698,10188740.823936462,oos_iqr,0.021399999999999975,0.20011475900980857,0.0037868730880633596,0.0036298800144166,0.00370837655123998,9324671495.95403,9324589623.179691,0.0008780308586904856,0.0008780308586904856,9336768255.023348,9336469391.309069,298863.7142791748,0.0032010356565552994,0.9064,0.09360000000000002,0.6399999999999961,0.6399999999999961
formal-run-01-CCP30-solution-0108,bb5d7a23629ae04b7e9bf2b760891b6a185edf776424d558b43bc6a635c9b9d0,930002,5000,makespan,independent_oos_baseline,930001,930002,20,0.5,0.03632219759192044,0.0013193020379065109,1.8760829952452442,0.030534916331486243,61.44058083796716,oos_iqr,0.0242,0.105448774554511,0.00586992420487031,0.005358742024792128,0.005614333114831219,522.1167349056531,520.318979724921,0.3455102063896529,0.3455102063896529,575.8147363560232,574.1234070932895,1.6913292627336887,0.2945933299073563,0.915,0.08499999999999996,1.5000000000000013,1.5000000000000013
formal-run-01-CCP30-solution-0109,2cf70db759ae324cb1d1e7cc451405823eb810f9bb6496c81583418756fc363e,930002,5000,cost,independent_oos_baseline,930001,930002,20,0.5,0.03863829662183092,0.0014929179658365907,9149.716438952775,0.03497519019881286,261605.90941585042,oos_iqr,0.0252,0.08227715415545722,0.006744291618605181,0.005604464447797102,0.006174378033201142,11655615.501158258,11647449.769180356,0.0701074667822069,0.0701074667822069,11939034.60477646,11921247.033515276,17787.57126118429,0.14920898133539626,0.9088,0.09119999999999995,0.880000000000003,0.880000000000003
formal-run-01-CCP30-solution-0109,2cf70db759ae324cb1d1e7cc451405823eb810f9bb6496c81583418756fc363e,930002,5000,emission,independent_oos_baseline,930001,930002,20,0.5,0.03008711104655316,0.0009052342511276213,283309.3557356999,0.028158156118048294,10061360.358539581,oos_iqr,0.021600000000000064,0.1916753061426506,0.0037182414995488677,0.003536411251250834,0.003627326375399851,9960082420.915928,9960036605.194946,0.00045999550802555667,0.00045999550802555667,9972199395.576584,9971928011.467554,271384.1090297699,0.0027214808281576302,0.9034,0.09660000000000002,0.33999999999999586,0.33999999999999586
formal-run-01-CCP30-solution-0109,2cf70db759ae324cb1d1e7cc451405823eb810f9bb6496c81583418756fc363e,930002,5000,makespan,independent_oos_baseline,930001,930002,20,0.5,0.02617260128547477,0.0006850050580484356,1.601464708302085,0.031352157296425494,51.079888798742104,oos_iqr,0.021399999999999975,0.20011475900980857,0.003023981856599677,0.002566365975144565,0.002795173915872121,514.7468730843477,513.2732345875742,0.2871060475143731,0.2871060475143731,572.8571028805426,572.6301714666291,0.22693141391346217,0.039629664174390594,0.9102,0.08979999999999999,1.0199999999999987,1.0199999999999987
formal-run-01-CCP30-solution-0110,73a3cdb558bec1bafcc58b830615240b5039325dc8cdeeafa99ce154504d3d72,930002,5000,cost,independent_oos_baseline,930001,930002,20,0.5,0.03628298788911303,0.0013164552101615227,12593.605118271538,0.03808410943297586,330678.7346684579,oos_iqr,0.023800000000000043,0.11612252501738375,0.005917125321236727,0.004980237416757968,0.005448681368997347,11829678.786241382,11817627.575156536,0.10197656854731925,0.10197656854731925,12190405.94736019,12164741.43238146,25664.51497872919,0.21097460329417714,0.9118,0.08819999999999995,1.1800000000000033,1.1800000000000033
formal-run-01-CCP30-solution-0110,73a3cdb558bec1bafcc58b830615240b5039325dc8cdeeafa99ce154504d3d72,930002,5000,emission,independent_oos_baseline,930001,930002,20,0.5,0.034798529524872016,0.0012109376570933893,263849.20916364057,0.02610932174824464,10105555.851192474,oos_iqr,0.0232,0.13378475057842076,0.005005683787022964,0.004729550409954321,0.004867617098488642,9339044559.78198,9338950183.971813,0.0010105612334166561,0.0010105612334166561,9351154027.449255,9350651882.824665,502144.62458992004,0.005370156336503794,0.9072,0.0928,0.7199999999999984,0.7199999999999984
formal-run-01-CCP30-solution-0110,73a3cdb558bec1bafcc58b830615240b5039325dc8cdeeafa99ce154504d3d72,930002,5000,makespan,independent_oos_baseline,930001,930002,20,0.5,0.04204561480861647,0.0017678337246345485,2.384487611760393,0.039000989397160166,61.13915694492658,oos_iqr,0.02679999999999999,0.0541689222373542,0.007518550797897743,0.007633664794338693,0.0075761077961182186,516.5824685201684,514.2423268446645,0.4550659394108529,0.4550659394108529,576.2606802258795,573.2711549763403,2.989525249539156,0.5214853780079931,0.916,0.08399999999999996,1.6000000000000014,1.6000000000000014
formal-run-01-CCP30-solution-0111,df446f3404c3c3e8e53f557ab95d9d94b0a022c2d81e0639b34ae37713e99a22,930002,5000,cost,independent_oos_baseline,930001,930002,20,0.5,0.039845961777324766,0.0015877006699600263,12780.011236487298,0.041177748585679894,310362.0687249452,oos_iqr,0.02100000000000002,0.2178513612898525,0.007188668743975638,0.005912008018136989,0.006550338381056313,11880978.014458902,11869664.578880023,0.0953138608399199,0.0953138608399199,12235835.125743324,12201197.015707193,34638.110036130995,0.28389108045333317,0.9154,0.08460000000000001,1.539999999999997,1.539999999999997
formal-run-01-CCP30-solution-0111,df446f3404c3c3e8e53f557ab95d9d94b0a022c2d81e0639b34ae37713e99a22,930002,5000,emission,independent_oos_baseline,930001,930002,20,0.5,0.03255526413971601,0.001059845223206679,257507.94457527844,0.02563920569915004,10043522.704910278,oos_iqr,0.022599999999999953,0.15356912653670451,0.004268954808746813,0.004222383536326466,0.004245669172536639,9364570718.467882,9364499601.96664,0.0007594266032831991,0.0007594266032831991,9376740690.089235,9376560313.471834,180376.61740112305,0.0019236970847610905,0.9014,0.09860000000000002,0.13999999999999568,0.13999999999999568
formal-run-01-CCP30-solution-0111,df446f3404c3c3e8e53f557ab95d9d94b0a022c2d81e0639b34ae37713e99a22,930002,5000,makespan,independent_oos_baseline,930001,930002,20,0.5,0.0367315701646204,0.0013492082467584316,1.7964902626530121,0.033756314459825874,53.21938402935115,oos_iqr,0.015600000000000058,0.5738415896821087,0.0063573413606394305,0.004926724851498289,0.00564203310606886,514.0495709739974,512.3393980250992,0.3337968845438069,0.3337968845438069,573.5732303554099,572.4610310286741,1.1121993267357766,0.19428384928441833,0.9114,0.08860000000000001,1.1399999999999966,1.1399999999999966
formal-run-01-CCP30-solution-0112,2fe6c9776af696c12c3ae9de2b9530cca08e57394ca5943653bafa45037e8081,930002,5000,cost,independent_oos_baseline,930001,930002,20,0.5,0.037488716366281045,0.0014054038547914685,11482.46773655017,0.03771783845486575,304430.6939882152,oos_iqr,0.025000000000000022,0.08653316714160064,0.006542674282862659,0.005210489792230059,0.005876582037546358,11901067.296534428,11890132.101434719,0.0919686594431534,0.0919686594431534,12235015.048978386,12203780.069529304,31234.979449082166,0.2559451192263815,0.9152,0.08479999999999999,1.5199999999999991,1.5199999999999991
formal-run-01-CCP30-solution-0112,2fe6c9776af696c12c3ae9de2b9530cca08e57394ca5943653bafa45037e8081,930002,5000,emission,independent_oos_baseline,930001,930002,20,0.5,0.03235983203460494,0.001047158729307844,268521.6909178901,0.026008943906158936,10324205.853445053,oos_iqr,0.021399999999999975,0.20011475900980857,0.004281466500302573,0.004112682171248246,0.0041970743357754095,9474068357.000008,9473962493.630657,0.001117413853196118,0.001117413853196118,9486210763.073153,9485878792.06372,331971.009431839,0.0034996336840143866,0.9052,0.0948,0.5199999999999982,0.5199999999999982
formal-run-01-CCP30-solution-0112,2fe6c9776af696c12c3ae9de2b9530cca08e57394ca5943653bafa45037e8081,930002,5000,makespan,independent_oos_baseline,930001,930002,20,0.5,0.035726278468935814,0.0012763669732399467,1.8910948079089422,0.03349917199043525,56.45198658787422,oos_iqr,0.021400000000000086,0.20011475900980402,0.005859693812324497,0.004725839840853551,0.005292766826589024,523.8098494774871,521.9341483744968,0.3593750492915577,0.3593750492915577,578.9009477739721,576.6750311630251,2.2259166109470243,0.3859915013934011,0.9128,0.08720000000000006,1.2799999999999923,1.2799999999999923
formal-run-01-CCP30-solution-0113,2e6ebd616a05bfc188a4b33ae574e1052bebcbe43f09676be01bf3329fb16c04,930002,5000,cost,independent_oos_baseline,930001,930002,20,0.5,0.039286858862896894,0.0015434572793131805,12024.761844274653,0.041204959239869894,291828.02425003983,oos_iqr,0.01979999999999993,0.27821435494795,0.006922340521517798,0.005781199377759974,0.006351769949638886,11885133.538667236,11874100.31745109,0.09291837630789285,0.09291837630789285,12212828.444483059,12182010.095281951,30818.349201107398,0.2529824631572357,0.9156,0.08440000000000003,1.5599999999999947,1.5599999999999947
formal-run-01-CCP30-solution-0113,2e6ebd616a05bfc188a4b33ae574e1052bebcbe43f09676be01bf3329fb16c04,930002,5000,emission,independent_oos_baseline,930001,930002,20,0.5,0.03652016441900935,0.0013337224091914764,282358.58429752896,0.028428394208560828,9932273.424451828,oos_iqr,0.02300000000000002,0.1401360148439318,0.005412866579429862,0.0052903179482280205,0.005351592263828942,9516333105.911547,9516235359.763157,0.0010271514385101234,0.0010271514385101234,9528578191.899689,9528013894.298525,564297.6011638641,0.005922510267344746,0.9082,0.09179999999999999,0.8199999999999985,0.8199999999999985
formal-run-01-CCP30-solution-0113,2e6ebd616a05bfc188a4b33ae574e1052bebcbe43f09676be01bf3329fb16c04,930002,5000,makespan,independent_oos_baseline,930001,930002,20,0.5,0.032916898817776645,0.0010835222277797455,1.963265286620444,0.04189532214402935,46.86120516918464,oos_iqr,0.020000000000000018,0.26738904394377594,0.004910159154036045,0.0040275567181298965,0.004468857936082971,514.7827584726134,512.8404068505616,0.37874387355319344,0.37874387355319344,573.6150769209889,572.3873293485661,1.2277475724227997,0.2144959382347088,0.9118,0.08819999999999995,1.1800000000000033,1.1800000000000033
formal-run-01-CCP30-solution-0114,f8f63d4d45a5c15b5a5431b1b849dc514a6fa3fb70bd9d7786587642c1e69c26,930002,5000,cost,independent_oos_baseline,930001,930002,20,0.5,0.03712546368046602,0.0013783000534896017,13204.91624622491,0.04279329405595107,308574.4282494318,oos_iqr,0.02300000000000002,0.1401360148439318,0.006236703651156199,0.005146374733109321,0.00569153919213276,11958392.271416087,11945834.671727037,0.10512115757612578,0.10512115757612578,12312080.003972467,12282930.60934926,29149.39462320693,0.23731628509746372,0.9132,0.08679999999999999,1.319999999999999,1.319999999999999
formal-run-01-CCP30-solution-0114,f8f63d4d45a5c15b5a5431b1b849dc514a6fa3fb70bd9d7786587642c1e69c26,930002,5000,emission,independent_oos_baseline,930001,930002,20,0.5,0.030501846364243995,0.0009303626316279447,256674.48535107423,0.025297882175208897,10146085.88866806,oos_iqr,0.021199999999999997,0.2088385883788043,0.0037593206490705907,0.0036972668395036682,0.0037282937442871295,9384697141.32653,9384614411.779173,0.0008815444484721776,0.0008815444484721776,9397081848.16762,9396847498.89654,234349.2710800171,0.0024939137418962735,0.9044,0.09560000000000002,0.43999999999999595,0.43999999999999595
formal-run-01-CCP30-solution-0114,f8f63d4d45a5c15b5a5431b1b849dc514a6fa3fb70bd9d7786587642c1e69c26,930002,5000,makespan,independent_oos_baseline,930001,930002,20,0.5,0.028921864928670833,0.00083647427095228,2.069663015693293,0.0363843110967936,56.88339158565748,oos_iqr,0.017599999999999977,0.4178414326994766,0.0038496998449289548,0.0030716432328059574,0.003460671538867456,520.8076485184432,518.7427459792896,0.3980590678440233,0.3980590678440233,577.6737233431811,575.4335837995658,2.240139543615328,0.38929593382850075,0.914,0.08599999999999997,1.4000000000000012,1.4000000000000012
formal-run-01-CCP30-solution-0116,9958174387c3b50bd74929b5f0a321d2ab0178e5aa381da279fcbc5981143ccb,930002,5000,cost,independent_oos_baseline,930001,930002,20,0.5,0.039824365334697194,0.0015859800743114314,12401.616437644025,0.03698535749321859,335311.5199688934,oos_iqr,0.021600000000000064,0.1916753061426506,0.007108521294761669,0.0059515661016729185,0.006530043698217294,11924914.232594728,11912952.085836947,0.10041295114418403,0.10041295114418403,12288880.62967459,12261162.385032205,27718.24464238435,0.2260653906371989,0.9104,0.08960000000000001,1.0399999999999965,1.0399999999999965
formal-run-01-CCP30-solution-0116,9958174387c3b50bd74929b5f0a321d2ab0178e5aa381da279fcbc5981143ccb,930002,5000,emission,independent_oos_baseline,930001,930002,20,0.5,0.03494512797926971,0.001221161969487539,236111.55435369184,0.022781871696089355,10364010.36330223,oos_iqr,0.02100000000000002,0.2178513612898525,0.005217528160188567,0.004692814315097628,0.0049551712376430974,9276519987.18285,9276445270.8528,0.000805441393421232,0.000805441393421232,9288901094.446478,9288517772.371304,383322.07517433167,0.004126837936559945,0.9058,0.09419999999999995,0.5800000000000027,0.5800000000000027
formal-run-01-CCP30-solution-0116,9958174387c3b50bd74929b5f0a321d2ab0178e5aa381da279fcbc5981143ccb,930002,5000,makespan,independent_oos_baseline,930001,930002,20,0.5,0.038934022424414266,0.0015158581021447928,1.9728780896745914,0.036038395645345965,54.74378241167267,oos_iqr,0.02100000000000002,0.2178513612898525,0.006673902044095975,0.006137724058783596,0.006405813051439785,526.8685633757233,525.1242540228226,0.3321707842549756,0.3321707842549756,574.7465788942402,573.5401847221309,1.2063941721092988,0.21034169954347198,0.917,0.08299999999999996,1.7000000000000015,1.7000000000000015
formal-run-01-CCP30-solution-0117,566725729fb5dd2a4faf50105129897920e9b8d4c0461b057484fb44f32e8a6e,930002,5000,cost,independent_oos_baseline,930001,930002,20,0.5,0.04240731968447619,0.0017983807628213614,12144.189900195055,0.041881340064000704,289966.60282686725,oos_iqr,0.022199999999999998,0.16801422440099156,0.0088242460584907,0.006531400911884849,0.007677823485187774,11684252.86554163,11674110.903574672,0.08687566916853923,0.08687566916853923,12008840.563997766,11984897.310584156,23943.25341361016,0.19977854455594948,0.9106,0.08940000000000003,1.0599999999999943,1.0599999999999943
formal-run-01-CCP30-solution-0117,566725729fb5dd2a4faf50105129897920e9b8d4c0461b057484fb44f32e8a6e,930002,5000,emission,independent_oos_baseline,930001,930002,20,0.5,0.03341848663324827,0.0011167952488565934,293649.694767392,0.029501474341926813,9953729.476837158,oos_iqr,0.022199999999999998,0.16801422440099156,0.004567718396599278,0.004388290793385827,0.0044780045949925525,9809658735.313759,9809585572.61616,0.0007458286291283042,0.0007458286291283042,9821862011.088371,9821323117.772278,538893.3160934448,0.005486972678032401,0.9088,0.09119999999999995,0.880000000000003,0.880000000000003
formal-run-01-CCP30-solution-0117,566725729fb5dd2a4faf50105129897920e9b8d4c0461b057484fb44f32e8a6e,930002,5000,makespan,independent_oos_baseline,930001,930002,20,0.5,0.035064721903651806,0.0012295347221804387,1.9147105099685513,0.03415762966878727,56.05513405159331,oos_iqr,0.024399999999999977,0.10042462289139976,0.00538896932104063,0.0046770337868118446,0.005033001553926237,504.6420790489972,502.8369687936764,0.35898519149283686,0.35898519149283686,572.1839197168409,570.1001756993667,2.0837440174742596,0.36550488954297206,0.911,0.08899999999999997,1.100000000000001,1.100000000000001
formal-run-01-CCP30-solution-0118,ad26ba8bd80f1427439b686f8730e3e97e28aa4989256b7a7e82e0626459bbef,930002,5000,cost,independent_oos_baseline,930001,930002,20,0.5,0.04070673880963606,0.0016570385845159307,10498.812237824033,0.03702316316036057,283574.1557886321,oos_iqr,0.0242,0.105448774554511,0.007352407524598053,0.006274307948971229,0.006813357736784641,11767905.435500659,11758038.174377909,0.08391928123053718,0.08391928123053718,12085069.185826432,12056209.4868599,28859.698966531083,0.23937622349699011,0.9156,0.08440000000000003,1.5599999999999947,1.5599999999999947
formal-run-01-CCP30-solution-0118,ad26ba8bd80f1427439b686f8730e3e97e28aa4989256b7a7e82e0626459bbef,930002,5000,emission,independent_oos_baseline,930001,930002,20,0.5,0.03795982847404126,0.0014409485777786336,275654.42692664184,0.02774268964943154,9936110.391960144,oos_iqr,0.02400000000000002,0.11067945593694506,0.006010538560537364,0.005592724728034129,0.005801631644285746,9494540294.388706,9494480234.707203,0.0006325747172946541,0.0006325747172946541,9506700281.930605,9506254976.299719,445305.6308860779,0.004684343434888718,0.9066,0.09340000000000004,0.6599999999999939,0.6599999999999939
formal-run-01-CCP30-solution-0118,ad26ba8bd80f1427439b686f8730e3e97e28aa4989256b7a7e82e0626459bbef,930002,5000,makespan,independent_oos_baseline,930001,930002,20,0.5,0.03905861012659136,0.0015255750250210652,1.837158015353146,0.03384650742461739,54.279101601394075,oos_iqr,0.02059999999999995,0.23676066509226357,0.006574823120120475,0.005964592832156215,0.006269707976138345,514.4789383076242,512.7541767021779,0.33637202461015486,0.33637202461015486,576.1076942939595,574.2187674791951,1.8889268147644316,0.32895595228570623,0.9158,0.08420000000000005,1.5799999999999925,1.5799999999999925
formal-run-01-CCP30-solution-0119,2b72dff4d55bbdd6c45e6cd770dc7106aacab6772460ae42a8c967f7ea959d59,930002,5000,cost,independent_oos_baseline,930001,930002,20,0.5,0.04023000219742101,0.0016184530768044991,13699.889555608115,0.04434903081693519,308910.68650764413,oos_iqr,0.01980000000000004,0.27821435494794367,0.007527041676356091,0.006023288716356627,0.006775165196356359,11707320.087410696,11695860.428352082,0.09798047034516759,0.09798047034516759,12057354.101750657,12028250.30570619,29103.796044467017,0.2419620086444344,0.9144,0.08560000000000001,1.4399999999999968,1.4399999999999968
formal-run-01-CCP30-solution-0119,2b72dff4d55bbdd6c45e6cd770dc7106aacab6772460ae42a8c967f7ea959d59,930002,5000,emission,independent_oos_baseline,930001,930002,20,0.5,0.03384460386050021,0.0011454572104741853,245630.30657570274,0.023905654533473788,10274987.7118721,oos_iqr,0.02100000000000002,0.2178513612898525,0.004656577484289472,0.004519326668146889,0.00458795207621818,9708676439.265247,9708602639.198887,0.000760151271023317,0.000760151271023317,9721014800.997038,9720626729.257887,388071.739151001,0.00399225019085398,0.9044,0.09560000000000002,0.43999999999999595,0.43999999999999595
formal-run-01-CCP30-solution-0119,2b72dff4d55bbdd6c45e6cd770dc7106aacab6772460ae42a8c967f7ea959d59,930002,5000,makespan,independent_oos_baseline,930001,930002,20,0.5,0.036020687526782745,0.001297489929902122,2.0684070713406504,0.03864138955620222,53.52827874712534,oos_iqr,0.020600000000000063,0.23676066509225802,0.0059184196085335875,0.004858483166376325,0.005388451387454956,512.2257251211906,510.2317430640591,0.39079929546468367,0.39079929546468367,573.12322759628,572.1794768142161,0.9437507820639439,0.1649396422462694,0.9154,0.08460000000000001,1.539999999999997,1.539999999999997
formal-run-01-CCP30-solution-0120,c680272a9fcfbb68f911ad8401eaa051417a15e9ba080692ded552ee2db473f3,930002,5000,cost,independent_oos_baseline,930001,930002,20,0.5,0.03693493996830912,0.0013641897904625984,11990.173445345183,0.040734852513880954,294346.7990036141,oos_iqr,0.02639999999999998,0.06028121671289906,0.006291296454210414,0.005050858819796572,0.005671077637003493,11776442.55405099,11765360.317521991,0.09419377078059918,0.09419377078059918,12106091.736250818,12076730.161214361,29361.57503645681,0.24312520561860754,0.916,0.08399999999999996,1.6000000000000014,1.6000000000000014
formal-run-01-CCP30-solution-0120,c680272a9fcfbb68f911ad8401eaa051417a15e9ba080692ded552ee2db473f3,930002,5000,emission,independent_oos_baseline,930001,930002,20,0.5,0.0368555426867522,0.0013583310267350135,267204.0380730209,0.026254469528693886,10177468.55562973,oos_iqr,0.025800000000000045,0.0705534396151128,0.005509594386871787,0.0053978193547719626,0.005453706870821875,9503801736.84698,9503741748.359789,0.0006312091466563655,0.0006312091466563655,9515971568.86757,9515697134.41713,274434.4504413605,0.002884018339011276,0.9042,0.0958,0.41999999999999815,0.41999999999999815
formal-run-01-CCP30-solution-0120,c680272a9fcfbb68f911ad8401eaa051417a15e9ba080692ded552ee2db473f3,930002,5000,makespan,independent_oos_baseline,930001,930002,20,0.5,0.043294825484541694,0.001874441913736921,1.97148842563936,0.03806045060727543,51.7988724301257,oos_iqr,0.021199999999999997,0.2088385883788043,0.008141604271595243,0.007441124578741296,0.007791364425168269,516.8120671830882,514.9089498660082,0.36960268753828596,0.36960268753828596,574.5379637636996,572.7415744418269,1.7963893218727662,0.3136474462541788,0.9162,0.08379999999999999,1.6199999999999992,1.6199999999999992
formal-run-01-CCP30-solution-0121,89840492c5f8da038e74490d7e2bc45bab20afeda4047a1de31f316be58e2151,930002,5000,cost,independent_oos_baseline,930001,930002,20,0.5,0.036488177360329915,0.0013313870870788926,13731.897712211827,0.04343219947927836,316168.60018252954,oos_iqr,0.02200000000000002,0.17563013054961474,0.005982017107765325,0.004960428662357688,0.005471222885061506,11971614.788550861,11958669.981718939,0.10824620841373613,0.10824620841373613,12328474.03185795,12300048.752426226,28425.27943172492,0.23109891679183742,0.9116,0.08840000000000003,1.1599999999999944,1.1599999999999944
formal-run-01-CCP30-solution-0121,89840492c5f8da038e74490d7e2bc45bab20afeda4047a1de31f316be58e2151,930002,5000,emission,independent_oos_baseline,930001,930002,20,0.5,0.03352116649874293,0.0011236686034364453,258778.95906674347,0.025377229547830324,10197289.604801178,oos_iqr,0.020399999999999974,0.24666489084878618,0.004595013396729016,0.00443801170440055,0.004516512550564783,9399952802.117556,9399840823.653261,0.0011912804311819507,0.0011912804311819507,9412447808.676018,9412008690.244993,439118.4310245514,0.00466551238397891,0.905,0.09499999999999997,0.5000000000000004,0.5000000000000004
formal-run-01-CCP30-solution-0121,89840492c5f8da038e74490d7e2bc45bab20afeda4047a1de31f316be58e2151,930002,5000,makespan,independent_oos_baseline,930001,930002,20,0.5,0.028697419692941803,0.000823541897032844,2.178790456025585,0.039348952327817224,55.37099025849585,oos_iqr,0.020600000000000007,0.2367606650922608,0.003791892335959351,0.003016564905372343,0.003404228620665847,524.9945618336029,522.8224682167956,0.41545529292489874,0.41545529292489874,577.7052290053015,575.2597994988548,2.445429506446658,0.425100017170855,0.914,0.08599999999999997,1.4000000000000012,1.4000000000000012
formal-run-01-CCP30-solution-0122,a911008c2e8cd187f07b413a3370a7d31c7022e9066c97a946488707f5c40822,930002,5000,cost,independent_oos_baseline,930001,930002,20,0.5,0.04227077130790623,0.0017868181069653085,13934.767570183632,0.04271605098529375,326218.5349245202,oos_iqr,0.021600000000000008,0.19167530614265293,0.008638434333338425,0.0065583146106050864,0.007598374471971756,11920522.461721525,11908054.268063217,0.10470386998274137,0.10470386998274137,12293853.950995935,12259094.737671008,34759.21332492679,0.28353817364764383,0.9144,0.08560000000000001,1.4399999999999968,1.4399999999999968
formal-run-01-CCP30-solution-0122,a911008c2e8cd187f07b413a3370a7d31c7022e9066c97a946488707f5c40822,930002,5000,emission,independent_oos_baseline,930001,930002,20,0.5,0.032744416038058215,0.001072196781673444,239523.77546804686,0.023456357159577945,10211465.226186752,oos_iqr,0.020000000000000018,0.26738904394377594,0.004358849458927806,0.00423698634237677,0.004297917900652288,9486716271.190203,9486612786.308737,0.0010908517486374403,0.0010908517486374403,9499078554.407768,9498801918.001554,276636.4062137604,0.002912329455881123,0.9042,0.0958,0.41999999999999815,0.41999999999999815
formal-run-01-CCP30-solution-0122,a911008c2e8cd187f07b413a3370a7d31c7022e9066c97a946488707f5c40822,930002,5000,makespan,independent_oos_baseline,930001,930002,20,0.5,0.035852748707950605,0.0012854195899154538,1.883100826306857,0.04077001515005167,46.18837690827962,oos_iqr,0.017400000000000082,0.43234344883611986,0.005696390077866904,0.004832331979075707,0.0052643610284713056,512.3218809173381,510.47609095219036,0.36158205993640913,0.36158205993640913,572.9412944813131,572.1474737825102,0.7938206988028469,0.13874407127149196,0.9138,0.08620000000000005,1.3799999999999923,1.3799999999999923
formal-run-01-CCP30-solution-0124,5b1aeed72e5957690caaf497730b6e86f392a2ef5076015fedeccdc71e20d31a,930002,5000,cost,independent_oos_baseline,930001,930002,20,0.5,0.038976528020265376,0.001519169736514532,13333.78455144852,0.04203037106905356,317241.6567424983,oos_iqr,0.02059999999999995,0.23676066509226357,0.007426128032995009,0.0055233465503267375,0.006474737291660874,11837097.67002026,11825831.370109905,0.09526856554737644,0.09526856554737644,12194417.413548326,12165147.737702297,29269.675846029073,0.24060271586605006,0.9138,0.08620000000000005,1.3799999999999923,1.3799999999999923
formal-run-01-CCP30-solution-0124,5b1aeed72e5957690caaf497730b6e86f392a2ef5076015fedeccdc71e20d31a,930002,5000,emission,independent_oos_baseline,930001,930002,20,0.5,0.03149877395549202,0.0009921727606991824,239953.41946921428,0.023736859403377608,10108895.005506516,oos_iqr,0.02180000000000004,0.18351543091287947,0.0040607346732769575,0.003915332573795546,0.003988033623536252,9558000841.3449,9557919919.323002,0.0008466488794771305,0.0008466488794771305,9570346666.748175,9569936255.781271,410410.9669036865,0.004288544415912427,0.9068,0.09319999999999995,0.6800000000000028,0.6800000000000028
formal-run-01-CCP30-solution-0124,5b1aeed72e5957690caaf497730b6e86f392a2ef5076015fedeccdc71e20d31a,930002,5000,makespan,independent_oos_baseline,930001,930002,20,0.5,0.034573246194678955,0.0011953093524378828,1.9108982435533197,0.034597484183916075,55.232288954746366,oos_iqr,0.022399999999999975,0.16066237817968165,0.0051971885734272815,0.004630707068426651,0.004913947820926966,510.09031480399983,508.25114568577504,0.3618622670772787,0.3618622670772787,574.3836713197562,572.2952618149054,2.0884095048508016,0.36491818894811073,0.9066,0.09340000000000004,0.6599999999999939,0.6599999999999939
formal-run-01-CCP30-solution-0125,2c99f68bfd07072161d3417f07514716bd48df2cbb8b7a77965afe2b4700b94d,930002,5000,cost,independent_oos_baseline,930001,930002,20,0.5,0.03388586152497521,0.0011482516112897953,12661.346475054583,0.03920555184289337,322947.7938683741,oos_iqr,0.02180000000000004,0.18351543091287947,0.0054717209800527015,0.004214574066788188,0.004843147523420445,11984567.945685973,11972122.933688674,0.10394991820773841,0.10394991820773841,12337165.262373121,12308703.618548343,28461.643824778497,0.23123185598432006,0.9132,0.08679999999999999,1.319999999999999,1.319999999999999
formal-run-01-CCP30-solution-0125,2c99f68bfd07072161d3417f07514716bd48df2cbb8b7a77965afe2b4700b94d,930002,5000,emission,independent_oos_baseline,930001,930002,20,0.5,0.030961103254900056,0.0009585899147605829,248672.01372040776,0.023606491085523748,10534052.38497734,oos_iqr,0.01880000000000004,0.3370349751045171,0.003879929387897085,0.003812085630957057,0.003846007509427071,9427401961.11141,9427272314.288824,0.0013752315438003754,0.0013752315438003754,9439899569.637268,9439371246.014807,528323.622461319,0.005597021334279771,0.9068,0.09319999999999995,0.6800000000000028,0.6800000000000028
formal-run-01-CCP30-solution-0125,2c99f68bfd07072161d3417f07514716bd48df2cbb8b7a77965afe2b4700b94d,930002,5000,makespan,independent_oos_baseline,930001,930002,20,0.5,0.031074803265937718,0.0009656433980167334,2.197182677309682,0.03945665594258937,55.68598313315374,oos_iqr,0.020399999999999974,0.24666489084878618,0.004345582743833613,0.003600925740408167,0.00397325424212089,525.3833202069711,523.1925802258806,0.418725353510299,0.418725353510299,577.7330332471454,575.2731689991543,2.4598642479910495,0.42759933550710505,0.9138,0.08620000000000005,1.3799999999999923,1.3799999999999923
formal-run-01-CCP30-solution-0126,759ff518dd4c71b9446a9b1948ddd07dbc03db06314ec3a023e49ac71b94d3a9,930002,5000,cost,independent_oos_baseline,930001,930002,20,0.5,0.03604615826269799,0.0012993255254994708,12996.46612407641,0.04149770436819872,313185.18269738555,oos_iqr,0.020000000000000018,0.26738904394377594,0.005780748271378961,0.004899001103134264,0.005339874687256612,11962552.454952834,11950321.001479529,0.10235250979275783,0.10235250979275783,12313553.009780852,12279725.872492757,33827.13728809543,0.27547143673516383,0.9162,0.08379999999999999,1.6199999999999992,1.6199999999999992
formal-run-01-CCP30-solution-0126,759ff518dd4c71b9446a9b1948ddd07dbc03db06314ec3a023e49ac71b94d3a9,930002,5000,emission,independent_oos_baseline,930001,930002,20,0.5,0.03208665346385435,0.0010295533305094762,252545.0775064217,0.024815370400709087,10176961.83568573,oos_iqr,0.02080000000000004,0.22715738303255884,0.004130325008744331,0.004116015937585149,0.00412317047316474,9430545264.9513,9430437234.142641,0.001145554611905769,0.001145554611905769,9442785808.341436,9442443339.814949,342468.52648735046,0.003626905814126517,0.9036,0.09640000000000004,0.35999999999999366,0.35999999999999366
formal-run-01-CCP30-solution-0126,759ff518dd4c71b9446a9b1948ddd07dbc03db06314ec3a023e49ac71b94d3a9,930002,5000,makespan,independent_oos_baseline,930001,930002,20,0.5,0.028697419692941803,0.000823541897032844,2.176628120734815,0.039283705102551324,55.40791315515327,oos_iqr,0.020600000000000007,0.2367606650922608,0.003791892335959351,0.003016564905372343,0.003404228620665847,524.9949686689282,522.8250373874116,0.41503966458069314,0.41503966458069314,577.7052290053015,575.2597994988548,2.445429506446658,0.425100017170855,0.914,0.08599999999999997,1.4000000000000012,1.4000000000000012
formal-run-01-CCP30-solution-0127,6215cea5471cf58dd4f60576184cffea03f662f805bc7f7e320761cd3de73162,930002,5000,cost,independent_oos_baseline,930001,930002,20,0.5,0.03704152775914432,0.0013720747787314596,13646.465638760415,0.043434315102696956,314186.27429704927,oos_iqr,0.02180000000000004,0.18351543091287947,0.006262164532744254,0.005110010037529756,0.005686087285137005,11739954.143902285,11728491.10621377,0.09773667886776231,0.09773667886776231,12092388.869328994,12061482.60693189,30906.262397104874,0.25623933146778033,0.914,0.08599999999999997,1.4000000000000012,1.4000000000000012
formal-run-01-CCP30-solution-0127,6215cea5471cf58dd4f60576184cffea03f662f805bc7f7e320761cd3de73162,930002,5000,emission,independent_oos_baseline,930001,930002,20,0.5,0.03038899540773922,0.0009234910418915954,247077.14442027893,0.024261183410557104,10184051.628444672,oos_iqr,0.021400000000000086,0.20011475900980402,0.003717944626992518,0.0036802139931380942,0.003699079310065306,9612979123.502743,9612914296.167427,0.0006743775437751521,0.0006743775437751521,9625249039.72417,9625037495.997046,211543.72712516785,0.002197848343065123,0.9036,0.09640000000000004,0.35999999999999366,0.35999999999999366
formal-run-01-CCP30-solution-0127,6215cea5471cf58dd4f60576184cffea03f662f805bc7f7e320761cd3de73162,930002,5000,makespan,independent_oos_baseline,930001,930002,20,0.5,0.033015093103345314,0.0010899963726225595,1.941428992691675,0.042526284699537245,45.65244780748037,oos_iqr,0.021399999999999975,0.20011475900980857,0.005101815165636691,0.003960883344807982,0.004531349255222337,514.684908929591,512.8648625772796,0.35487834810229424,0.35487834810229424,573.12322759628,572.2316175467257,0.8916100495542878,0.15581279017346208,0.9154,0.08460000000000001,1.539999999999997,1.539999999999997
formal-run-01-CCP30-solution-0128,577f213ba3ba45ecd32bea48255f860d59be6de32c442501eb41fce95466fe79,930002,5000,cost,independent_oos_baseline,930001,930002,20,0.5,0.03840787356966905,0.0014751647521436824,9765.630205658952,0.03801077970110838,256917.3871846199,oos_iqr,0.025000000000000022,0.08653316714160064,0.007181180835699879,0.005535217127768768,0.006358198981734323,11692026.26822332,11682591.055797001,0.08076301208571383,0.08076301208571383,11971509.751920411,11948564.17892106,22945.572999350727,0.19203623678759602,0.9136,0.08640000000000003,1.3599999999999945,1.3599999999999945
formal-run-01-CCP30-solution-0128,577f213ba3ba45ecd32bea48255f860d59be6de32c442501eb41fce95466fe79,930002,5000,emission,independent_oos_baseline,930001,930002,20,0.5,0.034064151978292365,0.0011603664500001998,301963.2313073516,0.030432024921053104,9922548.108142853,oos_iqr,0.022800000000000042,0.14672889406685674,0.004691170756761331,0.004604247872669847,0.0046477093147155885,9881669885.496191,9881597217.18566,0.0007353903314864375,0.0007353903314864375,9893773016.127045,9893462132.388916,310883.7381286621,0.0031423149345354076,0.905,0.09499999999999997,0.5000000000000004,0.5000000000000004
formal-run-01-CCP30-solution-0128,577f213ba3ba45ecd32bea48255f860d59be6de32c442501eb41fce95466fe79,930002,5000,makespan,independent_oos_baseline,930001,930002,20,0.5,0.039112610894040584,0.001529796330948622,1.709829543529612,0.033205244584413554,51.49275558512829,oos_iqr,0.01980000000000004,0.27821435494794367,0.006575710640246349,0.005998557121794525,0.0062871338810204375,516.1083951011693,514.4489153361852,0.322574256746105,0.322574256746105,573.2997522945586,572.5743901993532,0.7253620952054689,0.12668434139237691,0.9092,0.09079999999999999,0.9199999999999986,0.9199999999999986
formal-run-01-CCP30-solution-0129,4c449879e8da0f4aa26473b23b83ef20e8e2b0b5134fb399ad1111abde1d7404,930002,5000,cost,independent_oos_baseline,930001,930002,20,0.5,0.03737216468926611,0.0013966786935616286,12902.617413406359,0.03943595569924551,327179.0219008997,oos_iqr,0.02100000000000002,0.2178513612898525,0.006481646908030621,0.005147708105605828,0.005814677506818224,11972723.98085409,11960444.418393562,0.10266811191099524,0.10266811191099524,12331206.827500688,12297045.858329883,34160.96917080507,0.27779817660568296,0.9148,0.08520000000000005,1.4799999999999924,1.4799999999999924
formal-run-01-CCP30-solution-0129,4c449879e8da0f4aa26473b23b83ef20e8e2b0b5134fb399ad1111abde1d7404,930002,5000,emission,independent_oos_baseline,930001,930002,20,0.5,0.027683313301348038,0.0007663658353405931,254510.00662384936,0.024058741356073377,10578691.663751602,oos_iqr,0.01980000000000004,0.27821435494794367,0.0031194542270436797,0.00301983692729438,0.0030696455771690298,9433094927.52171,9432980629.604916,0.0012116839976868523,0.0012116839976868523,9445522575.402983,9445057228.819595,465346.5833873749,0.00492687944724642,0.9056,0.09440000000000004,0.5599999999999938,0.5599999999999938
formal-run-01-CCP30-solution-0129,4c449879e8da0f4aa26473b23b83ef20e8e2b0b5134fb399ad1111abde1d7404,930002,5000,makespan,independent_oos_baseline,930001,930002,20,0.5,0.03072271026608614,0.0009438849260938747,2.2272140457646463,0.039970249102158795,55.72179548023769,oos_iqr,0.022199999999999998,0.16801422440099156,0.0041328508800778626,0.0035545649834545817,0.0038437079317662224,526.2779917462049,524.0561140471907,0.42397705884108433,0.42397705884108433,577.7052290053015,575.2597994988548,2.445429506446658,0.425100017170855,0.914,0.08599999999999997,1.4000000000000012,1.4000000000000012
formal-run-01-CCP30-solution-0130,348157496ac4aea71fd49b226cb14088a131f6958c920a182c2d31995e5753fe,930002,5000,cost,independent_oos_baseline,930001,930002,20,0.5,0.035788611890437104,0.001280824741044336,12836.6100614841,0.039836437719935384,322232.88015183806,oos_iqr,0.02140000000000003,0.20011475900980646,0.005918854774475218,0.004735754466697139,0.0053273046205861785,11978712.127578426,11966492.961472768,0.10211150539258705,0.10211150539258705,12334296.399426162,12298582.474589497,35713.92483666539,0.2903905788366676,0.9152,0.08479999999999999,1.5199999999999991,1.5199999999999991
formal-run-01-CCP30-solution-0130,348157496ac4aea71fd49b226cb14088a131f6958c920a182c2d31995e5753fe,930002,5000,emission,independent_oos_baseline,930001,930002,20,0.5,0.029892472155767107,0.0008935598915833119,280099.31155829836,0.026865961507704726,10425806.33036232,oos_iqr,0.020600000000000063,0.23676066509225802,0.003635057332323252,0.0035253368603829693,0.0035801970963531106,9424280007.766771,9424175284.152544,0.0011112231157605432,0.0011112231157605432,9436717233.644693,9436296435.691545,420797.9531478882,0.004459354960027278,0.9068,0.09319999999999995,0.6800000000000028,0.6800000000000028
formal-run-01-CCP30-solution-0130,348157496ac4aea71fd49b226cb14088a131f6958c920a182c2d31995e5753fe,930002,5000,makespan,independent_oos_baseline,930001,930002,20,0.5,0.031166726693325302,0.0009713648527764359,2.1866422037860413,0.039242134696854065,55.72179548023769,oos_iqr,0.020600000000000007,0.2367606650922608,0.004369075050672749,0.00362328571763124,0.003996180384151994,525.2799566360152,523.1000923775664,0.4167202969781531,0.4167202969781531,577.7052290053015,575.2597994988548,2.445429506446658,0.425100017170855,0.914,0.08599999999999997,1.4000000000000012,1.4000000000000012
formal-run-01-CCP30-solution-0131,52d2c1086251b6f5cc884f58c1a27b33c182c575ee0eebc916cdd756060c5ac6,930002,5000,cost,independent_oos_baseline,930001,930002,20,0.5,0.03577662528045584,0.0012799669164581516,12858.818141481337,0.03990676556084416,322221.5070744343,oos_iqr,0.02140000000000003,0.20011475900980646,0.005918811499792237,0.004731861806393193,0.005325336653092715,11952900.210390981,11940658.852380456,0.10251827945058894,0.10251827945058894,12308820.288665337,12272323.884962063,36496.403703274205,0.2973878789818708,0.9154,0.08460000000000001,1.539999999999997,1.539999999999997
formal-run-01-CCP30-solution-0131,52d2c1086251b6f5cc884f58c1a27b33c182c575ee0eebc916cdd756060c5ac6,930002,5000,emission,independent_oos_baseline,930001,930002,20,0.5,0.032125293276486486,0.001032034468100268,260660.98234714122,0.024974804877540654,10436957.710990906,oos_iqr,0.020199999999999996,0.25687337890743356,0.0041962019428390795,0.004074253944924573,0.004135227943881827,9439971780.887302,9439858166.641184,0.0012035588259158227,0.0012035588259158227,9452313500.914433,9451906096.773413,407404.14101982117,0.00431028553234248,0.9052,0.0948,0.5199999999999982,0.5199999999999982
formal-run-01-CCP30-solution-0131,52d2c1086251b6f5cc884f58c1a27b33c182c575ee0eebc916cdd756060c5ac6,930002,5000,makespan,independent_oos_baseline,930001,930002,20,0.5,0.031166726693325302,0.0009713648527764359,2.1866422037860413,0.039242134696854065,55.72179548023769,oos_iqr,0.020600000000000007,0.2367606650922608,0.004369075050672749,0.00362328571763124,0.003996180384151994,525.2799566360152,523.1000923775664,0.4167202969781531,0.4167202969781531,577.7052290053015,575.2597994988548,2.445429506446658,0.425100017170855,0.914,0.08599999999999997,1.4000000000000012,1.4000000000000012
formal-run-01-CCP30-solution-0134,053ecfe8d4d8e88672302cc9d6a3f5a242137e3eb3029926c1700ea2aef5c668,930002,5000,cost,independent_oos_baseline,930001,930002,20,0.5,0.037332635581471915,0.001393725679458983,12488.158471612653,0.04115520224068737,303440.5808183942,oos_iqr,0.021399999999999975,0.20011475900980857,0.006487283199826263,0.005138890498859323,0.005813086849342793,11881127.353062533,11868873.400201242,0.1032444482985441,0.1032444482985441,12220994.47275795,12195079.915688964,25914.55706898682,0.2125001004351579,0.9142,0.08579999999999999,1.419999999999999,1.419999999999999
formal-run-01-CCP30-solution-0134,053ecfe8d4d8e88672302cc9d6a3f5a242137e3eb3029926c1700ea2aef5c668,930002,5000,emission,independent_oos_baseline,930001,930002,20,0.5,0.03059932577496732,0.0009363187378825794,235935.7575409981,0.022769586705908763,10361881.424917221,oos_iqr,0.02059999999999995,0.23676066509226357,0.003785545033511686,0.003736683095601069,0.0037611140645563775,9490608008.850565,9490477328.760916,0.0013769601372227516,0.0013769601372227516,9502954728.592129,9502546102.377283,408626.21484565735,0.004300176083791164,0.905,0.09499999999999997,0.5000000000000004,0.5000000000000004
formal-run-01-CCP30-solution-0134,053ecfe8d4d8e88672302cc9d6a3f5a242137e3eb3029926c1700ea2aef5c668,930002,5000,makespan,independent_oos_baseline,930001,930002,20,0.5,0.03440475950145895,0.0011836874763532298,1.9548278442550797,0.034413058864300905,56.804826678251516,oos_iqr,0.02079999999999993,0.2271573830325644,0.005485502959417214,0.004358736488536558,0.004922119723976886,524.0313652420089,522.0794182864437,0.3738793155209622,0.3738793155209622,579.9209053173511,576.8159659248191,3.1049393925319464,0.5382894330176424,0.9148,0.08520000000000005,1.4799999999999924,1.4799999999999924
formal-run-01-CCP30-solution-0135,a4b3f85784d7ee32c98b060c787be1bb12b38e6550b7439a938f29b5bd442f34,930002,5000,cost,independent_oos_baseline,930001,930002,20,0.5,0.042021497972928874,0.0017658062918888655,11370.408007452046,0.039519738645109936,287714.6559484899,oos_iqr,0.022600000000000064,0.15356912653670052,0.008958545138958019,0.006384094469880087,0.007671319804419053,11743998.083427228,11733877.078802384,0.08625456493938827,0.08625456493938827,12066879.505458776,12046592.97382947,20286.531629305333,0.16840057328554767,0.9136,0.08640000000000003,1.3599999999999945,1.3599999999999945
formal-run-01-CCP30-solution-0135,a4b3f85784d7ee32c98b060c787be1bb12b38e6550b7439a938f29b5bd442f34,930002,5000,emission,independent_oos_baseline,930001,930002,20,0.5,0.032084514740551004,0.0010294160861366347,297325.64086259395,0.030037443064162467,9898500.355955124,oos_iqr,0.021400000000000002,0.20011475900980757,0.004199988398469429,0.004053921781922572,0.004126955090196001,10213240974.084219,10213175642.338871,0.0006396810124085497,0.0006396810124085497,10225407131.87534,10224878373.73811,528758.1372299194,0.005171290238405163,0.9082,0.09179999999999999,0.8199999999999985,0.8199999999999985
formal-run-01-CCP30-solution-0135,a4b3f85784d7ee32c98b060c787be1bb12b38e6550b7439a938f29b5bd442f34,930002,5000,makespan,independent_oos_baseline,930001,930002,20,0.5,0.03208307465658445,0.0010293236794199714,2.0092387880199056,0.03562761282834147,56.39554908437685,oos_iqr,0.02180000000000004,0.18351543091287947,0.004808517673900366,0.003827233839296919,0.004317875756598643,502.4990413758725,500.7771888685704,0.34383605035850834,0.34383605035850834,571.9410128224863,571.3149187938543,0.6260940286319965,0.10958825124920428,0.9096,0.09040000000000004,0.9599999999999942,0.9599999999999942
formal-run-01-CCP30-solution-0136,88d5f7b3ea0e6a6e01dec4087abf75e2aefea778c9b55b69479121dcc083aaa5,930002,5000,cost,independent_oos_baseline,930001,930002,20,0.5,0.03416016874267097,0.0011669171285277548,13785.742981856893,0.04260284987883199,323587.3426558394,oos_iqr,0.0242,0.105448774554511,0.00540843147994593,0.004284009514931975,0.004846220497438953,12008653.985482853,11995138.99920495,0.11267052660913963,0.11267052660913963,12364497.836897204,12341454.602607366,23043.234289838,0.18671408704910425,0.911,0.08899999999999997,1.100000000000001,1.100000000000001
formal-run-01-CCP30-solution-0136,88d5f7b3ea0e6a6e01dec4087abf75e2aefea778c9b55b69479121dcc083aaa5,930002,5000,emission,independent_oos_baseline,930001,930002,20,0.5,0.022810597124671383,0.0005203233411840663,235561.9274379291,0.022767641253147994,10346347.46826744,oos_iqr,0.020399999999999974,0.24666489084878618,0.002110816831541742,0.002054714761105471,0.0020827657963236063,9365168063.108803,9365068627.12605,0.0010617752705391673,0.0010617752705391673,9377650437.273827,9377340513.361368,309923.9124584198,0.003305029949769048,0.9038,0.09619999999999995,0.38000000000000256,0.38000000000000256
formal-run-01-CCP30-solution-0136,88d5f7b3ea0e6a6e01dec4087abf75e2aefea778c9b55b69479121dcc083aaa5,930002,5000,makespan,independent_oos_baseline,930001,930002,20,0.5,0.0391721442977741,0.0015344568888856363,1.9870732346861364,0.03479019741848519,57.11589419237782,oos_iqr,0.01980000000000004,0.27821435494794367,0.007134643297860245,0.005734091277345841,0.006434367287603043,521.7382312790328,519.7783116610137,0.3770683720442086,0.3770683720442086,577.5963985657056,574.9746579229685,2.621740642737109,0.45597499065573655,0.9146,0.08540000000000003,1.4599999999999946,1.4599999999999946
formal-run-01-CCP30-solution-0137,57d44cfae06ccbee9e58e4d30b75b0cd924cb083c8d24a7dca7e0c58e7cd8347,930002,5000,cost,independent_oos_baseline,930001,930002,20,0.5,0.03615803483757492,0.0013074034833152814,12430.43086813384,0.03915701549015936,317450.9270569347,oos_iqr,0.02180000000000004,0.18351543091287947,0.0057673242974496,0.004986384967670991,0.005376854632560296,11939677.693256207,11927823.542388557,0.09938234603759473,0.09938234603759473,12290579.805397952,12257919.52783626,32660.27756169252,0.26644225790130993,0.9154,0.08460000000000001,1.539999999999997,1.539999999999997
formal-run-01-CCP30-solution-0137,57d44cfae06ccbee9e58e4d30b75b0cd924cb083c8d24a7dca7e0c58e7cd8347,930002,5000,emission,independent_oos_baseline,930001,930002,20,0.5,0.03375025921959789,0.0011390799973900528,267040.4271985501,0.025820918389958557,10342018.946250916,oos_iqr,0.022800000000000042,0.14672889406685674,0.004677757146677472,0.0044540608032533355,0.004565908974965404,9424716120.096275,9424631754.767097,0.0008951578308105608,0.0008951578308105608,9436986143.358398,9436706606.220127,279537.1382713318,0.0029622319516331807,0.904,0.09599999999999997,0.40000000000000036,0.40000000000000036
formal-run-01-CCP30-solution-0137,57d44cfae06ccbee9e58e4d30b75b0cd924cb083c8d24a7dca7e0c58e7cd8347,930002,5000,makespan,independent_oos_baseline,930001,930002,20,0.5,0.03295773420419175,0.001086212243874151,2.0852009941392136,0.036672059991260504,56.8607543354845,oos_iqr,0.021199999999999997,0.2088385883788043,0.004830698394924766,0.0040906891059876655,0.004460693750456216,521.2438884629012,519.1631380076275,0.4007893286220019,0.4007893286220019,577.6737233431811,575.4335837995658,2.240139543615328,0.38929593382850075,0.914,0.08599999999999997,1.4000000000000012,1.4000000000000012
formal-run-01-CCP30-solution-0138,6134b0a9d23be42df920b4d21872147eb584b0189686f4c87918f119f8323727,930002,5000,cost,independent_oos_baseline,930001,930002,20,0.5,0.0421018105283854,0.0017725624497680636,13172.339342098378,0.04238252271226778,310796.49108016863,oos_iqr,0.02180000000000004,0.18351543091287947,0.008336066335645962,0.006548571614403088,0.0074423189750245245,11777010.061960867,11765782.465598844,0.09542583669934639,0.09542583669934639,12129830.197645562,12100985.199364103,28844.998281458393,0.23836900720260507,0.9154,0.08460000000000001,1.539999999999997,1.539999999999997
formal-run-01-CCP30-solution-0138,6134b0a9d23be42df920b4d21872147eb584b0189686f4c87918f119f8323727,930002,5000,emission,independent_oos_baseline,930001,930002,20,0.5,0.03346251792389185,0.0011197401058067834,242529.54168123973,0.02418403758960942,10028496.721549988,oos_iqr,0.022199999999999998,0.16801422440099156,0.00453939555111187,0.004431477578731578,0.004485436564921724,9603060627.075018,9602981930.621128,0.0008195001766993501,0.0008195001766993501,9615200364.27579,9614989658.79115,210705.48464012146,0.002191427054187935,0.9026,0.09740000000000004,0.25999999999999357,0.25999999999999357
formal-run-01-CCP30-solution-0138,6134b0a9d23be42df920b4d21872147eb584b0189686f4c87918f119f8323727,930002,5000,makespan,independent_oos_baseline,930001,930002,20,0.5,0.03203836492401075,0.0010264568270040822,1.87686247456026,0.0340038155178442,55.195643370531116,oos_iqr,0.017400000000000027,0.43234344883612397,0.004554061861494391,0.003917067198837608,0.0042355645301659995,512.1382251804864,510.314697855155,0.3573338829933173,0.3573338829933173,573.332139533435,572.4251146165554,0.9070249168795499,0.15845302620712745,0.9116,0.08840000000000003,1.1599999999999944,1.1599999999999944
formal-run-01-CCP30-solution-0139,5abc2cbd79dd3af8068a74f4a608790c1fa1c528293e242019a4bbfd55880c1b,930002,5000,cost,independent_oos_baseline,930001,930002,20,0.5,0.037119120578197815,0.0013778291124987886,13546.298534061454,0.0440981305543945,307185.3242702037,oos_iqr,0.02200000000000002,0.17563013054961474,0.006261622712031704,0.0051068230592809525,0.005684222885656329,11971466.323364988,11958419.884516887,0.1090983505688107,0.1090983505688107,12330047.078795359,12295816.75741249,34230.321382869035,0.2783899765115921,0.915,0.08499999999999996,1.5000000000000013,1.5000000000000013
formal-run-01-CCP30-solution-0139,5abc2cbd79dd3af8068a74f4a608790c1fa1c528293e242019a4bbfd55880c1b,930002,5000,emission,independent_oos_baseline,930001,930002,20,0.5,0.030610360958744344,0.0009369941980246199,257489.7263597221,0.025384317062748726,10143653.883743286,oos_iqr,0.02100000000000002,0.2178513612898525,0.0037853579344305725,0.0037236524056885436,0.003754505170059558,9405911298.323616,9405828038.941914,0.000885189282195182,0.000885189282195182,9418311126.262241,9418082694.435818,228431.82642364502,0.0024254599777362544,0.9042,0.0958,0.41999999999999815,0.41999999999999815
formal-run-01-CCP30-solution-0139,5abc2cbd79dd3af8068a74f4a608790c1fa1c528293e242019a4bbfd55880c1b,930002,5000,makespan,independent_oos_baseline,930001,930002,20,0.5,0.02861663352062775,0.0008189117140539159,2.070799276285842,0.03642628610182608,56.84903672301721,oos_iqr,0.0174,0.43234344883612585,0.003781546388415072,0.002998924566910426,0.003390235477662749,520.7775384918261,518.7114784087956,0.3983062201299957,0.3983062201299957,577.6479271657502,575.2597994988548,2.3881276668953433,0.41513898050512,0.914,0.08599999999999997,1.4000000000000012,1.4000000000000012
formal-run-01-CCP30-solution-0140,fde56ff342310c66a1d148d23a00c60cf80b72347ee2ff9e4e44acb205a6dd0f,930002,5000,cost,independent_oos_baseline,930001,930002,20,0.5,0.03816196903617155,0.001456335880717716,13747.939117123577,0.043882272407951256,313291.41274444386,oos_iqr,0.02080000000000004,0.22715738303255884,0.006703681950811228,0.005452025121974831,0.00607785353639303,11727092.577594772,11715523.364394834,0.0987511427368087,0.0987511427368087,12080533.482335974,12051641.807899456,28891.67443651706,0.23973226965291577,0.9146,0.08540000000000003,1.4599999999999946,1.4599999999999946
formal-run-01-CCP30-solution-0140,fde56ff342310c66a1d148d23a00c60cf80b72347ee2ff9e4e44acb205a6dd0f,930002,5000,emission,independent_oos_baseline,930001,930002,20,0.5,0.029893422694842364,0.0008936167204125165,249379.35245785333,0.024234436300248602,10290288.966007233,oos_iqr,0.021599999999999953,0.19167530614265504,0.003607681696829428,0.0035508839468803522,0.00357928282185489,9673118455.946503,9673052766.067457,0.0006791018371772247,0.0006791018371772247,9685503291.329248,9685146754.838097,356536.4911518097,0.0036812709211009762,0.9048,0.09519999999999995,0.48000000000000265,0.48000000000000265
formal-run-01-CCP30-solution-0140,fde56ff342310c66a1d148d23a00c60cf80b72347ee2ff9e4e44acb205a6dd0f,930002,5000,makespan,independent_oos_baseline,930001,930002,20,0.5,0.03586487734645583,0.0012862894270763208,2.0969698329493545,0.037210718772121794,56.353919035834394,oos_iqr,0.019000000000000017,0.32464327024437933,0.005874733470846875,0.004749075555197731,0.005311904513022303,513.0047819242324,511.01559960495865,0.3892605863326774,0.3892605863326774,572.6127019756715,572.0433803120075,0.5693216636640273,0.09952421149485277,0.915,0.08499999999999996,1.5000000000000013,1.5000000000000013
formal-run-01-CCP30-solution-0141,46a3205930d78efb018ebdf06c9e81240b0f799794076ec16933679cde2af0a0,930002,5000,cost,independent_oos_baseline,930001,930002,20,0.5,0.04314185118202087,0.001861219323411636,9913.883702063156,0.035741589990466824,277376.6837095786,oos_iqr,0.023999999999999966,0.11067945593694649,0.008781703549479759,0.00683654314594514,0.007809123347712449,11713834.994116982,11704303.05735306,0.08143959291906279,0.08143959291906279,12015190.851385782,11987514.135991173,27676.715394608676,0.2308795224817498,0.914,0.08599999999999997,1.4000000000000012,1.4000000000000012
formal-run-01-CCP30-solution-0141,46a3205930d78efb018ebdf06c9e81240b0f799794076ec16933679cde2af0a0,930002,5000,emission,independent_oos_baseline,930001,930002,20,0.5,0.02980996291890288,0.0008886338892263646,269699.68640605395,0.026534419570484385,10164144.939731598,oos_iqr,0.022800000000000042,0.14672889406685674,0.003639888263962333,0.0034903316935019,0.0035651099787321165,9883675502.211641,9883617270.307505,0.0005891760328639877,0.0005891760328639877,9895743108.3996,9895527911.527739,215196.87186050415,0.0021746881397788974,0.9032,0.0968,0.31999999999999806,0.31999999999999806
formal-run-01-CCP30-solution-0141,46a3205930d78efb018ebdf06c9e81240b0f799794076ec16933679cde2af0a0,930002,5000,makespan,independent_oos_baseline,930001,930002,20,0.5,0.040251889552597966,0.0016202146125545453,1.8020098163505143,0.034627602044735854,52.039694057430665,oos_iqr,0.020600000000000063,0.23676066509225802,0.007085172440261024,0.006221359819404717,0.00665326612983287,514.1941022257188,512.4415757353662,0.3419953753435523,0.3419953753435523,572.4092611270393,571.7231058095942,0.6861553174450137,0.12001532043617102,0.9156,0.08440000000000003,1.5599999999999947,1.5599999999999947
formal-run-01-CCP30-solution-0142,791edc8706d6c38d2d69e222a76263916533ef985e635ff043a857d42ce26180,930002,5000,cost,independent_oos_baseline,930001,930002,20,0.5,0.03768402915500978,0.0014200860533556266,11232.252483411947,0.041485784188314015,270749.43147816695,oos_iqr,0.023399999999999976,0.1276693074850469,0.006434862269014988,0.005280441312742506,0.005857651790878746,11707107.856272237,11697394.945444105,0.08303481991873038,0.08303481991873038,12012333.826008527,11987092.68769786,25241.138310667127,0.2105693095755542,0.9166,0.08340000000000003,1.6599999999999948,1.6599999999999948
formal-run-01-CCP30-solution-0142,791edc8706d6c38d2d69e222a76263916533ef985e635ff043a857d42ce26180,930002,5000,emission,independent_oos_baseline,930001,930002,20,0.5,0.03485461074076731,0.001214843889890412,284927.01823939476,0.028299751357415442,10068180.975898743,oos_iqr,0.022199999999999998,0.16801422440099156,0.004936992824993916,0.004794953915240102,0.004865973370117009,9734188799.779112,9734122782.127459,0.0006782085364127818,0.0006782085364127818,9746392167.86704,9745963983.48949,428184.3775501251,0.004393453313345982,0.907,0.09299999999999997,0.7000000000000006,0.7000000000000006
formal-run-01-CCP30-solution-0142,791edc8706d6c38d2d69e222a76263916533ef985e635ff043a857d42ce26180,930002,5000,makespan,independent_oos_baseline,930001,930002,20,0.5,0.039572352376520445,0.0015659710726115034,1.940156151629405,0.036748939658683116,52.79488795184818,oos_iqr,0.02080000000000004,0.22715738303255884,0.006903994588033268,0.0060520911824090045,0.006478042885221136,512.468609355602,510.6024480447417,0.3654822490582224,0.3654822490582224,573.3494320386623,572.4182364813093,0.9311955573529076,0.16267747915877467,0.9118,0.08819999999999995,1.1800000000000033,1.1800000000000033
formal-run-01-CCP30-solution-0143,92f337d743c3c76678d0eb57c26bd889395781794b11a4df9009676369095417,930002,5000,cost,independent_oos_baseline,930001,930002,20,0.5,0.03573227946963412,0.0012767957960960364,12511.804990419992,0.04216707948798945,296719.7430399172,oos_iqr,0.020000000000000018,0.26738904394377594,0.0057694652000924935,0.004732231044209847,0.00525084812215117,11923224.591443107,11911237.12505635,0.10063997770256142,0.10063997770256142,12259854.047871858,12227262.957907896,32591.089963961393,0.2665444431526136,0.9158,0.08420000000000005,1.5799999999999925,1.5799999999999925
formal-run-01-CCP30-solution-0143,92f337d743c3c76678d0eb57c26bd889395781794b11a4df9009676369095417,930002,5000,emission,independent_oos_baseline,930001,930002,20,0.5,0.030494758192788823,0.000929930277236661,252355.3917563518,0.025156757645806552,10031316.249469757,oos_iqr,0.022199999999999998,0.16801422440099156,0.003806297356111492,0.003646781780932826,0.003726539568522159,9415445348.320705,9415354174.97951,0.0009683474408041438,0.0009683474408041438,9427634567.742336,9427375502.758144,259064.98419189453,0.0027480074822107225,0.9036,0.09640000000000004,0.35999999999999366,0.35999999999999366
formal-run-01-CCP30-solution-0143,92f337d743c3c76678d0eb57c26bd889395781794b11a4df9009676369095417,930002,5000,makespan,independent_oos_baseline,930001,930002,20,0.5,0.03466874872777292,0.0012019221383494565,1.8675001362819235,0.03315831415475751,56.32072027443462,oos_iqr,0.021199999999999997,0.2088385883788043,0.005563578800138741,0.004426772471832611,0.004995175635985677,523.391636962419,521.5385809239947,0.35530564874824117,0.35530564874824117,578.8595714730202,576.6750311630251,2.1845403099951,0.37881652437584623,0.9128,0.08720000000000006,1.2799999999999923,1.2799999999999923
formal-run-01-CCP30-solution-0144,30af8df26e007aef56763692ceb9fa1cebacf242b39248f44feeff081f57472d,930002,5000,cost,independent_oos_baseline,930001,930002,20,0.5,0.04104372740971556,0.0016845875596830364,9937.49776824484,0.038484323550767814,258221.96809917875,oos_iqr,0.022199999999999998,0.16801422440099156,0.00810858999791459,0.006162644168905227,0.007135617083409909,11698547.31477847,11688935.728583042,0.08222806950614538,0.08222806950614538,11983763.42017605,11959212.376321902,24551.043854147196,0.20528980572964753,0.9138,0.08620000000000005,1.3799999999999923,1.3799999999999923
formal-run-01-CCP30-solution-0144,30af8df26e007aef56763692ceb9fa1cebacf242b39248f44feeff081f57472d,930002,5000,emission,independent_oos_baseline,930001,930002,20,0.5,0.030852184652904596,0.0009518572978569218,283333.4161439552,0.027608803420545978,10262430.132452011,oos_iqr,0.022600000000000064,0.15356912653670052,0.0038268890789622144,0.003797522513892862,0.0038122057964275384,9953988461.1825,9953905766.390532,0.0008307773240984374,0.0008307773240984374,9966318879.634176,9965885869.771366,433009.8628101349,0.004344920948006691,0.9048,0.09519999999999995,0.48000000000000265,0.48000000000000265
formal-run-01-CCP30-solution-0144,30af8df26e007aef56763692ceb9fa1cebacf242b39248f44feeff081f57472d,930002,5000,makespan,independent_oos_baseline,930001,930002,20,0.5,0.04246453988804972,0.0018032371479037655,1.9092938521877085,0.036553361037419234,52.23305868462239,oos_iqr,0.019600000000000062,0.2893512907607284,0.0078078555469588504,0.007155316522072069,0.00748158603451546,515.8103166753922,513.9316305433149,0.36555176222393515,0.36555176222393515,572.4835483064126,571.7918687705101,0.6916795359024945,0.12096701154386329,0.9162,0.08379999999999999,1.6199999999999992,1.6199999999999992
formal-run-01-CCP30-solution-0145,0df946bd8d1248ec2e7361bf4ad6f7549fae115c52210e03f6e9d32ece6432ae,930002,5000,cost,independent_oos_baseline,930001,930002,20,0.5,0.03945433700323287,0.0015566447083646703,10642.308469905443,0.037466245720468014,284050.5704603195,oos_iqr,0.024399999999999977,0.10042462289139976,0.006996481837507982,0.00584970920728952,0.006423095522398751,11721831.236075094,11712235.335538937,0.08193056458693192,0.08193056458693192,12034787.046663318,12006648.88340964,28138.16325367801,0.23435484394449413,0.9136,0.08640000000000003,1.3599999999999945,1.3599999999999945
formal-run-01-CCP30-solution-0145,0df946bd8d1248ec2e7361bf4ad6f7549fae115c52210e03f6e9d32ece6432ae,930002,5000,emission,independent_oos_baseline,930001,930002,20,0.5,0.03564683191112268,0.0012706966252998345,264979.69594062894,0.025801999269391394,10269735.037740707,oos_iqr,0.022399999999999975,0.16066237817968165,0.005130369998144973,0.005061231754248551,0.005095800876196762,9565495300.957262,9565446254.919443,0.0005127417635500764,0.0005127417635500764,9577761957.08729,9577347330.615019,414626.4722709656,0.00432924126021375,0.9064,0.09360000000000002,0.6399999999999961,0.6399999999999961
formal-run-01-CCP30-solution-0145,0df946bd8d1248ec2e7361bf4ad6f7549fae115c52210e03f6e9d32ece6432ae,930002,5000,makespan,independent_oos_baseline,930001,930002,20,0.5,0.03292419494731138,0.001084002612928564,1.5568088854595747,0.028572150858246142,54.486933559300724,oos_iqr,0.015800000000000036,0.5573253923257078,0.00470610418006637,0.004122515771363156,0.004414309975714762,521.5700944013494,520.234921671067,0.2566480400803528,0.2566480400803528,576.263746390269,575.1175016750176,1.1462447152514414,0.1993061786353272,0.913,0.08699999999999997,1.3000000000000012,1.3000000000000012
formal-run-01-CCP30-solution-0146,e2a5d1dd4c803542af8a474f57b4297c9bb13dfde72134d2964dea715c4e75ae,930002,5000,cost,independent_oos_baseline,930001,930002,20,0.5,0.035220792881126804,0.0012405042511752324,13391.846705252257,0.042893207975125004,312213.6892399974,oos_iqr,0.021400000000000086,0.20011475900980402,0.006024998842388752,0.0044980719257019545,0.005261535384045353,11712616.912370281,11701478.812261619,0.0951854059419511,0.0951854059419511,12065240.82596242,12039264.19879373,25976.627168690786,0.21576590346188687,0.9126,0.08740000000000003,1.2599999999999945,1.2599999999999945
formal-run-01-CCP30-solution-0146,e2a5d1dd4c803542af8a474f57b4297c9bb13dfde72134d2964dea715c4e75ae,930002,5000,emission,independent_oos_baseline,930001,930002,20,0.5,0.030861708538201568,0.0009524450538969035,239314.35193273742,0.023592981613903073,10143455.195663452,oos_iqr,0.02100000000000002,0.2178513612898525,0.003905649791297308,0.003741281947551851,0.0038234658694245795,9680332232.2875,9680259896.171516,0.0007472538626010599,0.0007472538626010599,9692697739.708403,9692214175.068905,483564.63949775696,0.004989207117828875,0.9078,0.09219999999999995,0.7800000000000029,0.7800000000000029
formal-run-01-CCP30-solution-0146,e2a5d1dd4c803542af8a474f57b4297c9bb13dfde72134d2964dea715c4e75ae,930002,5000,makespan,independent_oos_baseline,930001,930002,20,0.5,0.03614364438227821,0.0013063630292325912,1.9246138932805195,0.03657907173867961,52.615164950875055,oos_iqr,0.02440000000000009,0.10042462289139704,0.005749275557770968,0.004934233985987374,0.005341754771879171,506.40745396122935,504.68295960488535,0.34169855025303353,0.34169855025303353,572.3284362963469,571.8438316533271,0.484604643019793,0.08474422844060303,0.9104,0.08960000000000001,1.0399999999999965,1.0399999999999965
formal-run-01-CCP30-solution-0147,75aacf6f9f1c07f34139ea1e637cbdc45dc2d3f59db153c3ad38bebdd0e0ed6c,930002,5000,cost,independent_oos_baseline,930001,930002,20,0.5,0.041765718663919184,0.001744375255513647,9854.825134720884,0.03687413831674853,267255.74032586254,oos_iqr,0.026000000000000023,0.06697525827187539,0.007544775125737974,0.0067056488850965705,0.007125212005417272,11682745.337015167,11673877.928262815,0.07595940960530118,0.07595940960530118,11971747.309991539,11951062.988012342,20684.321979196742,0.17307516494511327,0.9112,0.08879999999999999,1.1199999999999988,1.1199999999999988
formal-run-01-CCP30-solution-0147,75aacf6f9f1c07f34139ea1e637cbdc45dc2d3f59db153c3ad38bebdd0e0ed6c,930002,5000,emission,independent_oos_baseline,930001,930002,20,0.5,0.03079755925886118,0.0009484896563030661,285173.2704757282,0.02805173381093628,10165976.634376526,oos_iqr,0.022199999999999998,0.16801422440099156,0.00387969487132522,0.003722045622740633,0.0038008702470329267,9899919223.758888,9899856965.244507,0.0006288829687133872,0.0006288829687133872,9912092141.086843,9911805023.499218,287117.58762550354,0.0028967235225551367,0.905,0.09499999999999997,0.5000000000000004,0.5000000000000004
formal-run-01-CCP30-solution-0147,75aacf6f9f1c07f34139ea1e637cbdc45dc2d3f59db153c3ad38bebdd0e0ed6c,930002,5000,makespan,independent_oos_baseline,930001,930002,20,0.5,0.03728145251091474,0.001389906701323591,1.951764105927424,0.036968808565472085,52.79488795184818,oos_iqr,0.020600000000000063,0.23676066509225802,0.00602475599398807,0.00536977317323989,0.0056972645836139806,509.9109271866521,508.0550385633122,0.36529282901867927,0.36529282901867927,571.8810011343159,571.0053292634379,0.875671870877909,0.15335616429490637,0.913,0.08699999999999997,1.3000000000000012,1.3000000000000012
formal-run-01-CCP30-solution-0148,513e36cce28cdd45bc2e6355f1c6e9e8492abf21ed8576ad0b2931fe8935380e,930002,5000,cost,independent_oos_baseline,930001,930002,20,0.5,0.04017567301790274,0.0016140847024414381,11542.023130232326,0.03890030999086014,296707.74173635617,oos_iqr,0.025399999999999978,0.0781989088811473,0.007458214933212763,0.0059784171801173305,0.006718316056665046,11731128.596309463,11720669.691824233,0.08923470040730713,0.08923470040730713,12063716.628506858,12036425.920378437,27290.708128420636,0.22673431722132503,0.9154,0.08460000000000001,1.539999999999997,1.539999999999997
formal-run-01-CCP30-solution-0148,513e36cce28cdd45bc2e6355f1c6e9e8492abf21ed8576ad0b2931fe8935380e,930002,5000,emission,independent_oos_baseline,930001,930002,20,0.5,0.038014280532487225,0.0014450855244026372,264246.1508983796,0.025692458264426916,10284969.549381256,oos_iqr,0.022600000000000064,0.15356912653670052,0.005883883682512469,0.005734147549947463,0.005809015616229965,9493287768.650225,9493237873.816307,0.0005255828894294833,0.0005255828894294833,9505579399.211739,9505131622.717447,447776.49429130554,0.004710892095603506,0.906,0.09399999999999997,0.6000000000000005,0.6000000000000005
formal-run-01-CCP30-solution-0148,513e36cce28cdd45bc2e6355f1c6e9e8492abf21ed8576ad0b2931fe8935380e,930002,5000,makespan,independent_oos_baseline,930001,930002,20,0.5,0.03435819120052391,0.001180485302571759,1.5682435193668214,0.02893818231536334,54.19288268614707,oos_iqr,0.01860000000000006,0.3497390898533087,0.005047449273152017,0.004558214574167263,0.0048028319236596406,519.5084284123313,518.0520081649731,0.28113398353904545,0.28113398353904545,575.7276401676912,574.3177088539384,1.4099313137528497,0.24549675066896226,0.9134,0.08660000000000001,1.3399999999999967,1.3399999999999967
formal-run-01-CCP30-solution-0149,75b1cfe7301997644e52eee06c3212ef91c273025975e1c238e822055efb5a48,930002,5000,cost,independent_oos_baseline,930001,930002,20,0.5,0.042575951533862004,0.0018127116490137664,12876.249671275413,0.040836187526408274,315314.68658646196,oos_iqr,0.021400000000000086,0.20011475900980402,0.008254901273741178,0.006949211875591519,0.007602056574666349,11949884.263425665,11937232.210902747,0.10598815788606834,0.10598815788606834,12304210.072625255,12273615.887550468,30594.185074787587,0.24926790405605145,0.9142,0.08579999999999999,1.419999999999999,1.419999999999999
formal-run-01-CCP30-solution-0149,75b1cfe7301997644e52eee06c3212ef91c273025975e1c238e822055efb5a48,930002,5000,emission,independent_oos_baseline,930001,930002,20,0.5,0.03318135432815644,0.001101002275050666,234453.86533587173,0.02312885810373286,10136854.326501846,oos_iqr,0.022400000000000087,0.16066237817967755,0.004321417464037528,0.004505031300117184,0.004413224382077356,9339493607.5778,9339396468.132793,0.0010401040938649124,0.0010401040938649124,9351868389.405176,9351556025.967937,312363.43723869324,0.003340229544380684,0.9056,0.09440000000000004,0.5599999999999938,0.5599999999999938
formal-run-01-CCP30-solution-0149,75b1cfe7301997644e52eee06c3212ef91c273025975e1c238e822055efb5a48,930002,5000,makespan,independent_oos_baseline,930001,930002,20,0.5,0.042280457056115085,0.001787637048873992,1.8166633249791038,0.03437154269132246,52.85370346317751,oos_iqr,0.021199999999999997,0.2088385883788043,0.007991756795675122,0.006925625156897175,0.007458690976286149,517.2971857581218,515.5034050269505,0.34796680558831944,0.34796680558831944,575.4057101348847,573.1783280890126,2.2273820458721048,0.38860193010057426,0.9134,0.08660000000000001,1.3399999999999967,1.3399999999999967
formal-run-01-CCP30-solution-0150,5e0ff65e340da495e854a8a32453b695bc04be694c15239c951e2afd55bb704e,930002,5000,cost,independent_oos_baseline,930001,930002,20,0.5,0.03704211962242289,0.0013721186261218868,13540.70642554275,0.0434528019583476,311618.7176726237,oos_iqr,0.02080000000000004,0.22715738303255884,0.0063841279870640606,0.005073811377393756,0.005728969682228908,11718663.29467301,11707277.437817242,0.09725452323346957,0.09725452323346957,12067843.006261215,12039222.07824446,28620.928016753867,0.23773070910016242,0.914,0.08599999999999997,1.4000000000000012,1.4000000000000012
formal-run-01-CCP30-solution-0150,5e0ff65e340da495e854a8a32453b695bc04be694c15239c951e2afd55bb704e,930002,5000,emission,independent_oos_baseline,930001,930002,20,0.5,0.030429965206217068,0.0009259827824515813,247480.29435574336,0.024110548469253933,10264399.197360992,oos_iqr,0.021400000000000086,0.20011475900980402,0.0037420633346113264,0.0036763784435844124,0.003709220889097869,9684007844.01835,9683943602.791555,0.0006633787786277271,0.0006633787786277271,9696361602.598217,9696036525.860617,325076.73760032654,0.003352676495527876,0.9046,0.09540000000000004,0.45999999999999375,0.45999999999999375
formal-run-01-CCP30-solution-0150,5e0ff65e340da495e854a8a32453b695bc04be694c15239c951e2afd55bb704e,930002,5000,makespan,independent_oos_baseline,930001,930002,20,0.5,0.03804242957018097,0.001447226447602179,2.01145491279382,0.03767884383108465,53.38419941469624,oos_iqr,0.020000000000000018,0.26738904394377594,0.006491530027484377,0.005402819643601909,0.005947174835543143,509.19374695283955,507.3202680791353,0.3692891831027743,0.3692891831027743,572.6127019756715,572.0433803120075,0.5693216636640273,0.09952421149485277,0.915,0.08499999999999996,1.5000000000000013,1.5000000000000013
formal-run-01-CCP30-solution-0151,72fc21d75376988f4912060e7cce4a74aa99982b773af72980c103551717d1fc,930002,5000,cost,independent_oos_baseline,930001,930002,20,0.5,0.03717449632950339,0.0013819431773522612,13330.168349275937,0.04207649797806922,316807.932927873,oos_iqr,0.0232,0.13378475057842076,0.006415889886170968,0.005065392164741643,0.005740641025456306,11965609.652129792,11952598.212672973,0.10885867010089066,0.10885867010089066,12316863.7722429,12293141.062950274,23722.70929262601,0.1929751653474699,0.9144,0.08560000000000001,1.4399999999999968,1.4399999999999968
formal-run-01-CCP30-solution-0151,72fc21d75376988f4912060e7cce4a74aa99982b773af72980c103551717d1fc,930002,5000,emission,independent_oos_baseline,930001,930002,20,0.5,0.026022925885197667,0.0006771926716264908,227092.5073545008,0.021978832942392355,10332327.833316803,oos_iqr,0.022400000000000087,0.16066237817967755,0.002712242058013667,0.002713147568279301,0.002712694813146484,9337066628.32929,9336968275.379265,0.0010533713634318137,0.0010533713634318137,9349481184.589527,9349193636.915213,287547.6743144989,0.003075641445473108,0.904,0.09599999999999997,0.40000000000000036,0.40000000000000036
formal-run-01-CCP30-solution-0151,72fc21d75376988f4912060e7cce4a74aa99982b773af72980c103551717d1fc,930002,5000,makespan,independent_oos_baseline,930001,930002,20,0.5,0.04006449666500249,0.0016051638930199958,1.8633168850553905,0.03665144142319256,50.83884324059102,oos_iqr,0.020600000000000063,0.23676066509225802,0.0070625061567995565,0.006256907851380919,0.006659707004090238,518.6803857418154,516.832785629817,0.35748508286813035,0.35748508286813035,575.4057101348847,573.1783280890126,2.2273820458721048,0.38860193010057426,0.9134,0.08660000000000001,1.3399999999999967,1.3399999999999967
formal-run-01-CCP30-solution-0153,a969d88a0bd4dca6fecdc899b348e8cdd4b80a2be9ef2e27954b7bf0e6886e0d,930002,5000,cost,independent_oos_baseline,930001,930002,20,0.5,0.042671685597854565,0.0018208727517621487,9015.86086695846,0.03465987375763847,260123.8807158526,oos_iqr,0.023399999999999976,0.1276693074850469,0.008582280122457476,0.006753552930307228,0.007667916526382352,11677844.983130846,11669650.904751385,0.07021699660377383,0.07021699660377383,11959804.485083617,11942751.953098513,17052.531985104084,0.14278561634766143,0.9088,0.09119999999999995,0.880000000000003,0.880000000000003
formal-run-01-CCP30-solution-0153,a969d88a0bd4dca6fecdc899b348e8cdd4b80a2be9ef2e27954b7bf0e6886e0d,930002,5000,emission,independent_oos_baseline,930001,930002,20,0.5,0.03161028116103826,0.0009992098750798905,298271.94551000214,0.029604934476926005,10075075.34740448,oos_iqr,0.02400000000000002,0.11067945593694506,0.00405800267552385,0.003942956183321685,0.004000479429422768,9856101997.537144,9856065052.093695,0.0003748498336176482,0.0003748498336176482,9868349363.580778,9867867310.052296,482053.52848243713,0.004885083203250758,0.9058,0.09419999999999995,0.5800000000000027,0.5800000000000027
formal-run-01-CCP30-solution-0153,a969d88a0bd4dca6fecdc899b348e8cdd4b80a2be9ef2e27954b7bf0e6886e0d,930002,5000,makespan,independent_oos_baseline,930001,930002,20,0.5,0.024732778133567137,0.0006117103142042567,1.495677218020988,0.029444521815917928,50.7964512846126,oos_iqr,0.020000000000000018,0.26738904394377594,0.002733935484091451,0.0022691078928411927,0.0025015216884663218,515.5056041926457,514.226364656028,0.24876972954769636,0.24876972954769636,572.8624077520902,572.63935440585,0.22305334624024908,0.038951801779617684,0.9108,0.08919999999999995,1.0800000000000032,1.0800000000000032
formal-run-01-CCP30-solution-0154,561c5b9424d5db1480c3378bc73f0cf21310331c28f9ba4074caeb8836634be9,930002,5000,cost,independent_oos_baseline,930001,930002,20,0.5,0.037714156316099416,0.0014223575866351816,14945.524069383278,0.04495661310424646,332443.28336583637,oos_iqr,0.02100000000000002,0.2178513612898525,0.006642236157456537,0.005221346044130869,0.005931791100793703,11848779.341172265,11836478.087032897,0.10392664142929277,0.10392664142929277,12226746.08493657,12197861.58302705,28884.501909520477,0.23679971864668783,0.913,0.08699999999999997,1.3000000000000012,1.3000000000000012
formal-run-01-CCP30-solution-0154,561c5b9424d5db1480c3378bc73f0cf21310331c28f9ba4074caeb8836634be9,930002,5000,emission,independent_oos_baseline,930001,930002,20,0.5,0.02606407798652918,0.000679336161287875,250215.68475017062,0.0239590533576985,10443471.242980957,oos_iqr,0.02100000000000002,0.2178513612898525,0.0028164749987012678,0.0026531605152082896,0.002734817756954779,9576246834.08796,9576169653.2084,0.0008059681725950265,0.0008059681725950265,9588809790.184862,9588535569.536888,274220.6479740143,0.002859880385125992,0.905,0.09499999999999997,0.5000000000000004,0.5000000000000004
formal-run-01-CCP30-solution-0154,561c5b9424d5db1480c3378bc73f0cf21310331c28f9ba4074caeb8836634be9,930002,5000,makespan,independent_oos_baseline,930001,930002,20,0.5,0.03969305087400812,0.001575538287686597,2.024706052066165,0.0372314855577065,54.38155426078811,oos_iqr,0.023400000000000087,0.12766930748504346,0.00803709524160714,0.005738328058470952,0.006887711650039046,510.2674849752832,508.35306813008907,0.3765919722361586,0.3765919722361586,572.2021511274648,570.1084159369013,2.093735190563507,0.36725211065735924,0.9112,0.08879999999999999,1.1199999999999988,1.1199999999999988
formal-run-01-CCP30-solution-0155,042edf901427f58874f8f1902cc71d888a07257e6c2c844170af6abb264ad7f4,930002,5000,cost,independent_oos_baseline,930001,930002,20,0.5,0.032094457254240975,0.0010300541864443013,13002.237416090518,0.03732792428265247,348324.68362386525,oos_iqr,0.02059999999999995,0.23676066509226357,0.004732531859981045,0.003802207376132542,0.004267369618056793,11928963.41704436,11916210.590010518,0.10702082627284892,0.10702082627284892,12309304.876258142,12281275.795503572,28029.080754570663,0.22822613237651326,0.9132,0.08679999999999999,1.319999999999999,1.319999999999999
formal-run-01-CCP30-solution-0155,042edf901427f58874f8f1902cc71d888a07257e6c2c844170af6abb264ad7f4,930002,5000,emission,independent_oos_baseline,930001,930002,20,0.5,0.03654313046435959,0.0013354003841352059,257287.51405959576,0.025231916317702312,10196907.393795013,oos_iqr,0.022600000000000064,0.15356912653670052,0.005432542713742444,0.005293191578273223,0.005362867146007833,9298111167.356491,9298030676.393377,0.000865677538773259,0.000865677538773259,9310306692.504578,9310032695.309813,273997.19476509094,0.002943031498730661,0.9036,0.09640000000000004,0.35999999999999366,0.35999999999999366
formal-run-01-CCP30-solution-0155,042edf901427f58874f8f1902cc71d888a07257e6c2c844170af6abb264ad7f4,930002,5000,makespan,independent_oos_baseline,930001,930002,20,0.5,0.04365433210294488,0.001905700711354204,1.756955173418847,0.03675530010284643,47.80141009603085,oos_iqr,0.019399999999999973,0.3008012928035356,0.008728130376357196,0.007279888178666814,0.008004009277512006,514.2015371050272,512.7134325614784,0.2902409901988296,0.2902409901988296,572.6130171531156,571.9603842592173,0.6526328938982715,0.1141045624590833,0.9142,0.08579999999999999,1.419999999999999,1.419999999999999
formal-run-01-CCP30-solution-0156,929c565e220b1f523e095f9341b995353d9d321365d4ac5cb3353d1901d79414,930002,5000,cost,independent_oos_baseline,930001,930002,20,0.5,0.038317028545859805,0.0014681946765842352,9912.133559814309,0.0380247642748443,260675.7398459874,oos_iqr,0.023799999999999988,0.11612252501738525,0.007140654842407985,0.00536769627688871,0.0062541755596483475,11685385.385146353,11675803.48875794,0.08206626976583944,0.08206626976583944,11969687.865200682,11942409.85689793,27278.00830275193,0.22841293030146814,0.914,0.08599999999999997,1.4000000000000012,1.4000000000000012
formal-run-01-CCP30-solution-0156,929c565e220b1f523e095f9341b995353d9d321365d4ac5cb3353d1901d79414,930002,5000,emission,independent_oos_baseline,930001,930002,20,0.5,0.03438215340628247,0.0011821324728531414,291180.6324165444,0.028722802701433854,10137612.107122421,oos_iqr,0.022199999999999998,0.16801422440099156,0.004799097321948216,0.004669880448948399,0.004734488885448307,9962722633.413,9962658979.520765,0.0006389247325001202,0.0006389247325001202,9974896442.926474,9974668342.646503,228100.27997016907,0.002286795632040523,0.905,0.09499999999999997,0.5000000000000004,0.5000000000000004
formal-run-01-CCP30-solution-0156,929c565e220b1f523e095f9341b995353d9d321365d4ac5cb3353d1901d79414,930002,5000,makespan,independent_oos_baseline,930001,930002,20,0.5,0.03955932394143539,0.0015649401107034231,1.8275728774541904,0.03546270478965565,51.53506728531568,oos_iqr,0.02080000000000004,0.22715738303255884,0.006792925241251994,0.006077157468958085,0.00643504135510504,514.2203856187206,512.4347778702316,0.3484556133973236,0.3484556133973236,572.3700776390971,571.7619586178174,0.6081190212796628,0.10635877608047505,0.9144,0.08560000000000001,1.4399999999999968,1.4399999999999968
formal-run-01-CCP30-solution-0157,fd587355c5f6f578169ba238cac81967821878ecbdd755a777e7ae6101b42e19,930002,5000,cost,independent_oos_baseline,930001,930002,20,0.5,0.03215016818441222,0.0010336333142859917,12219.667397544416,0.038520320626970805,317226.5235245358,oos_iqr,0.021399999999999975,0.20011475900980857,0.004528790522470387,0.0039724286989039565,0.004250609610687172,11937992.412855973,11925940.05607843,0.10106001473150403,0.10106001473150403,12287519.164184298,12257125.631747762,30393.532436536625,0.24796623082505492,0.914,0.08599999999999997,1.4000000000000012,1.4000000000000012
formal-run-01-CCP30-solution-0157,fd587355c5f6f578169ba238cac81967821878ecbdd755a777e7ae6101b42e19,930002,5000,emission,independent_oos_baseline,930001,930002,20,0.5,0.03266992143169698,0.0010673237663532539,258787.02674353065,0.024404442357957863,10604095.063829422,oos_iqr,0.021199999999999997,0.2088385883788043,0.004356390962971893,0.004205458887906642,0.004280924925439267,9450891977.467556,9450769104.849344,0.0013001335325047594,0.0013001335325047594,9463329794.985107,9462841698.70951,488096.27559661865,0.005158030654398271,0.908,0.09199999999999997,0.8000000000000007,0.8000000000000007
formal-run-01-CCP30-solution-0157,fd587355c5f6f578169ba238cac81967821878ecbdd755a777e7ae6101b42e19,930002,5000,makespan,independent_oos_baseline,930001,930002,20,0.5,0.03300613870315314,0.0010894051920917833,2.1077974319520814,0.03707080618230483,56.858688791025145,oos_iqr,0.021199999999999997,0.2088385883788043,0.004842690999216418,0.004104725116766139,0.004473708057991278,521.3855838126851,519.2816503709876,0.4051622929857933,0.4051622929857933,577.7330332471454,575.4464407803484,2.2865924667969466,0.39735973754501913,0.9138,0.08620000000000005,1.3799999999999923,1.3799999999999923
formal-run-01-CCP30-solution-0158,3e4fe7b07c6e6ef3acef4afa8e7b32a0ab26ace9d3893aca6a7ec86df7ff342f,930002,5000,cost,independent_oos_baseline,930001,930002,20,0.5,0.03897645370587122,0.0015191639434859222,12893.069127538973,0.0444101856205729,290317.8391933199,oos_iqr,0.02400000000000002,0.11067945593694506,0.007333615930975127,0.005550397457484166,0.006442006694229646,11782498.593901208,11770658.057055464,0.10059366934583837,0.10059366934583837,12118357.029437248,12092122.27551438,26234.75392286852,0.21695739858661442,0.9134,0.08660000000000001,1.3399999999999967,1.3399999999999967
formal-run-01-CCP30-solution-0158,3e4fe7b07c6e6ef3acef4afa8e7b32a0ab26ace9d3893aca6a7ec86df7ff342f,930002,5000,emission,independent_oos_baseline,930001,930002,20,0.5,0.026444221864585865,0.0006992968700234412,261754.95925192646,0.02608248935419441,10035658.625116348,oos_iqr,0.021199999999999997,0.2088385883788043,0.002840310812833199,0.0027627817624325105,0.002801546287632855,10219104780.33585,10219017428.335901,0.0008547984242231229,0.0008547984242231229,10231530131.31511,10231092029.46663,438101.84847831726,0.004282063412356545,0.9078,0.09219999999999995,0.7800000000000029,0.7800000000000029
formal-run-01-CCP30-solution-0158,3e4fe7b07c6e6ef3acef4afa8e7b32a0ab26ace9d3893aca6a7ec86df7ff342f,930002,5000,makespan,independent_oos_baseline,930001,930002,20,0.5,0.03703407615918895,0.0013715227969646074,2.0581597140916075,0.039172019133158695,52.54157839286353,oos_iqr,0.022399999999999975,0.16066237817968165,0.006367155843048501,0.0050531476082406645,0.005710151725644583,502.0108625048767,500.12755752682256,0.3765649282289595,0.3765649282289595,571.4971898733315,561.4308751718597,10.06631470147181,1.7929749051279749,0.911,0.08899999999999997,1.100000000000001,1.100000000000001
formal-run-01-CCP30-solution-0159,45f82b1917a4fa2672c7c56942211046917301ac9f7f395df5fb3e0c77ca1be6,930002,5000,cost,independent_oos_baseline,930001,930002,20,0.5,0.041514180085660476,0.0017234271481846486,13394.443954208275,0.042385672512833,316013.48191780783,oos_iqr,0.022599999999999953,0.15356912653670451,0.008118233090024228,0.006352357197198648,0.007235295143611438,11822160.389321439,11810694.93864231,0.0970768505891745,0.0970768505891745,12180161.054948468,12147898.737328164,32262.31762030348,0.2655794085702045,0.916,0.08399999999999996,1.6000000000000014,1.6000000000000014
formal-run-01-CCP30-solution-0159,45f82b1917a4fa2672c7c56942211046917301ac9f7f395df5fb3e0c77ca1be6,930002,5000,emission,independent_oos_baseline,930001,930002,20,0.5,0.030708332866762757,0.0009430017074559016,258333.05952243955,0.025568094141938544,10103727.64150238,oos_iqr,0.022400000000000087,0.16066237817967755,0.003817502057824815,0.0037335213700748432,0.0037755117139498294,9562334307.072203,9562266481.77546,0.0007093014702388799,0.0007093014702388799,9574577377.49576,9574392340.765089,185036.73067092896,0.001932621142786203,0.903,0.09699999999999998,0.30000000000000027,0.30000000000000027
formal-run-01-CCP30-solution-0159,45f82b1917a4fa2672c7c56942211046917301ac9f7f395df5fb3e0c77ca1be6,930002,5000,makespan,independent_oos_baseline,930001,930002,20,0.5,0.03994636424246352,0.001595712016191568,1.888032559344186,0.033833150163982056,55.80422012710301,oos_iqr,0.017199999999999993,0.44712245653760074,0.007178649518066708,0.005972110262192219,0.006575379890129464,510.34027903905604,508.52554363357194,0.3568621927066349,0.3568621927066349,572.8970096995209,572.1452289549073,0.7517807446135976,0.13139683887372727,0.9138,0.08620000000000005,1.3799999999999923,1.3799999999999923
formal-run-01-CCP30-solution-0160,23eb151a716fb286114d00462c9343dd9f6de4a5f5b8b60156e5313919e385cd,930002,5000,cost,independent_oos_baseline,930001,930002,20,0.5,0.03760901539772593,0.0014144380391863862,13638.252711688714,0.04398174488129173,310088.94141191617,oos_iqr,0.01980000000000004,0.27821435494794367,0.006495817265529414,0.0052481995072083025,0.0058720083863688585,11744769.26333526,11733197.210416349,0.09862659521854529,0.09862659521854529,12094384.082866944,12065961.191409342,28422.89145760238,0.23556259635443513,0.9132,0.08679999999999999,1.319999999999999,1.319999999999999
formal-run-01-CCP30-solution-0160,23eb151a716fb286114d00462c9343dd9f6de4a5f5b8b60156e5313919e385cd,930002,5000,emission,independent_oos_baseline,930001,930002,20,0.5,0.029511495162497174,0.0008709283467260941,243170.2203327941,0.02372510557886958,10249489.492235184,oos_iqr,0.021599999999999953,0.19167530614265504,0.003524160326104274,0.003453060760438698,0.003488610543271486,9532654764.445814,9532588724.579678,0.0006927799787089085,0.0006927799787089085,9545039867.847572,9544714057.164253,325810.6833190918,0.0034135195812863414,0.9044,0.09560000000000002,0.43999999999999595,0.43999999999999595
formal-run-01-CCP30-solution-0160,23eb151a716fb286114d00462c9343dd9f6de4a5f5b8b60156e5313919e385cd,930002,5000,makespan,independent_oos_baseline,930001,930002,20,0.5,0.035277652065857104,0.0012445127352796721,1.9241044300846237,0.035708435297125404,53.88375083014398,oos_iqr,0.020000000000000018,0.26738904394377594,0.005773508537536578,0.0045727362680316646,0.005173122402784121,513.0835755216883,511.28050812487146,0.3526571751052338,0.3526571751052338,573.12322759628,572.2316175467257,0.8916100495542878,0.15581279017346208,0.9154,0.08460000000000001,1.539999999999997,1.539999999999997
formal-run-01-CCP30-solution-0161,36ba5f63767487182fc2de55ad9cceb44f3fc605f6bb6009cf100a2d0d58af4f,930002,5000,cost,independent_oos_baseline,930001,930002,20,0.5,0.038923397118438584,0.0015150308432396729,13568.057381223414,0.04209667916140344,322307.07151986845,oos_iqr,0.024800000000000044,0.0909726007974492,0.0070386945133798715,0.005534691795741744,0.006286693154560808,11869632.862721002,11856931.065202191,0.10712550700482341,0.10712550700482341,12227527.685095064,12199876.364513453,27651.320581611246,0.22665246561057273,0.913,0.08699999999999997,1.3000000000000012,1.3000000000000012
formal-run-01-CCP30-solution-0161,36ba5f63767487182fc2de55ad9cceb44f3fc605f6bb6009cf100a2d0d58af4f,930002,5000,emission,independent_oos_baseline,930001,930002,20,0.5,0.03982770737720633,0.001586246274924376,252507.52348113898,0.024744392745096957,10204636.100078583,oos_iqr,0.022600000000000064,0.15356912653670052,0.006442630559944614,0.006297312394565597,0.0063699714772551055,9365904200.062042,9365822616.831469,0.000871073838479918,0.000871073838479918,9378021479.08085,9377857923.068123,163556.01272773743,0.0017440657991353674,0.9034,0.09660000000000002,0.33999999999999586,0.33999999999999586
formal-run-01-CCP30-solution-0161,36ba5f63767487182fc2de55ad9cceb44f3fc605f6bb6009cf100a2d0d58af4f,930002,5000,makespan,independent_oos_baseline,930001,930002,20,0.5,0.0438056833262608,0.0019189378916806437,2.2850961423260925,0.03984203803764151,57.35389691077563,oos_iqr,0.023399999999999976,0.1276693074850469,0.008576554952524346,0.00750722469162447,0.008041889822074409,521.3533999877609,519.1044750719738,0.43323165639736194,0.43323165639736194,574.779928385707,572.7415744418269,2.038353943880111,0.3558941824446072,0.917,0.08299999999999996,1.7000000000000015,1.7000000000000015
formal-run-01-CCP30-solution-0162,b6f86acb8af49b2b86b97f8e2e29de0e0402d0dcc327028eb7092e97d7fe4837,930002,5000,cost,independent_oos_baseline,930001,930002,20,0.5,0.03611203847512086,0.001304079322828609,13311.602847013397,0.04420343055502456,301144.11211688817,oos_iqr,0.02440000000000009,0.10042462289139704,0.005922399871619983,0.004835080389380296,0.005378740130500139,11850796.795008672,11837997.606659092,0.10811953824336484,0.10811953824336484,12199842.33948891,12170317.315156743,29525.02433216758,0.2425986403443855,0.9146,0.08540000000000003,1.4599999999999946,1.4599999999999946
formal-run-01-CCP30-solution-0162,b6f86acb8af49b2b86b97f8e2e29de0e0402d0dcc327028eb7092e97d7fe4837,930002,5000,emission,independent_oos_baseline,930001,930002,20,0.5,0.029147671308580425,0.0008495867427130425,248386.3023358089,0.024333083757040547,10207760.956888199,oos_iqr,0.021599999999999953,0.19167530614265504,0.003435962006881523,0.003367859766383347,0.003401910886632435,9510820552.389763,9510740877.078012,0.0008377403272802723,0.0008377403272802723,9523255221.721457,9522966322.792076,288898.92938041687,0.003033707351132514,0.9048,0.09519999999999995,0.48000000000000265,0.48000000000000265
formal-run-01-CCP30-solution-0162,b6f86acb8af49b2b86b97f8e2e29de0e0402d0dcc327028eb7092e97d7fe4837,930002,5000,makespan,independent_oos_baseline,930001,930002,20,0.5,0.028920251962158926,0.0008363809735547573,2.0702325638519907,0.03640859459674841,56.861095210658846,oos_iqr,0.0174,0.43234344883612585,0.003849332249384896,0.0030712642629609523,0.003460298256172924,520.8033278816376,518.7378557943252,0.3981726153665063,0.3981726153665063,577.6737233431811,575.4335837995658,2.240139543615328,0.38929593382850075,0.914,0.08599999999999997,1.4000000000000012,1.4000000000000012
formal-run-01-CCP30-solution-0164,f86bd4e9b1a46e72e423e081828c308f5377b0320fec472501a5c83d34945231,930002,5000,cost,independent_oos_baseline,930001,930002,20,0.5,0.034700238710227344,0.0012041065665467604,13531.440494793931,0.042316681279207166,319766.10844108835,oos_iqr,0.02279999999999993,0.14672889406686074,0.005435654119456846,0.004474036309458927,0.004954845214457887,12023106.294308962,12009919.629040262,0.10979811419232907,0.10979811419232907,12379672.634743268,12357965.878168417,21706.75657485053,0.17564991511424777,0.9098,0.09019999999999995,0.9800000000000031,0.9800000000000031
formal-run-01-CCP30-solution-0164,f86bd4e9b1a46e72e423e081828c308f5377b0320fec472501a5c83d34945231,930002,5000,emission,independent_oos_baseline,930001,930002,20,0.5,0.03149332287982443,0.0009918293860128732,234654.02373027685,0.022664112998501434,10353549.849746704,oos_iqr,0.01739999999999997,0.43234344883612785,0.004002862477164303,0.003946616091917155,0.003974739284540729,9380506128.976074,9380377434.264633,0.0013719566439932803,0.0013719566439932803,9393003509.109592,9392626171.89439,377337.21520233154,0.0040173771243173706,0.9046,0.09540000000000004,0.45999999999999375,0.45999999999999375
formal-run-01-CCP30-solution-0164,f86bd4e9b1a46e72e423e081828c308f5377b0320fec472501a5c83d34945231,930002,5000,makespan,independent_oos_baseline,930001,930002,20,0.5,0.02938627858816058,0.000863553369260985,2.2314259164369874,0.04033735945063821,55.319087486815704,oos_iqr,0.02200000000000002,0.17563013054961474,0.003815000694150455,0.003229605575382179,0.003522303134766317,526.0953183061954,523.868812712093,0.42501205265029146,0.42501205265029146,577.7330332471454,575.2731689991543,2.4598642479910495,0.42759933550710505,0.9138,0.08620000000000005,1.3799999999999923,1.3799999999999923
formal-run-01-CCP30-solution-0165,dac1290aabd1dfe0a02afeb3482d4f1f8ff309d22a56fc7a898ce9824e83dd40,930002,5000,cost,independent_oos_baseline,930001,930002,20,0.5,0.036284395719522446,0.001316557372730899,13142.61484165577,0.04356282704511393,301693.3411609214,oos_iqr,0.021199999999999997,0.2088385883788043,0.005948410389618009,0.004898345434297448,0.005423377911957728,11875790.546601303,11863155.066822354,0.10651028084667608,0.10651028084667608,12223821.012580942,12193735.608920127,30085.40366081521,0.24672835811534838,0.9146,0.08540000000000003,1.4599999999999946,1.4599999999999946
formal-run-01-CCP30-solution-0165,dac1290aabd1dfe0a02afeb3482d4f1f8ff309d22a56fc7a898ce9824e83dd40,930002,5000,emission,independent_oos_baseline,930001,930002,20,0.5,0.028503262874896653,0.0008124359945154618,244688.1355303112,0.024013935759149542,10189422.4247303,oos_iqr,0.0232,0.13378475057842076,0.0033090588351914704,0.003205591293253421,0.0032573250642224457,9468619012.593603,9468502407.342188,0.0012315068043372217,0.0012315068043372217,9480851490.973152,9480603981.996052,247508.9771003723,0.002610687858815738,0.9042,0.0958,0.41999999999999815,0.41999999999999815
formal-run-01-CCP30-solution-0165,dac1290aabd1dfe0a02afeb3482d4f1f8ff309d22a56fc7a898ce9824e83dd40,930002,5000,makespan,independent_oos_baseline,930001,930002,20,0.5,0.0312310281299358,0.0009753771180528411,2.1269791691423148,0.037404001763094455,56.865016278577684,oos_iqr,0.018199999999999994,0.37607543477530325,0.0043118758831683455,0.003664294154506122,0.003988085018837234,522.2379911656756,520.1182575499348,0.4075483959601721,0.4075483959601721,578.5144674116149,576.3725676648485,2.1418997467663985,0.37161722589335294,0.9124,0.08760000000000001,1.2399999999999967,1.2399999999999967
formal-run-01-CCP30-solution-0166,0985d3c856f830aed41b10fc0fa5a4a4d86aa251c6f19cee9c2045d9b95c49d0,930002,5000,cost,independent_oos_baseline,930001,930002,20,0.5,0.04085904857322422,0.001669461850309096,12069.934814189866,0.04035861680472469,299067.1080872342,oos_iqr,0.02540000000000009,0.07819890888114513,0.007654481816963125,0.006186237932008161,0.006920359874485643,11761703.003703143,11750571.553712651,0.09473113660565113,0.09473113660565113,12093939.388314093,12062374.381730141,31565.006583951414,0.2616815361970547,0.9164,0.08360000000000001,1.639999999999997,1.639999999999997
formal-run-01-CCP30-solution-0166,0985d3c856f830aed41b10fc0fa5a4a4d86aa251c6f19cee9c2045d9b95c49d0,930002,5000,emission,independent_oos_baseline,930001,930002,20,0.5,0.03594219281555641,0.001291841224390635,263344.00727578014,0.025606187381241086,10284389.60298729,oos_iqr,0.024600000000000066,0.09560116579888145,0.005275938096617354,0.005090483612965228,0.00518321085479129,9534580656.622498,9534515573.979403,0.0006826004172947516,0.0006826004172947516,9546919145.418709,9546488463.999115,430681.41959381104,0.004511411931391938,0.905,0.09499999999999997,0.5000000000000004,0.5000000000000004
formal-run-01-CCP30-solution-0166,0985d3c856f830aed41b10fc0fa5a4a4d86aa251c6f19cee9c2045d9b95c49d0,930002,5000,makespan,independent_oos_baseline,930001,930002,20,0.5,0.04234341491657896,0.001792964786797562,2.016663349509046,0.04094667120189146,49.25097182053446,oos_iqr,0.021400000000000086,0.20011475900980402,0.008015611304330351,0.007045386349929144,0.0075304988271297476,518.2229984728139,516.2763068045157,0.3770639176427038,0.3770639176427038,574.5379637636996,572.7415744418269,1.7963893218727662,0.3136474462541788,0.9162,0.08379999999999999,1.6199999999999992,1.6199999999999992
formal-run-01-CCP30-solution-0167,9aa0a0d696d50fc65c601b7a45a7ee4c7eea39b3d809f59b33dc6b17fa0b464f,930002,5000,cost,independent_oos_baseline,930001,930002,20,0.5,0.04142483079547116,0.0017160166064334153,10607.59551570416,0.03780285039013783,280603.0605160799,oos_iqr,0.022199999999999998,0.16801422440099156,0.007840759997943206,0.006403881891698553,0.007122320944820879,11728163.52399595,11718286.801036855,0.08428470071428618,0.08428470071428618,12044287.521628687,12013495.253535489,30792.268093198538,0.2563139822620447,0.918,0.08199999999999996,1.8000000000000016,1.8000000000000016
formal-run-01-CCP30-solution-0167,9aa0a0d696d50fc65c601b7a45a7ee4c7eea39b3d809f59b33dc6b17fa0b464f,930002,5000,emission,independent_oos_baseline,930001,930002,20,0.5,0.03301676542992478,0.0010901067994546758,275127.6550728406,0.027615654956737627,9962742.346826553,oos_iqr,0.0232,0.13378475057842076,0.00450414392225622,0.004256583463326763,0.004380363692791491,9582815587.656183,9582754331.584255,0.0006392324149031714,0.0006392324149031714,9594986332.600191,9594501349.461142,484983.13904953003,0.005054802968752183,0.9072,0.0928,0.7199999999999984,0.7199999999999984
formal-run-01-CCP30-solution-0167,9aa0a0d696d50fc65c601b7a45a7ee4c7eea39b3d809f59b33dc6b17fa0b464f,930002,5000,makespan,independent_oos_baseline,930001,930002,20,0.5,0.03397056140388248,0.00115399904209495,1.7076474974363505,0.03238576876644355,52.728329833742464,oos_iqr,0.018199999999999994,0.37607543477530325,0.005114957113792403,0.004391843421345532,0.0047534002675689675,516.7218333464075,515.1663305122675,0.301941866541102,0.301941866541102,576.4757106164651,575.4335837995658,1.0421268168993265,0.18110288419702641,0.9136,0.08640000000000003,1.3599999999999945,1.3599999999999945
formal-run-01-CCP30-solution-0168,dd7e87f483fada379127598d04976f3c2fb5094a6578b5b2258e3100c6e0476c,930002,5000,cost,independent_oos_baseline,930001,930002,20,0.5,0.0363910665974965,0.0013243097281034257,12832.164394667996,0.03920969732130395,327270.17221058346,oos_iqr,0.022600000000000064,0.15356912653670052,0.0060585106582731335,0.004910904885393764,0.005484707771833449,11885287.393512055,11873015.722574728,0.1033576575999555,0.1033576575999555,12244246.140115319,12214881.963260327,29364.176854992285,0.24039673034347167,0.9118,0.08819999999999995,1.1800000000000033,1.1800000000000033
formal-run-01-CCP30-solution-0168,dd7e87f483fada379127598d04976f3c2fb5094a6578b5b2258e3100c6e0476c,930002,5000,emission,independent_oos_baseline,930001,930002,20,0.5,0.03600916117802601,0.0012966596887450553,269702.41051121894,0.026744663395598466,10084344.922269821,oos_iqr,0.022399999999999975,0.16066237817968165,0.00535877538432544,0.005051544234432059,0.005205159809378749,9310178153.911863,9310102808.809298,0.0008092832497453541,0.0008092832497453541,9322217354.60668,9322071903.634815,145450.97186470032,0.0015602858824548093,0.9028,0.09719999999999995,0.28000000000000247,0.28000000000000247
formal-run-01-CCP30-solution-0168,dd7e87f483fada379127598d04976f3c2fb5094a6578b5b2258e3100c6e0476c,930002,5000,makespan,independent_oos_baseline,930001,930002,20,0.5,0.044618121672509566,0.0019907767815828675,2.162359036604753,0.03655489822878035,59.15374249085687,oos_iqr,0.022400000000000087,0.16066237817967755,0.008841813974267091,0.007815443992220748,0.00832862898324392,520.9830781480117,518.8849043499587,0.4043620811597054,0.4043620811597054,574.779928385707,572.7453846395128,2.0345437461941174,0.3552265632790151,0.917,0.08299999999999996,1.7000000000000015,1.7000000000000015
formal-run-01-CCP30-solution-0169,75823602911fe22d1281a161dfce0bd79e3d6cc22862da1a0f4da95102f54871,930002,5000,cost,independent_oos_baseline,930001,930002,20,0.5,0.04811366423922069,0.002314924686524464,13308.331016575321,0.041749157079721703,318768.8554085661,oos_iqr,0.023000000000000076,0.14013601484393,0.011116680253728268,0.008786813571521465,0.009951746912624865,11838507.099757694,11826649.533757867,0.10026141356417387,0.10026141356417387,12200451.110268833,12166955.562241348,33495.54802748561,0.2752993372593135,0.9152,0.08479999999999999,1.5199999999999991,1.5199999999999991
formal-run-01-CCP30-solution-0169,75823602911fe22d1281a161dfce0bd79e3d6cc22862da1a0f4da95102f54871,930002,5000,emission,independent_oos_baseline,930001,930002,20,0.5,0.02692363225926956,0.0007248819740323805,241931.0350248592,0.023987373681485152,10085765.879888535,oos_iqr,0.021599999999999953,0.19167530614265504,0.0029406421545917633,0.0028658825529727294,0.0029032623537822463,9555725343.704903,9555637991.992916,0.0009141379367838918,0.0009141379367838918,9567974675.370935,9567745904.115665,228771.25527000427,0.00239106742134107,0.9024,0.09760000000000002,0.23999999999999577,0.23999999999999577
formal-run-01-CCP30-solution-0169,75823602911fe22d1281a161dfce0bd79e3d6cc22862da1a0f4da95102f54871,930002,5000,makespan,independent_oos_baseline,930001,930002,20,0.5,0.03386249226438061,0.0011466683823552367,1.9763769998740297,0.0351089770249332,56.2926398701527,oos_iqr,0.017000000000000015,0.46216870446525227,0.005166213666449334,0.004244034820615931,0.004705124243532633,514.1550236638045,512.1968406601446,0.3823106368903174,0.3823106368903174,572.9412944813131,572.1474737825102,0.7938206988028469,0.13874407127149196,0.9138,0.08620000000000005,1.3799999999999923,1.3799999999999923
formal-run-01-CCP30-solution-0170,43d686092039c27d7570e45a657dd4ce874db5c8daa383bb6fc33ffab52d7ead,930002,5000,cost,independent_oos_baseline,930001,930002,20,0.5,0.03852921245348884,0.001484500212286079,11625.078437215663,0.039287218287568884,295899.7593600061,oos_iqr,0.0242,0.105448774554511,0.006855131662459566,0.00551008437895015,0.006182608020704858,11749412.50874671,11738626.63494315,0.09188360903696062,0.09188360903696062,12079952.337758347,12054938.939586803,25013.398171544075,0.20749502172427792,0.9148,0.08520000000000005,1.4799999999999924,1.4799999999999924
formal-run-01-CCP30-solution-0170,43d686092039c27d7570e45a657dd4ce874db5c8daa383bb6fc33ffab52d7ead,930002,5000,emission,independent_oos_baseline,930001,930002,20,0.5,0.0355077183976012,0.0012607980658033468,265196.14075248793,0.026340066991210227,10068165.006603241,oos_iqr,0.02279999999999993,0.14672889406686074,0.005267093697712578,0.00490426200855211,0.0050856778531323445,9500783979.112581,9500720897.572165,0.0006639658305596318,0.0006639658305596318,9513083774.753927,9512487854.307468,595920.4464588165,0.0062646119036984665,0.908,0.09199999999999997,0.8000000000000007,0.8000000000000007
formal-run-01-CCP30-solution-0170,43d686092039c27d7570e45a657dd4ce874db5c8daa383bb6fc33ffab52d7ead,930002,5000,makespan,independent_oos_baseline,930001,930002,20,0.5,0.040291512866344435,0.0016234060090587993,1.8955986324873848,0.03458062936296962,54.816776542455614,oos_iqr,0.020600000000000063,0.23676066509225802,0.007083709573384785,0.00630034558998871,0.006692027581686747,515.0702085014628,513.2916189997713,0.3465066320695744,0.3465066320695744,576.1156870284397,574.169610477089,1.946076551350643,0.3389375745145427,0.9154,0.08460000000000001,1.539999999999997,1.539999999999997
formal-run-01-CCP30-solution-0171,8986c607eaf00d4c99a7b2e3144b5f2281b7ad235633a12b8dcf678866539b55,930002,5000,cost,independent_oos_baseline,930001,930002,20,0.5,0.033936844135787854,0.0011517093898967584,13417.353459835813,0.04380394509226628,306304.6817261372,oos_iqr,0.0232,0.13378475057842076,0.005382446318782452,0.004221769883336477,0.004802108101059464,11759802.880242083,11748188.241012847,0.0988632373857404,0.0988632373857404,12109480.11914396,12079894.336956399,29585.782187560573,0.24491755773929136,0.9122,0.08779999999999999,1.2199999999999989,1.2199999999999989
formal-run-01-CCP30-solution-0171,8986c607eaf00d4c99a7b2e3144b5f2281b7ad235633a12b8dcf678866539b55,930002,5000,emission,independent_oos_baseline,930001,930002,20,0.5,0.03264788126249021,0.001065884150929659,243033.4474958363,0.02376537863056572,10226365.473649979,oos_iqr,0.0232,0.13378475057842076,0.004300934483001871,0.004235906929699022,0.004268420706350447,9527692048.675772,9527614574.088945,0.000813158280321523,0.000813158280321523,9540054617.05258,9539631302.043627,423315.0089530945,0.004437435740964222,0.905,0.09499999999999997,0.5000000000000004,0.5000000000000004
formal-run-01-CCP30-solution-0171,8986c607eaf00d4c99a7b2e3144b5f2281b7ad235633a12b8dcf678866539b55,930002,5000,makespan,independent_oos_baseline,930001,930002,20,0.5,0.036020687526782745,0.001297489929902122,2.0684070713406504,0.03864138955620222,53.52827874712534,oos_iqr,0.020600000000000063,0.23676066509225802,0.0059184196085335875,0.004858483166376325,0.005388451387454956,512.2257251211906,510.2317430640591,0.39079929546468367,0.39079929546468367,573.12322759628,572.1794768142161,0.9437507820639439,0.1649396422462694,0.9154,0.08460000000000001,1.539999999999997,1.539999999999997
formal-run-01-CCP30-solution-0172,09b05faa0df757ce802ad4df08272e5d341e1ba0f3fa14e854006b55c174dbfa,930002,5000,cost,independent_oos_baseline,930001,930002,20,0.5,0.03434739424035298,0.001179743491102233,12937.614296799175,0.0389464842048825,332189.53034988604,oos_iqr,0.02300000000000002,0.1401360148439318,0.005369923419614932,0.004375148013088797,0.004872535716351864,11859507.323637305,11847171.002186975,0.10412883757694598,0.10412883757694598,12219036.632831346,12192129.481220312,26907.151611033827,0.22069279736964117,0.9114,0.08860000000000001,1.1399999999999966,1.1399999999999966
formal-run-01-CCP30-solution-0172,09b05faa0df757ce802ad4df08272e5d341e1ba0f3fa14e854006b55c174dbfa,930002,5000,emission,independent_oos_baseline,930001,930002,20,0.5,0.030144635853538687,0.0009086990707424501,249227.60915431823,0.02456450712778777,10145842.041845322,oos_iqr,0.022800000000000042,0.14672889406685674,0.0037230023739270772,0.0035644488528809174,0.0036437256134039973,9333034944.067165,9332948320.339935,0.0009281496506445556,0.0009281496506445556,9345159020.199402,9344895404.696321,263615.50308036804,0.00282095723562499,0.9044,0.09560000000000002,0.43999999999999595,0.43999999999999595
formal-run-01-CCP30-solution-0172,09b05faa0df757ce802ad4df08272e5d341e1ba0f3fa14e854006b55c174dbfa,930002,5000,makespan,independent_oos_baseline,930001,930002,20,0.5,0.0440604444541634,0.0019413227654984182,2.211330160181804,0.037403210072444966,59.12140043324507,oos_iqr,0.022400000000000087,0.16066237817967755,0.00867552359928522,0.007589155131572851,0.008132339365429035,522.097766881095,519.9692053514533,0.4093629983727612,0.4093629983727612,574.779928385707,572.7453846395128,2.0345437461941174,0.3552265632790151,0.917,0.08299999999999996,1.7000000000000015,1.7000000000000015
formal-run-01-CCP30-solution-0173,6639474545bc998dcb8b266cccf9b5f4bfa0de329b247c692fa5479b850e7a6a,930002,5000,cost,independent_oos_baseline,930001,930002,20,0.5,0.04378812473538605,0.0019173998678417273,13454.353764987824,0.04243633725670711,317047.95075973123,oos_iqr,0.022199999999999998,0.16801422440099156,0.009215484941187435,0.007032556044113585,0.00812402049265051,11772598.164353494,11761105.416779742,0.09771826003153652,0.09771826003153652,12132688.204235187,12098588.884058956,34099.32017623074,0.28184543257899974,0.9174,0.0826,1.739999999999997,1.739999999999997
formal-run-01-CCP30-solution-0173,6639474545bc998dcb8b266cccf9b5f4bfa0de329b247c692fa5479b850e7a6a,930002,5000,emission,independent_oos_baseline,930001,930002,20,0.5,0.03511731449372847,0.0012332257772514317,240993.5971214393,0.02390276013578495,10082249.738206863,oos_iqr,0.022199999999999998,0.16801422440099156,0.005019426743316856,0.004864004926074691,0.004941715834695774,9594876324.67317,9594797563.558018,0.0008208731307839307,0.0008208731307839307,9607057113.975777,9606839964.129665,217149.8461112976,0.002260367060574537,0.9034,0.09660000000000002,0.33999999999999586,0.33999999999999586
formal-run-01-CCP30-solution-0173,6639474545bc998dcb8b266cccf9b5f4bfa0de329b247c692fa5479b850e7a6a,930002,5000,makespan,independent_oos_baseline,930001,930002,20,0.5,0.03994636424246352,0.001595712016191568,1.888032559344186,0.033833150163982056,55.80422012710301,oos_iqr,0.017199999999999993,0.44712245653760074,0.007178649518066708,0.005972110262192219,0.006575379890129464,510.34027903905604,508.52554363357194,0.3568621927066349,0.3568621927066349,572.8970096995209,572.1452289549073,0.7517807446135976,0.13139683887372727,0.9138,0.08620000000000005,1.3799999999999923,1.3799999999999923
formal-run-01-CCP30-solution-0174,f0f892802d860f77cf23fa21a5d982c18a6bd38bfb7146d2cdaf031958dd510c,930002,5000,cost,independent_oos_baseline,930001,930002,20,0.5,0.040018204945610404,0.0016014567270688771,11912.41334044594,0.03976204543839689,299592.56897137687,oos_iqr,0.02440000000000009,0.10042462289139704,0.0075537585650701,0.005900608044427559,0.00672718330474883,11809393.760729924,11798253.239461273,0.09442517500293614,0.09442517500293614,12140838.367536992,12112832.225908665,28006.141628326848,0.23121051382535696,0.9156,0.08440000000000003,1.5599999999999947,1.5599999999999947
formal-run-01-CCP30-solution-0174,f0f892802d860f77cf23fa21a5d982c18a6bd38bfb7146d2cdaf031958dd510c,930002,5000,emission,independent_oos_baseline,930001,930002,20,0.5,0.0334431524049549,0.0011184444427810405,260464.84883130147,0.025884233258584983,10062683.573789597,oos_iqr,0.022599999999999953,0.15356912653670451,0.004522211300622282,0.004438323408203133,0.004480267354412707,9415328071.49825,9415258564.958666,0.0007382329343762565,0.0007382329343762565,9427385444.648317,9427109326.981806,276117.66651153564,0.0029289749056080777,0.904,0.09599999999999997,0.40000000000000036,0.40000000000000036
formal-run-01-CCP30-solution-0174,f0f892802d860f77cf23fa21a5d982c18a6bd38bfb7146d2cdaf031958dd510c,930002,5000,makespan,independent_oos_baseline,930001,930002,20,0.5,0.040836593452700826,0.0016676273648211677,1.7176637057296125,0.03177480102842823,54.05741814694153,oos_iqr,0.01980000000000004,0.27821435494794367,0.007489217422574886,0.006533688780495577,0.007011453101535232,518.4319364007706,516.7802035964878,0.31961998404499775,0.31961998404499775,575.4145066198222,573.440367828947,1.9741387908751449,0.3442622636333157,0.9126,0.08740000000000003,1.2599999999999945,1.2599999999999945
formal-run-01-CCP30-solution-0175,1c2dd8ed397298523b162e7569358d661e82df32a3f7793b6196bc9555b61f20,930002,5000,cost,independent_oos_baseline,930001,930002,20,0.5,0.03561521566749905,0.0012684435870424695,13482.256981137605,0.04326640856154098,311610.26369824074,oos_iqr,0.02080000000000004,0.22715738303255884,0.005841941351693086,0.0046967342973351185,0.005269337824514102,11768225.519640954,11756866.95967981,0.09661213314821097,0.09661213314821097,12117927.87986846,12088814.098854689,29113.78101377189,0.24083239907320744,0.9138,0.08620000000000005,1.3799999999999923,1.3799999999999923
formal-run-01-CCP30-solution-0175,1c2dd8ed397298523b162e7569358d661e82df32a3f7793b6196bc9555b61f20,930002,5000,emission,independent_oos_baseline,930001,930002,20,0.5,0.03142725554752544,0.0009876723912494688,263441.5442658756,0.02559161929816427,10294055.29976654,oos_iqr,0.021199999999999997,0.2088385883788043,0.003971188085135609,0.003937460271722737,0.003954324178429173,9651465826.417385,9651412521.008999,0.0005523068076325236,0.0005523068076325236,9663891523.279015,9663610868.466589,280654.8124256134,0.002904243726756636,0.904,0.09599999999999997,0.40000000000000036,0.40000000000000036
formal-run-01-CCP30-solution-0175,1c2dd8ed397298523b162e7569358d661e82df32a3f7793b6196bc9555b61f20,930002,5000,makespan,independent_oos_baseline,930001,930002,20,0.5,0.03804242957018097,0.001447226447602179,2.01145491279382,0.03767884383108465,53.38419941469624,oos_iqr,0.020000000000000018,0.26738904394377594,0.006491530027484377,0.005402819643601909,0.005947174835543143,509.19374695283955,507.3202680791353,0.3692891831027743,0.3692891831027743,572.6127019756715,572.0433803120075,0.5693216636640273,0.09952421149485277,0.915,0.08499999999999996,1.5000000000000013,1.5000000000000013
formal-run-01-CCP30-solution-0176,9e9d237ad02040d6ebd3696319bcf9cd135650771cb4b05ce017a45b938d0b7b,930002,5000,cost,independent_oos_baseline,930001,930002,20,0.5,0.03199928681383579,0.001023954356594125,12673.889792789767,0.039388042788409745,321769.98133350164,oos_iqr,0.021799999999999986,0.18351543091288192,0.004828450484696086,0.0037528685922842905,0.004290659538490189,11950004.624875022,11937548.603866227,0.10434320665099518,0.10434320665099518,12302629.270805828,12273869.491648829,28759.779156999663,0.23431713345630642,0.9134,0.08660000000000001,1.3399999999999967,1.3399999999999967
formal-run-01-CCP30-solution-0176,9e9d237ad02040d6ebd3696319bcf9cd135650771cb4b05ce017a45b938d0b7b,930002,5000,emission,independent_oos_baseline,930001,930002,20,0.5,0.03650304632712449,0.0013324723911601966,242650.09378281093,0.02284867031051413,10619878.114795685,oos_iqr,0.021399999999999975,0.20011475900980857,0.0053733706882127695,0.005333010042305986,0.005353190365259377,9465057734.252523,9464923676.944708,0.0014163591000960472,0.0014163591000960472,9477507991.48651,9477087990.719131,420000.7673778534,0.0044317491595430815,0.9052,0.0948,0.5199999999999982,0.5199999999999982
formal-run-01-CCP30-solution-0176,9e9d237ad02040d6ebd3696319bcf9cd135650771cb4b05ce017a45b938d0b7b,930002,5000,makespan,independent_oos_baseline,930001,930002,20,0.5,0.031074803265937718,0.0009656433980167334,2.197182677309682,0.03945665594258937,55.68598313315374,oos_iqr,0.020399999999999974,0.24666489084878618,0.004345582743833613,0.003600925740408167,0.00397325424212089,525.3833202069711,523.1925802258806,0.418725353510299,0.418725353510299,577.7330332471454,575.2731689991543,2.4598642479910495,0.42759933550710505,0.9138,0.08620000000000005,1.3799999999999923,1.3799999999999923
formal-run-01-CCP30-solution-0177,bf6bcc860d60cd4b2b464cae1bc4923d8907fe6ec58bfae1a7041fd1860140d5,930002,5000,cost,independent_oos_baseline,930001,930002,20,0.5,0.03738225670401872,0.0013974331162851525,12489.720464677252,0.03896971234200912,320498.14366254397,oos_iqr,0.020000000000000018,0.26738904394377594,0.006422433760643184,0.005296226554985916,0.00585933015781455,11926148.448024089,11914261.54078332,0.09977040708800299,0.09977040708800299,12278051.239517052,12246197.28431344,31853.955203611404,0.26011303316511314,0.913,0.08699999999999997,1.3000000000000012,1.3000000000000012
formal-run-01-CCP30-solution-0177,bf6bcc860d60cd4b2b464cae1bc4923d8907fe6ec58bfae1a7041fd1860140d5,930002,5000,emission,independent_oos_baseline,930001,930002,20,0.5,0.03505610161784658,0.0012289302606407855,256823.5684634365,0.024285901116882107,10575006.75916481,oos_iqr,0.02100000000000002,0.2178513612898525,0.005028865798553725,0.0048336096955821466,0.004931237747067936,9456584943.877853,9456477420.165432,0.0011370376900824474,0.0011370376900824474,9468907724.50743,9468518838.46774,388886.0396900177,0.004107147552055247,0.9042,0.0958,0.41999999999999815,0.41999999999999815
formal-run-01-CCP30-solution-0177,bf6bcc860d60cd4b2b464cae1bc4923d8907fe6ec58bfae1a7041fd1860140d5,930002,5000,makespan,independent_oos_baseline,930001,930002,20,0.5,0.033600039053200303,0.0011289626243765854,2.1175857086501026,0.037241604220656685,56.8607543354845,oos_iqr,0.021199999999999997,0.2088385883788043,0.005113200126809338,0.004206832759931167,0.004660016443370253,522.3628216716949,520.2504385783244,0.40603196782359496,0.40603196782359496,577.7052290053015,575.4335837995658,2.2716452057356946,0.39477105085457626,0.914,0.08599999999999997,1.4000000000000012,1.4000000000000012
formal-run-01-CCP30-solution-0178,80d654c18f99da860074a5a074eb82823a4f507ba833ffb95bef96d56dc0ce6e,930002,5000,cost,independent_oos_baseline,930001,930002,20,0.5,0.0349739043205489,0.0012231739834229088,13560.02741497978,0.042376509048607985,319989.2515786458,oos_iqr,0.023399999999999976,0.1276693074850469,0.0055260013595782274,0.004541206477980383,0.0050336039187793055,11996084.072005792,11982858.757743845,0.11036860676839785,0.11036860676839785,12353384.08416091,12328045.759087102,25338.32507380843,0.20553399597118907,0.911,0.08899999999999997,1.100000000000001,1.100000000000001
formal-run-01-CCP30-solution-0178,80d654c18f99da860074a5a074eb82823a4f507ba833ffb95bef96d56dc0ce6e,930002,5000,emission,independent_oos_baseline,930001,930002,20,0.5,0.028772032279376438,0.0008278298414854797,209169.65776616283,0.020313126947090834,10297265.325569153,oos_iqr,0.018799999999999928,0.33703497510452407,0.003374418576102365,0.003258388240960608,0.0033164034085314863,9395107998.090542,9394988476.974554,0.001272179484633778,0.001272179484633778,9407480738.478142,9407188686.31859,292052.1595516205,0.0031045636405312945,0.9036,0.09640000000000004,0.35999999999999366,0.35999999999999366
formal-run-01-CCP30-solution-0178,80d654c18f99da860074a5a074eb82823a4f507ba833ffb95bef96d56dc0ce6e,930002,5000,makespan,independent_oos_baseline,930001,930002,20,0.5,0.02938627858816058,0.000863553369260985,2.2314259164369874,0.04033735945063821,55.319087486815704,oos_iqr,0.02200000000000002,0.17563013054961474,0.003815000694150455,0.003229605575382179,0.003522303134766317,526.0953183061954,523.868812712093,0.42501205265029146,0.42501205265029146,577.7330332471454,575.2731689991543,2.4598642479910495,0.42759933550710505,0.9138,0.08620000000000005,1.3799999999999923,1.3799999999999923
formal-run-01-CCP30-solution-0179,ad6f5e4f4bd26a2297d1bac20b1e398e0946996fc833855ed4e2c9326d508f51,930002,5000,cost,independent_oos_baseline,930001,930002,20,0.5,0.04025711675366922,0.001620635449318555,9965.612967936853,0.03857461166950836,258346.42363527045,oos_iqr,0.022200000000000053,0.16801422440098956,0.007804678562678406,0.00593161315550478,0.006868145859091593,11697337.009662744,11687708.966378937,0.08237750710171948,0.08237750710171948,11982054.991020665,11958096.16798696,23958.823033705354,0.20035650070991703,0.9134,0.08660000000000001,1.3399999999999967,1.3399999999999967
formal-run-01-CCP30-solution-0179,ad6f5e4f4bd26a2297d1bac20b1e398e0946996fc833855ed4e2c9326d508f51,930002,5000,emission,independent_oos_baseline,930001,930002,20,0.5,0.029529718374412026,0.0008720042672720873,281401.7379662319,0.027709954977885146,10155257.85555458,oos_iqr,0.02200000000000002,0.17563013054961474,0.003527031047839458,0.0034564176087399576,0.003491724328289708,9952898557.17644,9952833926.611809,0.0006493684623602502,0.0006493684623602502,9965143616.433495,9964890137.742594,253478.6909008026,0.002543717867402647,0.9036,0.09640000000000004,0.35999999999999366,0.35999999999999366
formal-run-01-CCP30-solution-0179,ad6f5e4f4bd26a2297d1bac20b1e398e0946996fc833855ed4e2c9326d508f51,930002,5000,makespan,independent_oos_baseline,930001,930002,20,0.5,0.04247113164259554,0.0018037970230026803,1.8966927426422426,0.03631211325559681,52.23305868462239,oos_iqr,0.019399999999999973,0.3008012928035356,0.007810061243870016,0.007157578314782053,0.007483819779326035,515.7853789926689,513.9203546104579,0.3629014428947182,0.3629014428947182,572.4714624319428,571.7918687705101,0.6795936614327047,0.11885332732939949,0.9158,0.08420000000000005,1.5799999999999925,1.5799999999999925
formal-run-01-CCP30-solution-0180,4d460305a652bffc17a25e9cbcb8841d908a4c4d029d32850dc72552401757ca,930002,5000,cost,independent_oos_baseline,930001,930002,20,0.5,0.0380990468902281,0.001451537373943799,13751.798913056382,0.043915405002721467,313142.93724956363,oos_iqr,0.021400000000000086,0.20011475900980402,0.006747319121173639,0.005376036269539321,0.00606167769535648,11727325.431398276,11715859.870821644,0.09786358579780904,0.09786358579780904,12084431.688987283,12057907.145171644,26524.54381563887,0.21997634826919454,0.9134,0.08660000000000001,1.3399999999999967,1.3399999999999967
formal-run-01-CCP30-solution-0180,4d460305a652bffc17a25e9cbcb8841d908a4c4d029d32850dc72552401757ca,930002,5000,emission,independent_oos_baseline,930001,930002,20,0.5,0.030280064237180587,0.0009168822902077827,242657.6343892059,0.023959451804544757,10127845.844251633,oos_iqr,0.02079999999999993,0.2271573830325644,0.0037817611010978937,0.0035865694144827966,0.003684165257790345,9677663550.427483,9677590255.501009,0.0007573675319840566,0.0007573675319840566,9690028174.539093,9689580965.24853,447209.2905635834,0.004615362544236843,0.9072,0.0928,0.7199999999999984,0.7199999999999984
formal-run-01-CCP30-solution-0180,4d460305a652bffc17a25e9cbcb8841d908a4c4d029d32850dc72552401757ca,930002,5000,makespan,independent_oos_baseline,930001,930002,20,0.5,0.03948452272587494,0.0015590275348901343,2.0333720986116157,0.035923305720349255,56.60314544660025,oos_iqr,0.022800000000000042,0.14672889406685674,0.007904618827876205,0.005718422568678439,0.006811520698277323,510.43716582334685,508.5903460973861,0.36312520285375666,0.36312520285375666,572.3284362963469,571.8438316533271,0.484604643019793,0.08474422844060303,0.9104,0.08960000000000001,1.0399999999999965,1.0399999999999965
formal-run-01-CCP30-solution-0181,fa8e4bcf6e408b4bb76f0634f90a5e5c1261ba0d8602ee2a377d923aebae843e,930002,5000,cost,independent_oos_baseline,930001,930002,20,0.5,0.03836069247741092,0.0014715427273464905,11509.61247972013,0.036810469928600736,312672.25064077415,oos_iqr,0.0262,0.06355294100975063,0.007216462058750223,0.0053146921887205646,0.006265577123735394,11794414.660178358,11783621.421351258,0.0915952612627497,0.0915952612627497,12131443.661540631,12104900.154865557,26543.506675073877,0.2192790220116333,0.914,0.08599999999999997,1.4000000000000012,1.4000000000000012
formal-run-01-CCP30-solution-0181,fa8e4bcf6e408b4bb76f0634f90a5e5c1261ba0d8602ee2a377d923aebae843e,930002,5000,emission,independent_oos_baseline,930001,930002,20,0.5,0.035519486418723566,0.0012616339154498876,264451.5780201417,0.025788095234722842,10254792.98153305,oos_iqr,0.024399999999999977,0.10042462289139976,0.005129597620689137,0.004986258461727995,0.005057928041208566,9488170147.590712,9488103572.382465,0.000701670336314784,0.000701670336314784,9500503839.984556,9500051641.268806,452198.7157497406,0.004759960606796722,0.9058,0.09419999999999995,0.5800000000000027,0.5800000000000027
formal-run-01-CCP30-solution-0181,fa8e4bcf6e408b4bb76f0634f90a5e5c1261ba0d8602ee2a377d923aebae843e,930002,5000,makespan,independent_oos_baseline,930001,930002,20,0.5,0.04234341491657896,0.001792964786797562,2.016663349509046,0.04094667120189146,49.25097182053446,oos_iqr,0.021400000000000086,0.20011475900980402,0.008015611304330351,0.007045386349929144,0.0075304988271297476,518.2229984728139,516.2763068045157,0.3770639176427038,0.3770639176427038,574.5379637636996,572.7415744418269,1.7963893218727662,0.3136474462541788,0.9162,0.08379999999999999,1.6199999999999992,1.6199999999999992
formal-run-01-CCP30-solution-0182,34295a41300b945b3e7c2407823896bca46625e7c0a7b5f23760b6d3310bbbf1,930002,5000,cost,independent_oos_baseline,930001,930002,20,0.5,0.03275574520264777,0.0010729388437807825,13153.17561353696,0.03925682175849814,335054.5210830681,oos_iqr,0.020000000000000018,0.26738904394377594,0.004920774893149545,0.003972616509336529,0.004446695701243036,11921085.118198318,11908242.373993997,0.10784752107807871,0.10784752107807871,12291382.36248425,12259349.053835545,32033.308648705482,0.261296978396119,0.9136,0.08640000000000003,1.3599999999999945,1.3599999999999945
formal-run-01-CCP30-solution-0182,34295a41300b945b3e7c2407823896bca46625e7c0a7b5f23760b6d3310bbbf1,930002,5000,emission,independent_oos_baseline,930001,930002,20,0.5,0.031042202760093063,0.0009636183521987295,250495.37109519314,0.025060884562909135,9995472.045944214,oos_iqr,0.022199999999999998,0.16801422440099156,0.003872535252627915,0.0038461036577289967,0.0038593194551784556,9347531148.160362,9347450580.93792,0.0008619165380443538,0.0008619165380443538,9359766544.404825,9359561694.69081,204849.7140159607,0.002188667810504003,0.9022,0.0978,0.21999999999999797,0.21999999999999797
formal-run-01-CCP30-solution-0182,34295a41300b945b3e7c2407823896bca46625e7c0a7b5f23760b6d3310bbbf1,930002,5000,makespan,independent_oos_baseline,930001,930002,20,0.5,0.03823657629160013,0.001462035766503357,1.298344531871329,0.023286338849733967,55.75563167097698,oos_iqr,0.017000000000000015,0.46216870446525227,0.006608991807911489,0.0054805172783465115,0.006044754543129,509.15152413331214,508.23961109878064,0.17942580912967374,0.17942580912967374,572.8406853785052,571.9847654400539,0.8559199384512794,0.14964033837383436,0.913,0.08699999999999997,1.3000000000000012,1.3000000000000012
formal-run-01-CCP30-solution-0183,3b4a318a34221425c7f0ae539be49bcc6f251315f2b6948ed3b26713d2cbfde7,930002,5000,cost,independent_oos_baseline,930001,930002,20,0.5,0.040254562218278084,0.0016204297793852216,12161.680838152739,0.041797683555907225,290965.42687313445,oos_iqr,0.020199999999999996,0.25687337890743356,0.007370449117985037,0.006014494481040004,0.006692471799512521,11672942.872566454,11662609.326612854,0.0886040650441721,0.0886040650441721,12002574.509744767,11972723.122495307,29851.387249460444,0.24932830187456084,0.917,0.08299999999999996,1.7000000000000015,1.7000000000000015
formal-run-01-CCP30-solution-0183,3b4a318a34221425c7f0ae539be49bcc6f251315f2b6948ed3b26713d2cbfde7,930002,5000,emission,independent_oos_baseline,930001,930002,20,0.5,0.031576226274233864,0.0009970580657216168,282870.14900317625,0.0281052932867089,10064657.433656693,oos_iqr,0.021400000000000086,0.20011475900980402,0.0040501176624342505,0.003939434944440779,0.003994776303437515,9808562425.996357,9808507871.27008,0.0005561980169908712,0.0005561980169908712,9820882493.231993,9820410273.273079,472219.9589138031,0.004808556320696521,0.9084,0.09160000000000001,0.8399999999999963,0.8399999999999963
formal-run-01-CCP30-solution-0183,3b4a318a34221425c7f0ae539be49bcc6f251315f2b6948ed3b26713d2cbfde7,930002,5000,makespan,independent_oos_baseline,930001,930002,20,0.5,0.03149176013671967,0.000991730956508686,1.7504414800469381,0.03177354196094288,55.0911661721139,oos_iqr,0.021399999999999975,0.20011475900980857,0.004308854627090356,0.003780830834043528,0.004044842730566942,512.935505692376,511.34539214168393,0.3109666333419182,0.3109666333419182,573.3494320386623,572.9243560575202,0.4250759811420721,0.07419408455021165,0.9144,0.08560000000000001,1.4399999999999968,1.4399999999999968
formal-run-01-CCP30-solution-0184,9e6b3fa6888c21a6445c5673c2c0cf12453788175f15a392094f9d95e0fb477f,930002,5000,cost,independent_oos_baseline,930001,930002,20,0.5,0.03607194579539116,0.0013011852734656376,12595.535763310832,0.039062578770102746,322445.06532556564,oos_iqr,0.02240000000000003,0.16066237817967954,0.005829433883271793,0.004880332552055413,0.005354883217663603,12005350.512002185,11993441.176281797,0.09929873791301945,0.09929873791301945,12360313.944698429,12327572.631295228,32741.313403200358,0.26559416344530035,0.9156,0.08440000000000003,1.5599999999999947,1.5599999999999947
formal-run-01-CCP30-solution-0184,9e6b3fa6888c21a6445c5673c2c0cf12453788175f15a392094f9d95e0fb477f,930002,5000,emission,independent_oos_baseline,930001,930002,20,0.5,0.03595268812619487,0.0012925957834994339,284554.22690284194,0.02730415653504075,10421645.01722145,oos_iqr,0.021199999999999997,0.2088385883788043,0.005241195625150961,0.005116637800699799,0.005178916712925381,9401889985.16319,9401805900.797165,0.0008943427136566954,0.0008943427136566954,9414273016.69714,9413950881.67826,322135.01887893677,0.0034218897350089907,0.9034,0.09660000000000002,0.33999999999999586,0.33999999999999586
formal-run-01-CCP30-solution-0184,9e6b3fa6888c21a6445c5673c2c0cf12453788175f15a392094f9d95e0fb477f,930002,5000,makespan,independent_oos_baseline,930001,930002,20,0.5,0.030981134783059666,0.0009598307124461094,2.173547291416358,0.03900712948467766,55.72179548023769,oos_iqr,0.020600000000000007,0.2367606650922608,0.004321720180486202,0.003578217556187773,0.003949968868336987,525.2607624828272,523.0941756206324,0.41418676849616975,0.41418676849616975,577.6479271657502,575.2597994988548,2.3881276668953433,0.41513898050512,0.914,0.08599999999999997,1.4000000000000012,1.4000000000000012
formal-run-01-CCP30-solution-0185,69b125bd5c2649f9681a4a3a1ebd662fe848c0e45b3e4a144f2abbca47260cc2,930002,5000,cost,independent_oos_baseline,930001,930002,20,0.5,0.035329883708821834,0.0012482006828788746,12619.521414736453,0.039123628044015486,322554.98903473467,oos_iqr,0.023400000000000032,0.12766930748504512,0.005604672306137471,0.0046778519157220175,0.005141262110929744,11956998.592149967,11945078.416623333,0.099791521753806,0.099791521753806,12310748.349398261,12278775.938263206,31972.411135055125,0.2603876094474733,0.9148,0.08520000000000005,1.4799999999999924,1.4799999999999924
formal-run-01-CCP30-solution-0185,69b125bd5c2649f9681a4a3a1ebd662fe848c0e45b3e4a144f2abbca47260cc2,930002,5000,emission,independent_oos_baseline,930001,930002,20,0.5,0.033026147903780965,0.001090726445362416,259071.095277349,0.02482437926074973,10436156.028560638,oos_iqr,0.02079999999999993,0.2271573830325644,0.004434028695313199,0.004308250186116468,0.004371139440714834,9435521906.770216,9435408822.358444,0.0011985109908942777,0.0011985109908942777,9447869887.234875,9447458801.645884,411085.58899116516,0.004351282155573392,0.9054,0.09460000000000002,0.539999999999996,0.539999999999996
formal-run-01-CCP30-solution-0185,69b125bd5c2649f9681a4a3a1ebd662fe848c0e45b3e4a144f2abbca47260cc2,930002,5000,makespan,independent_oos_baseline,930001,930002,20,0.5,0.031166726693325302,0.0009713648527764359,2.1866422037860413,0.039242134696854065,55.72179548023769,oos_iqr,0.020600000000000007,0.2367606650922608,0.004369075050672749,0.00362328571763124,0.003996180384151994,525.2799566360152,523.1000923775664,0.4167202969781531,0.4167202969781531,577.7052290053015,575.2597994988548,2.445429506446658,0.425100017170855,0.914,0.08599999999999997,1.4000000000000012,1.4000000000000012
formal-run-01-CCP30-solution-0186,7fef0ad871dccfcac29897ffec33930517b362b7a604fde7637cf66038f5b973,930002,5000,cost,independent_oos_baseline,930001,930002,20,0.5,0.03621357042592165,0.0013114226829931872,12880.125839049993,0.03997478537713661,322206.2537055351,oos_iqr,0.021599999999999953,0.19167530614265504,0.006019089742018249,0.00487622153877021,0.00544765564039423,11918336.889580026,11906084.522558011,0.10290844986696554,0.10290844986696554,12274690.264706388,12237366.578869985,37323.6858364027,0.3049976937100892,0.915,0.08499999999999996,1.5000000000000013,1.5000000000000013
formal-run-01-CCP30-solution-0186,7fef0ad871dccfcac29897ffec33930517b362b7a604fde7637cf66038f5b973,930002,5000,emission,independent_oos_baseline,930001,930002,20,0.5,0.03280606326701038,0.001076237787079088,252937.30308192634,0.02403170706685507,10525149.22798729,oos_iqr,0.021599999999999953,0.19167530614265504,0.00436087137445302,0.004262164311014299,0.00431151784273366,9477627554.028412,9477509529.297068,0.001245313771295957,0.001245313771295957,9489960496.647463,9489625411.563234,335085.0842285156,0.003531067557421287,0.906,0.09399999999999997,0.6000000000000005,0.6000000000000005
formal-run-01-CCP30-solution-0186,7fef0ad871dccfcac29897ffec33930517b362b7a604fde7637cf66038f5b973,930002,5000,makespan,independent_oos_baseline,930001,930002,20,0.5,0.031166726693325302,0.0009713648527764359,2.1866422037860413,0.039242134696854065,55.72179548023769,oos_iqr,0.020600000000000007,0.2367606650922608,0.004369075050672749,0.00362328571763124,0.003996180384151994,525.2799566360152,523.1000923775664,0.4167202969781531,0.4167202969781531,577.7052290053015,575.2597994988548,2.445429506446658,0.425100017170855,0.914,0.08599999999999997,1.4000000000000012,1.4000000000000012
formal-run-01-CCP30-solution-0187,49f3aab35dc58213102ce5086767449f30201151e645be9481ba962b4ec3b681,930002,5000,cost,independent_oos_baseline,930001,930002,20,0.5,0.02848482150443073,0.0008113850561392793,12652.302549050517,0.03592034274716046,352232.2333644964,oos_iqr,0.02100000000000002,0.2178513612898525,0.0039024682420259037,0.0029184942695996588,0.0034104812558127815,11883596.041161558,11871262.595361097,0.10389329442750583,0.10389329442750583,12265133.300262887,12238574.017263107,26559.28299978003,0.2170128886119973,0.91,0.08999999999999997,1.0000000000000009,1.0000000000000009
formal-run-01-CCP30-solution-0187,49f3aab35dc58213102ce5086767449f30201151e645be9481ba962b4ec3b681,930002,5000,emission,independent_oos_baseline,930001,930002,20,0.5,0.035892849667416155,0.001288296657247736,259943.4119890194,0.02518726489990226,10320430.305635452,oos_iqr,0.021600000000000064,0.1916753061426506,0.005288498142142665,0.005057138107517397,0.005172818124830031,9287595294.705,9287516283.426329,0.0008507256004736284,0.0008507256004736284,9299806828.40735,9299464219.295687,342609.11166381836,0.0036841811913521888,0.9052,0.0948,0.5199999999999982,0.5199999999999982
formal-run-01-CCP30-solution-0187,49f3aab35dc58213102ce5086767449f30201151e645be9481ba962b4ec3b681,930002,5000,makespan,independent_oos_baseline,930001,930002,20,0.5,0.03348035416538194,0.0011209341150394078,1.8127876855915992,0.032664665862700434,55.496899714550864,oos_iqr,0.020199999999999996,0.25687337890743356,0.004607703144813787,0.00439520647860755,0.0045014548117106685,513.4484773584584,511.77100686920716,0.327777554166903,0.327777554166903,573.5637965993795,573.0055508903008,0.5582457090787329,0.09742413633015685,0.9094,0.09060000000000001,0.9399999999999964,0.9399999999999964
formal-run-01-CCP30-solution-0188,5e06039f2779a46d9ab52742307e480fa48990b4bf66c0c49056f50159248974,930002,5000,cost,independent_oos_baseline,930001,930002,20,0.5,0.04201622506111481,0.0017653631683862523,13799.155226787741,0.04735849131548599,291376.5798589848,oos_iqr,0.020600000000000063,0.23676066509225802,0.008059596387612014,0.006704019449238023,0.007381807918425019,11733922.063979039,11721675.222959263,0.10448029643226944,0.10448029643226944,12080723.217646757,12044505.306876583,36217.910770174116,0.3007006917045915,0.918,0.08199999999999996,1.8000000000000016,1.8000000000000016
formal-run-01-CCP30-solution-0188,5e06039f2779a46d9ab52742307e480fa48990b4bf66c0c49056f50159248974,930002,5000,emission,independent_oos_baseline,930001,930002,20,0.5,0.03260953526464443,0.001063381790176089,259065.17224424478,0.025487672361672545,10164332.33164978,oos_iqr,0.024399999999999977,0.10042462289139976,0.004341330433405958,0.004181423560918513,0.0042613769971622355,9668502927.720156,9668419042.853771,0.0008676171979379414,0.0008676171979379414,9680901718.885122,9680487804.384216,413914.5009059906,0.0042757607805521125,0.9054,0.09460000000000002,0.539999999999996,0.539999999999996
formal-run-01-CCP30-solution-0188,5e06039f2779a46d9ab52742307e480fa48990b4bf66c0c49056f50159248974,930002,5000,makespan,independent_oos_baseline,930001,930002,20,0.5,0.03503701228519647,0.0012275922298730084,2.073654090498605,0.038487692799452314,53.87836837359379,oos_iqr,0.020199999999999996,0.25687337890743356,0.005634011919954228,0.004587330871018434,0.005110671395486331,512.0644286701563,510.0510744019343,0.39473581554216125,0.39473581554216125,573.1019820261008,572.1623247153786,0.9396573107221684,0.16422914794146917,0.9152,0.08479999999999999,1.5199999999999991,1.5199999999999991
formal-run-01-CCP30-solution-0189,b07c417b559ba345d97c9402a1e78454f6c7101efc5046042cf631f1d95c61f9,930002,5000,cost,independent_oos_baseline,930001,930002,20,0.5,0.03716891573858004,0.0013815282971816629,10025.60125999337,0.039062332685425125,256656.49158054776,oos_iqr,0.022800000000000042,0.14672889406685674,0.006561404733004676,0.00509135721076614,0.005826380971885408,11710755.712945297,11701042.546383359,0.08301112079060884,0.08301112079060884,11992635.967893394,11969889.116206212,22746.85168718174,0.19003393821238024,0.9142,0.08579999999999999,1.419999999999999,1.419999999999999
formal-run-01-CCP30-solution-0189,b07c417b559ba345d97c9402a1e78454f6c7101efc5046042cf631f1d95c61f9,930002,5000,emission,independent_oos_baseline,930001,930002,20,0.5,0.030489102224194552,0.0009295853544373852,280431.642038406,0.027561521808575462,10174751.742160797,oos_iqr,0.022399999999999975,0.16066237817968165,0.00375331762712675,0.003689821289348633,0.003721569458237692,9878922613.789862,9878857104.114992,0.000663130098746439,0.000663130098746439,9891169284.483421,9890902826.013208,266458.4702129364,0.0026939752103533666,0.904,0.09599999999999997,0.40000000000000036,0.40000000000000036
formal-run-01-CCP30-solution-0189,b07c417b559ba345d97c9402a1e78454f6c7101efc5046042cf631f1d95c61f9,930002,5000,makespan,independent_oos_baseline,930001,930002,20,0.5,0.04247113164259554,0.0018037970230026803,1.8966927426422426,0.03631211325559681,52.23305868462239,oos_iqr,0.019399999999999973,0.3008012928035356,0.007810061243870016,0.007157578314782053,0.007483819779326035,515.7853789926689,513.9203546104579,0.3629014428947182,0.3629014428947182,572.4714624319428,571.7918687705101,0.6795936614327047,0.11885332732939949,0.9158,0.08420000000000005,1.5799999999999925,1.5799999999999925
formal-run-01-CCP30-solution-0190,f1d316928849682911b55757cfac061a81672310d8450712f4496269e4f0c4de,930002,5000,cost,independent_oos_baseline,930001,930002,20,0.5,0.039040029385762655,0.0015241238944412117,10475.373946518444,0.038058000607027014,275247.6162550766,oos_iqr,0.021199999999999997,0.2088385883788043,0.0071578678991906725,0.005671459231423844,0.006414663565307259,11700699.88031188,11690740.129782759,0.08519349860278422,0.08519349860278422,12009019.692286538,11980830.700368706,28188.991917831823,0.23528411862930604,0.9158,0.08420000000000005,1.5799999999999925,1.5799999999999925
formal-run-01-CCP30-solution-0190,f1d316928849682911b55757cfac061a81672310d8450712f4496269e4f0c4de,930002,5000,emission,independent_oos_baseline,930001,930002,20,0.5,0.031636690665776866,0.0010008801962820531,254928.49118245713,0.025221520227466827,10107578.325307846,oos_iqr,0.020000000000000018,0.26738904394377594,0.004024859548393381,0.004023476307620917,0.004024167928007149,9635539856.355488,9635492500.789001,0.0004914701192749716,0.0004914701192749716,9647651730.46879,9647526959.67569,124770.79310035706,0.001293293023402459,0.9026,0.09740000000000004,0.25999999999999357,0.25999999999999357
formal-run-01-CCP30-solution-0190,f1d316928849682911b55757cfac061a81672310d8450712f4496269e4f0c4de,930002,5000,makespan,independent_oos_baseline,930001,930002,20,0.5,0.035433112690485456,0.0012555054749366415,1.7368358483902147,0.0351678732092694,49.38700267869558,oos_iqr,0.019400000000000084,0.3008012928035292,0.005331306470307894,0.004891694190368072,0.005111500330337983,518.2870357258145,516.7350160171985,0.30035117816832607,0.30035117816832607,573.123135351828,572.7453846395128,0.3777507123151054,0.06595438783899803,0.9166,0.08340000000000003,1.6599999999999948,1.6599999999999948
formal-run-01-CCP30-solution-0191,7721eade178bef1c57052ef52d6cea839460224e6db150dde8312f3d4577f249,930002,5000,cost,independent_oos_baseline,930001,930002,20,0.5,0.035358452189293225,0.0012502201412225348,9799.255825193703,0.03857924603054739,254003.3005682528,oos_iqr,0.021799999999999986,0.18351543091288192,0.005947929299460189,0.004583691259707861,0.005265810279584025,11704709.33064257,11695243.920827735,0.08093383839543448,0.08093383839543448,11981898.800426573,11959784.611134121,22114.189292451367,0.18490457823014528,0.9144,0.08560000000000001,1.4399999999999968,1.4399999999999968
formal-run-01-CCP30-solution-0191,7721eade178bef1c57052ef52d6cea839460224e6db150dde8312f3d4577f249,930002,5000,emission,independent_oos_baseline,930001,930002,20,0.5,0.03238344326604894,0.0010486873977654102,286273.5147123005,0.028322947413685146,10107476.122840881,oos_iqr,0.02200000000000002,0.17563013054961474,0.0042808703208881355,0.00412567307619472,0.004203271698541428,9875247002.059013,9875173397.49495,0.000745349586293819,0.000745349586293819,9887434797.151167,9887099624.452402,335172.698764801,0.0033900002174132495,0.9046,0.09540000000000004,0.45999999999999375,0.45999999999999375
formal-run-01-CCP30-solution-0191,7721eade178bef1c57052ef52d6cea839460224e6db150dde8312f3d4577f249,930002,5000,makespan,independent_oos_baseline,930001,930002,20,0.5,0.042851886592940536,0.0018362841845742366,1.7762903679853523,0.0340345841096143,52.19074698443501,oos_iqr,0.018400000000000083,0.3627535567329744,0.007781354814617504,0.007865745875578103,0.007823550345097803,517.5579307834354,515.8313646550033,0.334715228025505,0.334715228025505,573.4285238322194,572.6301714666291,0.79835236559029,0.13941849475823773,0.9086,0.09140000000000004,0.8599999999999941,0.8599999999999941
formal-run-01-CCP30-solution-0192,9ec50500321fe75b73bb480b7e00e9faee3f58020e602a0d49fad3d9e6578224,930002,5000,cost,independent_oos_baseline,930001,930002,20,0.5,0.039210110546087085,0.0015374327690363698,13697.168668807208,0.043580765734644034,314293.8963534273,oos_iqr,0.01880000000000004,0.3370349751045171,0.007257233771224374,0.005627352820424292,0.006442293295824334,11780499.71816393,11769045.740352707,0.09732291014853028,0.09732291014853028,12133935.158071604,12105256.446192745,28678.711878858507,0.2369112294839348,0.9144,0.08560000000000001,1.4399999999999968,1.4399999999999968
formal-run-01-CCP30-solution-0192,9ec50500321fe75b73bb480b7e00e9faee3f58020e602a0d49fad3d9e6578224,930002,5000,emission,independent_oos_baseline,930001,930002,20,0.5,0.028625220714004113,0.0008194032609254502,254554.53969487536,0.02453712606403866,10374260.580905914,oos_iqr,0.022199999999999998,0.16801422440099156,0.003312915389821422,0.0032501206349002543,0.0032815180123608382,9662109018.730328,9662046579.466967,0.0006462322743679197,0.0006462322743679197,9674596228.561604,9674375291.707058,220936.85454559326,0.0022837325189873693,0.9034,0.09660000000000002,0.33999999999999586,0.33999999999999586
formal-run-01-CCP30-solution-0192,9ec50500321fe75b73bb480b7e00e9faee3f58020e602a0d49fad3d9e6578224,930002,5000,makespan,independent_oos_baseline,930001,930002,20,0.5,0.03565861097188036,0.0012715365364439064,2.1560129621438726,0.04789047193293919,45.01966414452812,oos_iqr,0.021399999999999975,0.20011475900980857,0.005820625068384716,0.004690219230795483,0.0052554221495901,510.1287848479541,508.0628346711481,0.40663280913731936,0.40663280913731936,572.5532417372476,571.936202833757,0.617038903490652,0.10788596707699669,0.9142,0.08579999999999999,1.419999999999999,1.419999999999999
formal-run-01-CCP30-solution-0193,f54ea2ed2b4626016fb5f7b75cd51309cd42d9420293e7dc694f0e64e51f4da0,930002,5000,cost,independent_oos_baseline,930001,930002,20,0.5,0.03984846736764001,0.0015879003515498708,11651.085022238605,0.04019759141568147,289845.3517215811,oos_iqr,0.0232,0.13378475057842076,0.007383490881716542,0.005853621659336301,0.006618556270526422,11759870.788656812,11749102.309317874,0.0916536349368428,0.0916536349368428,12084401.948694527,12054513.284379514,29888.664315013215,0.24794584078100906,0.9166,0.08340000000000003,1.6599999999999948,1.6599999999999948
formal-run-01-CCP30-solution-0193,f54ea2ed2b4626016fb5f7b75cd51309cd42d9420293e7dc694f0e64e51f4da0,930002,5000,emission,independent_oos_baseline,930001,930002,20,0.5,0.033712272785670225,0.0011365173363754415,270025.2566792156,0.026473560136572004,10199808.990034103,oos_iqr,0.023399999999999976,0.1276693074850469,0.0045465560984126125,0.0045648988482861665,0.00455572747334939,9512643893.245281,9512588971.255316,0.0005773611172668079,0.0005773611172668079,9524937020.626358,9524516948.980194,420071.64616394043,0.00441042467995102,0.9042,0.0958,0.41999999999999815,0.41999999999999815
formal-run-01-CCP30-solution-0193,f54ea2ed2b4626016fb5f7b75cd51309cd42d9420293e7dc694f0e64e51f4da0,930002,5000,makespan,independent_oos_baseline,930001,930002,20,0.5,0.037125532323701395,0.0013783051503181972,1.8346952785036974,0.03421777118556302,53.61819940153737,oos_iqr,0.02059999999999995,0.23676066509226357,0.006139527448384087,0.005225074765484523,0.005682301106934305,519.0993911303916,517.3341290944294,0.34122280682549144,0.34122280682549144,575.4070329995683,573.277656484034,2.129376515534318,0.3714389513440983,0.9162,0.08379999999999999,1.6199999999999992,1.6199999999999992
formal-run-01-CCP30-solution-0194,c8248c2433392356b062b438165adb75291bed2498c1c96725d6faa658640b06,930002,5000,cost,independent_oos_baseline,930001,930002,20,0.5,0.03873729638126845,0.0015005781309302341,12638.085110921045,0.038342785348848565,329607.9039625786,oos_iqr,0.025000000000000022,0.08653316714160064,0.006890462481210263,0.005571554600711738,0.0062310085409610005,11837206.79099158,11825504.741129931,0.09895602866699216,0.09895602866699216,12201511.633299252,12170643.597337095,30868.03596215695,0.2536269813119069,0.914,0.08599999999999997,1.4000000000000012,1.4000000000000012
formal-run-01-CCP30-solution-0194,c8248c2433392356b062b438165adb75291bed2498c1c96725d6faa658640b06,930002,5000,emission,independent_oos_baseline,930001,930002,20,0.5,0.032627428769839824,0.0010645491081309715,269927.7199583161,0.02655391877922277,10165268.719942093,oos_iqr,0.020199999999999996,0.25687337890743356,0.00436365684025893,0.004184972177519161,0.004274314508889045,9315856576.199093,9315784277.727318,0.000776085723108789,0.000776085723108789,9327990115.717693,9327614078.06679,376037.6509037018,0.0040314452094231375,0.9064,0.09360000000000002,0.6399999999999961,0.6399999999999961
formal-run-01-CCP30-solution-0194,c8248c2433392356b062b438165adb75291bed2498c1c96725d6faa658640b06,930002,5000,makespan,independent_oos_baseline,930001,930002,20,0.5,0.03508848076044053,0.0012312014820758052,1.8418663681650955,0.027846047709262484,66.14462445068756,oos_iqr,0.023399999999999976,0.1276693074850469,0.0052336053463400214,0.005123492546786102,0.005178548946563062,520.8729015642897,519.1129168881636,0.3390369645734109,0.3390369645734109,575.8147363560232,574.1234070932895,1.6913292627336887,0.2945933299073563,0.915,0.08499999999999996,1.5000000000000013,1.5000000000000013
formal-run-01-CCP30-solution-0195,e762c5a8643086046d917e029c2d309f5942acb56fbe7e6387be0b9c2e3e3339,930002,5000,cost,independent_oos_baseline,930001,930002,20,0.5,0.03560161361245123,0.001267474891810273,9744.143112664678,0.03616473214001278,269437.72388358787,oos_iqr,0.02200000000000002,0.17563013054961474,0.006419690163146778,0.00458296422684898,0.005501327194997879,11683580.463852508,11674342.944017272,0.0791266787307245,0.0791266787307245,11981230.962644968,11957158.86855363,24072.094091339037,0.20131951374039797,0.913,0.08699999999999997,1.3000000000000012,1.3000000000000012
formal-run-01-CCP30-solution-0195,e762c5a8643086046d917e029c2d309f5942acb56fbe7e6387be0b9c2e3e3339,930002,5000,emission,independent_oos_baseline,930001,930002,20,0.5,0.030974310176058888,0.0009594078908827051,269066.0478416138,0.02646834048677048,10165580.572612762,oos_iqr,0.02279999999999993,0.14672889406686074,0.00391962111984126,0.0037902367430947526,0.0038549289314680065,9866596678.697424,9866538783.859873,0.0005867796075136695,0.0005867796075136695,9878660368.211899,9878444398.248129,215969.96376991272,0.002186275035452074,0.9034,0.09660000000000002,0.33999999999999586,0.33999999999999586
formal-run-01-CCP30-solution-0195,e762c5a8643086046d917e029c2d309f5942acb56fbe7e6387be0b9c2e3e3339,930002,5000,makespan,independent_oos_baseline,930001,930002,20,0.5,0.03945415314428138,0.0015566302003324083,1.8266476231563433,0.03544475091190626,51.53506728531568,oos_iqr,0.020600000000000063,0.23676066509225802,0.0067601063404114856,0.0060434531481263825,0.0064017797442689345,514.2213181249831,512.4369904622743,0.34820430529403984,0.34820430529403984,572.3700776390971,571.7619586178174,0.6081190212796628,0.10635877608047505,0.9144,0.08560000000000001,1.4399999999999968,1.4399999999999968
formal-run-01-CCP30-solution-0196,f1244ba87f78764381fbb9527395b43caf41a5d688a977e238f2a9661cbe1a9e,930002,5000,cost,independent_oos_baseline,930001,930002,20,0.5,0.03822744784772604,0.0014613377689506142,13243.76368248183,0.04213812994998472,314294.0538225435,oos_iqr,0.02200000000000002,0.17563013054961474,0.006573291763381721,0.0054864063380313305,0.006029849050706526,11978216.041879196,11965620.237740142,0.10526662127656096,0.10526662127656096,12332361.73676949,12306318.668048346,26043.06872114353,0.21162355228749888,0.9118,0.08819999999999995,1.1800000000000033,1.1800000000000033
formal-run-01-CCP30-solution-0196,f1244ba87f78764381fbb9527395b43caf41a5d688a977e238f2a9661cbe1a9e,930002,5000,emission,independent_oos_baseline,930001,930002,20,0.5,0.029024413661570585,0.0008424165883979651,247176.99416476244,0.02408212328434673,10263920.30496025,oos_iqr,0.02080000000000004,0.22715738303255884,0.00339784475274312,0.00334838141414314,0.00337311308344313,9377820287.960938,9377736874.742907,0.0008894813231067156,0.0008894813231067156,9390331135.87593,9389996707.041325,334428.83460617065,0.003561543683560515,0.904,0.09599999999999997,0.40000000000000036,0.40000000000000036
formal-run-01-CCP30-solution-0196,f1244ba87f78764381fbb9527395b43caf41a5d688a977e238f2a9661cbe1a9e,930002,5000,makespan,independent_oos_baseline,930001,930002,20,0.5,0.030970189792095544,0.0009591526557584191,2.088788440209363,0.03672053268947536,56.88339158565748,oos_iqr,0.017600000000000005,0.4178414326994745,0.0044417498005752485,0.0035191252494354264,0.003980437525005338,521.9127726733411,519.8298356137174,0.4006959425798673,0.4006959425798673,577.6737233431811,575.4335837995658,2.240139543615328,0.38929593382850075,0.914,0.08599999999999997,1.4000000000000012,1.4000000000000012
formal-run-01-CCP30-solution-0197,a1f3c0abfd52053dde2a1f6d5483d494e2c7dc1fe9e8c660a24d68f1870bfceb,930002,5000,cost,independent_oos_baseline,930001,930002,20,0.5,0.032794220059845336,0.0010754608693335623,13770.57280779072,0.043244974204039506,318431.7498449199,oos_iqr,0.021199999999999997,0.2088385883788043,0.00494150034409338,0.0039794956927066225,0.004460498018400001,12017797.607434252,12004273.30259328,0.11266242029037273,0.11266242029037273,12379997.362344522,12353296.108276334,26701.25406818837,0.21614679866937975,0.9134,0.08660000000000001,1.3399999999999967,1.3399999999999967
formal-run-01-CCP30-solution-0197,a1f3c0abfd52053dde2a1f6d5483d494e2c7dc1fe9e8c660a24d68f1870bfceb,930002,5000,emission,independent_oos_baseline,930001,930002,20,0.5,0.026879335740340026,0.0007224986898419207,227933.17752266917,0.02195670232640867,10381029.634332657,oos_iqr,0.01860000000000006,0.3497390898533087,0.002958468579938653,0.0028316641791796835,0.0028950663795591683,9383866099.0871,9383754938.768652,0.0011846038091623441,0.0011846038091623441,9396332353.886862,9396093979.779259,238374.10760307312,0.0025369489504475265,0.9022,0.0978,0.21999999999999797,0.21999999999999797
formal-run-01-CCP30-solution-0197,a1f3c0abfd52053dde2a1f6d5483d494e2c7dc1fe9e8c660a24d68f1870bfceb,930002,5000,makespan,independent_oos_baseline,930001,930002,20,0.5,0.02938627858816058,0.000863553369260985,2.2314259164369874,0.04033735945063821,55.319087486815704,oos_iqr,0.02200000000000002,0.17563013054961474,0.003815000694150455,0.003229605575382179,0.003522303134766317,526.0953183061954,523.868812712093,0.42501205265029146,0.42501205265029146,577.7330332471454,575.2731689991543,2.4598642479910495,0.42759933550710505,0.9138,0.08620000000000005,1.3799999999999923,1.3799999999999923
formal-run-01-CCP30-solution-0198,13fa90fbfec3874196fec301bd3351bef6685672b9f8d6e65c2a7bdaccb76cab,930002,5000,cost,independent_oos_baseline,930001,930002,20,0.5,0.03889601986641071,0.0015129003614482166,11622.04736426043,0.03773921386648861,307956.7954270635,oos_iqr,0.026000000000000023,0.06697525827187539,0.007326642732385407,0.005471335431648492,0.0063989890820169495,11799217.759601437,11788458.154162213,0.09127237250636037,0.09127237250636037,12141199.429849988,12110726.078854647,30473.350995341316,0.25162282423799387,0.9132,0.08679999999999999,1.319999999999999,1.319999999999999
formal-run-01-CCP30-solution-0198,13fa90fbfec3874196fec301bd3351bef6685672b9f8d6e65c2a7bdaccb76cab,930002,5000,emission,independent_oos_baseline,930001,930002,20,0.5,0.03192820716163008,0.001019410412555966,250565.4211098839,0.025156505737613348,9960263.31014824,oos_iqr,0.02059999999999995,0.23676066509226357,0.00415351521836912,0.0040235806367825725,0.004088547927575846,9410967636.799433,9410898715.128027,0.0007323601442548797,0.0007323601442548797,9423119694.099682,9422729157.95739,390536.1422920227,0.004144618143483614,0.9062,0.0938,0.6199999999999983,0.6199999999999983
formal-run-01-CCP30-solution-0198,13fa90fbfec3874196fec301bd3351bef6685672b9f8d6e65c2a7bdaccb76cab,930002,5000,makespan,independent_oos_baseline,930001,930002,20,0.5,0.037216867414620484,0.0013850952201574398,1.6650534123148768,0.032717629756432234,50.89162707416267,oos_iqr,0.02200000000000002,0.17563013054961474,0.005838103804217718,0.005415661191375044,0.005626882497796381,521.1698218394785,519.7183033742126,0.27928946428132867,0.27928946428132867,575.1680746752835,573.9137476683766,1.2543270069069195,0.21855671030757476,0.9142,0.08579999999999999,1.419999999999999,1.419999999999999
formal-run-01-CCP30-solution-0201,9854d1428f7a1410b3e9679acabd4b93db0e18ad1ad49ba5cd824094455ffc9c,930002,5000,cost,independent_oos_baseline,930001,930002,20,0.5,0.04147761315953944,0.0017203923934123993,12726.436885492178,0.041371222208195946,307615.68564370275,oos_iqr,0.024399999999999977,0.10042462289139976,0.008887821878710109,0.006187661268719159,0.007537741573714634,11774983.208286839,11763754.342120148,0.09545308274999746,0.09545308274999746,12127144.88391257,12102937.229089981,24207.65482258983,0.20001471018461195,0.911,0.08899999999999997,1.100000000000001,1.100000000000001
formal-run-01-CCP30-solution-0201,9854d1428f7a1410b3e9679acabd4b93db0e18ad1ad49ba5cd824094455ffc9c,930002,5000,emission,independent_oos_baseline,930001,930002,20,0.5,0.029278019622418768,0.0008572024330107384,232762.7847879426,0.02287594294246802,10175002.856639862,oos_iqr,0.020000000000000018,0.26738904394377594,0.0035885017956005082,0.003318191618923095,0.0034533467072618016,10121582191.400719,10121501868.918013,0.0007935826495545212,0.0007935826495545212,10133993597.132946,10133521841.68221,471755.45073509216,0.004655394818360392,0.9072,0.0928,0.7199999999999984,0.7199999999999984
formal-run-01-CCP30-solution-0201,9854d1428f7a1410b3e9679acabd4b93db0e18ad1ad49ba5cd824094455ffc9c,930002,5000,makespan,independent_oos_baseline,930001,930002,20,0.5,0.03712104995173778,0.0013779723495194113,2.0506874595232505,0.03935652556274504,52.10539879222557,oos_iqr,0.022399999999999975,0.16066237817968165,0.006392910701571807,0.0050790051788569416,0.005735957940214374,502.06671892908065,500.19517007787806,0.3741637191161199,0.3741637191161199,571.4971898733315,561.4308751718597,10.06631470147181,1.7929749051279749,0.911,0.08899999999999997,1.100000000000001,1.100000000000001
formal-run-01-CCP30-solution-0202,89454940e20e519e2ccf102489afd885e443f12c5460f91350f2b5238327394f,930002,5000,cost,independent_oos_baseline,930001,930002,20,0.5,0.036459064482436514,0.0013292633829344639,10906.273225571336,0.04030590415967404,270587.48471106216,oos_iqr,0.022600000000000064,0.15356912653670052,0.005972871428052907,0.00497888042119595,0.005475875924624429,11688823.943834992,11679438.002325188,0.0803629550320415,0.0803629550320415,11992730.919895574,11967942.044800667,24788.87509490736,0.20712729893003282,0.9148,0.08520000000000005,1.4799999999999924,1.4799999999999924
formal-run-01-CCP30-solution-0202,89454940e20e519e2ccf102489afd885e443f12c5460f91350f2b5238327394f,930002,5000,emission,independent_oos_baseline,930001,930002,20,0.5,0.03403446441532953,0.001158344768038332,283358.1819896416,0.028033285038645328,10107919.26807785,oos_iqr,0.02100000000000002,0.2178513612898525,0.004730214211019267,0.0045510295600035625,0.004640621885511415,9726692589.316753,9726639758.371601,0.0005431572101435314,0.0005431572101435314,9738955019.04028,9738475624.433126,479394.60715293884,0.004922686318073978,0.9078,0.09219999999999995,0.7800000000000029,0.7800000000000029
formal-run-01-CCP30-solution-0202,89454940e20e519e2ccf102489afd885e443f12c5460f91350f2b5238327394f,930002,5000,makespan,independent_oos_baseline,930001,930002,20,0.5,0.029541386426052352,0.0008726935119733501,1.6804993432038042,0.03292348075654443,51.042578262924394,oos_iqr,0.021600000000000064,0.1916753061426506,0.003864577250540838,0.0032845006148132416,0.00357453893267704,516.9661299031308,515.4263099882953,0.2987468596374941,0.2987468596374941,573.8535664374459,573.2727659889198,0.5808004485261336,0.10131310660192068,0.9112,0.08879999999999999,1.1199999999999988,1.1199999999999988
formal-run-01-CCP30-solution-0203,0ffccc2917382c9af262f609a36a43fd3ee434c42f03e2546b281b4fa6abafe2,930002,5000,cost,independent_oos_baseline,930001,930002,20,0.5,0.039651090334041995,0.0015722089646783583,12428.772796029174,0.04237335910346045,293315.7308978643,oos_iqr,0.021199999999999997,0.2088385883788043,0.0077296385440714715,0.005710977552003622,0.006720308048037547,11697132.02721736,11686673.121797148,0.08949429244071927,0.08949429244071927,12024018.54873551,12001715.278891299,22303.269844211638,0.18583401893759957,0.914,0.08599999999999997,1.4000000000000012,1.4000000000000012
formal-run-01-CCP30-solution-0203,0ffccc2917382c9af262f609a36a43fd3ee434c42f03e2546b281b4fa6abafe2,930002,5000,emission,independent_oos_baseline,930001,930002,20,0.5,0.032634386003248514,0.0010650031498090225,282614.59149101365,0.027974556407698057,10102558.459630966,oos_iqr,0.022599999999999953,0.15356912653670451,0.0044271653162498955,0.004169730971756104,0.004298448144003,9802558948.491306,9802482135.49694,0.0007836075935046637,0.0007836075935046637,9814856700.75819,9814277571.643154,579129.1150360107,0.005900883797186614,0.9074,0.09260000000000002,0.7399999999999962,0.7399999999999962
formal-run-01-CCP30-solution-0203,0ffccc2917382c9af262f609a36a43fd3ee434c42f03e2546b281b4fa6abafe2,930002,5000,makespan,independent_oos_baseline,930001,930002,20,0.5,0.036608626674737674,0.0013401915470103148,1.97243711318054,0.0377572208882903,52.239997191961095,oos_iqr,0.024399999999999977,0.10042462289139976,0.005853388122193362,0.005094994690142363,0.005474191406167863,505.56573117433106,503.7403835887441,0.3623587953347734,0.3623587953347734,572.1839197168409,570.1001756993667,2.0837440174742596,0.36550488954297206,0.911,0.08899999999999997,1.100000000000001,1.100000000000001
formal-run-01-CCP30-solution-0204,d71a76fd05e6b00cb6bcb20a169da241247136989ab2a897ff4a86247491982a,930002,5000,cost,independent_oos_baseline,930001,930002,20,0.5,0.03931354976876716,0.0015455551954213324,11069.173843960889,0.038689642057769306,286101.73822319135,oos_iqr,0.022399999999999975,0.16066237817968165,0.007193461355741419,0.005717320068549069,0.006455390712145244,11788144.775979163,11777913.40555498,0.08686912589591228,0.08686912589591228,12107347.507060489,12077894.002866367,29453.504194121808,0.24386291341132652,0.9162,0.08379999999999999,1.6199999999999992,1.6199999999999992
formal-run-01-CCP30-solution-0204,d71a76fd05e6b00cb6bcb20a169da241247136989ab2a897ff4a86247491982a,930002,5000,emission,independent_oos_baseline,930001,930002,20,0.5,0.03550876733378931,0.001260872557565183,271729.8702228263,0.027315807757257032,9947714.987510681,oos_iqr,0.021400000000000086,0.20011475900980402,0.005108060630529462,0.0049989566103954665,0.005053508620462464,9497359680.041853,9497291998.970757,0.0007126354660228941,0.0007126354660228941,9509354435.920443,9509033083.200521,321352.71992111206,0.0033794468597321582,0.9046,0.09540000000000004,0.45999999999999375,0.45999999999999375
formal-run-01-CCP30-solution-0204,d71a76fd05e6b00cb6bcb20a169da241247136989ab2a897ff4a86247491982a,930002,5000,makespan,independent_oos_baseline,930001,930002,20,0.5,0.03971449009281382,0.001577240723332207,1.6596672473722291,0.03150557199474313,52.67853088492262,oos_iqr,0.01980000000000004,0.27821435494794367,0.007046077784656522,0.0062450023925615696,0.006645540088609046,517.8085986068548,516.2020144779748,0.3112316658633667,0.3112316658633667,575.4057101348847,573.440367828947,1.965342305937611,0.34272827938124123,0.9126,0.08740000000000003,1.2599999999999945,1.2599999999999945
formal-run-01-CCP30-solution-0205,a11a1405cf7a3b401ae67e3c96a901f42010e33ec0e3a82b558c234cebb1e254,930002,5000,cost,independent_oos_baseline,930001,930002,20,0.5,0.03814761948821052,0.001455240872617299,9717.873698266687,0.0375834624137239,258567.81345185824,oos_iqr,0.0252,0.08227715415545722,0.007260596186189192,0.0052879630415039475,0.00627427961384657,11692500.932475738,11683137.10302742,0.08014824584992403,0.08014824584992403,11971369.93209532,11950684.396065807,20685.536029513925,0.17309080671834703,0.9122,0.08779999999999999,1.2199999999999989,1.2199999999999989
formal-run-01-CCP30-solution-0205,a11a1405cf7a3b401ae67e3c96a901f42010e33ec0e3a82b558c234cebb1e254,930002,5000,emission,independent_oos_baseline,930001,930002,20,0.5,0.03011827780457109,0.0009071106579133196,291086.4578693535,0.02891332362289921,10067554.379629135,oos_iqr,0.021599999999999953,0.19167530614265504,0.0036680514872225326,0.003599461324606254,0.0036337564059143934,9950312849.45165,9950222059.77049,0.0009124387437245523,0.0009124387437245523,9962670413.199356,9962199846.976929,470566.22242736816,0.0047235171915384075,0.9082,0.09179999999999999,0.8199999999999985,0.8199999999999985
formal-run-01-CCP30-solution-0205,a11a1405cf7a3b401ae67e3c96a901f42010e33ec0e3a82b558c234cebb1e254,930002,5000,makespan,independent_oos_baseline,930001,930002,20,0.5,0.042869963053701124,0.0018378337322256992,1.7845503403429284,0.034192849182157516,52.19074698443501,oos_iqr,0.018199999999999994,0.37607543477530325,0.007787606267226795,0.007871894362664882,0.007829750314945838,517.579965889437,515.8405129712387,0.33720750395873594,0.33720750395873594,573.442812766696,572.6301714666291,0.8126413000668435,0.14191381114018045,0.9092,0.09079999999999999,0.9199999999999986,0.9199999999999986
formal-run-01-CCP30-solution-0206,974cf5b16ac2c1505902cd91a65e9a3e9ab6db38700ca0258f063d7fc68a0087,930002,5000,cost,independent_oos_baseline,930001,930002,20,0.5,0.03367807259034111,0.0011342125734002855,13287.860284490693,0.0428633301259174,310005.31795956194,oos_iqr,0.022800000000000042,0.14672889406685674,0.00520219867218048,0.004182508015389072,0.004692353343784776,11937609.705099879,11924516.429133914,0.10980131600116715,0.10980131600116715,12292115.522009779,12265298.426713193,26817.095296585932,0.21864201231483835,0.914,0.08599999999999997,1.4000000000000012,1.4000000000000012
formal-run-01-CCP30-solution-0206,974cf5b16ac2c1505902cd91a65e9a3e9ab6db38700ca0258f063d7fc68a0087,930002,5000,emission,independent_oos_baseline,930001,930002,20,0.5,0.02617312621698578,0.0006850325359702684,234797.16229434015,0.022834190917890535,10282701.19745636,oos_iqr,0.020000000000000018,0.26738904394377594,0.0027624383946495312,0.002732511391810284,0.0027474748932299073,9410209117.27475,9410080825.270834,0.0013633464610766969,0.0013633464610766969,9422615026.379366,9422196852.570457,418173.8089084625,0.004438177374678614,0.906,0.09399999999999997,0.6000000000000005,0.6000000000000005
formal-run-01-CCP30-solution-0206,974cf5b16ac2c1505902cd91a65e9a3e9ab6db38700ca0258f063d7fc68a0087,930002,5000,makespan,independent_oos_baseline,930001,930002,20,0.5,0.029308634893025143,0.0008589960792926509,2.091690966256539,0.036786879695570526,56.859700620610056,oos_iqr,0.017799999999999983,0.40362483408775673,0.003935265253767048,0.0031671345871905226,0.003551199920478785,520.9501538058678,518.862292277655,0.40239222608520603,0.40239222608520603,577.7330332471454,575.4464407803484,2.2865924667969466,0.39735973754501913,0.9138,0.08620000000000005,1.3799999999999923,1.3799999999999923
formal-run-01-CCP30-solution-0207,0bf6e49c45b8021f9e171bf35744a0dd574051d3940d597c4fec6edf1cbb3a6c,930002,5000,cost,independent_oos_baseline,930001,930002,20,0.5,0.03946235225238434,0.0015572772452912636,13119.44137099407,0.041351741579192025,317264.54243454896,oos_iqr,0.02640000000000009,0.06028121671289729,0.007286517989032429,0.005687849273316613,0.006487183631174521,11778683.21732892,11766620.764399013,0.1025141641889454,0.1025141641889454,12136740.707534714,12110548.050269665,26192.657265048474,0.21627970225893486,0.9128,0.08720000000000006,1.2799999999999923,1.2799999999999923
formal-run-01-CCP30-solution-0207,0bf6e49c45b8021f9e171bf35744a0dd574051d3940d597c4fec6edf1cbb3a6c,930002,5000,emission,independent_oos_baseline,930001,930002,20,0.5,0.031005712216870582,0.0009613541900753977,257013.95087847108,0.02555633283530227,10056761.763700485,oos_iqr,0.020000000000000018,0.26738904394377594,0.0039351173275375744,0.0037764976731476194,0.003855807500342597,9377958858.351408,9377879161.812897,0.0008498354173276595,0.0008498354173276595,9390055176.740602,9389615823.91895,439352.8216533661,0.004679135226535745,0.9068,0.09319999999999995,0.6800000000000028,0.6800000000000028
formal-run-01-CCP30-solution-0207,0bf6e49c45b8021f9e171bf35744a0dd574051d3940d597c4fec6edf1cbb3a6c,930002,5000,makespan,independent_oos_baseline,930001,930002,20,0.5,0.0366834851992792,0.0013456780863657363,1.82468917603917,0.02780776770130327,65.61796673645443,oos_iqr,0.02080000000000004,0.22715738303255884,0.005774046612216228,0.005285905439203444,0.005529976025709836,522.7135831655222,521.0807883807162,0.3133477228895785,0.3133477228895785,576.3100049409102,574.4285924822248,1.8814124586854177,0.32752764805029033,0.917,0.08299999999999996,1.7000000000000015,1.7000000000000015
formal-run-01-CCP30-solution-0208,30c4bebe9bdab48ea1b7d107c7ef05a103e31286097490d8c9832533eb1f10b1,930002,5000,cost,independent_oos_baseline,930001,930002,20,0.5,0.036376242318704524,0.0013232310052291097,9878.653925745679,0.0388095353303068,254541.92743274942,oos_iqr,0.023399999999999976,0.1276693074850469,0.00656537140191805,0.0047761000845743425,0.005670735743246196,11705444.971505873,11695924.635801421,0.08139874358722798,0.08139874358722798,11983548.472723057,11960525.348834075,23023.12388898246,0.19249258053055987,0.914,0.08599999999999997,1.4000000000000012,1.4000000000000012
formal-run-01-CCP30-solution-0208,30c4bebe9bdab48ea1b7d107c7ef05a103e31286097490d8c9832533eb1f10b1,930002,5000,emission,independent_oos_baseline,930001,930002,20,0.5,0.03421246237422723,0.001170492581707914,301521.98315506737,0.03031534558683102,9946183.271816254,oos_iqr,0.02200000000000002,0.17563013054961474,0.0047958116393905514,0.004590125465858242,0.004692968552624396,9807693942.109613,9807620394.688845,0.000749900769085294,0.000749900769085294,9819842437.616854,9819475864.64411,366572.97274398804,0.003733121582017085,0.9052,0.0948,0.5199999999999982,0.5199999999999982
formal-run-01-CCP30-solution-0208,30c4bebe9bdab48ea1b7d107c7ef05a103e31286097490d8c9832533eb1f10b1,930002,5000,makespan,independent_oos_baseline,930001,930002,20,0.5,0.039112610894040584,0.001529796330948622,1.709829543529612,0.033205244584413554,51.49275558512829,oos_iqr,0.01980000000000004,0.27821435494794367,0.006575710640246349,0.005998557121794525,0.0062871338810204375,516.1083951011693,514.4489153361852,0.322574256746105,0.322574256746105,573.2997522945586,572.5743901993532,0.7253620952054689,0.12668434139237691,0.9092,0.09079999999999999,0.9199999999999986,0.9199999999999986
formal-run-01-CCP30-solution-0209,efbae39f3d30275b788c92651461a79f468a252dc29bb13ea3aeee827b0c1858,930002,5000,cost,independent_oos_baseline,930001,930002,20,0.5,0.03398867248293153,0.001155229857151987,14111.343611673,0.043666253902860046,323163.5954635609,oos_iqr,0.02279999999999993,0.14672889406686074,0.00532363491192335,0.004261644606484009,0.0047926397592036795,12026138.62784441,12012252.812739648,0.11559709341144926,0.11559709341144926,12383579.08808728,12353954.12561885,29624.962468428537,0.23980146086987775,0.9122,0.08779999999999999,1.2199999999999989,1.2199999999999989
formal-run-01-CCP30-solution-0209,efbae39f3d30275b788c92651461a79f468a252dc29bb13ea3aeee827b0c1858,930002,5000,emission,independent_oos_baseline,930001,930002,20,0.5,0.023972166779047066,0.0005746647800824478,237846.83235390886,0.02296747191636215,10355812.482107162,oos_iqr,0.020400000000000085,0.24666489084878074,0.0023214780892886347,0.002278343007470875,0.002299910548379755,9353401031.067308,9353296596.741474,0.0011165509909164795,0.0011165509909164795,9365934335.952219,9365554189.533403,380146.4188156128,0.004058984776794633,0.9048,0.09519999999999995,0.48000000000000265,0.48000000000000265
formal-run-01-CCP30-solution-0209,efbae39f3d30275b788c92651461a79f468a252dc29bb13ea3aeee827b0c1858,930002,5000,makespan,independent_oos_baseline,930001,930002,20,0.5,0.03587177341251527,0.0012867841277588372,2.014896866539112,0.03543285404590796,56.86521508903985,oos_iqr,0.020000000000000018,0.26738904394377594,0.005997601632023168,0.004764458273160085,0.005381029952591626,525.1596735137553,523.1484552479719,0.38444503574611755,0.38444503574611755,581.069370728277,576.9814544337316,4.08791629454538,0.7085004661991076,0.9164,0.08360000000000001,1.639999999999997,1.639999999999997
formal-run-01-CCP30-solution-0210,46125e4090f9bbcc70a6eb44efdf0e23f3fbbd5598ca6e8fc2962adf5d125d3c,930002,5000,cost,independent_oos_baseline,930001,930002,20,0.5,0.03865032614135455,0.0014938477108330749,9200.735583526895,0.03533782127609093,260365.10603306442,oos_iqr,0.02279999999999993,0.14672889406686074,0.007047836988614987,0.005530079574918802,0.006288958281766894,11676952.590701135,11668597.824546842,0.07160042945963332,0.07160042945963332,11957899.525105333,11939394.36605721,18505.159048123285,0.15499244334144824,0.9094,0.09060000000000001,0.9399999999999964,0.9399999999999964
formal-run-01-CCP30-solution-0210,46125e4090f9bbcc70a6eb44efdf0e23f3fbbd5598ca6e8fc2962adf5d125d3c,930002,5000,emission,independent_oos_baseline,930001,930002,20,0.5,0.030273011106058186,0.0009164552014275223,282755.74028639356,0.02793488473694651,10121958.366716385,oos_iqr,0.021400000000000086,0.20011475900980402,0.0037431928169538295,0.0035976008594442296,0.0036703968381990295,9815722780.49584,9815675503.2021,0.0004816509441851037,0.0004816509441851037,9827957708.918167,9827615258.739653,342450.1785144806,0.003484570462910025,0.9066,0.09340000000000004,0.6599999999999939,0.6599999999999939
formal-run-01-CCP30-solution-0210,46125e4090f9bbcc70a6eb44efdf0e23f3fbbd5598ca6e8fc2962adf5d125d3c,930002,5000,makespan,independent_oos_baseline,930001,930002,20,0.5,0.02617260128547477,0.0006850050580484356,1.601464708302085,0.031352157296425494,51.079888798742104,oos_iqr,0.021399999999999975,0.20011475900980857,0.003023981856599677,0.002566365975144565,0.002795173915872121,514.7468730843477,513.2732345875742,0.2871060475143731,0.2871060475143731,572.8571028805426,572.6301714666291,0.22693141391346217,0.039629664174390594,0.9102,0.08979999999999999,1.0199999999999987,1.0199999999999987
formal-run-01-CCP30-solution-0211,afd32796abc8cce0e91736bae33090849f6eae2bdb5c81e28e9c3e3ac4c76903,930002,5000,cost,independent_oos_baseline,930001,930002,20,0.5,0.03839274547833301,0.00147400290536406,12674.180101618349,0.0362601470127703,349534.7136114668,oos_iqr,0.02080000000000004,0.22715738303255884,0.009141666614741365,0.0050695807637441866,0.007105623689242776,11936761.443006257,11924198.540686972,0.10535636652155564,0.10535636652155564,12315046.536770789,12291102.619068211,23943.917702578008,0.19480691394954114,0.9088,0.09119999999999995,0.880000000000003,0.880000000000003
formal-run-01-CCP30-solution-0211,afd32796abc8cce0e91736bae33090849f6eae2bdb5c81e28e9c3e3ac4c76903,930002,5000,emission,independent_oos_baseline,930001,930002,20,0.5,0.03298697807001434,0.0010881407221916073,235845.876499076,0.023121743647250493,10200176.94587326,oos_iqr,0.021199999999999997,0.2088385883788043,0.0043926090587407,0.004327789040614989,0.004360199049677845,9281152025.774895,9281065209.958534,0.0009354078911903422,0.0009354078911903422,9293430360.664871,9293109117.88004,321242.78483200073,0.003456784815040278,0.9058,0.09419999999999995,0.5800000000000027,0.5800000000000027
formal-run-01-CCP30-solution-0211,afd32796abc8cce0e91736bae33090849f6eae2bdb5c81e28e9c3e3ac4c76903,930002,5000,makespan,independent_oos_baseline,930001,930002,20,0.5,0.032343359523500814,0.001046092905266431,1.5457146927492107,0.032164114727851086,48.057119116378715,oos_iqr,0.018000000000000016,0.3897008318597607,0.0044429009508560584,0.004024946686006797,0.004233923818431427,518.6535310259709,517.377484168702,0.24663749318723152,0.24663749318723152,573.3724191228404,572.9493620238951,0.42305709894526444,0.0738384798005274,0.9126,0.08740000000000003,1.2599999999999945,1.2599999999999945
formal-run-01-CCP30-solution-0212,1443581dd907040cc16e6057d5252f0ed171ac4c8ba113f9b2965c76c06b011a,930002,5000,cost,independent_oos_baseline,930001,930002,20,0.5,0.027451711007660893,0.0007535964372481303,12977.465850869761,0.037130151191623995,349512.87388771214,oos_iqr,0.020600000000000063,0.23676066509225802,0.003597244776804281,0.0027139345917054176,0.0031555896842548493,11910626.086465837,11897996.277939936,0.10615071841397533,0.10615071841397533,12293022.507019106,12262296.692092953,30725.81492615305,0.2505714524585419,0.9132,0.08679999999999999,1.319999999999999,1.319999999999999
formal-run-01-CCP30-solution-0212,1443581dd907040cc16e6057d5252f0ed171ac4c8ba113f9b2965c76c06b011a,930002,5000,emission,independent_oos_baseline,930001,930002,20,0.5,0.035912906503717625,0.0012897368535447636,245382.18611680693,0.023729796423432203,10340678.09677887,oos_iqr,0.02200000000000002,0.17563013054961474,0.005247487972771955,0.005099776702547432,0.005173632337659694,9290613052.439398,9290537134.213953,0.0008171564716663386,0.0008171564716663386,9302860498.637814,9302524657.511946,335841.1258678436,0.003610214842017605,0.905,0.09499999999999997,0.5000000000000004,0.5000000000000004
formal-run-01-CCP30-solution-0212,1443581dd907040cc16e6057d5252f0ed171ac4c8ba113f9b2965c76c06b011a,930002,5000,makespan,independent_oos_baseline,930001,930002,20,0.5,0.0324651437034412,0.0010539855556850881,1.609500127613971,0.03376647321092042,47.66562730908606,oos_iqr,0.018199999999999994,0.37607543477530325,0.0045142413335741375,0.0039940801602893795,0.0042541607469317585,517.2478168813676,515.967213955626,0.248194631578229,0.248194631578229,573.3432343552854,572.8779169042213,0.465317451064152,0.08122453970274925,0.9134,0.08660000000000001,1.3399999999999967,1.3399999999999967
formal-run-01-CCP30-solution-0213,c68785331fede59c38da283781aee9816081e463fae11ce63a30a3a2d41bab0f,930002,5000,cost,independent_oos_baseline,930001,930002,20,0.5,0.03889064990001908,0.001512482649645854,11304.85124097204,0.04108395023205221,275164.6610688474,oos_iqr,0.02400000000000002,0.11067945593694506,0.006991413479066945,0.005638855455500277,0.006315134467283611,11675883.0424666,11666333.287890851,0.08185737832177509,0.08185737832177509,11984607.284317506,11964896.733862877,19710.550454629585,0.16473648618165732,0.9146,0.08540000000000003,1.4599999999999946,1.4599999999999946
formal-run-01-CCP30-solution-0213,c68785331fede59c38da283781aee9816081e463fae11ce63a30a3a2d41bab0f,930002,5000,emission,independent_oos_baseline,930001,930002,20,0.5,0.02925470526497429,0.0008558377801405146,292066.6530196239,0.0291550803209896,10017693.307788849,oos_iqr,0.021399999999999975,0.20011475900980857,0.003450212099442359,0.003401491865317781,0.0034258519823800702,9884590557.034906,9884515569.509027,0.0007586363272088098,0.0007586363272088098,9896844153.42852,9896261691.003433,582462.4250869751,0.0058856813135457434,0.9098,0.09019999999999995,0.9800000000000031,0.9800000000000031
formal-run-01-CCP30-solution-0213,c68785331fede59c38da283781aee9816081e463fae11ce63a30a3a2d41bab0f,930002,5000,makespan,independent_oos_baseline,930001,930002,20,0.5,0.03400904979582766,0.0011566154680150856,1.8709162454194896,0.033990962882503604,55.041578312643765,oos_iqr,0.023600000000000065,0.12178385194186107,0.005039413740504262,0.004403959508955284,0.004721686624729772,507.82561913751636,506.0771799536152,0.3454886434637122,0.3454886434637122,573.5609704733041,571.9620596465813,1.598910826722772,0.2795484070588088,0.9062,0.0938,0.6199999999999983,0.6199999999999983
formal-run-01-CCP30-solution-0214,e6851201cc593b745d2af026aaa2936b4bf55afa81c921c73e1b9fb8c8aa63d8,930002,5000,cost,independent_oos_baseline,930001,930002,20,0.5,0.03707554240899161,0.001374595844920935,12819.007738379209,0.040978067561800724,312826.0677262619,oos_iqr,0.021199999999999997,0.2088385883788043,0.006263857315192051,0.005098754501353284,0.005681305908272667,11942971.740242014,11930946.52732843,0.10079009981345245,0.10079009981345245,12291854.357436882,12256860.790974252,34993.566462630406,0.2855018675613831,0.9162,0.08379999999999999,1.6199999999999992,1.6199999999999992
formal-run-01-CCP30-solution-0214,e6851201cc593b745d2af026aaa2936b4bf55afa81c921c73e1b9fb8c8aa63d8,930002,5000,emission,independent_oos_baseline,930001,930002,20,0.5,0.026173164167640442,0.0006850345225462575,252632.89364105646,0.024825731978975717,10176251.55443573,oos_iqr,0.021599999999999953,0.19167530614265504,0.0027655822948601887,0.0027217889727680577,0.002743685633814123,9449485672.550964,9449378270.180159,0.001136607803549097,0.001136607803549097,9461754402.508736,9461380379.60087,374022.9078655243,0.003953153692794481,0.904,0.09599999999999997,0.40000000000000036,0.40000000000000036
formal-run-01-CCP30-solution-0214,e6851201cc593b745d2af026aaa2936b4bf55afa81c921c73e1b9fb8c8aa63d8,930002,5000,makespan,independent_oos_baseline,930001,930002,20,0.5,0.028697419692941803,0.000823541897032844,2.176628120734815,0.039283705102551324,55.40791315515327,oos_iqr,0.020600000000000007,0.2367606650922608,0.003791892335959351,0.003016564905372343,0.003404228620665847,524.9949686689282,522.8250373874116,0.41503966458069314,0.41503966458069314,577.7052290053015,575.2597994988548,2.445429506446658,0.425100017170855,0.914,0.08599999999999997,1.4000000000000012,1.4000000000000012
formal-run-01-CCP30-solution-0215,3e8939724a55279fc0a4553f7eaf7daf09fd9a5567275365028d060fcdfb95db,930002,5000,cost,independent_oos_baseline,930001,930002,20,0.5,0.03967530317210664,0.0015741296817985751,12299.277700561417,0.04289337221575053,286740.74956608564,oos_iqr,0.02299999999999991,0.14013601484393534,0.007246537038632213,0.005862262085812534,0.0065543995622223735,11708255.538758814,11697540.218260111,0.09160319433632895,0.09160319433632895,12042386.355953962,12009801.495114401,32584.860839560628,0.27131889609346316,0.9148,0.08520000000000005,1.4799999999999924,1.4799999999999924
formal-run-01-CCP30-solution-0215,3e8939724a55279fc0a4553f7eaf7daf09fd9a5567275365028d060fcdfb95db,930002,5000,emission,independent_oos_baseline,930001,930002,20,0.5,0.030491304265415502,0.0009297196358061457,246799.2232009327,0.02438025936290701,10122912.128507614,oos_iqr,0.02180000000000004,0.18351543091287947,0.0038037576066745882,0.0036482774295345435,0.003726017518104566,9720722934.847721,9720648809.319876,0.0007625574105126942,0.0007625574105126942,9732951256.75437,9732642239.678196,309017.07617378235,0.003175058412339215,0.9046,0.09540000000000004,0.45999999999999375,0.45999999999999375
formal-run-01-CCP30-solution-0215,3e8939724a55279fc0a4553f7eaf7daf09fd9a5567275365028d060fcdfb95db,930002,5000,makespan,independent_oos_baseline,930001,930002,20,0.5,0.03622777999028499,0.0013124520430244932,2.0782266030007808,0.03782656226471477,54.94093247113244,oos_iqr,0.020600000000000063,0.23676066509225802,0.006164443520202859,0.004877510606981637,0.005520977063592248,518.9679529974863,516.959231219415,0.38856483389089935,0.38856483389089935,574.8885936328064,572.6409297627379,2.24766387006855,0.39250842076549153,0.9176,0.08240000000000003,1.759999999999995,1.759999999999995
formal-run-01-CCP30-solution-0216,110de1bf86af5f6fd1a790e8ba0e2fea1ccf6f518fc178e6aed8d055d714c321,930002,5000,cost,independent_oos_baseline,930001,930002,20,0.5,0.03458450091601839,0.0011960877036100766,13311.758565265613,0.042623672716585986,312309.0460500289,oos_iqr,0.02100000000000002,0.2178513612898525,0.005653440390211227,0.004357432045317628,0.005005436217764427,12005785.395415206,11992664.754805485,0.10940554812443377,0.10940554812443377,12362997.766548075,12337063.875861464,25933.890686610714,0.21021120541778682,0.9136,0.08640000000000003,1.3599999999999945,1.3599999999999945
formal-run-01-CCP30-solution-0216,110de1bf86af5f6fd1a790e8ba0e2fea1ccf6f518fc178e6aed8d055d714c321,930002,5000,emission,independent_oos_baseline,930001,930002,20,0.5,0.02454860104052194,0.0006026338130467148,236912.3233448662,0.022949558766607696,10323175.52394867,oos_iqr,0.02059999999999995,0.23676066509226357,0.002442051182677319,0.002382637014412975,0.002412344098545147,9369700342.302132,9369600366.673288,0.0010670212701804295,0.0010670212701804295,9382160145.107132,9381886497.707695,273647.3994369507,0.0029167630572360026,0.9038,0.09619999999999995,0.38000000000000256,0.38000000000000256
formal-run-01-CCP30-solution-0216,110de1bf86af5f6fd1a790e8ba0e2fea1ccf6f518fc178e6aed8d055d714c321,930002,5000,makespan,independent_oos_baseline,930001,930002,20,0.5,0.031187548965461425,0.000972663210473054,2.1119201017354374,0.03714265250580523,56.859700620610056,oos_iqr,0.01780000000000001,0.40362483408775474,0.004491983749202646,0.0035772825897825273,0.004034633169492587,522.0543633341039,519.9467528807858,0.4053512098384695,0.4053512098384695,577.7330332471454,575.4464407803484,2.2865924667969466,0.39735973754501913,0.9138,0.08620000000000005,1.3799999999999923,1.3799999999999923
formal-run-01-CCP30-solution-0217,124250c30cdde0a36ba82a48063882e9a5a4890443a481fbc4bd24b4da3830a7,930002,5000,cost,independent_oos_baseline,930001,930002,20,0.5,0.037216659460383016,0.0013850797413901164,13534.910202066701,0.043456327930624115,311460.05303702876,oos_iqr,0.021600000000000008,0.19167530614265293,0.006757001216702728,0.005004177518922196,0.005880589367812462,11718896.148476517,11707613.94424405,0.09636638418551664,0.09636638418551664,12072668.292134507,12045818.797907552,26849.494226954877,0.2228947212091455,0.9132,0.08679999999999999,1.319999999999999,1.319999999999999
formal-run-01-CCP30-solution-0217,124250c30cdde0a36ba82a48063882e9a5a4890443a481fbc4bd24b4da3830a7,930002,5000,emission,independent_oos_baseline,930001,930002,20,0.5,0.03053108365607873,0.0009321470692144778,241543.724658294,0.023854068920430075,10125891.958475113,oos_iqr,0.02059999999999995,0.23676066509226357,0.003830734868721575,0.0036547548896073744,0.003742744879164475,9688552938.49933,9688481092.225111,0.0007415638585202866,0.0007415638585202866,9700932080.732378,9700419012.356606,513068.3757724762,0.005289136223073648,0.9074,0.09260000000000002,0.7399999999999962,0.7399999999999962
formal-run-01-CCP30-solution-0217,124250c30cdde0a36ba82a48063882e9a5a4890443a481fbc4bd24b4da3830a7,930002,5000,makespan,independent_oos_baseline,930001,930002,20,0.5,0.03614364438227821,0.0013063630292325912,1.9246138932805195,0.03657907173867961,52.615164950875055,oos_iqr,0.02440000000000009,0.10042462289139704,0.005749275557770968,0.004934233985987374,0.005341754771879171,506.40745396122935,504.68295960488535,0.34169855025303353,0.34169855025303353,572.3284362963469,571.8438316533271,0.484604643019793,0.08474422844060303,0.9104,0.08960000000000001,1.0399999999999965,1.0399999999999965
formal-run-01-CCP30-solution-0219,ba1603ee37558a2ee25d772fb343197e49c02ab1c4ea74abe721d4061546a045,930002,5000,cost,independent_oos_baseline,930001,930002,20,0.5,0.041142957526262826,0.0016927429540078672,11016.732329461496,0.03901435062902671,282376.4115470126,oos_iqr,0.024399999999999977,0.10042462289139976,0.007650940598365417,0.0063422968348666635,0.00699661871661604,11714297.960568417,11704394.688295329,0.08461157143813153,0.08461157143813153,12027437.363499474,11997289.659206469,30147.70429300517,0.25128762536687155,0.917,0.08299999999999996,1.7000000000000015,1.7000000000000015
formal-run-01-CCP30-solution-0219,ba1603ee37558a2ee25d772fb343197e49c02ab1c4ea74abe721d4061546a045,930002,5000,emission,independent_oos_baseline,930001,930002,20,0.5,0.030850183349483615,0.0009517338126967562,257057.7455463001,0.02519822235209601,10201423.812934875,oos_iqr,0.02279999999999993,0.14672889406686074,0.003850963949512085,0.0037706625263957795,0.0038108132379539323,9606168831.832771,9606118468.36295,0.0005242853290618718,0.0005242853290618718,9618392808.386244,9618119994.368093,272814.0181503296,0.002836458874604146,0.9048,0.09519999999999995,0.48000000000000265,0.48000000000000265
formal-run-01-CCP30-solution-0219,ba1603ee37558a2ee25d772fb343197e49c02ab1c4ea74abe721d4061546a045,930002,5000,makespan,independent_oos_baseline,930001,930002,20,0.5,0.03522319143986592,0.0012406732152094439,1.7810082611521936,0.034427083444485515,51.73276626886246,oos_iqr,0.02200000000000002,0.17563013054961474,0.005310375067089267,0.004788103818935948,0.005049239443012608,521.2970730733027,519.7380015495806,0.29997258600944415,0.29997258600944415,574.9097146555749,573.7621223533155,1.1475923022594543,0.2000118616322291,0.915,0.08499999999999996,1.5000000000000013,1.5000000000000013
formal-run-01-CCP30-solution-0220,ac9f130f79ceb93a51b9e6f7382b14f7e8fb9e0a8690cf8b6cc37111357b1d91,930002,5000,cost,independent_oos_baseline,930001,930002,20,0.5,0.03481856997219798,0.0012123328149088472,13753.825850877529,0.044164148751920845,311425.13191266544,oos_iqr,0.02080000000000004,0.22715738303255884,0.005962084162471782,0.004348036726104466,0.005155060444288124,11767841.775481036,11756493.904954743,0.09652427516260408,0.09652427516260408,12123412.67189512,12097729.598642437,25683.073252683505,0.21229663833423393,0.912,0.08799999999999997,1.200000000000001,1.200000000000001
formal-run-01-CCP30-solution-0220,ac9f130f79ceb93a51b9e6f7382b14f7e8fb9e0a8690cf8b6cc37111357b1d91,930002,5000,emission,independent_oos_baseline,930001,930002,20,0.5,0.02906705898376817,0.0008448939179658578,250144.3237463562,0.024389235534380202,10256341.302446365,oos_iqr,0.021399999999999975,0.20011475900980857,0.003483738975247894,0.003315047572941165,0.0033993932740945297,9653093217.098671,9653023321.126356,0.0007240837402916253,0.0007240837402916253,9665605914.5941,9665247391.051035,358523.5430660248,0.003709408860015094,0.907,0.09299999999999997,0.7000000000000006,0.7000000000000006
formal-run-01-CCP30-solution-0220,ac9f130f79ceb93a51b9e6f7382b14f7e8fb9e0a8690cf8b6cc37111357b1d91,930002,5000,makespan,independent_oos_baseline,930001,930002,20,0.5,0.03964485850987024,0.0015717148062676307,2.054839932065077,0.03639811968162058,56.454562764204525,oos_iqr,0.023400000000000087,0.12766930748504346,0.007940599633807563,0.0057797392656507756,0.00686016944972917,509.40815183068526,507.4571063962141,0.3844749457401057,0.3844749457401057,572.1839197168409,570.1001756993667,2.0837440174742596,0.36550488954297206,0.911,0.08899999999999997,1.100000000000001,1.100000000000001
formal-run-01-CCP30-solution-0221,5faaea1625a8754373624be90fab1f52cfd96d66d3865a359d605ba6cfae4c24,930002,5000,cost,independent_oos_baseline,930001,930002,20,0.5,0.03803123185226062,0.0014463745962004027,9997.802013276207,0.03841728045015594,260242.31533639506,oos_iqr,0.02400000000000002,0.11067945593694506,0.006986430950757254,0.0053489651819184185,0.006167698066337836,11698072.650526047,11688389.681352625,0.08284262791879757,0.08284262791879757,11983521.651789417,11954512.761616332,29008.890173085034,0.2426605814184838,0.9148,0.08520000000000005,1.4799999999999924,1.4799999999999924
formal-run-01-CCP30-solution-0221,5faaea1625a8754373624be90fab1f52cfd96d66d3865a359d605ba6cfae4c24,930002,5000,emission,independent_oos_baseline,930001,930002,20,0.5,0.03503335459488544,0.0012273359341709808,290833.94452140544,0.028766156137245907,10110281.788564682,oos_iqr,0.022599999999999953,0.15356912653670451,0.004970220346144782,0.004860881821966563,0.004915551084055673,9885345497.227041,9885280923.805702,0.0006532279844827629,0.0006532279844827629,9897541353.389349,9897260236.370672,281117.0186767578,0.0028403518949992115,0.9048,0.09519999999999995,0.48000000000000265,0.48000000000000265
formal-run-01-CCP30-solution-0221,5faaea1625a8754373624be90fab1f52cfd96d66d3865a359d605ba6cfae4c24,930002,5000,makespan,independent_oos_baseline,930001,930002,20,0.5,0.03955932394143539,0.0015649401107034231,1.8275728774541904,0.03546270478965565,51.53506728531568,oos_iqr,0.02080000000000004,0.22715738303255884,0.006792925241251994,0.006077157468958085,0.00643504135510504,514.2203856187206,512.4347778702316,0.3484556133973236,0.3484556133973236,572.3700776390971,571.7619586178174,0.6081190212796628,0.10635877608047505,0.9144,0.08560000000000001,1.4399999999999968,1.4399999999999968
formal-run-01-CCP30-solution-0222,85f21694e84f9a911facde1088806628c4bd9d6debdb3be0ee3824929e62ce30,930002,5000,cost,independent_oos_baseline,930001,930002,20,0.5,0.03952137178679117,0.0015619388279097734,14172.860416754309,0.04206063461016482,336962.59098594636,oos_iqr,0.0242,0.105448774554511,0.00823465339273551,0.0055151805337547285,0.006874916963245119,11836779.930472849,11823301.231706286,0.11400114487836577,0.11400114487836577,12220111.081788594,12190183.319106711,29927.76268188283,0.24550707646024075,0.914,0.08599999999999997,1.4000000000000012,1.4000000000000012
formal-run-01-CCP30-solution-0222,85f21694e84f9a911facde1088806628c4bd9d6debdb3be0ee3824929e62ce30,930002,5000,emission,independent_oos_baseline,930001,930002,20,0.5,0.030304103814403606,0.0009183387079941512,257402.335793201,0.024909877476561256,10333344.113611221,oos_iqr,0.021199999999999997,0.2088385883788043,0.003833452675882392,0.003587197433401828,0.00371032505464211,9778802405.889843,9778706774.691084,0.0009779534345644599,0.0009779534345644599,9791379592.023705,9790961458.676065,418133.34763908386,0.0042706055927588535,0.9058,0.09419999999999995,0.5800000000000027,0.5800000000000027
formal-run-01-CCP30-solution-0222,85f21694e84f9a911facde1088806628c4bd9d6debdb3be0ee3824929e62ce30,930002,5000,makespan,independent_oos_baseline,930001,930002,20,0.5,0.03752892468529253,0.001408420188034359,2.009684618123613,0.036892032054950986,54.47476070524311,oos_iqr,0.022199999999999998,0.16801422440099156,0.006418058829857978,0.005224091672464928,0.005821075251161453,504.5546559377745,502.6532417948734,0.37827551576341906,0.37827551576341906,571.5448608542633,567.8435820319519,3.7012788223114512,0.6518130942093108,0.9112,0.08879999999999999,1.1199999999999988,1.1199999999999988
formal-run-01-CCP30-solution-0223,a0a311f74a1d585f8d5bf94eba8311104d3fd905e19f3770805c7ef4920d1ef8,930002,5000,cost,independent_oos_baseline,930001,930002,20,0.5,0.03825947028601943,0.0014637870665668033,11359.963750226258,0.04096142091379297,277333.2442283761,oos_iqr,0.022399999999999975,0.16066237817968165,0.006529563723673599,0.005569550412460682,0.006049557068067141,11687834.666982992,11678238.76551185,0.08216908100458026,0.08216908100458026,11997140.20397852,11974631.151197154,22509.052781365812,0.1879728276984589,0.9168,0.08320000000000005,1.6799999999999926,1.6799999999999926
formal-run-01-CCP30-solution-0223,a0a311f74a1d585f8d5bf94eba8311104d3fd905e19f3770805c7ef4920d1ef8,930002,5000,emission,independent_oos_baseline,930001,930002,20,0.5,0.029998673730869646,0.0008999204256111685,282509.4513460427,0.027800741841605612,10161939.309232712,oos_iqr,0.022199999999999998,0.16801422440099156,0.0036470495412300047,0.0035603575491023674,0.0036037035451661863,9874766480.798346,9874690516.600075,0.0007692818133702153,0.0007692818133702153,9887043065.114422,9886522047.232798,521017.8816242218,0.005269981487271885,0.9072,0.0928,0.7199999999999984,0.7199999999999984
formal-run-01-CCP30-solution-0223,a0a311f74a1d585f8d5bf94eba8311104d3fd905e19f3770805c7ef4920d1ef8,930002,5000,makespan,independent_oos_baseline,930001,930002,20,0.5,0.036618446757710935,0.0013409106429473103,1.9175989566789136,0.03524059448424739,54.41448944727887,oos_iqr,0.023600000000000065,0.12178385194186107,0.005829629454542377,0.005091187774254148,0.005460408614398263,508.6742857143501,506.88115886978767,0.3537568546758851,0.3537568546758851,573.5609704733041,571.9620596465813,1.598910826722772,0.2795484070588088,0.9062,0.0938,0.6199999999999983,0.6199999999999983
formal-run-01-CCP30-solution-0224,d1a8f204c53d323f7fd3700f464b52c4046c14e996fe99c13e4ff8239e678b56,930002,5000,cost,independent_oos_baseline,930001,930002,20,0.5,0.037175302950259254,0.0013820031494435545,12540.318802197216,0.03740596893062578,335249.1369881332,oos_iqr,0.022199999999999998,0.16801422440099156,0.006287596983882846,0.005154514253954801,0.005721055618918823,11943198.145031976,11930909.028955866,0.10300234497040175,0.10300234497040175,12305978.457176993,12277088.94423103,28889.51294596307,0.23531240245301124,0.9114,0.08860000000000001,1.1399999999999966,1.1399999999999966
formal-run-01-CCP30-solution-0224,d1a8f204c53d323f7fd3700f464b52c4046c14e996fe99c13e4ff8239e678b56,930002,5000,emission,independent_oos_baseline,930001,930002,20,0.5,0.03168581585725288,0.0010039909265397381,232330.58238998323,0.0226125920951859,10274389.65917778,oos_iqr,0.022199999999999998,0.16801422440099156,0.004310949429907527,0.0038478044991418297,0.004079376964524678,9284016197.64521,9283928294.608658,0.000946830196905722,0.000946830196905722,9296211967.594427,9295958516.955921,253450.63850593567,0.0027264605155416645,0.903,0.09699999999999998,0.30000000000000027,0.30000000000000027
formal-run-01-CCP30-solution-0224,d1a8f204c53d323f7fd3700f464b52c4046c14e996fe99c13e4ff8239e678b56,930002,5000,makespan,independent_oos_baseline,930001,930002,20,0.5,0.0447822051794791,0.0020054459007369644,2.1728415882500993,0.03375042204207157,64.37968643892941,oos_iqr,0.022199999999999998,0.16801422440099156,0.008729906106827254,0.008474974078256307,0.008602440092541781,523.3037177435767,521.1837270429993,0.40676456124320365,0.40676456124320365,575.3729595428254,572.8735089276622,2.4994506151631413,0.4363006102065633,0.917,0.08299999999999996,1.7000000000000015,1.7000000000000015
formal-run-01-CCP30-solution-0225,dbe4c2155fa1f5b5a8371a5ec243e0519f4749bdba2baa7f670fdeb3864aeadd,930002,5000,cost,independent_oos_baseline,930001,930002,20,0.5,0.035452028504183344,0.0012568463250614281,13182.36160060894,0.039457713175537576,334088.33253878355,oos_iqr,0.020000000000000018,0.26738904394377594,0.005863859441641532,0.004638434123715988,0.00525114678267876,11952752.853493312,11939706.455302212,0.10926900288496047,0.10926900288496047,12319664.463430401,12292920.877794724,26743.58563567698,0.217552735444553,0.9114,0.08860000000000001,1.1399999999999966,1.1399999999999966
formal-run-01-CCP30-solution-0225,dbe4c2155fa1f5b5a8371a5ec243e0519f4749bdba2baa7f670fdeb3864aeadd,930002,5000,emission,independent_oos_baseline,930001,930002,20,0.5,0.030914301267771057,0.0009556940228745111,234634.33630821254,0.023222715736861653,10103656.220352173,oos_iqr,0.022399999999999975,0.16066237817968165,0.003775482821343161,0.003883268726613844,0.0038293757739785023,9334961328.384472,9334864728.58556,0.0010348280529040442,0.0010348280529040442,9347314655.153704,9347005457.58388,309197.56982421875,0.003307985335274894,0.9048,0.09519999999999995,0.48000000000000265,0.48000000000000265
formal-run-01-CCP30-solution-0225,dbe4c2155fa1f5b5a8371a5ec243e0519f4749bdba2baa7f670fdeb3864aeadd,930002,5000,makespan,independent_oos_baseline,930001,930002,20,0.5,0.038042512347882446,0.0014472327457387883,1.260506378408791,0.02271101834280631,55.50197526955259,oos_iqr,0.017199999999999993,0.44712245653760074,0.006549477642002715,0.005422369224406819,0.005985923433204767,509.3840688390975,508.46816061766685,0.1801308896741995,0.1801308896741995,572.8663179647964,571.9867647198453,0.8795532449511256,0.15377160787661304,0.9128,0.08720000000000006,1.2799999999999923,1.2799999999999923
formal-run-01-CCP30-solution-0226,36631416dc2c66a480797060d630a68ca5cce8fe587cd120de376210bc66d6b1,930002,5000,cost,independent_oos_baseline,930001,930002,20,0.5,0.03281459731021392,0.0010767977966314986,13757.928630996266,0.043794536926602075,314147.14246331714,oos_iqr,0.022199999999999998,0.16801422440099156,0.0048781247661569705,0.004011477322851042,0.004444801044504006,11972161.919783698,11958653.62748786,0.11295830380761221,0.11295830380761221,12332317.990401443,12304248.710449219,28069.279952224344,0.22812672770818493,0.914,0.08599999999999997,1.4000000000000012,1.4000000000000012
formal-run-01-CCP30-solution-0226,36631416dc2c66a480797060d630a68ca5cce8fe587cd120de376210bc66d6b1,930002,5000,emission,independent_oos_baseline,930001,930002,20,0.5,0.02760010966463613,0.0007617660534999407,219342.8406981888,0.021385604188369475,10256565.059661865,oos_iqr,0.01959999999999995,0.2893512907607346,0.0031176577933735724,0.0029872061055279376,0.003052431949450755,9406434725.57322,9406315358.29356,0.0012690120957301837,0.0012690120957301837,9418807782.845219,9418570261.55277,237521.29244804382,0.0025218402140887723,0.9034,0.09660000000000002,0.33999999999999586,0.33999999999999586
formal-run-01-CCP30-solution-0226,36631416dc2c66a480797060d630a68ca5cce8fe587cd120de376210bc66d6b1,930002,5000,makespan,independent_oos_baseline,930001,930002,20,0.5,0.02882668530027707,0.0008309777854012101,2.1891393390019167,0.039572947394037515,55.319087486815704,oos_iqr,0.020399999999999974,0.24666489084878618,0.00381854350321988,0.0030495802316224028,0.0034340618674211414,525.0981978226672,522.9154200737655,0.41742462836413774,0.41742462836413774,577.7330332471454,575.2731689991543,2.4598642479910495,0.42759933550710505,0.9138,0.08620000000000005,1.3799999999999923,1.3799999999999923
formal-run-01-CCP30-solution-0228,d504c3a1e72187a7f4c06539eb4520653cdd3d57d02b5ba04edd7a19d484de40,930002,5000,cost,independent_oos_baseline,930001,930002,20,0.5,0.03531015840254171,0.0012468072864125867,9647.232439742013,0.03662700035330756,263391.2782014329,oos_iqr,0.022800000000000042,0.14672889406685674,0.005989242300820142,0.004582867664717407,0.0052860549827687744,11695236.503138382,11686554.767665759,0.07428823674059866,0.07428823674059866,11977623.491141867,11958281.480551995,19342.010589871556,0.16174573764071262,0.9106,0.08940000000000003,1.0599999999999943,1.0599999999999943
formal-run-01-CCP30-solution-0228,d504c3a1e72187a7f4c06539eb4520653cdd3d57d02b5ba04edd7a19d484de40,930002,5000,emission,independent_oos_baseline,930001,930002,20,0.5,0.03377002786644731,0.0011404147821006277,286409.2978645152,0.028238241983438175,10142603.708562851,oos_iqr,0.022800000000000042,0.14672889406685674,0.004610102167942252,0.004524662217981404,0.004567382192961828,9823218990.9582,9823158526.957956,0.0006155250378807147,0.0006155250378807147,9835396366.035622,9835137525.541647,258840.49397468567,0.002631793335908952,0.9048,0.09519999999999995,0.48000000000000265,0.48000000000000265
formal-run-01-CCP30-solution-0228,d504c3a1e72187a7f4c06539eb4520653cdd3d57d02b5ba04edd7a19d484de40,930002,5000,makespan,independent_oos_baseline,930001,930002,20,0.5,0.03728145251091474,0.001389906701323591,1.951764105927424,0.036968808565472085,52.79488795184818,oos_iqr,0.020600000000000063,0.23676066509225802,0.00602475599398807,0.00536977317323989,0.0056972645836139806,509.9109271866521,508.0550385633122,0.36529282901867927,0.36529282901867927,571.8810011343159,571.0053292634379,0.875671870877909,0.15335616429490637,0.913,0.08699999999999997,1.3000000000000012,1.3000000000000012
formal-run-01-CCP30-solution-0229,9f4cc796c260ad1b975537950f3c3ff541c0325dcffb1101b13710f1189dc6c4,930002,5000,cost,independent_oos_baseline,930001,930002,20,0.5,0.03444367929011814,0.0011863670430405137,12891.32840141762,0.04346029937447485,296623.0924996566,oos_iqr,0.023400000000000087,0.12766930748504346,0.005499043471006722,0.004369584525507308,0.0049343139982570144,11873583.916856956,11861286.963662025,0.10367300978893625,0.10367300978893625,12215362.822564334,12184763.987697745,30598.834866588935,0.2511237386089941,0.9146,0.08540000000000003,1.4599999999999946,1.4599999999999946
formal-run-01-CCP30-solution-0229,9f4cc796c260ad1b975537950f3c3ff541c0325dcffb1101b13710f1189dc6c4,930002,5000,emission,independent_oos_baseline,930001,930002,20,0.5,0.037775860950264875,0.0014270156705337468,252575.5541442703,0.02485173261777234,10163297.586891174,oos_iqr,0.02400000000000002,0.11067945593694506,0.005826567475926506,0.005620825894472799,0.0057236966851996526,9527238306.7267,9527103163.759237,0.0014185105917254967,0.0014185105917254967,9539667346.998316,9539123742.676533,543604.3217830658,0.005698681938164466,0.9064,0.09360000000000002,0.6399999999999961,0.6399999999999961
formal-run-01-CCP30-solution-0229,9f4cc796c260ad1b975537950f3c3ff541c0325dcffb1101b13710f1189dc6c4,930002,5000,makespan,independent_oos_baseline,930001,930002,20,0.5,0.0357443835364961,0.0012776609544041338,1.9666744203822795,0.04118541044268484,47.751725653412564,oos_iqr,0.02059999999999995,0.23676066509226357,0.005563336879976736,0.004861407332699045,0.005212372106337891,516.4101314651201,514.4439404846249,0.3821973252601559,0.3821973252601559,574.1021965691265,572.8735089276622,1.228687641464262,0.21447799947394855,0.9098,0.09019999999999995,0.9800000000000031,0.9800000000000031
formal-run-01-CCP30-solution-0230,5cce2f058f1244b7803fb31b783b9e1967d0a116847f1c3d2e735d3cfb77066e,930002,5000,cost,independent_oos_baseline,930001,930002,20,0.5,0.03212250087802592,0.001031855062658776,12967.010399699082,0.03752722924954621,345536.04566625133,oos_iqr,0.022800000000000042,0.14672889406685674,0.004844757938678564,0.0037617977372360672,0.004303277837957316,11855747.351622073,11843087.618347965,0.1068955468546449,0.1068955468546449,12224969.550236953,12203482.523647895,21487.02658905834,0.17607290826549554,0.9098,0.09019999999999995,0.9800000000000031,0.9800000000000031
formal-run-01-CCP30-solution-0230,5cce2f058f1244b7803fb31b783b9e1967d0a116847f1c3d2e735d3cfb77066e,930002,5000,emission,independent_oos_baseline,930001,930002,20,0.5,0.03475420767029875,0.0012078549507902525,260359.39091367883,0.025234552415469288,10317575.149621964,oos_iqr,0.021399999999999975,0.20011475900980857,0.004939149471610175,0.0047603155119339165,0.004849732491772046,9308895413.302523,9308813827.002985,0.0008764414140606545,0.0008764414140606545,9321099638.866896,9320804866.026907,294772.8399887085,0.003162525599727082,0.9054,0.09460000000000002,0.539999999999996,0.539999999999996
formal-run-01-CCP30-solution-0230,5cce2f058f1244b7803fb31b783b9e1967d0a116847f1c3d2e735d3cfb77066e,930002,5000,makespan,independent_oos_baseline,930001,930002,20,0.5,0.04381441841110196,0.0019197032607031102,2.3467811898993114,0.046660929062952404,50.294351977714825,oos_iqr,0.023800000000000043,0.11612252501738375,0.009094437571287533,0.0071700151408494225,0.008132226356068478,518.6029154278407,516.3191692806121,0.44231287217372883,0.44231287217372883,575.1557752210986,573.535988741229,1.6197864798696173,0.28242107063318767,0.912,0.08799999999999997,1.200000000000001,1.200000000000001
formal-run-01-CCP30-solution-0231,1ce54c05e5afa79f72321c5353773029b0d7dd3d2caf8ce1c2badb214e7ee69e,930002,5000,cost,independent_oos_baseline,930001,930002,20,0.5,0.03705822316535812,0.001373311904173485,13556.095973417723,0.04477973984887087,302728.33248180524,oos_iqr,0.022800000000000042,0.14672889406685674,0.006429964995890024,0.0050447514109430314,0.005737358203416528,11791193.813970441,11779856.995757809,0.09623901390920732,0.09623901390920732,12134505.996359838,12105778.634444715,28727.361915122718,0.23730288470156238,0.9128,0.08720000000000006,1.2799999999999923,1.2799999999999923
formal-run-01-CCP30-solution-0231,1ce54c05e5afa79f72321c5353773029b0d7dd3d2caf8ce1c2badb214e7ee69e,930002,5000,emission,independent_oos_baseline,930001,930002,20,0.5,0.02724526384207846,0.0007423044018244681,261952.992778162,0.025808942311905243,10149698.87616539,oos_iqr,0.02279999999999993,0.14672889406686074,0.0029930033640976923,0.0029499988085589035,0.002971501086328298,9525817094.925234,9525753605.354467,0.0006665044404545716,0.0006665044404545716,9538208743.254433,9537954733.726387,254009.5280456543,0.002663144616816767,0.9034,0.09660000000000002,0.33999999999999586,0.33999999999999586
formal-run-01-CCP30-solution-0231,1ce54c05e5afa79f72321c5353773029b0d7dd3d2caf8ce1c2badb214e7ee69e,930002,5000,makespan,independent_oos_baseline,930001,930002,20,0.5,0.03062316200591932,0.0009377780512407805,2.0302269290259094,0.03872788078387965,52.42287695408794,oos_iqr,0.022199999999999998,0.16801422440099156,0.004224008876806832,0.0034777383470271294,0.0038508736119169805,513.9207786537701,511.93713047825804,0.3874788635977393,0.3874788635977393,573.442812766696,572.4820403675164,0.9607723991795183,0.16782577119148245,0.9124,0.08760000000000001,1.2399999999999967,1.2399999999999967
formal-run-01-CCP30-solution-0232,6d013f65b83882a790ead7fb91aa1477f82adad8e0106e4cf7dd53687385f5ef,930002,5000,cost,independent_oos_baseline,930001,930002,20,0.5,0.035731337819764245,0.0012767285023901147,14806.248564983252,0.04457470539729416,332167.0537811797,oos_iqr,0.0232,0.13378475057842076,0.0060051486489382105,0.00465812174419751,0.0053316351965678604,11840760.929534057,11827564.152399963,0.11157645787460467,0.11157645787460467,12225013.818615053,12193425.699884528,31588.118730524555,0.2590586067279165,0.9152,0.08479999999999999,1.5199999999999991,1.5199999999999991
formal-run-01-CCP30-solution-0232,6d013f65b83882a790ead7fb91aa1477f82adad8e0106e4cf7dd53687385f5ef,930002,5000,emission,independent_oos_baseline,930001,930002,20,0.5,0.0311920227538247,0.0009729422834751179,225961.05360785418,0.0221567256054992,10198305.364749908,oos_iqr,0.022400000000000087,0.16066237817967755,0.004010553075018452,0.0038271138385321075,0.00391883345677528,9368488365.866705,9368389818.2258,0.001051916527999935,0.001051916527999935,9380730855.894716,9380478167.462309,252688.43240737915,0.0026937692076707716,0.9038,0.09619999999999995,0.38000000000000256,0.38000000000000256
formal-run-01-CCP30-solution-0232,6d013f65b83882a790ead7fb91aa1477f82adad8e0106e4cf7dd53687385f5ef,930002,5000,makespan,independent_oos_baseline,930001,930002,20,0.5,0.035815971759166745,0.00128278383305343,2.1921939354064968,0.04223360618348223,51.90638767342284,oos_iqr,0.02200000000000002,0.17563013054961474,0.006018034079201956,0.004670052506542825,0.005344043292872391,518.0607018061902,515.9748821868222,0.4042482863754456,0.4042482863754456,573.12322759628,572.2316175467257,0.8916100495542878,0.15581279017346208,0.9154,0.08460000000000001,1.539999999999997,1.539999999999997
formal-run-01-CCP30-solution-0233,7ce584a28a1d3d58633b59c6e7a48c7a8af6b417ef9aaf65f27eb06da029626c,930002,5000,cost,independent_oos_baseline,930001,930002,20,0.5,0.03953466361803287,0.001562989627391012,12256.777555835755,0.03981941403836153,307809.0889039133,oos_iqr,0.019799999999999984,0.278214354947947,0.0067041121481551825,0.006229278869677162,0.006466695508916173,11930959.528222967,11919337.979540635,0.09750162888476066,0.09750162888476066,12271768.716404593,12242521.486632656,29247.229771936312,0.23889874160213423,0.9138,0.08620000000000005,1.3799999999999923,1.3799999999999923
formal-run-01-CCP30-solution-0233,7ce584a28a1d3d58633b59c6e7a48c7a8af6b417ef9aaf65f27eb06da029626c,930002,5000,emission,independent_oos_baseline,930001,930002,20,0.5,0.03271925882744998,0.0010705498982176633,260046.81303700944,0.025627704290895826,10147097.456926346,oos_iqr,0.02079999999999993,0.2271573830325644,0.0043484432321727155,0.004230809428662342,0.004289626330417529,9435319915.765997,9435223698.084793,0.0010197710651351371,0.0010197710651351371,9447500236.490856,9447124490.342632,375746.14822387695,0.003977359974540245,0.9056,0.09440000000000004,0.5599999999999938,0.5599999999999938
formal-run-01-CCP30-solution-0233,7ce584a28a1d3d58633b59c6e7a48c7a8af6b417ef9aaf65f27eb06da029626c,930002,5000,makespan,independent_oos_baseline,930001,930002,20,0.5,0.02904344172095303,0.0008435215069983952,2.0819601058837995,0.03660200271894871,56.88104341913447,oos_iqr,0.01780000000000001,0.40362483408775474,0.003879077891211915,0.0030987514911714727,0.003488914691191694,520.8304629829186,518.7527588886006,0.4005191410970622,0.4005191410970622,577.7052290053015,575.4335837995658,2.2716452057356946,0.39477105085457626,0.914,0.08599999999999997,1.4000000000000012,1.4000000000000012
formal-run-01-CCP30-solution-0234,7a56172a2bb10339830d203c08737b4d6246c5b26da473cea3c18cee076408c9,930002,5000,cost,independent_oos_baseline,930001,930002,20,0.5,0.03881266756992962,0.0015064231638938662,10110.129289083121,0.03663417950054347,275975.3166829664,oos_iqr,0.02699999999999997,0.05131828044730586,0.007335357827043903,0.00547735216814896,0.006406354997596431,11736382.388775585,11726677.874923652,0.08275586620048062,0.08275586620048062,12034837.553412039,12006861.470302116,27976.083109922707,0.23300079857770503,0.9138,0.08620000000000005,1.3799999999999923,1.3799999999999923
formal-run-01-CCP30-solution-0234,7a56172a2bb10339830d203c08737b4d6246c5b26da473cea3c18cee076408c9,930002,5000,emission,independent_oos_baseline,930001,930002,20,0.5,0.031198999775844827,0.0009733775870131655,265760.67830139195,0.02602888669174141,10210220.723182678,oos_iqr,0.02100000000000002,0.2178513612898525,0.003930005804039618,0.003903048732890664,0.003916527268465141,9740405765.797613,9740328008.09338,0.0007983068349295789,0.0007983068349295789,9752673747.26053,9752277836.38848,395910.872051239,0.00405967589001602,0.9056,0.09440000000000004,0.5599999999999938,0.5599999999999938
formal-run-01-CCP30-solution-0234,7a56172a2bb10339830d203c08737b4d6246c5b26da473cea3c18cee076408c9,930002,5000,makespan,independent_oos_baseline,930001,930002,20,0.5,0.04019108913071292,0.0016153236455129102,1.8132079661815812,0.03484278681924104,52.039694057430665,oos_iqr,0.02080000000000004,0.22715738303255884,0.007065268332014623,0.006202130785573771,0.0066336995587941965,514.2195480089266,512.4566523696866,0.3440087334388353,0.3440087334388353,572.4149308322069,571.7231058095942,0.6918250226126474,0.12100700769002184,0.9158,0.08420000000000005,1.5799999999999925,1.5799999999999925
formal-run-01-CCP30-solution-0235,63b783ecce4c18385619f9278ad004abfb50393c0357cb5861212696539dd8b4,930002,5000,cost,independent_oos_baseline,930001,930002,20,0.5,0.04219669461971013,0.001780561036829074,12734.204889547495,0.04139786243165024,307605.3723926507,oos_iqr,0.02300000000000002,0.1401360148439318,0.008832613115954912,0.006504869564413047,0.00766874134018398,11745202.814637067,11733966.441890875,0.0957593734551471,0.0957593734551471,12097040.843198348,12072372.252226245,24668.59097210318,0.20433921731956275,0.9112,0.08879999999999999,1.1199999999999988,1.1199999999999988
formal-run-01-CCP30-solution-0235,63b783ecce4c18385619f9278ad004abfb50393c0357cb5861212696539dd8b4,930002,5000,emission,independent_oos_baseline,930001,930002,20,0.5,0.030453497043311555,0.0009274154821669856,230125.67820697906,0.022558822663520394,10201138.669311523,oos_iqr,0.020000000000000018,0.26738904394377594,0.0038262240412305555,0.0036149622677505277,0.0037205931544905414,10157910309.347279,10157826979.541159,0.0008203507136689084,0.0008203507136689084,10170344208.401321,10169747748.930588,596459.4707336426,0.005865037024112658,0.908,0.09199999999999997,0.8000000000000007,0.8000000000000007
formal-run-01-CCP30-solution-0235,63b783ecce4c18385619f9278ad004abfb50393c0357cb5861212696539dd8b4,930002,5000,makespan,independent_oos_baseline,930001,930002,20,0.5,0.03712104995173778,0.0013779723495194113,2.0506874595232505,0.03935652556274504,52.10539879222557,oos_iqr,0.022399999999999975,0.16066237817968165,0.006392910701571807,0.0050790051788569416,0.005735957940214374,502.06671892908065,500.19517007787806,0.3741637191161199,0.3741637191161199,571.4971898733315,561.4308751718597,10.06631470147181,1.7929749051279749,0.911,0.08899999999999997,1.100000000000001,1.100000000000001
formal-run-01-CCP30-solution-0236,445b1b0ca3dfac01f211ae1e212c51441f52537b6832a299a436796227076194,930002,5000,cost,independent_oos_baseline,930001,930002,20,0.5,0.04188263950596215,0.0017541554919863816,10932.624400761004,0.03853768249850018,283686.60728850216,oos_iqr,0.023399999999999976,0.1276693074850469,0.007866694316861409,0.006633308530038466,0.007250001423449937,11727877.618377823,11718033.961094558,0.0840043416493535,0.0840043416493535,12041337.631863851,12011173.359115923,30164.272747928277,0.25113510434045144,0.9166,0.08340000000000003,1.6599999999999948,1.6599999999999948
formal-run-01-CCP30-solution-0236,445b1b0ca3dfac01f211ae1e212c51441f52537b6832a299a436796227076194,930002,5000,emission,independent_oos_baseline,930001,930002,20,0.5,0.03924479654753996,0.0015401540560578048,270258.98715530627,0.026457061386866956,10215003.972038269,oos_iqr,0.02180000000000004,0.18351543091287947,0.006206475122678159,0.006133766131550165,0.006170120627114162,9569170912.688112,9569129961.539484,0.00042795059522471605,0.00042795059522471605,9581438143.34273,9581089567.824505,348575.5182247162,0.0036381615656251947,0.904,0.09599999999999997,0.40000000000000036,0.40000000000000036
formal-run-01-CCP30-solution-0236,445b1b0ca3dfac01f211ae1e212c51441f52537b6832a299a436796227076194,930002,5000,makespan,independent_oos_baseline,930001,930002,20,0.5,0.034479774224506134,0.0011888548305729176,1.7069793297705638,0.030792590796128685,55.43474211287116,oos_iqr,0.020199999999999996,0.25687337890743356,0.005116203598571121,0.004566584705649606,0.004841394152110363,521.9613221534798,520.5357653674342,0.2738633694150365,0.2738633694150365,574.9097146555749,573.7621223533155,1.1475923022594543,0.2000118616322291,0.915,0.08499999999999996,1.5000000000000013,1.5000000000000013
formal-run-01-CCP30-solution-0237,15d8fa7b9f697445878daabc4af4a59fc9069411b0fd433915fe212a4d5dccc9,930002,5000,cost,independent_oos_baseline,930001,930002,20,0.5,0.03646652281412611,0.0013298072861531798,12592.726861438703,0.038083966816309996,330656.9119277168,oos_iqr,0.023800000000000043,0.11612252501738375,0.005970825056245936,0.005033414206776767,0.005502119631511352,11833637.170871466,11821586.810618246,0.10193521771879806,0.10193521771879806,12194374.841042541,12168698.911099125,25675.929943416268,0.21099979653533163,0.9118,0.08819999999999995,1.1800000000000033,1.1800000000000033
formal-run-01-CCP30-solution-0237,15d8fa7b9f697445878daabc4af4a59fc9069411b0fd433915fe212a4d5dccc9,930002,5000,emission,independent_oos_baseline,930001,930002,20,0.5,0.03543528613982156,0.00125565950381103,264019.04039707524,0.026142987487617318,10099038.624492645,oos_iqr,0.0232,0.13378475057842076,0.005192142056200245,0.004902218654970465,0.005047180355585355,9336236185.701908,9336142150.75616,0.0010072141600774504,0.0010072141600774504,9348338911.129528,9347841835.267008,497075.8625202179,0.0053175467801014585,0.9068,0.09319999999999995,0.6800000000000028,0.6800000000000028
formal-run-01-CCP30-solution-0237,15d8fa7b9f697445878daabc4af4a59fc9069411b0fd433915fe212a4d5dccc9,930002,5000,makespan,independent_oos_baseline,930001,930002,20,0.5,0.04204561480861647,0.0017678337246345485,2.384487611760393,0.039000989397160166,61.13915694492658,oos_iqr,0.02679999999999999,0.0541689222373542,0.007518550797897743,0.007633664794338693,0.0075761077961182186,516.5824685201684,514.2423268446645,0.4550659394108529,0.4550659394108529,576.2606802258795,573.2711549763403,2.989525249539156,0.5214853780079931,0.916,0.08399999999999996,1.6000000000000014,1.6000000000000014
formal-run-01-CCP30-solution-0238,c71d56ec33eced559c3beccbffe2a258b45a3dac0f27f5ae4c0863618bcf4492,930002,5000,cost,independent_oos_baseline,930001,930002,20,0.5,0.03763166818620579,0.0014161424504766928,12132.317055396816,0.035967291237268155,337315.2839162294,oos_iqr,0.023399999999999976,0.1276693074850469,0.0065802811732756355,0.005205509925795684,0.00589289554953566,11939851.51329355,11928088.517304543,0.09861593474881558,0.09861593474881558,12308737.790516123,12277567.137072625,31170.653443498537,0.2538829810132127,0.9126,0.08740000000000003,1.2599999999999945,1.2599999999999945
formal-run-01-CCP30-solution-0238,c71d56ec33eced559c3beccbffe2a258b45a3dac0f27f5ae4c0863618bcf4492,930002,5000,emission,independent_oos_baseline,930001,930002,20,0.5,0.031740909973490744,0.0010074853659452444,223175.33132272575,0.021598111032667275,10333094.916734695,oos_iqr,0.01959999999999995,0.2893512907607346,0.004084550033226898,0.00399618710604094,0.004040368569633919,9272186521.45555,9272098708.400343,0.0009470677348024983,0.0009470677348024983,9284610481.65197,9284061829.158255,548652.4937152863,0.005909616973813607,0.9082,0.09179999999999999,0.8199999999999985,0.8199999999999985
formal-run-01-CCP30-solution-0238,c71d56ec33eced559c3beccbffe2a258b45a3dac0f27f5ae4c0863618bcf4492,930002,5000,makespan,independent_oos_baseline,930001,930002,20,0.5,0.03865310795899289,0.0014940627548895597,1.9418995178454517,0.03107231166209974,62.496139294781585,oos_iqr,0.024399999999999977,0.10042462289139976,0.006533334199789897,0.006123643505823371,0.0063284888528066345,521.949896333962,520.1983199592919,0.33671319330811444,0.33671319330811444,575.8933009368153,574.1245657356735,1.7687352011417943,0.30807516464225265,0.9154,0.08460000000000001,1.539999999999997,1.539999999999997
formal-run-01-CCP30-solution-0239,ef9ad047308cc7033ff14602b5402fb70560bcf3d2234f4373047813fe504e7a,930002,5000,cost,independent_oos_baseline,930001,930002,20,0.5,0.03559865539372912,0.0012672642658414792,12995.913136871417,0.039303435566929085,330655.9070323743,oos_iqr,0.024600000000000066,0.09560116579888145,0.006069412312317677,0.004620105779445168,0.005344759045881423,11926094.826976715,11913736.34561105,0.10373304400190728,0.10373304400190728,12286169.172619049,12260090.711344061,26078.461274987087,0.21271018207766695,0.9112,0.08879999999999999,1.1199999999999988,1.1199999999999988
formal-run-01-CCP30-solution-0239,ef9ad047308cc7033ff14602b5402fb70560bcf3d2234f4373047813fe504e7a,930002,5000,emission,independent_oos_baseline,930001,930002,20,0.5,0.03627578870737413,0.0013159328463420523,256788.70954025758,0.02521957633175279,10182118.294229507,oos_iqr,0.02279999999999993,0.14672889406686074,0.005327343116597678,0.0052289789972106825,0.00527816105690418,9302643446.549818,9302562415.940613,0.0008710568720978874,0.0008710568720978874,9314810207.378565,9314586222.906872,223984.47169303894,0.002404663678373664,0.9032,0.0968,0.31999999999999806,0.31999999999999806
formal-run-01-CCP30-solution-0239,ef9ad047308cc7033ff14602b5402fb70560bcf3d2234f4373047813fe504e7a,930002,5000,makespan,independent_oos_baseline,930001,930002,20,0.5,0.0438056833262608,0.0019189378916806437,2.2850961423260925,0.03984203803764151,57.35389691077563,oos_iqr,0.023399999999999976,0.1276693074850469,0.008576554952524346,0.00750722469162447,0.008041889822074409,521.3533999877609,519.1044750719738,0.43323165639736194,0.43323165639736194,574.779928385707,572.7415744418269,2.038353943880111,0.3558941824446072,0.917,0.08299999999999996,1.7000000000000015,1.7000000000000015
formal-run-01-CCP30-solution-0240,e978119fd64fa5e369a9a78932fc8c1fade49d6c936cda76530e602fb902f4ed,930002,5000,cost,independent_oos_baseline,930001,930002,20,0.5,0.04075700105553132,0.0016611331350405811,11205.615923445672,0.04097310949450418,273487.0763213299,oos_iqr,0.020600000000000063,0.23676066509225802,0.007537557332585463,0.006211068479153686,0.006874312905869574,11719059.48078863,11709300.423065104,0.08334449856886768,0.08334449856886768,12024170.014903402,11995772.502519745,28397.512383656576,0.23672933425247603,0.9164,0.08360000000000001,1.639999999999997,1.639999999999997
formal-run-01-CCP30-solution-0240,e978119fd64fa5e369a9a78932fc8c1fade49d6c936cda76530e602fb902f4ed,930002,5000,emission,independent_oos_baseline,930001,930002,20,0.5,0.03849697514434963,0.0014820170952646733,282330.75091162755,0.027963396061432434,10096440.013629913,oos_iqr,0.02400000000000002,0.11067945593694506,0.006040609503831115,0.005839967028555564,0.005940288266193339,9724364723.542551,9724297729.218504,0.0006889374010607617,0.0006889374010607617,9736611960.594755,9736257344.294195,354616.30055999756,0.003642223988335885,0.9048,0.09519999999999995,0.48000000000000265,0.48000000000000265
formal-run-01-CCP30-solution-0240,e978119fd64fa5e369a9a78932fc8c1fade49d6c936cda76530e602fb902f4ed,930002,5000,makespan,independent_oos_baseline,930001,930002,20,0.5,0.036935129859573736,0.0013642038177435751,1.9878936054092176,0.03754942489083921,52.94072042882863,oos_iqr,0.020199999999999996,0.25687337890743356,0.006169304099433572,0.00514724032841155,0.005658272213922561,513.1940271346198,511.26824816128516,0.3766670393204445,0.3766670393204445,573.3494320386623,572.4182364813093,0.9311955573529076,0.16267747915877467,0.9118,0.08819999999999995,1.1800000000000033,1.1800000000000033
formal-run-01-CCP30-solution-0241,f5a4713d49e3f26c1869aa9e3922efe7e0b14808d9316f0a858ea14758de6b51,930002,5000,cost,independent_oos_baseline,930001,930002,20,0.5,0.03808063119088765,0.0014501344718964055,13265.551136874506,0.042897162572627184,309240.7595587522,oos_iqr,0.02300000000000002,0.1401360148439318,0.006620434741514645,0.005385371146966099,0.006002902944240373,11848301.070733521,11836590.549797796,0.09893491615223161,0.09893491615223161,12204444.705910956,12169563.77421095,34880.93170000613,0.28662433877805726,0.915,0.08499999999999996,1.5000000000000013,1.5000000000000013
formal-run-01-CCP30-solution-0241,f5a4713d49e3f26c1869aa9e3922efe7e0b14808d9316f0a858ea14758de6b51,930002,5000,emission,independent_oos_baseline,930001,930002,20,0.5,0.024882567787417487,0.0006191421796954263,231767.76427750287,0.02319032662184348,9994156.962808609,oos_iqr,0.023799999999999932,0.11612252501738683,0.0025133750895014913,0.0024442555332813897,0.0024788153113914405,9400904756.189478,9400817172.199522,0.0009316635814906499,0.0009316635814906499,9413099282.172249,9412862064.804533,237217.36771583557,0.0025201406977247744,0.9026,0.09740000000000004,0.25999999999999357,0.25999999999999357
formal-run-01-CCP30-solution-0241,f5a4713d49e3f26c1869aa9e3922efe7e0b14808d9316f0a858ea14758de6b51,930002,5000,makespan,independent_oos_baseline,930001,930002,20,0.5,0.0369560825976927,0.0013657520409674855,1.943153303478886,0.03674910870259118,52.87620222859647,oos_iqr,0.01739999999999997,0.43234344883612785,0.0063697785704606835,0.005049664231364793,0.005709721400912738,513.2123043709081,511.3082322671535,0.37239222519689713,0.37239222519689713,573.5732303554099,572.412897748526,1.1603326068839124,0.20270902550376718,0.9114,0.08860000000000001,1.1399999999999966,1.1399999999999966
formal-run-01-CCP30-solution-0242,edd238644efad266f4ae1eed2846f92cd017e85ac450f97c13871b35d89e0ef7,930002,5000,cost,independent_oos_baseline,930001,930002,20,0.5,0.03944444223465504,0.0015558640232030384,9625.51973818726,0.03557592047369479,270562.7742029745,oos_iqr,0.020400000000000085,0.24666489084878074,0.007228565182450071,0.005876779656024147,0.006552672419237109,11677983.816794956,11668972.19349304,0.077227224064695,0.077227224064695,11973312.498832906,11950194.964135313,23117.53469759226,0.19344901708275172,0.9114,0.08860000000000001,1.1399999999999966,1.1399999999999966
formal-run-01-CCP30-solution-0242,edd238644efad266f4ae1eed2846f92cd017e85ac450f97c13871b35d89e0ef7,930002,5000,emission,independent_oos_baseline,930001,930002,20,0.5,0.03242690711213762,0.0010515043048592017,257143.647197542,0.025275137969646613,10173778.181007385,oos_iqr,0.01959999999999995,0.2893512907607346,0.004232176420574338,0.004221851331509005,0.0042270138760416714,9781723332.049107,9781677704.388952,0.0004664604736861236,0.0004664604736861236,9793831287.999619,9793745549.611135,85738.38848304749,0.0008754402291618835,0.9022,0.0978,0.21999999999999797,0.21999999999999797
formal-run-01-CCP30-solution-0242,edd238644efad266f4ae1eed2846f92cd017e85ac450f97c13871b35d89e0ef7,930002,5000,makespan,independent_oos_baseline,930001,930002,20,0.5,0.032459664984078235,0.0010536298508785947,1.6446122695029346,0.03339784063058795,49.24307196066712,oos_iqr,0.019400000000000084,0.3008012928035292,0.0045019209654649905,0.004087613360439292,0.004294767162952141,518.6517370933719,517.1822035547532,0.28414232518408206,0.28414232518408206,573.1722153565614,572.8550476120045,0.3171677445569685,0.0553661429499678,0.9136,0.08640000000000003,1.3599999999999945,1.3599999999999945
formal-run-01-CCP30-solution-0243,09cd15850fb84449f5b84483cfff22569e3493280a26f574ecf54c0cc0f5a96a,930002,5000,cost,independent_oos_baseline,930001,930002,20,0.5,0.034026576729514715,0.0011578079239295525,13290.32883455778,0.04527792607528488,293527.7736100275,oos_iqr,0.02279999999999993,0.14672889406686074,0.005231007063167631,0.00430581015274301,0.004768408607955321,11862804.616948605,11850672.775259582,0.10237259874688015,0.10237259874688015,12204193.358784962,12168422.408843042,35770.94994192012,0.2939653863094417,0.9164,0.08360000000000001,1.639999999999997,1.639999999999997
formal-run-01-CCP30-solution-0243,09cd15850fb84449f5b84483cfff22569e3493280a26f574ecf54c0cc0f5a96a,930002,5000,emission,independent_oos_baseline,930001,930002,20,0.5,0.029417232206111914,0.0008653735506683081,261163.17891355103,0.025922713129324888,10074685.377670288,oos_iqr,0.02100000000000002,0.2178513612898525,0.00357644953658162,0.0033780518372449374,0.0034772506869132787,9539619185.409475,9539517058.693127,0.0010705648485169646,0.0010705648485169646,9552046264.199408,9551545911.58964,500352.6097679138,0.005238446366684965,0.9064,0.09360000000000002,0.6399999999999961,0.6399999999999961
formal-run-01-CCP30-solution-0243,09cd15850fb84449f5b84483cfff22569e3493280a26f574ecf54c0cc0f5a96a,930002,5000,makespan,independent_oos_baseline,930001,930002,20,0.5,0.03346377145549842,0.001119824000025831,2.1439730963447077,0.04769166745779447,44.954878087289615,oos_iqr,0.020399999999999974,0.24666489084878618,0.004903970111409316,0.004212063679689387,0.0045580168955493515,521.6729361753395,519.5456674880174,0.4094478734867144,0.4094478734867144,578.5044105074788,576.3566412774876,2.1477692299912405,0.3726458717003305,0.9122,0.08779999999999999,1.2199999999999989,1.2199999999999989
formal-run-01-CCP30-solution-0244,2d48c9a4a6d0fa4c51c5b2c078821894dd0bf92c60ac2814902a5b0cab59ba75,930002,5000,cost,independent_oos_baseline,930001,930002,20,0.5,0.0419050039774833,0.0017560293583528909,12873.781848378516,0.0384295735498934,334996.7397286985,oos_iqr,0.022600000000000064,0.15356912653670052,0.009156079467327622,0.0062861483510978115,0.007721113909212717,11811690.853758706,11799569.909710495,0.10272360891930483,0.10272360891930483,12178649.671233352,12148648.164456272,30001.506777079776,0.2469534582856407,0.9136,0.08640000000000003,1.3599999999999945,1.3599999999999945
formal-run-01-CCP30-solution-0244,2d48c9a4a6d0fa4c51c5b2c078821894dd0bf92c60ac2814902a5b0cab59ba75,930002,5000,emission,independent_oos_baseline,930001,930002,20,0.5,0.03370425534558305,0.0011359768284002637,268634.22173000977,0.025819460845836372,10404331.18778038,oos_iqr,0.02180000000000004,0.18351543091287947,0.004564414179907978,0.00453641532059667,0.004550414750252325,9781905019.726679,9781825805.96824,0.0008098054495079969,0.0008098054495079969,9794334592.440273,9793860284.831709,474307.60856437683,0.0048429076459153,0.9072,0.0928,0.7199999999999984,0.7199999999999984
formal-run-01-CCP30-solution-0244,2d48c9a4a6d0fa4c51c5b2c078821894dd0bf92c60ac2814902a5b0cab59ba75,930002,5000,makespan,independent_oos_baseline,930001,930002,20,0.5,0.038997423008752564,0.001520799001323584,2.112015192525371,0.044527636302834926,47.4315586428491,oos_iqr,0.023600000000000065,0.12178385194186107,0.006811833240092785,0.005668294975974577,0.006240064108033681,508.1840491988921,506.1299862378355,0.4058370412559178,0.4058370412559178,572.2342318752541,571.6268855032614,0.6073463719926622,0.10624874151221093,0.9152,0.08479999999999999,1.5199999999999991,1.5199999999999991
formal-run-01-CCP30-solution-0245,9e8176256b2e35619a538ad685d87e185ad3a5166298f1644a61ef134c4d2bb4,930002,5000,cost,independent_oos_baseline,930001,930002,20,0.5,0.03640174485147887,0.0013250870282321687,13482.511250117375,0.04290255607075717,314258.9273208175,oos_iqr,0.02300000000000002,0.1401360148439318,0.005931937438692001,0.004944515025932845,0.005438226232312424,12003282.523845853,11990134.063027158,0.10966066559038375,0.10966066559038375,12359873.659674203,12333354.62685231,26519.032821893692,0.21501881381206842,0.9114,0.08860000000000001,1.1399999999999966,1.1399999999999966
formal-run-01-CCP30-solution-0245,9e8176256b2e35619a538ad685d87e185ad3a5166298f1644a61ef134c4d2bb4,930002,5000,emission,independent_oos_baseline,930001,930002,20,0.5,0.02931835455008049,0.0008595659135242254,242919.77550754708,0.023606210484996178,10290502.81755066,oos_iqr,0.01860000000000006,0.3497390898533087,0.003478905861687617,0.003415704075909822,0.0034473049687987196,9387382982.341665,9387254971.300903,0.0013636685181483638,0.0013636685181483638,9399840693.236177,9399419801.733253,420891.50292396545,0.004477845567088652,0.9046,0.09540000000000004,0.45999999999999375,0.45999999999999375
formal-run-01-CCP30-solution-0245,9e8176256b2e35619a538ad685d87e185ad3a5166298f1644a61ef134c4d2bb4,930002,5000,makespan,independent_oos_baseline,930001,930002,20,0.5,0.02882668530027707,0.0008309777854012101,2.1891393390019167,0.039572947394037515,55.319087486815704,oos_iqr,0.020399999999999974,0.24666489084878618,0.00381854350321988,0.0030495802316224028,0.0034340618674211414,525.0981978226672,522.9154200737655,0.41742462836413774,0.41742462836413774,577.7330332471454,575.2731689991543,2.4598642479910495,0.42759933550710505,0.9138,0.08620000000000005,1.3799999999999923,1.3799999999999923
formal-run-01-CCP30-solution-0246,eb3eb2317fa3a34f5681d616d3f4b402e4cb44cbe2101730b71bddb21f1ead54,930002,5000,cost,independent_oos_baseline,930001,930002,20,0.5,0.03319635718950007,0.001101998130652873,14639.496813080848,0.04149283947118362,352819.83589597046,oos_iqr,0.02059999999999995,0.23676066509226357,0.0052112280628672635,0.003993599227521399,0.004602413645194332,11934528.640000403,11920151.03361938,0.12061597491905061,0.12061597491905061,12331026.5160206,12298886.888050068,32139.627970531583,0.2613214371599703,0.9144,0.08560000000000001,1.4399999999999968,1.4399999999999968
formal-run-01-CCP30-solution-0246,eb3eb2317fa3a34f5681d616d3f4b402e4cb44cbe2101730b71bddb21f1ead54,930002,5000,emission,independent_oos_baseline,930001,930002,20,0.5,0.034418782264335625,0.0011846525725597446,236617.65438491438,0.023126443059557515,10231476.313739777,oos_iqr,0.021200000000000108,0.20883858837879943,0.0048544401604235215,0.004657671204542902,0.004756055682483212,9314456903.841135,9314360371.131779,0.0010363858119071079,0.0010363858119071079,9326762480.174894,9326510991.648924,251488.52597045898,0.002696490962114825,0.9036,0.09640000000000004,0.35999999999999366,0.35999999999999366
formal-run-01-CCP30-solution-0246,eb3eb2317fa3a34f5681d616d3f4b402e4cb44cbe2101730b71bddb21f1ead54,930002,5000,makespan,independent_oos_baseline,930001,930002,20,0.5,0.03999651525677249,0.0015997212326852347,1.7429859265095022,0.036500055266452384,47.75296677732706,oos_iqr,0.01860000000000006,0.3497390898533087,0.0074256194426128175,0.006103289924616314,0.006764454683614566,513.6141776911261,512.1085421674712,0.29400710975886873,0.29400710975886873,572.5395392365978,571.8911795043956,0.6483597322021524,0.11337117190092438,0.9142,0.08579999999999999,1.419999999999999,1.419999999999999
formal-run-01-CCP30-solution-0248,8e27e24945c706d8c1aa8d9b838593e62362fa923654431c0b1e79721a4d9998,930002,5000,cost,independent_oos_baseline,930001,930002,20,0.5,0.04024952719202724,0.0016200244391817405,11055.281486152966,0.039269983233833385,281519.89320505224,oos_iqr,0.02440000000000009,0.10042462289139704,0.007352888895087808,0.006053464848948598,0.006703176872018202,11720630.248489274,11710446.15379325,0.08696589832937833,0.08696589832937833,12033946.861408658,12002597.383432634,31349.47797602415,0.2611891157766927,0.9178,0.08220000000000005,1.7799999999999927,1.7799999999999927
formal-run-01-CCP30-solution-0248,8e27e24945c706d8c1aa8d9b838593e62362fa923654431c0b1e79721a4d9998,930002,5000,emission,independent_oos_baseline,930001,930002,20,0.5,0.038050276816172186,0.0014478235657873306,268507.21013160975,0.026641397061984807,10078570.936309814,oos_iqr,0.022599999999999953,0.15356912653670451,0.005875263836846019,0.005738246282955693,0.005806755059900856,9623489118.53169,9623426545.027761,0.0006502206218996778,0.0006502206218996778,9635635764.78134,9635290283.94999,345480.83135032654,0.003585577820377785,0.9052,0.0948,0.5199999999999982,0.5199999999999982
formal-run-01-CCP30-solution-0248,8e27e24945c706d8c1aa8d9b838593e62362fa923654431c0b1e79721a4d9998,930002,5000,makespan,independent_oos_baseline,930001,930002,20,0.5,0.04158980799091129,0.0017297121287208688,1.8412418899859888,0.03589186025720637,51.299706306426515,oos_iqr,0.021199999999999997,0.2088385883788043,0.007448874214333146,0.006965401941896832,0.0072071380781149885,516.5052603051179,514.7190932678625,0.3470178317876876,0.3470178317876876,575.238419289416,573.1504669168033,2.0879523726126763,0.3642939320706785,0.9146,0.08540000000000003,1.4599999999999946,1.4599999999999946
formal-run-01-CCP30-solution-0250,9fe4984938dc49064f52e7efe953186725edf193af523afeda377103dea11936,930002,5000,cost,independent_oos_baseline,930001,930002,20,0.5,0.037636109651405805,0.0014164767496926411,11009.941257939277,0.040422771489025566,272369.7770433277,oos_iqr,0.02140000000000003,0.20011475900980646,0.006572500060463208,0.005275715242896481,0.005924107651679844,11713588.477448154,11702865.70465008,0.09162518881006868,0.09162518881006868,12021524.167389458,11989743.469881136,31780.697508322075,0.265065700431013,0.9166,0.08340000000000003,1.6599999999999948,1.6599999999999948
formal-run-01-CCP30-solution-0250,9fe4984938dc49064f52e7efe953186725edf193af523afeda377103dea11936,930002,5000,emission,independent_oos_baseline,930001,930002,20,0.5,0.032139691670513545,0.0010329597806756777,243178.66883798369,0.02356803566402472,10318156.010311127,oos_iqr,0.022199999999999998,0.16801422440099156,0.004198078225687105,0.004099108776672272,0.004148593501179689,9796418106.144825,9796344987.402765,0.0007463879860675781,0.0007463879860675781,9808718881.636292,9808580054.147598,138827.4886932373,0.0014153678506659436,0.903,0.09699999999999998,0.30000000000000027,0.30000000000000027
formal-run-01-CCP30-solution-0250,9fe4984938dc49064f52e7efe953186725edf193af523afeda377103dea11936,930002,5000,makespan,independent_oos_baseline,930001,930002,20,0.5,0.04297896368505771,0.001847191319441509,1.9157203857855436,0.0365710597036632,52.383507650822935,oos_iqr,0.019400000000000084,0.3008012928035292,0.008027120436855,0.007222395760849542,0.007624758098852271,515.2432867008331,513.3636924341547,0.36613307376027127,0.36613307376027127,572.4160241207885,571.7282983862722,0.6877257345163343,0.12028890933988573,0.9158,0.08420000000000005,1.5799999999999925,1.5799999999999925
formal-run-01-CCP30-solution-0251,269da63739132c647bc6756a45412920413b64d6efb6e329163d243c94b4ebc3,930002,5000,cost,independent_oos_baseline,930001,930002,20,0.5,0.03633410070865395,0.0013201668743066076,13594.919713271833,0.04259290836494575,319182.705176821,oos_iqr,0.021199999999999997,0.2088385883788043,0.006144547426298389,0.004852408280200939,0.0054984778532496635,11766681.882942596,11755344.413944632,0.09644523034574558,0.09644523034574558,12125337.241820686,12099192.42652655,26144.815294135362,0.21608727568308495,0.914,0.08599999999999997,1.4000000000000012,1.4000000000000012
formal-run-01-CCP30-solution-0251,269da63739132c647bc6756a45412920413b64d6efb6e329163d243c94b4ebc3,930002,5000,emission,independent_oos_baseline,930001,930002,20,0.5,0.032762908255319634,0.0010734081573464914,251364.85641393173,0.024214085374841147,10380935.415182114,oos_iqr,0.02200000000000002,0.17563013054961474,0.004449710031051971,0.004196474463353015,0.0043230922472024935,9646874217.729532,9646808639.922504,0.0006797875802825459,0.0006797875802825459,9659394425.992893,9659040898.195076,353527.7978172302,0.003660071445429864,0.9062,0.0938,0.6199999999999983,0.6199999999999983
formal-run-01-CCP30-solution-0251,269da63739132c647bc6756a45412920413b64d6efb6e329163d243c94b4ebc3,930002,5000,makespan,independent_oos_baseline,930001,930002,20,0.5,0.040471009849416775,0.0016379026382315894,2.0419676964051363,0.037514660289571344,54.4311925162969,oos_iqr,0.022800000000000042,0.14672889406685674,0.00830767605861552,0.005971715425688304,0.0071396957421519126,511.2723725762663,509.44719458152383,0.3582663746419781,0.3582663746419781,572.3284362963469,571.8438316533271,0.484604643019793,0.08474422844060303,0.9104,0.08960000000000001,1.0399999999999965,1.0399999999999965
formal-run-01-CCP30-solution-0252,2bd8df876e1c025e0e7cd59e0e758347f4c9b0f68d38bf678a7a0bc288b46ebc,930002,5000,cost,independent_oos_baseline,930001,930002,20,0.5,0.03853795342186459,0.001485173853945805,9079.299109283927,0.03523117597745313,257706.38808918558,oos_iqr,0.023800000000000043,0.11612252501738375,0.007042187018603536,0.005469042321748227,0.006255614670175881,11669034.204440814,11660783.349184778,0.07075729827887381,0.07075729827887381,11948329.429123227,11931028.96782349,17300.461299736053,0.145003933410884,0.9092,0.09079999999999999,0.9199999999999986,0.9199999999999986
formal-run-01-CCP30-solution-0252,2bd8df876e1c025e0e7cd59e0e758347f4c9b0f68d38bf678a7a0bc288b46ebc,930002,5000,emission,independent_oos_baseline,930001,930002,20,0.5,0.029609944719025144,0.0008767488262637251,282803.61465801555,0.028188801552345603,10032480.9528656,oos_iqr,0.021399999999999975,0.20011475900980857,0.003578750433983481,0.0034445920128501205,0.0035116712234168007,9886106477.529352,9886059782.698128,0.0004723300511105898,0.0004723300511105898,9898269243.35781,9897999916.861246,269326.49656295776,0.0027210193859888805,0.9048,0.09519999999999995,0.48000000000000265,0.48000000000000265
formal-run-01-CCP30-solution-0252,2bd8df876e1c025e0e7cd59e0e758347f4c9b0f68d38bf678a7a0bc288b46ebc,930002,5000,makespan,independent_oos_baseline,930001,930002,20,0.5,0.02617260128547477,0.0006850050580484356,1.601464708302085,0.031352157296425494,51.079888798742104,oos_iqr,0.021399999999999975,0.20011475900980857,0.003023981856599677,0.002566365975144565,0.002795173915872121,514.7468730843477,513.2732345875742,0.2871060475143731,0.2871060475143731,572.8571028805426,572.6301714666291,0.22693141391346217,0.039629664174390594,0.9102,0.08979999999999999,1.0199999999999987,1.0199999999999987
formal-run-01-CCP30-solution-0253,66ccfa1738f74dd32c00a4e476123203cb87d05108b4f2c78a83eed9d726d2b9,930002,5000,cost,independent_oos_baseline,930001,930002,20,0.5,0.03788859401574495,0.001435545556489944,12289.802823170852,0.04208037532815192,292055.446923472,oos_iqr,0.024800000000000044,0.0909726007974492,0.006552451218852811,0.005350625334522496,0.005951538276687653,11677788.269810116,11667499.705556095,0.08818139716019731,0.08818139716019731,12010404.721092371,11991474.895243304,18929.82584906742,0.15786069699046257,0.912,0.08799999999999997,1.200000000000001,1.200000000000001
formal-run-01-CCP30-solution-0253,66ccfa1738f74dd32c00a4e476123203cb87d05108b4f2c78a83eed9d726d2b9,930002,5000,emission,independent_oos_baseline,930001,930002,20,0.5,0.03585452845030356,0.0012855472103936276,242371.87283101087,0.024382483967749793,9940409.400108337,oos_iqr,0.019000000000000017,0.32464327024437933,0.005431472009391942,0.004947382803593,0.005189427406492471,9799361759.97576,9799281837.007072,0.0008156002655748477,0.0008156002655748477,9811674667.308947,9811148384.54778,526282.7611675262,0.005364130074685278,0.9082,0.09179999999999999,0.8199999999999985,0.8199999999999985
formal-run-01-CCP30-solution-0253,66ccfa1738f74dd32c00a4e476123203cb87d05108b4f2c78a83eed9d726d2b9,930002,5000,makespan,independent_oos_baseline,930001,930002,20,0.5,0.034795009698238254,0.001210692699900494,1.8743249368638066,0.03373419774542997,55.561568441855854,oos_iqr,0.02400000000000002,0.11067945593694506,0.00528293604838808,0.004602522282934069,0.004942729165661075,507.5999858945958,505.83690259253217,0.348547781513653,0.348547781513653,573.5609704733041,571.9620596465813,1.598910826722772,0.2795484070588088,0.9062,0.0938,0.6199999999999983,0.6199999999999983
formal-run-01-CCP30-solution-0257,36a65fc3b249cb4abc12252408738f444e60699397c2d46eb8edb7b27bcf8e4d,930002,5000,cost,independent_oos_baseline,930001,930002,20,0.5,0.035150436140291556,0.0012355531608527147,14777.273999372292,0.044476583267002275,332248.40835145116,oos_iqr,0.022800000000000042,0.14672889406685674,0.0058361905566633775,0.004493608065260404,0.0051648993109618905,11866572.8467215,11853398.261492278,0.1111460607210132,0.1111460607210132,12251090.773251824,12218181.378210122,32909.395041702315,0.2693477369749385,0.9154,0.08460000000000001,1.539999999999997,1.539999999999997
formal-run-01-CCP30-solution-0257,36a65fc3b249cb4abc12252408738f444e60699397c2d46eb8edb7b27bcf8e4d,930002,5000,emission,independent_oos_baseline,930001,930002,20,0.5,0.03332244010788461,0.0011103850147435573,240419.36318860968,0.02366872932542834,10157679.353336334,oos_iqr,0.02180000000000004,0.18351543091287947,0.004621539342100814,0.004339643024564907,0.00448059118333286,9352796592.746176,9352706935.73716,0.0009586209600287279,0.0009586209600287279,9365046613.748365,9364876889.558966,169724.18939971924,0.001812348324503306,0.903,0.09699999999999998,0.30000000000000027,0.30000000000000027
formal-run-01-CCP30-solution-0257,36a65fc3b249cb4abc12252408738f444e60699397c2d46eb8edb7b27bcf8e4d,930002,5000,makespan,independent_oos_baseline,930001,930002,20,0.5,0.035815971759166745,0.00128278383305343,2.1921939354064968,0.04223360618348223,51.90638767342284,oos_iqr,0.02200000000000002,0.17563013054961474,0.006018034079201956,0.004670052506542825,0.005344043292872391,518.0607018061902,515.9748821868222,0.4042482863754456,0.4042482863754456,573.12322759628,572.2316175467257,0.8916100495542878,0.15581279017346208,0.9154,0.08460000000000001,1.539999999999997,1.539999999999997
formal-run-01-CCP30-solution-0258,233aeeb145c9ab4c54bc86c577a1a6e32b7cf915e1ab0958c993120fb6ad44d2,930002,5000,cost,independent_oos_baseline,930001,930002,20,0.5,0.03724110535774968,0.001386899928267012,12381.4247031119,0.03675258549099316,336885.8146359846,oos_iqr,0.0242,0.105448774554511,0.006289497545474074,0.005203473055869721,0.005746485300671898,11888698.296749683,11876754.388451256,0.10056542307586391,0.10056542307586391,12256231.713789197,12228034.815636948,28196.898152248934,0.23059222988301725,0.9122,0.08779999999999999,1.2199999999999989,1.2199999999999989
formal-run-01-CCP30-solution-0258,233aeeb145c9ab4c54bc86c577a1a6e32b7cf915e1ab0958c993120fb6ad44d2,930002,5000,emission,independent_oos_baseline,930001,930002,20,0.5,0.033504414709232926,0.0011225458050082636,254760.54331475642,0.02449217531493151,10401711.5686512,oos_iqr,0.02200000000000002,0.17563013054961474,0.004688771427453385,0.004367532967928036,0.00452815219769071,9296409903.05761,9296320888.33869,0.0009575263159365997,0.0009575263159365997,9308837636.120914,9308291099.937767,546536.1831474304,0.005871498616444048,0.9116,0.08840000000000003,1.1599999999999944,1.1599999999999944
formal-run-01-CCP30-solution-0258,233aeeb145c9ab4c54bc86c577a1a6e32b7cf915e1ab0958c993120fb6ad44d2,930002,5000,makespan,independent_oos_baseline,930001,930002,20,0.5,0.036654425282502276,0.0013435468927905422,1.8680003473861908,0.03014134540729284,61.97468368264077,oos_iqr,0.023799999999999932,0.11612252501738683,0.005964521313029254,0.005458477388381046,0.00571149935070515,522.2690760643495,520.4712719653301,0.34541850739058944,0.34541850739058944,575.8283879412381,574.1245657356735,1.7038222055646202,0.29676873404317256,0.9152,0.08479999999999999,1.5199999999999991,1.5199999999999991
formal-run-01-CCP30-solution-0259,471aff8c01a2a86a96dbadacb2ad91d57e17889e27a07c2912d9bb5320bbf457,930002,5000,cost,independent_oos_baseline,930001,930002,20,0.5,0.045362357668929904,0.0020577434932839236,12549.936370802057,0.04221107940316277,297313.79884736426,oos_iqr,0.023799999999999932,0.11612252501738683,0.008892240180305933,0.007938576852396828,0.008415408516351381,11695786.276629236,11685203.808732716,0.09056297236861732,0.09056297236861732,12031278.817265274,12002370.976952456,28907.840312818065,0.24085108157653454,0.9156,0.08440000000000003,1.5599999999999947,1.5599999999999947
formal-run-01-CCP30-solution-0259,471aff8c01a2a86a96dbadacb2ad91d57e17889e27a07c2912d9bb5320bbf457,930002,5000,emission,independent_oos_baseline,930001,930002,20,0.5,0.03191981460555132,0.0010188745644527676,246946.32149096983,0.024032046960815703,10275709.010290146,oos_iqr,0.02179999999999993,0.1835154309128838,0.0041660277319399185,0.003998675504838249,0.0040823516183890836,9793213295.47005,9793140490.718159,0.0007434259925209228,0.0007434259925209228,9805584122.247175,9805151687.110237,432435.1369380951,0.0044102850291094465,0.9054,0.09460000000000002,0.539999999999996,0.539999999999996
formal-run-01-CCP30-solution-0259,471aff8c01a2a86a96dbadacb2ad91d57e17889e27a07c2912d9bb5320bbf457,930002,5000,makespan,independent_oos_baseline,930001,930002,20,0.5,0.03880658493061577,0.0015059510339770947,2.0924291089867975,0.03879091297979111,53.94121840021887,oos_iqr,0.020600000000000063,0.23676066509225802,0.006693703043835362,0.0056716851585891515,0.006182694101212256,508.7440968930202,506.68606938358823,0.40617408564945484,0.40617408564945484,572.7327764876973,571.9836951002609,0.7490813874363766,0.13096201759825915,0.9138,0.08620000000000005,1.3799999999999923,1.3799999999999923
formal-run-01-CCP30-solution-0261,3d7002f26d77594b1d522f369b5593fad864841b93717b1cd465f6774e0f747f,930002,5000,cost,independent_oos_baseline,930001,930002,20,0.5,0.039962757715947754,0.0015970220042635418,12278.21917269053,0.037506582264298434,327361.71710259654,oos_iqr,0.018399999999999972,0.3627535567329816,0.007294994171347221,0.0060037124538398325,0.006649353312593527,11924654.037991207,11912859.446315814,0.0990072260026613,0.0990072260026613,12293456.634129923,12261452.015660001,32004.618469921872,0.2610181765507578,0.9142,0.08579999999999999,1.419999999999999,1.419999999999999
formal-run-01-CCP30-solution-0261,3d7002f26d77594b1d522f369b5593fad864841b93717b1cd465f6774e0f747f,930002,5000,emission,independent_oos_baseline,930001,930002,20,0.5,0.030803770258285543,0.000948872262125237,241289.9900941143,0.023589942901608818,10228510.98455429,oos_iqr,0.02180000000000004,0.18351543091287947,0.003867950182431144,0.0037498003093621663,0.0038088752458966552,9352503731.912508,9352427469.550722,0.0008154285294826479,0.0008154285294826479,9364849113.99758,9364569198.104496,279915.8930835724,0.002989095250000724,0.904,0.09599999999999997,0.40000000000000036,0.40000000000000036
formal-run-01-CCP30-solution-0261,3d7002f26d77594b1d522f369b5593fad864841b93717b1cd465f6774e0f747f,930002,5000,makespan,independent_oos_baseline,930001,930002,20,0.5,0.03587894855293183,0.0012872989492639295,1.4050801111706352,0.030401208034631755,46.21790389283308,oos_iqr,0.015000000000000013,0.6240820582096636,0.005863142237345418,0.004809845751730657,0.005336493994538037,508.8516674775614,507.7760328324317,0.21183249613607902,0.21183249613607902,572.385427038356,571.7966259762713,0.5888010620847126,0.10297386086869756,0.9116,0.08840000000000003,1.1599999999999944,1.1599999999999944
formal-run-01-CCP30-solution-0262,cf081d665471d7ca8ed821cb042c533093c90d511cfa146576b2143bef7c1798,930002,5000,cost,independent_oos_baseline,930001,930002,20,0.5,0.03691321154705875,0.0013625851867179115,12006.28443496604,0.037746276255633225,318078.6457889136,oos_iqr,0.021199999999999997,0.2088385883788043,0.006203332107245647,0.005137349963570087,0.0056703410354078665,12001255.727497632,11989541.297031963,0.09770540986891944,0.09770540986891944,12352107.650852665,12320987.745018423,31119.9058342427,0.25257638817817174,0.9144,0.08560000000000001,1.4399999999999968,1.4399999999999968
formal-run-01-CCP30-solution-0262,cf081d665471d7ca8ed821cb042c533093c90d511cfa146576b2143bef7c1798,930002,5000,emission,independent_oos_baseline,930001,930002,20,0.5,0.03065913449244883,0.0009399825278260655,273393.78788437916,0.0262063823460692,10432336.072719574,oos_iqr,0.023399999999999976,0.1276693074850469,0.0038739670605943263,0.0036666119700326304,0.003770289515313478,9392004653.082771,9391913675.643356,0.0009686784031130479,0.0009686784031130479,9404405726.076857,9404013210.56099,392515.5158672333,0.0041739149773463375,0.906,0.09399999999999997,0.6000000000000005,0.6000000000000005
formal-run-01-CCP30-solution-0262,cf081d665471d7ca8ed821cb042c533093c90d511cfa146576b2143bef7c1798,930002,5000,makespan,independent_oos_baseline,930001,930002,20,0.5,0.03300613870315314,0.0010894051920917833,2.1077974319520814,0.03707080618230483,56.858688791025145,oos_iqr,0.021199999999999997,0.2088385883788043,0.004842690999216418,0.004104725116766139,0.004473708057991278,521.3855838126851,519.2816503709876,0.4051622929857933,0.4051622929857933,577.7330332471454,575.4464407803484,2.2865924667969466,0.39735973754501913,0.9138,0.08620000000000005,1.3799999999999923,1.3799999999999923
formal-run-01-CCP30-solution-0263,894f7eeee360296d952482cae4ea46304f0337328ea20ccd2b7c0caead00c047,930002,5000,cost,independent_oos_baseline,930001,930002,20,0.5,0.03531908764669413,0.0012474379521948617,10607.766612889522,0.03821029638594973,277615.39731971547,oos_iqr,0.0252,0.08227715415545722,0.005696063813954629,0.004687761541159937,0.005191912677557283,11705565.089466572,11695363.492897255,0.08722769989587774,0.08722769989587774,12012688.294554932,11984364.6206509,28323.673904031515,0.2363385527775538,0.9148,0.08520000000000005,1.4799999999999924,1.4799999999999924
formal-run-01-CCP30-solution-0263,894f7eeee360296d952482cae4ea46304f0337328ea20ccd2b7c0caead00c047,930002,5000,emission,independent_oos_baseline,930001,930002,20,0.5,0.03590408345177072,0.0012891032085117164,265344.67534375086,0.026198879562000336,10128092.490207672,oos_iqr,0.02300000000000002,0.1401360148439318,0.005205589222768833,0.005206504224484584,0.005206046723626709,9717012010.204426,9716952347.041676,0.0006140110666325185,0.0006140110666325185,9729115211.368065,9728898006.308756,217205.05930900574,0.0022325761783930508,0.9044,0.09560000000000002,0.43999999999999595,0.43999999999999595
formal-run-01-CCP30-solution-0263,894f7eeee360296d952482cae4ea46304f0337328ea20ccd2b7c0caead00c047,930002,5000,makespan,independent_oos_baseline,930001,930002,20,0.5,0.04075000290325865,0.0016605627366155882,1.9172663788873319,0.03742360791552566,51.231468200903464,oos_iqr,0.02080000000000004,0.22715738303255884,0.0071940015570771615,0.00646944154489492,0.0068317215509860404,513.8676224482501,512.0036881540856,0.3640470444430875,0.3640470444430875,572.3051765440954,571.6897179002585,0.6154586438368597,0.10765606316960863,0.9176,0.08240000000000003,1.759999999999995,1.759999999999995
formal-run-01-CCP30-solution-0264,a34c75a3901c7147abd108fb870e73b320964b3a444fa57f28402e52e0bbf38b,930002,5000,cost,independent_oos_baseline,930001,930002,20,0.5,0.03751405532981969,0.001407304347288773,12963.80775631573,0.03895322595298836,332804.47098172083,oos_iqr,0.023599999999999954,0.12178385194186427,0.006378461107471357,0.005233519960241223,0.0058059905338562895,11837265.026569976,11825254.823606348,0.1015640097636824,0.1015640097636824,12202494.800125618,12172682.60930116,29812.190824458376,0.24491060665361347,0.9142,0.08579999999999999,1.419999999999999,1.419999999999999
formal-run-01-CCP30-solution-0264,a34c75a3901c7147abd108fb870e73b320964b3a444fa57f28402e52e0bbf38b,930002,5000,emission,independent_oos_baseline,930001,930002,20,0.5,0.03589498931428819,0.0012884502578728633,248400.8372557347,0.024111511903634995,10302167.622192383,oos_iqr,0.021400000000000086,0.20011475900980402,0.005328196204661181,0.005075777274236569,0.005201986739448875,9328347107.684877,9328273329.79973,0.0007909061252676509,0.0007909061252676509,9340532074.397516,9340252043.214231,280031.1832847595,0.0029981116354157104,0.9048,0.09519999999999995,0.48000000000000265,0.48000000000000265
formal-run-01-CCP30-solution-0264,a34c75a3901c7147abd108fb870e73b320964b3a444fa57f28402e52e0bbf38b,930002,5000,makespan,independent_oos_baseline,930001,930002,20,0.5,0.037605198637140964,0.0014141509645388289,2.0278869326369344,0.033478680835938184,60.57248619127398,oos_iqr,0.022199999999999998,0.16801422440099156,0.006336634471986464,0.005440189894284241,0.005888412183135352,525.7810719246409,524.0047427804323,0.3389910432457513,0.3389910432457513,574.6088950431131,573.4845511771235,1.1243438659895446,0.1960547784036619,0.9172,0.08279999999999998,1.7199999999999993,1.7199999999999993
formal-run-01-CCP30-solution-0266,880ca6c47f52e455b88d49a7c4c6adf7d2b1b4207d7fa790fcc5609bdcac8a63,930002,5000,cost,independent_oos_baseline,930001,930002,20,0.5,0.039019373712783835,0.0015225115249378864,11651.787013451934,0.03956578559962833,294491.48644129,oos_iqr,0.02540000000000009,0.07819890888114513,0.006965267324709024,0.005675843238084052,0.006320555281396538,11787658.777068907,11777434.430110121,0.08681302383349927,0.08681302383349927,12121674.142299397,12087269.859577497,34404.28272189945,0.2846323704325902,0.9144,0.08560000000000001,1.4399999999999968,1.4399999999999968
formal-run-01-CCP30-solution-0266,880ca6c47f52e455b88d49a7c4c6adf7d2b1b4207d7fa790fcc5609bdcac8a63,930002,5000,emission,independent_oos_baseline,930001,930002,20,0.5,0.03322503479424817,0.0011039029370790016,281451.3722006752,0.028451110360260587,9892456.520565033,oos_iqr,0.021199999999999997,0.2088385883788043,0.00445763505189522,0.004388047791105707,0.004422841421500463,9514149088.48909,9514079980.414755,0.0007263768486008206,0.0007263768486008206,9526360601.164562,9525977368.368608,383232.7959537506,0.004023028620940152,0.9064,0.09360000000000002,0.6399999999999961,0.6399999999999961
formal-run-01-CCP30-solution-0266,880ca6c47f52e455b88d49a7c4c6adf7d2b1b4207d7fa790fcc5609bdcac8a63,930002,5000,makespan,independent_oos_baseline,930001,930002,20,0.5,0.03666369077130681,0.0013442262209740082,1.7731041437930264,0.03330412650870531,53.23977325541199,oos_iqr,0.017000000000000015,0.46216870446525227,0.006312805011170062,0.004929300680824221,0.005621052845997142,513.372412503019,511.7013135780506,0.3265770246480844,0.3265770246480844,573.5559531348899,572.4610310286741,1.0949221062157903,0.19126578873819386,0.912,0.08799999999999997,1.200000000000001,1.200000000000001
formal-run-01-CCP30-solution-0267,76a37c1bb8129d04669f8e97f0158775797fac8e0fbf66761853d0b4fbcffd48,930002,5000,cost,independent_oos_baseline,930001,930002,20,0.5,0.0371251551986651,0.0013782771485249703,12043.810001812597,0.038815566585761865,310282.98853250407,oos_iqr,0.020999999999999908,0.21785136128985738,0.006222638380571154,0.005314935593098342,0.005768786986834748,11962627.263517959,11950802.060848853,0.0989490296040138,0.0989490296040138,12304911.564505091,12276484.8366477,28426.72785739042,0.23155429453658505,0.9146,0.08540000000000003,1.4599999999999946,1.4599999999999946
formal-run-01-CCP30-solution-0267,76a37c1bb8129d04669f8e97f0158775797fac8e0fbf66761853d0b4fbcffd48,930002,5000,emission,independent_oos_baseline,930001,930002,20,0.5,0.02979632544607918,0.0008878210100886656,246207.59743548464,0.024037425810689836,10242677.372133255,oos_iqr,0.020600000000000063,0.23676066509225802,0.0035759239778145255,0.0035322768301201462,0.003554100403967336,9422750095.990107,9422637845.732435,0.0011912827332337193,0.0011912827332337193,9435013645.732084,9434605031.891539,408613.8405456543,0.004331011623321041,0.9068,0.09319999999999995,0.6800000000000028,0.6800000000000028
formal-run-01-CCP30-solution-0267,76a37c1bb8129d04669f8e97f0158775797fac8e0fbf66761853d0b4fbcffd48,930002,5000,makespan,independent_oos_baseline,930001,930002,20,0.5,0.02930919458333541,0.0008590288871238177,2.0910963015972186,0.036773044673597266,56.864921579327586,oos_iqr,0.018000000000000016,0.3897008318597607,0.00393539475103883,0.003167267600991923,0.0035513311760153763,520.9537741171551,518.8663884300324,0.40229734160246083,0.40229734160246083,577.7330332471454,575.4464407803484,2.2865924667969466,0.39735973754501913,0.9138,0.08620000000000005,1.3799999999999923,1.3799999999999923
formal-run-01-CCP30-solution-0268,24167fbab248c55caaa7f738289a2b41978628c1b164d490dc06a8690859b0bf,930002,5000,cost,independent_oos_baseline,930001,930002,20,0.5,0.039685238376550115,0.0015749181450036061,12412.83400869642,0.03888250953308645,319239.5284603201,oos_iqr,0.02639999999999998,0.06028121671289906,0.007119599515322594,0.0058735524743535284,0.006496575994838062,11816770.19838573,11804728.504767045,0.10200737453489311,0.10200737453489311,12172117.11187514,12149816.376559826,22300.735315313563,0.1835479205952241,0.9106,0.08940000000000003,1.0599999999999943,1.0599999999999943
formal-run-01-CCP30-solution-0268,24167fbab248c55caaa7f738289a2b41978628c1b164d490dc06a8690859b0bf,930002,5000,emission,independent_oos_baseline,930001,930002,20,0.5,0.026995312823547894,0.0007287469144412093,223862.50682029955,0.02201005046168962,10170922.016283035,oos_iqr,0.018000000000000016,0.3897008318597607,0.002960735189723061,0.0028783574601602413,0.002919546324941651,9358673755.450346,9358582184.648525,0.0009784687468040233,0.0009784687468040233,9370906244.189514,9370362013.188972,544231.000541687,0.00580800400001271,0.9076,0.09240000000000004,0.759999999999994,0.759999999999994
formal-run-01-CCP30-solution-0268,24167fbab248c55caaa7f738289a2b41978628c1b164d490dc06a8690859b0bf,930002,5000,makespan,independent_oos_baseline,930001,930002,20,0.5,0.03483937188389239,0.0012137818332641514,1.8049895351714058,0.026217098860277722,68.84779833157654,oos_iqr,0.020600000000000063,0.23676066509225802,0.005245954687372845,0.004757423254751266,0.005001688971062056,523.2848261333853,521.6661412231406,0.31029134964546956,0.31029134964546956,576.4640551110616,574.4571168935024,2.0069382175591954,0.3493625822606456,0.9176,0.08240000000000003,1.759999999999995,1.759999999999995
formal-run-01-CCP30-solution-0269,5db1b9a8cb69083d7eb8949f6cc1a7a1a2ea7b93e82d0a38384de5fdd5b7f98c,930002,5000,cost,independent_oos_baseline,930001,930002,20,0.5,0.038147626833747436,0.0014552414330468474,13708.71646946434,0.044245794705733026,309830.9468874354,oos_iqr,0.023800000000000043,0.11612252501738375,0.006939098321438819,0.005307851054993377,0.006123474688216097,11726353.52833885,11714986.074265601,0.09703344076711626,0.09703344076711626,12077024.04720243,12054487.27364654,22536.77355589159,0.18695754571960413,0.9112,0.08879999999999999,1.1199999999999988,1.1199999999999988
formal-run-01-CCP30-solution-0269,5db1b9a8cb69083d7eb8949f6cc1a7a1a2ea7b93e82d0a38384de5fdd5b7f98c,930002,5000,emission,independent_oos_baseline,930001,930002,20,0.5,0.030464048548866224,0.0009280582539876784,239717.47002808496,0.023888985490490768,10034644.213899612,oos_iqr,0.020199999999999996,0.25687337890743356,0.0038350035050706537,0.003617179899299362,0.003726091702185008,9567066975.865683,9566965364.561825,0.0010621059028204942,0.0010621059028204942,9579595381.85163,9578983291.39607,612090.4555587769,0.006389931341759016,0.908,0.09199999999999997,0.8000000000000007,0.8000000000000007
formal-run-01-CCP30-solution-0269,5db1b9a8cb69083d7eb8949f6cc1a7a1a2ea7b93e82d0a38384de5fdd5b7f98c,930002,5000,makespan,independent_oos_baseline,930001,930002,20,0.5,0.03136980541105756,0.0009840646915276158,1.9121082029946295,0.035056769351031636,54.54319489192636,oos_iqr,0.02440000000000009,0.10042462289139704,0.004438469151907063,0.0036669828477223832,0.004052725999814723,509.6394912628597,507.8545371725657,0.35146955666312446,0.35146955666312446,574.3836713197562,571.9482936989488,2.435377620807458,0.42580380912707916,0.9102,0.08979999999999999,1.0199999999999987,1.0199999999999987
formal-run-01-CCP30-solution-0270,64245e1be585777998b8bb6da99cd5f4ef54df25511f13486d15171ae17dc975,930002,5000,cost,independent_oos_baseline,930001,930002,20,0.5,0.042486178416288906,0.0018050753564207334,13159.893407289619,0.04047606436089601,325127.79132754356,oos_iqr,0.02080000000000004,0.22715738303255884,0.00800444261338264,0.006862025741839587,0.007433234177611114,11864339.006116686,11853229.80163194,0.09372301617923881,0.09372301617923881,12227928.798502173,12199021.085910333,28907.712591839954,0.23696747786777647,0.9146,0.08540000000000003,1.4599999999999946,1.4599999999999946
formal-run-01-CCP30-solution-0270,64245e1be585777998b8bb6da99cd5f4ef54df25511f13486d15171ae17dc975,930002,5000,emission,independent_oos_baseline,930001,930002,20,0.5,0.03371936973111276,0.0011369958950634832,263947.7812365995,0.026425999194224028,9988185.47206688,oos_iqr,0.022199999999999998,0.16801422440099156,0.004739652699750624,0.004431679671600298,0.0045856661856754615,9538837413.2362,9538734841.00127,0.0010753232649799872,0.0010753232649799872,9551063272.46313,9550452463.385492,610809.0776386261,0.006395603558892574,0.9074,0.09260000000000002,0.7399999999999962,0.7399999999999962
formal-run-01-CCP30-solution-0270,64245e1be585777998b8bb6da99cd5f4ef54df25511f13486d15171ae17dc975,930002,5000,makespan,independent_oos_baseline,930001,930002,20,0.5,0.03836800420778299,0.0014721037468884534,2.0232707415385285,0.036048270038471615,56.12670842121531,oos_iqr,0.021199999999999997,0.2088385883788043,0.006391283294349238,0.0056779827794795545,0.006034633036914396,514.0325747488795,512.0863266756438,0.3800624956870644,0.3800624956870644,575.3518039192434,572.4157172601771,2.936086659066291,0.5129290776849453,0.9076,0.09240000000000004,0.759999999999994,0.759999999999994
formal-run-01-CCP30-solution-0271,ea4195792035c8ef83dcce8e0fbc1ec10b1acca902cce883b9d9e7e810707045,930002,5000,cost,independent_oos_baseline,930001,930002,20,0.5,0.03890252445463125,0.0015134064089431826,11894.262679285766,0.04090091535913895,290806.76006504335,oos_iqr,0.022800000000000042,0.14672889406685674,0.00697251908574959,0.005644031477352002,0.006308275281550796,11707984.478204608,11697665.856957303,0.08821094202453647,0.08821094202453647,12038053.846531473,12014322.330237066,23731.516294406727,0.19752688201714377,0.9124,0.08760000000000001,1.2399999999999967,1.2399999999999967
formal-run-01-CCP30-solution-0271,ea4195792035c8ef83dcce8e0fbc1ec10b1acca902cce883b9d9e7e810707045,930002,5000,emission,independent_oos_baseline,930001,930002,20,0.5,0.028516615352582254,0.00081319735116713,258392.5889731114,0.02570231928082897,10053279.089324951,oos_iqr,0.018199999999999994,0.37607543477530325,0.0032819526216509155,0.0032316955727670574,0.0032568240972089867,9610340574.533115,9610271482.614632,0.0007189382590150986,0.0007189382590150986,9622717751.523256,9622313841.605654,403909.91760253906,0.004197638159088974,0.907,0.09299999999999997,0.7000000000000006,0.7000000000000006
formal-run-01-CCP30-solution-0271,ea4195792035c8ef83dcce8e0fbc1ec10b1acca902cce883b9d9e7e810707045,930002,5000,makespan,independent_oos_baseline,930001,930002,20,0.5,0.031355892820357244,0.0009831920145617309,1.6194407126740877,0.03120574825548534,51.89558985785328,oos_iqr,0.018400000000000083,0.3627535567329744,0.004590829139944086,0.00359776348064049,0.004094296310292288,517.2536203946134,515.8591087696818,0.2703280025930954,0.2703280025930954,573.8293034195832,573.2200268222069,0.6092765973762653,0.10629017983791446,0.9116,0.08840000000000003,1.1599999999999944,1.1599999999999944
formal-run-01-CCP30-solution-0272,233a1a1a7df963ce7075502a9a18a968d068f0e210ed354e981b31d7ba88f3bf,930002,5000,cost,independent_oos_baseline,930001,930002,20,0.5,0.036839963280088796,0.0013571828944782907,10775.501143076923,0.038399648583155505,280614.57697307505,oos_iqr,0.022800000000000042,0.14672889406685674,0.006396389797004513,0.004974651570189745,0.00568552068359713,11721522.640918985,11711499.233997794,0.0855860272107074,0.0855860272107074,12035624.903008478,12003188.499129577,32436.403878901154,0.27023156289891903,0.9176,0.08240000000000003,1.759999999999995,1.759999999999995
formal-run-01-CCP30-solution-0272,233a1a1a7df963ce7075502a9a18a968d068f0e210ed354e981b31d7ba88f3bf,930002,5000,emission,independent_oos_baseline,930001,930002,20,0.5,0.03192492842698645,0.0010192010550682076,280773.3313505916,0.02814623932080507,9975518.51067543,oos_iqr,0.0232,0.13378475057842076,0.0041359965741280345,0.004027877041107501,0.004081936807617767,9663868335.572992,9663816093.919355,0.0005405903126592377,0.0005405903126592377,9675998243.522108,9675704856.944187,293386.5779209137,0.0030321985039710275,0.904,0.09599999999999997,0.40000000000000036,0.40000000000000036
formal-run-01-CCP30-solution-0272,233a1a1a7df963ce7075502a9a18a968d068f0e210ed354e981b31d7ba88f3bf,930002,5000,makespan,independent_oos_baseline,930001,930002,20,0.5,0.03917767832540491,0.0015348904789689016,1.7286664125889346,0.033360337537056584,51.81801325207624,oos_iqr,0.01980000000000004,0.27821435494794367,0.006707889104346635,0.006133932430197561,0.0064209107672720984,517.3084539508831,515.6405004579714,0.32347216547774715,0.32347216547774715,575.238419289416,573.1504669168033,2.0879523726126763,0.3642939320706785,0.9146,0.08540000000000003,1.4599999999999946,1.4599999999999946
formal-run-01-CCP30-solution-0273,11028e58e97d956b69dea15255aa30363fd6f829a7afbb848291819ed56f95a0,930002,5000,cost,independent_oos_baseline,930001,930002,20,0.5,0.036907750339364574,0.001362182035112866,12435.880689115613,0.04045579419607633,307394.30373911,oos_iqr,0.01920000000000005,0.31256521491746914,0.0059418913077143075,0.005323296491447833,0.00563259389958107,11950540.242933786,11938712.453691732,0.09907089468760907,0.09907089468760907,12293415.472702134,12264684.232240895,28731.24046123959,0.23425992807635515,0.9142,0.08579999999999999,1.419999999999999,1.419999999999999
formal-run-01-CCP30-solution-0273,11028e58e97d956b69dea15255aa30363fd6f829a7afbb848291819ed56f95a0,930002,5000,emission,independent_oos_baseline,930001,930002,20,0.5,0.030922411982346715,0.0009561955628059796,260430.05894670292,0.025652160784554366,10152363.425989151,oos_iqr,0.020600000000000063,0.23676066509225802,0.003901068645882166,0.0037661675586426486,0.0038336181022624073,9416379508.166334,9416282662.047276,0.00102849630299387,0.00102849630299387,9428574328.135893,9428196097.878891,378230.25700187683,0.004011692725472365,0.9056,0.09440000000000004,0.5599999999999938,0.5599999999999938
formal-run-01-CCP30-solution-0273,11028e58e97d956b69dea15255aa30363fd6f829a7afbb848291819ed56f95a0,930002,5000,makespan,independent_oos_baseline,930001,930002,20,0.5,0.02904344172095303,0.0008435215069983952,2.0819601058837995,0.03660200271894871,56.88104341913447,oos_iqr,0.01780000000000001,0.40362483408775474,0.003879077891211915,0.0030987514911714727,0.003488914691191694,520.8304629829186,518.7527588886006,0.4005191410970622,0.4005191410970622,577.7052290053015,575.4335837995658,2.2716452057356946,0.39477105085457626,0.914,0.08599999999999997,1.4000000000000012,1.4000000000000012
formal-run-01-CCP30-solution-0274,ee930350743287e42a5cd7950666f2a9d7474c86e3bc8f4e7ff3c865f37cdbb5,930002,5000,cost,independent_oos_baseline,930001,930002,20,0.5,0.04220594257104752,0.001781341588310561,11464.9362594279,0.04149596796242213,276290.3680138346,oos_iqr,0.019600000000000006,0.2893512907607316,0.008506423367070328,0.006523913156773193,0.00751516826192176,11829231.118605513,11818830.604332084,0.0879995206092308,0.0879995206092308,12143792.346957617,12112748.613537492,31043.733420124277,0.25628975231459084,0.9188,0.08120000000000005,1.8799999999999928,1.8799999999999928
formal-run-01-CCP30-solution-0274,ee930350743287e42a5cd7950666f2a9d7474c86e3bc8f4e7ff3c865f37cdbb5,930002,5000,emission,independent_oos_baseline,930001,930002,20,0.5,0.0335279561326218,0.0011241238424310115,277491.2804310225,0.02790155557808796,9945369.520864487,oos_iqr,0.023599999999999954,0.12178385194186427,0.004609408047827742,0.004409115057202634,0.004509261552515189,9621159025.369503,9621054750.905888,0.0010838153021174662,0.0010838153021174662,9633380753.7204,9632826426.758152,554326.9622478485,0.005754561929072386,0.908,0.09199999999999997,0.8000000000000007,0.8000000000000007
formal-run-01-CCP30-solution-0274,ee930350743287e42a5cd7950666f2a9d7474c86e3bc8f4e7ff3c865f37cdbb5,930002,5000,makespan,independent_oos_baseline,930001,930002,20,0.5,0.03595770871711534,0.0012929568161849125,1.9588909497691307,0.03690404709856819,53.08065385178668,oos_iqr,0.017200000000000104,0.4471224565375925,0.006076742028598617,0.004767625306325859,0.005422183667462238,513.2217700214444,511.2882401659168,0.3781682627592093,0.3781682627592093,573.6150769209889,572.3873293485661,1.2277475724227997,0.2144959382347088,0.9118,0.08819999999999995,1.1800000000000033,1.1800000000000033
formal-run-01-CCP30-solution-0275,5daec746c34abe8b69e67bcc5e4e56a96d23125a8f6c411c9d81ccbd7e518afb,930002,5000,cost,independent_oos_baseline,930001,930002,20,0.5,0.0376456930386782,0.0014171982043623844,13459.23638628473,0.043374300752218355,310304.40036768466,oos_iqr,0.021199999999999997,0.2088385883788043,0.006399878999397662,0.005268724080559255,0.005834301539978459,11920982.813106809,11908051.48424563,0.10859315546533367,0.10859315546533367,12280997.27246086,12250147.012294255,30850.260166604072,0.25183583622011013,0.9168,0.08320000000000005,1.6799999999999926,1.6799999999999926
formal-run-01-CCP30-solution-0275,5daec746c34abe8b69e67bcc5e4e56a96d23125a8f6c411c9d81ccbd7e518afb,930002,5000,emission,independent_oos_baseline,930001,930002,20,0.5,0.025782481056149796,0.0006647363294107232,240357.73076298027,0.023326131578567763,10304225.968776703,oos_iqr,0.019399999999999973,0.3008012928035356,0.002669281167186558,0.002666434729404731,0.0026678579482956443,9417229738.8796,9417115392.619661,0.001214238704442431,0.001214238704442431,9429597498.673265,9429242670.900167,354827.77309799194,0.0037630569652537973,0.9042,0.0958,0.41999999999999815,0.41999999999999815
formal-run-01-CCP30-solution-0275,5daec746c34abe8b69e67bcc5e4e56a96d23125a8f6c411c9d81ccbd7e518afb,930002,5000,makespan,independent_oos_baseline,930001,930002,20,0.5,0.031034525715469108,0.0009631417863841132,2.1018782264878224,0.03695064882554907,56.88339158565748,oos_iqr,0.017600000000000005,0.4178414326994745,0.0044578408401234546,0.0035349417160861307,0.003996391278104793,521.9319668265289,519.8357523706512,0.4032455340591931,0.4032455340591931,577.7052290053015,575.4335837995658,2.2716452057356946,0.39477105085457626,0.914,0.08599999999999997,1.4000000000000012,1.4000000000000012
formal-run-01-CCP30-solution-0276,e307e803cb1724ee16077a603f533d5cd61e32ae9ae43d0efefa094d195296eb,930002,5000,cost,independent_oos_baseline,930001,930002,20,0.5,0.03526334731403638,0.0012435036637903569,13091.989346554303,0.04215975042655993,310532.8948604632,oos_iqr,0.0242,0.105448774554511,0.005645852802249383,0.004611562345310746,0.005128707573780065,11964248.089523638,11951464.643942941,0.10696133036025336,0.10696133036025336,12314927.107943946,12287649.471952628,27277.63599131815,0.22199230254395813,0.911,0.08899999999999997,1.100000000000001,1.100000000000001
formal-run-01-CCP30-solution-0276,e307e803cb1724ee16077a603f533d5cd61e32ae9ae43d0efefa094d195296eb,930002,5000,emission,independent_oos_baseline,930001,930002,20,0.5,0.028357767097061944,0.0008041629547312091,225546.64859371373,0.021814212983038345,10339435.521652222,oos_iqr,0.02100000000000002,0.2178513612898525,0.0032848065318700267,0.0031561289189435448,0.0032204677254067857,9387819094.67117,9387711441.915457,0.0011467412092775599,0.0011467412092775599,9400318116.441208,9399885841.651049,432274.79015922546,0.004598723829642789,0.9058,0.09419999999999995,0.5800000000000027,0.5800000000000027
formal-run-01-CCP30-solution-0276,e307e803cb1724ee16077a603f533d5cd61e32ae9ae43d0efefa094d195296eb,930002,5000,makespan,independent_oos_baseline,930001,930002,20,0.5,0.029308634893025143,0.0008589960792926509,2.091690966256539,0.036786879695570526,56.859700620610056,oos_iqr,0.017799999999999983,0.40362483408775673,0.003935265253767048,0.0031671345871905226,0.003551199920478785,520.9501538058678,518.862292277655,0.40239222608520603,0.40239222608520603,577.7330332471454,575.4464407803484,2.2865924667969466,0.39735973754501913,0.9138,0.08620000000000005,1.3799999999999923,1.3799999999999923
formal-run-01-CCP30-solution-0277,fb545bddd460461061ae849f01cd2fcc8c6a0d958c89169d4b9e9345d8c27a68,930002,5000,cost,independent_oos_baseline,930001,930002,20,0.5,0.03903639408403033,0.0015238400630837186,13353.768619451523,0.04145681954004209,322112.713121986,oos_iqr,0.01860000000000006,0.3497390898533087,0.007283686058244015,0.005576013621378315,0.006429849839811165,11828388.205541683,11817075.093759583,0.09573529568306063,0.09573529568306063,12187181.245604917,12156805.45981752,30375.785787397996,0.24986651211784675,0.914,0.08599999999999997,1.4000000000000012,1.4000000000000012
formal-run-01-CCP30-solution-0277,fb545bddd460461061ae849f01cd2fcc8c6a0d958c89169d4b9e9345d8c27a68,930002,5000,emission,independent_oos_baseline,930001,930002,20,0.5,0.030512529437812637,0.0009310144526933828,237046.71139952363,0.023242881859758917,10198679.872392654,oos_iqr,0.022599999999999953,0.15356912653670451,0.0038218554421009785,0.003648599948240132,0.0037352276951705555,9569301887.654297,9569216833.613388,0.0008888296961779327,0.0008888296961779327,9581659153.712519,9581323941.849234,335211.8632850647,0.003498596491669892,0.9042,0.0958,0.41999999999999815,0.41999999999999815
formal-run-01-CCP30-solution-0277,fb545bddd460461061ae849f01cd2fcc8c6a0d958c89169d4b9e9345d8c27a68,930002,5000,makespan,independent_oos_baseline,930001,930002,20,0.5,0.032674312485067455,0.0010676106963718348,1.9154353143460865,0.0419148113652217,45.69829260726186,oos_iqr,0.022599999999999953,0.15356912653670451,0.004763084699953402,0.00406724350240564,0.004415164101179521,511.85673969279287,510.0088139052264,0.36233212783452956,0.36233212783452956,574.3836713197562,572.2952618149054,2.0884095048508016,0.36491818894811073,0.9066,0.09340000000000004,0.6599999999999939,0.6599999999999939
formal-run-01-CCP30-solution-0279,f33519a061532154f691976567501c4be9eb9b0df7334fa4c0679c9abc1745f8,930002,5000,cost,independent_oos_baseline,930001,930002,20,0.5,0.03924421608903212,0.0015401084964426473,13808.948769548144,0.046877807816407845,294573.2621207349,oos_iqr,0.022199999999999998,0.16801422440099156,0.007135773168686296,0.005718061538797639,0.006426917353741967,11828482.4203948,11815742.053105291,0.10782536748220001,0.10782536748220001,12177301.37558298,12140555.062804447,36746.312778532505,0.30267407534861235,0.9186,0.08140000000000003,1.859999999999995,1.859999999999995
formal-run-01-CCP30-solution-0279,f33519a061532154f691976567501c4be9eb9b0df7334fa4c0679c9abc1745f8,930002,5000,emission,independent_oos_baseline,930001,930002,20,0.5,0.0315162741177616,0.00099327553426589,247746.85664501882,0.02465779459072852,10047405.323839188,oos_iqr,0.022800000000000042,0.14672889406685674,0.00404108080469742,0.00392095011962319,0.003981015462160305,9551576530.245241,9551464918.401398,0.001168531160371369,0.001168531160371369,9563927329.266676,9563410389.3487,516939.9179763794,0.005405393023310221,0.9058,0.09419999999999995,0.5800000000000027,0.5800000000000027
formal-run-01-CCP30-solution-0279,f33519a061532154f691976567501c4be9eb9b0df7334fa4c0679c9abc1745f8,930002,5000,makespan,independent_oos_baseline,930001,930002,20,0.5,0.03230105593951163,0.0010433582148074595,2.127541642242102,0.04746741237372342,44.8211001158312,oos_iqr,0.020600000000000007,0.2367606650922608,0.004775662603550579,0.0038947293042638025,0.004335195953907191,520.2241985815715,518.1335380702253,0.40349839524629044,0.40349839524629044,577.6479271657502,575.2597994988548,2.3881276668953433,0.41513898050512,0.914,0.08599999999999997,1.4000000000000012,1.4000000000000012
formal-run-01-CCP30-solution-0280,40c3f1317c5785950dbf4b5c807cbc8feb34b9d82ee1f8cd900d4136d35d593a,930002,5000,cost,independent_oos_baseline,930001,930002,20,0.5,0.04090520987281726,0.0016732361947392267,11575.959903612385,0.04075109877937845,284064.9761686977,oos_iqr,0.022399999999999975,0.16066237817968165,0.007303294188664094,0.006477121455448541,0.006890207822056318,11719318.252391996,11708717.759838775,0.09053504209983645,0.09053504209983645,12044269.33524818,12016072.10220781,28197.233040370047,0.23466264849716692,0.9158,0.08420000000000005,1.5799999999999925,1.5799999999999925
formal-run-01-CCP30-solution-0280,40c3f1317c5785950dbf4b5c807cbc8feb34b9d82ee1f8cd900d4136d35d593a,930002,5000,emission,independent_oos_baseline,930001,930002,20,0.5,0.030503846409182526,0.0009304846457549977,236436.14280471264,0.023019798700478385,10270990.892713547,oos_iqr,0.02179999999999993,0.1835154309128838,0.0037678899821535165,0.0036992671309505755,0.003733578556552046,9658682874.769562,9658612976.23364,0.0007236912390328908,0.0007236912390328908,9670992305.986141,9670832337.255304,159968.7308368683,0.0016541361204310703,0.9024,0.09760000000000002,0.23999999999999577,0.23999999999999577
formal-run-01-CCP30-solution-0280,40c3f1317c5785950dbf4b5c807cbc8feb34b9d82ee1f8cd900d4136d35d593a,930002,5000,makespan,independent_oos_baseline,930001,930002,20,0.5,0.03779013218362465,0.0014280940904558236,2.12908030247539,0.03980531719456225,53.487334168668326,oos_iqr,0.023399999999999976,0.1276693074850469,0.006296334160884647,0.005412415193606448,0.005854374677245548,510.6742319108799,508.6066947350269,0.40651001987500746,0.40651001987500746,571.7539421397728,570.7053021771881,1.0486399625847298,0.18374456283904586,0.911,0.08899999999999997,1.100000000000001,1.100000000000001
formal-run-01-CCP30-solution-0281,cc5373519ef10509b0a8fdd67df81f37f9336f71606ea865afc77af8256e0534,930002,5000,cost,independent_oos_baseline,930001,930002,20,0.5,0.03839440035704798,0.0014741299787772858,13118.165085220367,0.04231249479091382,310030.5276264958,oos_iqr,0.022800000000000042,0.14672889406685674,0.006715739737334122,0.0054806145989134,0.006098177168123761,11827317.407731973,11815655.49277458,0.09869884040309373,0.09869884040309373,12182418.679939099,12148400.994484778,34017.68545432016,0.2800178020939856,0.9148,0.08520000000000005,1.4799999999999924,1.4799999999999924
formal-run-01-CCP30-solution-0281,cc5373519ef10509b0a8fdd67df81f37f9336f71606ea865afc77af8256e0534,930002,5000,emission,independent_oos_baseline,930001,930002,20,0.5,0.03136763428403249,0.0009839284805768104,239397.18410133207,0.023944888125358964,9997840.994203568,oos_iqr,0.022800000000000042,0.14672889406685674,0.003969147245498506,0.003910692582166182,0.003939919913832344,9401562610.185932,9401480028.03194,0.0008783952499549857,0.0008783952499549857,9413704424.838152,9413481200.499401,223224.33875083923,0.002371326122571922,0.902,0.09799999999999998,0.20000000000000018,0.20000000000000018
formal-run-01-CCP30-solution-0281,cc5373519ef10509b0a8fdd67df81f37f9336f71606ea865afc77af8256e0534,930002,5000,makespan,independent_oos_baseline,930001,930002,20,0.5,0.0367315701646204,0.0013492082467584316,1.7964902626530121,0.033756314459825874,53.21938402935115,oos_iqr,0.015600000000000058,0.5738415896821087,0.0063573413606394305,0.004926724851498289,0.00564203310606886,514.0495709739974,512.3393980250992,0.3337968845438069,0.3337968845438069,573.5732303554099,572.4610310286741,1.1121993267357766,0.19428384928441833,0.9114,0.08860000000000001,1.1399999999999966,1.1399999999999966
formal-run-01-CCP30-solution-0283,8b771ca8e641acbb2dfbff3630a6987dafc565f3ac115089a00ed90bcb568a62,930002,5000,cost,independent_oos_baseline,930001,930002,20,0.5,0.03816274486633588,0.0014563950957330457,13622.282153945322,0.04317566110043718,315508.36296997406,oos_iqr,0.021399999999999975,0.20011475900980857,0.006733561040008079,0.005425927008745977,0.006079744024377028,11754730.258426206,11743438.936323633,0.09615004739069727,0.09615004739069727,12113105.527258508,12086484.653438551,26620.873819956556,0.22025323808592298,0.9132,0.08679999999999999,1.319999999999999,1.319999999999999
formal-run-01-CCP30-solution-0283,8b771ca8e641acbb2dfbff3630a6987dafc565f3ac115089a00ed90bcb568a62,930002,5000,emission,independent_oos_baseline,930001,930002,20,0.5,0.031891869327003886,0.001017091329170691,258222.04522043158,0.025479865177283935,10134356.811693192,oos_iqr,0.02080000000000004,0.22715738303255884,0.004295896369199299,0.003920120253008461,0.00410800831110388,9656698293.966093,9656633692.831459,0.0006689819318917956,0.0006689819318917956,9669197941.87439,9668711122.58634,486819.2880496979,0.005034996721667239,0.9076,0.09240000000000004,0.759999999999994,0.759999999999994
formal-run-01-CCP30-solution-0283,8b771ca8e641acbb2dfbff3630a6987dafc565f3ac115089a00ed90bcb568a62,930002,5000,makespan,independent_oos_baseline,930001,930002,20,0.5,0.040471009849416775,0.0016379026382315894,2.0419676964051363,0.037514660289571344,54.4311925162969,oos_iqr,0.022800000000000042,0.14672889406685674,0.00830767605861552,0.005971715425688304,0.0071396957421519126,511.2723725762663,509.44719458152383,0.3582663746419781,0.3582663746419781,572.3284362963469,571.8438316533271,0.484604643019793,0.08474422844060303,0.9104,0.08960000000000001,1.0399999999999965,1.0399999999999965
formal-run-01-CCP30-solution-0284,252f27c6b22920759b6f2129a9a03f0e24d0343773f79a832118d10cd0490a9d,930002,5000,cost,independent_oos_baseline,930001,930002,20,0.5,0.03605448918309793,0.0012999261902541257,13010.884309988665,0.039684748578455636,327856.0347753372,oos_iqr,0.02300000000000002,0.1401360148439318,0.006227760105705152,0.0047322149658711775,0.005479987535788164,11914143.202460326,11901830.867990052,0.10344907944699436,0.10344907944699436,12274313.51461304,12245929.819471464,28383.69514157623,0.2317806451613429,0.912,0.08799999999999997,1.200000000000001,1.200000000000001
formal-run-01-CCP30-solution-0284,252f27c6b22920759b6f2129a9a03f0e24d0343773f79a832118d10cd0490a9d,930002,5000,emission,independent_oos_baseline,930001,930002,20,0.5,0.03715466064403275,0.001380468807573236,268333.3213897361,0.026955587777043145,9954645.530611038,oos_iqr,0.0242,0.105448774554511,0.005670815380839462,0.005423789565484515,0.005547302473161988,9312467522.786379,9312387468.849567,0.0008596499778304095,0.0008596499778304095,9324537500.024502,9324286888.568344,250611.45615768433,0.002687727856860948,0.9038,0.09619999999999995,0.38000000000000256,0.38000000000000256
formal-run-01-CCP30-solution-0284,252f27c6b22920759b6f2129a9a03f0e24d0343773f79a832118d10cd0490a9d,930002,5000,makespan,independent_oos_baseline,930001,930002,20,0.5,0.0438056833262608,0.0019189378916806437,2.2850961423260925,0.03984203803764151,57.35389691077563,oos_iqr,0.023399999999999976,0.1276693074850469,0.008576554952524346,0.00750722469162447,0.008041889822074409,521.3533999877609,519.1044750719738,0.43323165639736194,0.43323165639736194,574.779928385707,572.7415744418269,2.038353943880111,0.3558941824446072,0.917,0.08299999999999996,1.7000000000000015,1.7000000000000015
formal-run-01-CCP30-solution-0285,1d70aed8a8f6df5c976a9365ece3d5574b20b33cb29a8c00fee939f598573049,930002,5000,cost,independent_oos_baseline,930001,930002,20,0.5,0.03331135536058174,0.0011096463959589578,12612.787985825777,0.03603872188905535,349978.78184065595,oos_iqr,0.022199999999999998,0.16801422440099156,0.00663603055881905,0.0037759739616428792,0.005206002260230965,11895440.005993444,11882941.110656207,0.10518351661297447,0.10518351661297447,12273080.450707762,12248626.280101465,24454.17060629651,0.19964827113734043,0.9086,0.09140000000000004,0.8599999999999941,0.8599999999999941
formal-run-01-CCP30-solution-0285,1d70aed8a8f6df5c976a9365ece3d5574b20b33cb29a8c00fee939f598573049,930002,5000,emission,independent_oos_baseline,930001,930002,20,0.5,0.03654291099828618,0.0013353843442286653,250145.17774541135,0.024590168531713197,10172568.659820557,oos_iqr,0.021600000000000064,0.1916753061426506,0.005549669497624698,0.005192060322718558,0.005370864910171628,9281902328.2947,9281807968.110237,0.0010166142715696861,0.0010166142715696861,9294101849.84342,9293661177.858734,440671.9846858978,0.0047416403100185855,0.9056,0.09440000000000004,0.5599999999999938,0.5599999999999938
formal-run-01-CCP30-solution-0285,1d70aed8a8f6df5c976a9365ece3d5574b20b33cb29a8c00fee939f598573049,930002,5000,makespan,independent_oos_baseline,930001,930002,20,0.5,0.03090624080247688,0.0009551957205406868,1.714471648924486,0.03137951285516733,54.636655987543804,oos_iqr,0.020199999999999996,0.25687337890743356,0.0037679480342945617,0.003952872119283701,0.0038604100767891314,512.0250013220194,510.39111354752424,0.32012465168891346,0.32012465168891346,573.5702318629109,573.0069269542795,0.5633049086313804,0.0983068235536927,0.9092,0.09079999999999999,0.9199999999999986,0.9199999999999986
formal-run-01-CCP30-solution-0286,8b90b18298fae9e9c96782b1d4b676e26d337ab46bcc43f89fc8e487771e22ff,930002,5000,cost,independent_oos_baseline,930001,930002,20,0.5,0.03603939815356144,0.0012988382192709279,12195.678031454585,0.04165763459187112,292759.73422250897,oos_iqr,0.021399999999999975,0.20011475900980857,0.006276021435289517,0.004745294026526544,0.005510657730908031,11700162.874688104,11689975.61665738,0.08714524619031425,0.08714524619031425,12023701.236097943,12002906.363648508,20794.872449435294,0.1732486434486714,0.913,0.08699999999999997,1.3000000000000012,1.3000000000000012
formal-run-01-CCP30-solution-0286,8b90b18298fae9e9c96782b1d4b676e26d337ab46bcc43f89fc8e487771e22ff,930002,5000,emission,independent_oos_baseline,930001,930002,20,0.5,0.03485320356354039,0.0012147457986415844,285151.5519283233,0.028288064547556554,10080277.901266098,oos_iqr,0.023399999999999976,0.1276693074850469,0.004998838139590559,0.00476576290497463,0.004882300522282595,9797026284.997126,9796952486.491554,0.0007532802233462069,0.0007532802233462069,9809291007.21294,9808735000.910215,556006.3027248383,0.005668481233036093,0.907,0.09299999999999997,0.7000000000000006,0.7000000000000006
formal-run-01-CCP30-solution-0286,8b90b18298fae9e9c96782b1d4b676e26d337ab46bcc43f89fc8e487771e22ff,930002,5000,makespan,independent_oos_baseline,930001,930002,20,0.5,0.036608626674737674,0.0013401915470103148,1.97243711318054,0.0377572208882903,52.239997191961095,oos_iqr,0.024399999999999977,0.10042462289139976,0.005853388122193362,0.005094994690142363,0.005474191406167863,505.56573117433106,503.7403835887441,0.3623587953347734,0.3623587953347734,572.1839197168409,570.1001756993667,2.0837440174742596,0.36550488954297206,0.911,0.08899999999999997,1.100000000000001,1.100000000000001
formal-run-01-CCP30-solution-0287,124f60b7258d386dbd6be0dff9894bf8a3fe13b386ee6f13b33c05bc28c3434e,930002,5000,cost,independent_oos_baseline,930001,930002,20,0.5,0.040889931357285816,0.0016719864864035458,10960.38723207686,0.039770070935624464,275593.8567426335,oos_iqr,0.02080000000000004,0.22715738303255884,0.007495611010857715,0.006298524303871773,0.006897067657364744,11700169.774165599,11689532.124645658,0.09100149951693036,0.09100149951693036,12007892.00907267,11976442.742272476,31449.26680019498,0.2625927203675473,0.9128,0.08720000000000006,1.2799999999999923,1.2799999999999923
formal-run-01-CCP30-solution-0287,124f60b7258d386dbd6be0dff9894bf8a3fe13b386ee6f13b33c05bc28c3434e,930002,5000,emission,independent_oos_baseline,930001,930002,20,0.5,0.028791706246052845,0.0008289623485589983,244965.6072947167,0.023766448797311237,10307202.78758812,oos_iqr,0.022399999999999975,0.16066237817968165,0.0033874039625421066,0.003276724675768148,0.0033320643191551273,9870394049.5314,9870321809.899584,0.0007318873002135575,0.0007318873002135575,9882744567.403671,9882498420.962809,246146.44086265564,0.0024907308898782974,0.904,0.09599999999999997,0.40000000000000036,0.40000000000000036
formal-run-01-CCP30-solution-0287,124f60b7258d386dbd6be0dff9894bf8a3fe13b386ee6f13b33c05bc28c3434e,930002,5000,makespan,independent_oos_baseline,930001,930002,20,0.5,0.04297896368505771,0.001847191319441509,1.9157203857855436,0.0365710597036632,52.383507650822935,oos_iqr,0.019400000000000084,0.3008012928035292,0.008027120436855,0.007222395760849542,0.007624758098852271,515.2432867008331,513.3636924341547,0.36613307376027127,0.36613307376027127,572.4160241207885,571.7282983862722,0.6877257345163343,0.12028890933988573,0.9158,0.08420000000000005,1.5799999999999925,1.5799999999999925
formal-run-01-CCP30-solution-0288,5c86ff0e50088e52c85827443e065bb4b2ad2d4e63ff2709e98ff0a453b546cf,930002,5000,cost,independent_oos_baseline,930001,930002,20,0.5,0.03952826948361862,0.0015624840883695754,10978.003452991645,0.039716713346779335,276407.6512862276,oos_iqr,0.022799999999999987,0.14672889406685885,0.006946909354094824,0.005921196481538458,0.006434052917816641,11688218.14964921,11677626.647024658,0.09069910303435935,0.09069910303435935,11995767.727576843,11965330.170616653,30437.556960189715,0.2543812542251065,0.9144,0.08560000000000001,1.4399999999999968,1.4399999999999968
formal-run-01-CCP30-solution-0288,5c86ff0e50088e52c85827443e065bb4b2ad2d4e63ff2709e98ff0a453b546cf,930002,5000,emission,independent_oos_baseline,930001,930002,20,0.5,0.030763432922264397,0.0009463888051626609,254914.41069928018,0.02504202933223818,10179462.986696243,oos_iqr,0.02320000000000011,0.13378475057841743,0.0038642368357576047,0.003729862014776302,0.0037970494252669534,9880218125.76796,9880146862.808538,0.0007212742928894133,0.0007212742928894133,9892419407.226595,9892200620.808422,218786.4181728363,0.0022117062376658145,0.9026,0.09740000000000004,0.25999999999999357,0.25999999999999357
formal-run-01-CCP30-solution-0288,5c86ff0e50088e52c85827443e065bb4b2ad2d4e63ff2709e98ff0a453b546cf,930002,5000,makespan,independent_oos_baseline,930001,930002,20,0.5,0.03956221411590676,0.0015651687857528524,1.8468868848432864,0.03559790062243614,51.88190462218597,oos_iqr,0.020600000000000063,0.23676066509225802,0.006820480548970849,0.006031067958011966,0.006425774253491407,513.6412642962737,511.84689698580456,0.35056719519760565,0.35056719519760565,572.3349408640555,571.6944935338422,0.6404473302133056,0.11202614988548835,0.9154,0.08460000000000001,1.539999999999997,1.539999999999997
formal-run-01-CCP30-solution-0289,d4593565707b55e3406c7ccba89f68a8a5c8a523e9a01fa1983604b8d4f24098,930002,5000,cost,independent_oos_baseline,930001,930002,20,0.5,0.036844213445379664,0.0013574960644086955,13104.976392263277,0.039913847446001585,328331.5748999808,oos_iqr,0.023399999999999976,0.1276693074850469,0.006008296614152387,0.005109355898009679,0.0055588262560810325,11932680.517511176,11919845.805653173,0.10767515005869796,0.10767515005869796,12291456.491883261,12263398.073566249,28058.41831701249,0.22879807169835253,0.9102,0.08979999999999999,1.0199999999999987,1.0199999999999987
formal-run-01-CCP30-solution-0289,d4593565707b55e3406c7ccba89f68a8a5c8a523e9a01fa1983604b8d4f24098,930002,5000,emission,independent_oos_baseline,930001,930002,20,0.5,0.0355697863792358,0.0012652097030644688,249200.1394308741,0.024473764216119433,10182338.002044678,oos_iqr,0.023399999999999976,0.1276693074850469,0.0055423847256406145,0.004853040375579457,0.005197712550610035,9295181354.887466,9295088763.703411,0.0009961301759364542,0.0009961301759364542,9307336200.607157,9307163874.096361,172326.51079559326,0.0018515469709866322,0.9034,0.09660000000000002,0.33999999999999586,0.33999999999999586
formal-run-01-CCP30-solution-0289,d4593565707b55e3406c7ccba89f68a8a5c8a523e9a01fa1983604b8d4f24098,930002,5000,makespan,independent_oos_baseline,930001,930002,20,0.5,0.044083004954855586,0.001943311325849822,2.1805482717326115,0.03678240187020689,59.28237855230486,oos_iqr,0.02200000000000002,0.17563013054961474,0.008681031996002831,0.007600163768032697,0.008140597882017764,522.2407188325487,520.1092925490747,0.40980353821941384,0.40980353821941384,575.0306986644305,572.7701934364732,2.26050522795731,0.39466181268876144,0.9182,0.08179999999999998,1.8199999999999994,1.8199999999999994
formal-run-01-CCP30-solution-0291,54d7d53deb2e4fe1c0446cf81186c2fe9d644744ebd4fa6257eb6c47a532bb06,930002,5000,cost,independent_oos_baseline,930001,930002,20,0.5,0.04272013343992787,0.0018250098011252437,13536.046037791832,0.04323545566348066,313077.44604679197,oos_iqr,0.019199999999999995,0.31256521491747236,0.008785436288946846,0.0067098576970553245,0.007747646993001085,11785124.475206338,11773385.91657962,0.09970418628838439,0.09970418628838439,12140644.494860878,12106985.97199615,33658.5228647273,0.2780091010477798,0.9158,0.08420000000000005,1.5799999999999925,1.5799999999999925
formal-run-01-CCP30-solution-0291,54d7d53deb2e4fe1c0446cf81186c2fe9d644744ebd4fa6257eb6c47a532bb06,930002,5000,emission,independent_oos_baseline,930001,930002,20,0.5,0.029993931845833894,0.0008996359475725287,234549.11946559767,0.023315943657758662,10059602.257940292,oos_iqr,0.022800000000000042,0.14672889406685674,0.0036309110452782062,0.003575500175315531,0.0036032056102968685,9480521164.245293,9480431192.169603,0.0009490293623314155,0.0009490293623314155,9492727401.223177,9492402300.521677,325100.70149993896,0.003424851699364578,0.904,0.09599999999999997,0.40000000000000036,0.40000000000000036
formal-run-01-CCP30-solution-0291,54d7d53deb2e4fe1c0446cf81186c2fe9d644744ebd4fa6257eb6c47a532bb06,930002,5000,makespan,independent_oos_baseline,930001,930002,20,0.5,0.0369560825976927,0.0013657520409674855,1.943153303478886,0.03674910870259118,52.87620222859647,oos_iqr,0.01739999999999997,0.43234344883612785,0.0063697785704606835,0.005049664231364793,0.005709721400912738,513.2123043709081,511.3082322671535,0.37239222519689713,0.37239222519689713,573.5732303554099,572.412897748526,1.1603326068839124,0.20270902550376718,0.9114,0.08860000000000001,1.1399999999999966,1.1399999999999966
formal-run-01-CCP30-solution-0294,ccd7f9f30fadf00deeba4fa6ecddbcdeb8bab0eb87854bf477f53038cae43bc1,930002,5000,cost,independent_oos_baseline,930001,930002,20,0.5,0.03324534290806899,0.001105252825075093,13723.472340892076,0.043656731855042534,314349.5116963722,oos_iqr,0.022599999999999953,0.15356912653670451,0.004986210020373129,0.00412999762657536,0.0045581038234742445,11997973.836971143,11984487.736580174,0.11252963570403854,0.11252963570403854,12358276.910154874,12329997.85620244,28279.05395243317,0.22935165344094338,0.9142,0.08579999999999999,1.419999999999999,1.419999999999999
formal-run-01-CCP30-solution-0294,ccd7f9f30fadf00deeba4fa6ecddbcdeb8bab0eb87854bf477f53038cae43bc1,930002,5000,emission,independent_oos_baseline,930001,930002,20,0.5,0.031155096947463202,0.0009706400658058309,237028.00626495405,0.023079855508906164,10269908.586450577,oos_iqr,0.019199999999999995,0.31256521491747236,0.003968440642954857,0.0038143405668228155,0.0038913906048888363,9390742952.45269,9390632475.80492,0.001176455878286925,0.001176455878286925,9403175907.720867,9402956802.06001,219105.66085624695,0.002330178320166748,0.9024,0.09760000000000002,0.23999999999999577,0.23999999999999577
formal-run-01-CCP30-solution-0294,ccd7f9f30fadf00deeba4fa6ecddbcdeb8bab0eb87854bf477f53038cae43bc1,930002,5000,makespan,independent_oos_baseline,930001,930002,20,0.5,0.02882668530027707,0.0008309777854012101,2.1891393390019167,0.039572947394037515,55.319087486815704,oos_iqr,0.020399999999999974,0.24666489084878618,0.00381854350321988,0.0030495802316224028,0.0034340618674211414,525.0981978226672,522.9154200737655,0.41742462836413774,0.41742462836413774,577.7330332471454,575.2731689991543,2.4598642479910495,0.42759933550710505,0.9138,0.08620000000000005,1.3799999999999923,1.3799999999999923
formal-run-01-CCP30-solution-0295,7e4cb38a5910f48d1b0058d2d700a678d130e32ee9b1563df48fcf7eb4824049,930002,5000,cost,independent_oos_baseline,930001,930002,20,0.5,0.031500392932875786,0.0009922747549255709,13076.0207301462,0.03739307414906326,349690.97961884923,oos_iqr,0.01979999999999993,0.27821435494795,0.004681127669651256,0.0035949949040432983,0.004138061286847277,11960631.152339356,11947674.671318734,0.10844353714890592,0.10844353714890592,12338855.446226327,12312304.986953165,26550.459273161367,0.21564166337087798,0.9102,0.08979999999999999,1.0199999999999987,1.0199999999999987
formal-run-01-CCP30-solution-0295,7e4cb38a5910f48d1b0058d2d700a678d130e32ee9b1563df48fcf7eb4824049,930002,5000,emission,independent_oos_baseline,930001,930002,20,0.5,0.03517515601230615,0.0012372916004900775,242580.3915474783,0.023461524113603804,10339498.421878815,oos_iqr,0.022600000000000064,0.15356912653670052,0.0050300268635279505,0.004898307410721673,0.004964167137124812,9285541347.5806,9285444824.04102,0.001039514438030895,0.001039514438030895,9297777012.345238,9297550169.5426,226842.80263710022,0.00243981262268639,0.9042,0.0958,0.41999999999999815,0.41999999999999815
formal-run-01-CCP30-solution-0295,7e4cb38a5910f48d1b0058d2d700a678d130e32ee9b1563df48fcf7eb4824049,930002,5000,makespan,independent_oos_baseline,930001,930002,20,0.5,0.04240985533691546,0.0017985958296980963,1.6867897460929395,0.03530364746048746,47.779475137259624,oos_iqr,0.019399999999999973,0.3008012928035356,0.008247962595069547,0.006885842407957721,0.007566902501513634,514.4028151172205,512.9264446984411,0.28783277486256537,0.28783277486256537,572.6442369812648,571.9620596465813,0.6821773346835016,0.11926968287110214,0.915,0.08499999999999996,1.5000000000000013,1.5000000000000013
formal-run-01-CCP30-solution-0298,8db5f1f78dc648b2b81f35c4d15c816663c4f520329e97647b7d38f2737f4e92,930002,5000,cost,independent_oos_baseline,930001,930002,20,0.5,0.03498105071206492,0.001223673908920058,12169.785291864882,0.03841162112380143,316825.60995385796,oos_iqr,0.02200000000000002,0.17563013054961474,0.005529067016146717,0.004580231747821093,0.005054649381983905,11969587.992202636,11958077.215723746,0.09625942591970173,0.09625942591970173,12318286.107037658,12289882.979614986,28403.127422671765,0.23110982805762703,0.9152,0.08479999999999999,1.5199999999999991,1.5199999999999991
formal-run-01-CCP30-solution-0298,8db5f1f78dc648b2b81f35c4d15c816663c4f520329e97647b7d38f2737f4e92,930002,5000,emission,independent_oos_baseline,930001,930002,20,0.5,0.0322759627704293,0.0010417377727581383,284256.40143940505,0.027478877318507525,10344542.032943726,oos_iqr,0.021600000000000064,0.1916753061426506,0.004234926472494649,0.00410982412510679,0.004172375298800719,9404574472.85866,9404499527.995718,0.0007969043192425377,0.0007969043192425377,9416992470.603783,9416584528.865515,407941.73826789856,0.004332162441885352,0.9056,0.09440000000000004,0.5599999999999938,0.5599999999999938
formal-run-01-CCP30-solution-0298,8db5f1f78dc648b2b81f35c4d15c816663c4f520329e97647b7d38f2737f4e92,930002,5000,makespan,independent_oos_baseline,930001,930002,20,0.5,0.03295773420419175,0.001086212243874151,2.0852009941392136,0.036672059991260504,56.8607543354845,oos_iqr,0.021199999999999997,0.2088385883788043,0.004830698394924766,0.0040906891059876655,0.004460693750456216,521.2438884629012,519.1631380076275,0.4007893286220019,0.4007893286220019,577.6737233431811,575.4335837995658,2.240139543615328,0.38929593382850075,0.914,0.08599999999999997,1.4000000000000012,1.4000000000000012
