nohup: ignoring input
[FORMAL GATE] internal checks passed {'30_seed_rows': True, 'unique_algorithm_seeds': True, 'unique_training_seeds': True, 'all_formal_seeds_unique': True, 'path_seed_zero': True, 'methods_exact': True, 'settings_exact': True, 'ccp_S30': True, 'validation_S5000': True, 'quantile_definition': True}
[INFO] Loaded directional border events: 4 from /home/lunet/cokt2/uncertainty/expanda/data/border_crossing_events.csv
[INFO] Loaded carbon tax for 5 regions.
[INFO] Loaded emission factors for 15 (mode, region) pairs.
[INFO] Loaded mode speeds: {'road': 60.0, 'rail': 120.0, 'water': 35.0}
[INFO] Effective mode speeds (CLI override > workbook Mode_Speeds > hardcoded fallback): {'rail': (120.0, 'workbook_mode_speeds'), 'road': (60.0, 'workbook_mode_speeds'), 'water': (35.0, 'workbook_mode_speeds')}
[INFO] Loaded transshipment entries: 140
[INFO] Loaded border delay map (per-mode +customs): 93 entries.
[INFO] Loaded carbon tax applicability: 8 entries.
[INFO] Loaded border capacity: 31 nodes | background flow: 8 nodes.
[INFO] Active break-of-gauge capacities: {'Zabaykalsk': 700.0, 'Altynkol': 700.0, 'Manzhouli': 900.0, 'Malaszewicze': 500.0, 'Khorgos': 900.0, 'Alashankou': 900.0, 'Brest': 600.0, 'Dostyk': 800.0, 'Erenhot': 900.0}
[INFO] Active break-of-gauge background flow: {'Zabaykalsk': 350.0, 'Altynkol': 350.0, 'Manzhouli': 450.0, 'Khorgos': 500.0, 'Alashankou': 500.0, 'Brest': 350.0, 'Dostyk': 450.0, 'Erenhot': 450.0}
[INFO] Loaded China border nodes (7): ['Alashankou', 'Chongqing', 'Erenhot', 'Khorgos', 'Lianyungang', 'Manzhouli', 'Yiwu']
[INFO] Loaded waiting params: cost=0.8, emission=320.5
[INFO] Timetable loaded: 168 scheduled services; using frequency, first departure and headway for induced waiting.
[WARN] Timetable.time is loaded only as legacy metadata: its unit is undocumented (observed values=[300.0, 355.0, 415.0, 518.0]); it is not used as arc travel hours. Running time follows distance / documented mode speed.
[INFO] Batches loaded: 40
[CONFIG] Waiting emission = 320.50 gCO2/TEU/hour
[CONFIG] Waiting emissions included in regional carbon cost = True
[INFO] All paths pass border monotonicity. ✅
[SANITY] ✅ All batches have paths.
[FEAS-INIT] Structurally feasible single-path options per batch: min=18  median=31.0  max=39
[FORMAL START] run=01 method=EV algorithm_seed=910001 training_seed=None semantics=direct_expected_inputs
[FEAS-INIT] Capacity-aware seeds=90  zero-excess=90  fully-feasible-after-evaluation=90

========================================================================
  [NSGA-II] Gen 000/499  |  2.8s elapsed
  Pop feasible: 117/300 (39.0%)  |  NonDom=8  |  BestPenalty=0.00e+00  |  BestNormVio=0
  Best feasible: Cost=1.413e+07↓ Emis=1.485e+10↓ Time=472.1h↓
========================================================================

========================================================================
  [NSGA-II] Gen 001/499  |  5.1s elapsed
  Pop feasible: 170/300 (56.7%)  |  NonDom=10  |  BestPenalty=0.00e+00  |  BestNormVio=0
  Best feasible: Cost=1.407e+07↓ Emis=1.470e+10↓ Time=472.1h→
========================================================================

========================================================================
  [NSGA-II] Gen 002/499  |  7.4s elapsed
  Pop feasible: 238/300 (79.3%)  |  NonDom=11  |  BestPenalty=0.00e+00  |  BestNormVio=0
  Best feasible: Cost=1.407e+07→ Emis=1.459e+10↓ Time=472.1h→
========================================================================

========================================================================
  [NSGA-II] Gen 003/499  |  9.7s elapsed
  Pop feasible: 300/300 (100.0%)  |  NonDom=11  |  BestPenalty=0.00e+00  |  BestNormVio=0
  Best feasible: Cost=1.403e+07↓ Emis=1.453e+10↓ Time=472.1h→
========================================================================

========================================================================
  [NSGA-II] Gen 004/499  |  12.1s elapsed
  Pop feasible: 300/300 (100.0%)  |  NonDom=9  |  BestPenalty=0.00e+00  |  BestNormVio=0
  Best feasible: Cost=1.397e+07↓ Emis=1.411e+10↓ Time=468.1h↓
========================================================================

========================================================================
  [NSGA-II] Gen 005/499  |  14.5s elapsed
  Pop feasible: 300/300 (100.0%)  |  NonDom=17  |  BestPenalty=0.00e+00  |  BestNormVio=0
  Best feasible: Cost=1.391e+07↓ Emis=1.411e+10→ Time=468.1h→
========================================================================

========================================================================
  [NSGA-II] Gen 006/499  |  16.9s elapsed
  Pop feasible: 300/300 (100.0%)  |  NonDom=10  |  BestPenalty=0.00e+00  |  BestNormVio=0
  Best feasible: Cost=1.363e+07↓ Emis=1.398e+10↓ Time=467.8h↓
========================================================================

========================================================================
  [NSGA-II] Gen 007/499  |  19.2s elapsed
  Pop feasible: 300/300 (100.0%)  |  NonDom=11  |  BestPenalty=0.00e+00  |  BestNormVio=0
  Best feasible: Cost=1.363e+07↓ Emis=1.398e+10→ Time=465.2h↓
========================================================================

========================================================================
  [NSGA-II] Gen 008/499  |  21.5s elapsed
  Pop feasible: 300/300 (100.0%)  |  NonDom=16  |  BestPenalty=0.00e+00  |  BestNormVio=0
  Best feasible: Cost=1.341e+07↓ Emis=1.354e+10↓ Time=465.2h→
========================================================================

========================================================================
  [NSGA-II] Gen 009/499  |  23.8s elapsed
  Pop feasible: 300/300 (100.0%)  |  NonDom=18  |  BestPenalty=0.00e+00  |  BestNormVio=0
  Best feasible: Cost=1.326e+07↓ Emis=1.346e+10↓ Time=465.2h→
========================================================================

========================================================================
  [NSGA-II] Gen 010/499  |  26.2s elapsed
  Pop feasible: 300/300 (100.0%)  |  NonDom=16  |  BestPenalty=0.00e+00  |  BestNormVio=0
  Best feasible: Cost=1.314e+07↓ Emis=1.262e+10↓ Time=465.2h→
========================================================================

========================================================================
  [NSGA-II] Gen 011/499  |  28.6s elapsed
  Pop feasible: 300/300 (100.0%)  |  NonDom=14  |  BestPenalty=0.00e+00  |  BestNormVio=0
  Best feasible: Cost=1.314e+07→ Emis=1.262e+10→ Time=463.1h↓
========================================================================

========================================================================
  [NSGA-II] Gen 012/499  |  30.8s elapsed
  Pop feasible: 300/300 (100.0%)  |  NonDom=6  |  BestPenalty=0.00e+00  |  BestNormVio=0
  Best feasible: Cost=1.309e+07↓ Emis=1.262e+10→ Time=463.1h→
========================================================================

========================================================================
  [NSGA-II] Gen 013/499  |  33.1s elapsed
  Pop feasible: 300/300 (100.0%)  |  NonDom=7  |  BestPenalty=0.00e+00  |  BestNormVio=0
  Best feasible: Cost=1.304e+07↓ Emis=1.262e+10→ Time=460.8h↓
========================================================================

========================================================================
  [NSGA-II] Gen 014/499  |  35.5s elapsed
  Pop feasible: 300/300 (100.0%)  |  NonDom=10  |  BestPenalty=0.00e+00  |  BestNormVio=0
  Best feasible: Cost=1.289e+07↓ Emis=1.253e+10↓ Time=459.7h↓
========================================================================

========================================================================
  [NSGA-II] Gen 015/499  |  37.9s elapsed
  Pop feasible: 300/300 (100.0%)  |  NonDom=9  |  BestPenalty=0.00e+00  |  BestNormVio=0
  Best feasible: Cost=1.280e+07↓ Emis=1.241e+10↓ Time=459.7h→
========================================================================

========================================================================
  [NSGA-II] Gen 016/499  |  40.2s elapsed
  Pop feasible: 300/300 (100.0%)  |  NonDom=11  |  BestPenalty=0.00e+00  |  BestNormVio=0
  Best feasible: Cost=1.280e+07→ Emis=1.216e+10↓ Time=459.7h→
========================================================================

========================================================================
  [NSGA-II] Gen 017/499  |  42.5s elapsed
  Pop feasible: 300/300 (100.0%)  |  NonDom=23  |  BestPenalty=0.00e+00  |  BestNormVio=0
  Best feasible: Cost=1.276e+07↓ Emis=1.192e+10↓ Time=451.3h↓
========================================================================

========================================================================
  [NSGA-II] Gen 018/499  |  44.8s elapsed
  Pop feasible: 300/300 (100.0%)  |  NonDom=14  |  BestPenalty=0.00e+00  |  BestNormVio=0
  Best feasible: Cost=1.270e+07↓ Emis=1.192e+10→ Time=450.7h↓
========================================================================

========================================================================
  [NSGA-II] Gen 019/499  |  47.1s elapsed
  Pop feasible: 300/300 (100.0%)  |  NonDom=17  |  BestPenalty=0.00e+00  |  BestNormVio=0
  Best feasible: Cost=1.262e+07↓ Emis=1.187e+10↓ Time=450.7h→
========================================================================

========================================================================
  [NSGA-II] Gen 020/499  |  49.3s elapsed
  Pop feasible: 300/300 (100.0%)  |  NonDom=21  |  BestPenalty=0.00e+00  |  BestNormVio=0
  Best feasible: Cost=1.262e+07→ Emis=1.162e+10↓ Time=446.4h↓
========================================================================

========================================================================
  [NSGA-II] Gen 021/499  |  51.7s elapsed
  Pop feasible: 300/300 (100.0%)  |  NonDom=13  |  BestPenalty=0.00e+00  |  BestNormVio=0
  Best feasible: Cost=1.252e+07↓ Emis=1.162e+10→ Time=446.4h→
========================================================================

========================================================================
  [NSGA-II] Gen 022/499  |  54.0s elapsed
  Pop feasible: 300/300 (100.0%)  |  NonDom=16  |  BestPenalty=0.00e+00  |  BestNormVio=0
  Best feasible: Cost=1.246e+07↓ Emis=1.162e+10→ Time=446.4h→
========================================================================

========================================================================
  [NSGA-II] Gen 023/499  |  56.3s elapsed
  Pop feasible: 300/300 (100.0%)  |  NonDom=13  |  BestPenalty=0.00e+00  |  BestNormVio=0
  Best feasible: Cost=1.239e+07↓ Emis=1.116e+10↓ Time=443.6h↓
========================================================================

========================================================================
  [NSGA-II] Gen 024/499  |  58.6s elapsed
  Pop feasible: 300/300 (100.0%)  |  NonDom=11  |  BestPenalty=0.00e+00  |  BestNormVio=0
  Best feasible: Cost=1.227e+07↓ Emis=1.111e+10↓ Time=443.6h→
========================================================================

========================================================================
  [NSGA-II] Gen 025/499  |  60.9s elapsed
  Pop feasible: 300/300 (100.0%)  |  NonDom=13  |  BestPenalty=0.00e+00  |  BestNormVio=0
  Best feasible: Cost=1.218e+07↓ Emis=1.102e+10↓ Time=443.6h↓
========================================================================

========================================================================
  [NSGA-II] Gen 026/499  |  63.3s elapsed
  Pop feasible: 300/300 (100.0%)  |  NonDom=16  |  BestPenalty=0.00e+00  |  BestNormVio=0
  Best feasible: Cost=1.218e+07→ Emis=1.079e+10↓ Time=443.6h→
========================================================================

========================================================================
  [NSGA-II] Gen 027/499  |  65.7s elapsed
  Pop feasible: 300/300 (100.0%)  |  NonDom=19  |  BestPenalty=0.00e+00  |  BestNormVio=0
  Best feasible: Cost=1.218e+07→ Emis=1.079e+10→ Time=443.6h→
========================================================================

========================================================================
  [NSGA-II] Gen 028/499  |  68.0s elapsed
  Pop feasible: 300/300 (100.0%)  |  NonDom=15  |  BestPenalty=0.00e+00  |  BestNormVio=0
  Best feasible: Cost=1.216e+07↓ Emis=1.066e+10↓ Time=443.6h→
========================================================================

========================================================================
  [NSGA-II] Gen 029/499  |  70.2s elapsed
  Pop feasible: 300/300 (100.0%)  |  NonDom=18  |  BestPenalty=0.00e+00  |  BestNormVio=0
  Best feasible: Cost=1.211e+07↓ Emis=1.066e+10→ Time=441.1h↓
========================================================================

========================================================================
  [NSGA-II] Gen 030/499  |  72.4s elapsed
  Pop feasible: 300/300 (100.0%)  |  NonDom=25  |  BestPenalty=0.00e+00  |  BestNormVio=0
  Best feasible: Cost=1.211e+07→ Emis=1.048e+10↓ Time=441.1h→
========================================================================

========================================================================
  [NSGA-II] Gen 031/499  |  74.7s elapsed
  Pop feasible: 300/300 (100.0%)  |  NonDom=27  |  BestPenalty=0.00e+00  |  BestNormVio=0
  Best feasible: Cost=1.199e+07↓ Emis=1.048e+10→ Time=441.1h→
========================================================================

========================================================================
  [NSGA-II] Gen 032/499  |  77.1s elapsed
  Pop feasible: 300/300 (100.0%)  |  NonDom=25  |  BestPenalty=0.00e+00  |  BestNormVio=0
  Best feasible: Cost=1.199e+07→ Emis=1.041e+10↓ Time=441.1h→
========================================================================

========================================================================
  [NSGA-II] Gen 033/499  |  79.3s elapsed
  Pop feasible: 300/300 (100.0%)  |  NonDom=18  |  BestPenalty=0.00e+00  |  BestNormVio=0
  Best feasible: Cost=1.199e+07→ Emis=1.041e+10→ Time=441.1h→
========================================================================

========================================================================
  [NSGA-II] Gen 034/499  |  81.6s elapsed
  Pop feasible: 300/300 (100.0%)  |  NonDom=24  |  BestPenalty=0.00e+00  |  BestNormVio=0
  Best feasible: Cost=1.199e+07→ Emis=1.039e+10↓ Time=441.1h→
========================================================================

========================================================================
  [NSGA-II] Gen 035/499  |  83.9s elapsed
  Pop feasible: 300/300 (100.0%)  |  NonDom=23  |  BestPenalty=0.00e+00  |  BestNormVio=0
  Best feasible: Cost=1.198e+07↓ Emis=1.035e+10↓ Time=441.1h→
========================================================================

========================================================================
  [NSGA-II] Gen 036/499  |  86.2s elapsed
  Pop feasible: 300/300 (100.0%)  |  NonDom=29  |  BestPenalty=0.00e+00  |  BestNormVio=0
  Best feasible: Cost=1.198e+07→ Emis=1.023e+10↓ Time=441.1h→
========================================================================

========================================================================
  [NSGA-II] Gen 037/499  |  88.6s elapsed
  Pop feasible: 300/300 (100.0%)  |  NonDom=22  |  BestPenalty=0.00e+00  |  BestNormVio=0
  Best feasible: Cost=1.193e+07↓ Emis=1.023e+10→ Time=440.3h↓
========================================================================

========================================================================
  [NSGA-II] Gen 038/499  |  90.8s elapsed
  Pop feasible: 300/300 (100.0%)  |  NonDom=32  |  BestPenalty=0.00e+00  |  BestNormVio=0
  Best feasible: Cost=1.193e+07→ Emis=1.022e+10↓ Time=440.3h→
========================================================================

========================================================================
  [NSGA-II] Gen 039/499  |  93.1s elapsed
  Pop feasible: 300/300 (100.0%)  |  NonDom=31  |  BestPenalty=0.00e+00  |  BestNormVio=0
  Best feasible: Cost=1.192e+07↓ Emis=1.020e+10↓ Time=440.3h→
========================================================================

========================================================================
  [NSGA-II] Gen 040/499  |  95.4s elapsed
  Pop feasible: 300/300 (100.0%)  |  NonDom=35  |  BestPenalty=0.00e+00  |  BestNormVio=0
  Best feasible: Cost=1.190e+07↓ Emis=1.017e+10↓ Time=440.3h→
========================================================================

========================================================================
  [NSGA-II] Gen 041/499  |  97.5s elapsed
  Pop feasible: 300/300 (100.0%)  |  NonDom=34  |  BestPenalty=0.00e+00  |  BestNormVio=0
  Best feasible: Cost=1.185e+07↓ Emis=1.011e+10↓ Time=440.3h→
========================================================================

========================================================================
  [NSGA-II] Gen 042/499  |  99.8s elapsed
  Pop feasible: 300/300 (100.0%)  |  NonDom=21  |  BestPenalty=0.00e+00  |  BestNormVio=0
  Best feasible: Cost=1.185e+07→ Emis=1.008e+10↓ Time=439.7h↓
========================================================================

========================================================================
  [NSGA-II] Gen 043/499  |  102.1s elapsed
  Pop feasible: 300/300 (100.0%)  |  NonDom=28  |  BestPenalty=0.00e+00  |  BestNormVio=0
  Best feasible: Cost=1.185e+07→ Emis=1.008e+10→ Time=439.7h→
========================================================================

========================================================================
  [NSGA-II] Gen 044/499  |  104.3s elapsed
  Pop feasible: 300/300 (100.0%)  |  NonDom=32  |  BestPenalty=0.00e+00  |  BestNormVio=0
  Best feasible: Cost=1.185e+07→ Emis=1.008e+10→ Time=439.7h→
========================================================================

========================================================================
  [NSGA-II] Gen 045/499  |  106.5s elapsed
  Pop feasible: 300/300 (100.0%)  |  NonDom=30  |  BestPenalty=0.00e+00  |  BestNormVio=0
  Best feasible: Cost=1.184e+07↓ Emis=1.004e+10↓ Time=439.7h→
========================================================================

========================================================================
  [NSGA-II] Gen 046/499  |  108.7s elapsed
  Pop feasible: 300/300 (100.0%)  |  NonDom=38  |  BestPenalty=0.00e+00  |  BestNormVio=0
  Best feasible: Cost=1.182e+07↓ Emis=9.987e+09↓ Time=439.7h→
========================================================================

========================================================================
  [NSGA-II] Gen 047/499  |  111.0s elapsed
  Pop feasible: 300/300 (100.0%)  |  NonDom=42  |  BestPenalty=0.00e+00  |  BestNormVio=0
  Best feasible: Cost=1.180e+07↓ Emis=9.987e+09→ Time=439.7h→
========================================================================

========================================================================
  [NSGA-II] Gen 048/499  |  113.2s elapsed
  Pop feasible: 300/300 (100.0%)  |  NonDom=44  |  BestPenalty=0.00e+00  |  BestNormVio=0
  Best feasible: Cost=1.177e+07↓ Emis=9.947e+09↓ Time=439.7h→
========================================================================

========================================================================
  [NSGA-II] Gen 049/499  |  115.4s elapsed
  Pop feasible: 300/300 (100.0%)  |  NonDom=44  |  BestPenalty=0.00e+00  |  BestNormVio=0
  Best feasible: Cost=1.177e+07→ Emis=9.853e+09↓ Time=439.7h→
========================================================================

========================================================================
  [NSGA-II] Gen 050/499  |  117.7s elapsed
  Pop feasible: 300/300 (100.0%)  |  NonDom=49  |  BestPenalty=0.00e+00  |  BestNormVio=0
  Best feasible: Cost=1.177e+07→ Emis=9.853e+09↓ Time=439.7h→
========================================================================

========================================================================
  [NSGA-II] Gen 051/499  |  120.0s elapsed
  Pop feasible: 300/300 (100.0%)  |  NonDom=48  |  BestPenalty=0.00e+00  |  BestNormVio=0
  Best feasible: Cost=1.177e+07→ Emis=9.853e+09→ Time=439.7h→
========================================================================

========================================================================
  [NSGA-II] Gen 052/499  |  122.1s elapsed
  Pop feasible: 300/300 (100.0%)  |  NonDom=46  |  BestPenalty=0.00e+00  |  BestNormVio=0
  Best feasible: Cost=1.177e+07↓ Emis=9.819e+09↓ Time=439.7h→
========================================================================

========================================================================
  [NSGA-II] Gen 053/499  |  124.4s elapsed
  Pop feasible: 300/300 (100.0%)  |  NonDom=39  |  BestPenalty=0.00e+00  |  BestNormVio=0
  Best feasible: Cost=1.177e+07→ Emis=9.819e+09→ Time=439.7h→
========================================================================

========================================================================
  [NSGA-II] Gen 054/499  |  126.6s elapsed
  Pop feasible: 300/300 (100.0%)  |  NonDom=47  |  BestPenalty=0.00e+00  |  BestNormVio=0
  Best feasible: Cost=1.177e+07→ Emis=9.814e+09↓ Time=439.7h→
========================================================================

========================================================================
  [NSGA-II] Gen 055/499  |  128.8s elapsed
  Pop feasible: 300/300 (100.0%)  |  NonDom=48  |  BestPenalty=0.00e+00  |  BestNormVio=0
  Best feasible: Cost=1.174e+07↓ Emis=9.814e+09→ Time=439.7h→
========================================================================

========================================================================
  [NSGA-II] Gen 056/499  |  130.8s elapsed
  Pop feasible: 300/300 (100.0%)  |  NonDom=41  |  BestPenalty=0.00e+00  |  BestNormVio=0
  Best feasible: Cost=1.174e+07→ Emis=9.788e+09↓ Time=439.7h→
========================================================================

========================================================================
  [NSGA-II] Gen 057/499  |  133.1s elapsed
  Pop feasible: 300/300 (100.0%)  |  NonDom=45  |  BestPenalty=0.00e+00  |  BestNormVio=0
  Best feasible: Cost=1.174e+07→ Emis=9.788e+09→ Time=439.7h→
========================================================================

========================================================================
  [NSGA-II] Gen 058/499  |  135.3s elapsed
  Pop feasible: 300/300 (100.0%)  |  NonDom=47  |  BestPenalty=0.00e+00  |  BestNormVio=0
  Best feasible: Cost=1.174e+07→ Emis=9.788e+09→ Time=439.7h→
========================================================================

========================================================================
  [NSGA-II] Gen 059/499  |  137.5s elapsed
  Pop feasible: 300/300 (100.0%)  |  NonDom=38  |  BestPenalty=0.00e+00  |  BestNormVio=0
  Best feasible: Cost=1.173e+07↓ Emis=9.788e+09→ Time=439.7h→
========================================================================

========================================================================
  [NSGA-II] Gen 060/499  |  139.8s elapsed
  Pop feasible: 300/300 (100.0%)  |  NonDom=36  |  BestPenalty=0.00e+00  |  BestNormVio=0
  Best feasible: Cost=1.172e+07↓ Emis=9.788e+09→ Time=439.7h→
========================================================================

========================================================================
  [NSGA-II] Gen 061/499  |  141.9s elapsed
  Pop feasible: 300/300 (100.0%)  |  NonDom=45  |  BestPenalty=0.00e+00  |  BestNormVio=0
  Best feasible: Cost=1.170e+07↓ Emis=9.788e+09→ Time=439.7h→
========================================================================

========================================================================
  [NSGA-II] Gen 062/499  |  144.1s elapsed
  Pop feasible: 300/300 (100.0%)  |  NonDom=51  |  BestPenalty=0.00e+00  |  BestNormVio=0
  Best feasible: Cost=1.170e+07→ Emis=9.788e+09→ Time=439.7h→
========================================================================

========================================================================
  [NSGA-II] Gen 063/499  |  146.3s elapsed
  Pop feasible: 300/300 (100.0%)  |  NonDom=40  |  BestPenalty=0.00e+00  |  BestNormVio=0
  Best feasible: Cost=1.170e+07→ Emis=9.788e+09→ Time=439.7h→
========================================================================

========================================================================
  [NSGA-II] Gen 064/499  |  148.5s elapsed
  Pop feasible: 300/300 (100.0%)  |  NonDom=50  |  BestPenalty=0.00e+00  |  BestNormVio=0
  Best feasible: Cost=1.170e+07→ Emis=9.752e+09↓ Time=439.7h→
========================================================================

========================================================================
  [NSGA-II] Gen 065/499  |  150.7s elapsed
  Pop feasible: 300/300 (100.0%)  |  NonDom=54  |  BestPenalty=0.00e+00  |  BestNormVio=0
  Best feasible: Cost=1.170e+07→ Emis=9.743e+09↓ Time=439.7h→
========================================================================

========================================================================
  [NSGA-II] Gen 066/499  |  153.0s elapsed
  Pop feasible: 300/300 (100.0%)  |  NonDom=49  |  BestPenalty=0.00e+00  |  BestNormVio=0
  Best feasible: Cost=1.170e+07→ Emis=9.735e+09↓ Time=439.7h→
========================================================================

========================================================================
  [NSGA-II] Gen 067/499  |  155.3s elapsed
  Pop feasible: 300/300 (100.0%)  |  NonDom=56  |  BestPenalty=0.00e+00  |  BestNormVio=0
  Best feasible: Cost=1.170e+07→ Emis=9.735e+09→ Time=439.7h→
========================================================================

========================================================================
  [NSGA-II] Gen 068/499  |  157.4s elapsed
  Pop feasible: 300/300 (100.0%)  |  NonDom=63  |  BestPenalty=0.00e+00  |  BestNormVio=0
  Best feasible: Cost=1.170e+07→ Emis=9.735e+09→ Time=439.7h→
========================================================================

========================================================================
  [NSGA-II] Gen 069/499  |  159.7s elapsed
  Pop feasible: 300/300 (100.0%)  |  NonDom=71  |  BestPenalty=0.00e+00  |  BestNormVio=0
  Best feasible: Cost=1.170e+07→ Emis=9.732e+09↓ Time=439.7h→
========================================================================

========================================================================
  [NSGA-II] Gen 070/499  |  161.9s elapsed
  Pop feasible: 300/300 (100.0%)  |  NonDom=68  |  BestPenalty=0.00e+00  |  BestNormVio=0
  Best feasible: Cost=1.169e+07↓ Emis=9.721e+09↓ Time=439.7h→
========================================================================

========================================================================
  [NSGA-II] Gen 071/499  |  164.1s elapsed
  Pop feasible: 300/300 (100.0%)  |  NonDom=68  |  BestPenalty=0.00e+00  |  BestNormVio=0
  Best feasible: Cost=1.169e+07→ Emis=9.721e+09→ Time=439.7h→
========================================================================

========================================================================
  [NSGA-II] Gen 072/499  |  166.3s elapsed
  Pop feasible: 300/300 (100.0%)  |  NonDom=72  |  BestPenalty=0.00e+00  |  BestNormVio=0
  Best feasible: Cost=1.169e+07→ Emis=9.721e+09→ Time=439.7h→
========================================================================

========================================================================
  [NSGA-II] Gen 073/499  |  168.6s elapsed
  Pop feasible: 300/300 (100.0%)  |  NonDom=80  |  BestPenalty=0.00e+00  |  BestNormVio=0
  Best feasible: Cost=1.169e+07→ Emis=9.720e+09↓ Time=439.7h→
========================================================================

========================================================================
  [NSGA-II] Gen 074/499  |  170.8s elapsed
  Pop feasible: 300/300 (100.0%)  |  NonDom=81  |  BestPenalty=0.00e+00  |  BestNormVio=0
  Best feasible: Cost=1.169e+07→ Emis=9.720e+09→ Time=439.7h→
========================================================================

========================================================================
  [NSGA-II] Gen 075/499  |  173.0s elapsed
  Pop feasible: 300/300 (100.0%)  |  NonDom=86  |  BestPenalty=0.00e+00  |  BestNormVio=0
  Best feasible: Cost=1.168e+07↓ Emis=9.720e+09→ Time=439.7h→
========================================================================

========================================================================
  [NSGA-II] Gen 076/499  |  175.2s elapsed
  Pop feasible: 300/300 (100.0%)  |  NonDom=98  |  BestPenalty=0.00e+00  |  BestNormVio=0
  Best feasible: Cost=1.168e+07→ Emis=9.720e+09→ Time=439.7h→
========================================================================

========================================================================
  [NSGA-II] Gen 077/499  |  177.5s elapsed
  Pop feasible: 300/300 (100.0%)  |  NonDom=109  |  BestPenalty=0.00e+00  |  BestNormVio=0
  Best feasible: Cost=1.168e+07→ Emis=9.720e+09→ Time=439.7h→
========================================================================

========================================================================
  [NSGA-II] Gen 078/499  |  179.7s elapsed
  Pop feasible: 300/300 (100.0%)  |  NonDom=112  |  BestPenalty=0.00e+00  |  BestNormVio=0
  Best feasible: Cost=1.168e+07↓ Emis=9.720e+09→ Time=439.7h→
========================================================================

========================================================================
  [NSGA-II] Gen 079/499  |  181.9s elapsed
  Pop feasible: 300/300 (100.0%)  |  NonDom=115  |  BestPenalty=0.00e+00  |  BestNormVio=0
  Best feasible: Cost=1.168e+07→ Emis=9.720e+09→ Time=439.7h→
========================================================================

========================================================================
  [NSGA-II] Gen 080/499  |  184.2s elapsed
  Pop feasible: 300/300 (100.0%)  |  NonDom=116  |  BestPenalty=0.00e+00  |  BestNormVio=0
  Best feasible: Cost=1.168e+07→ Emis=9.720e+09→ Time=439.7h→
========================================================================

========================================================================
  [NSGA-II] Gen 081/499  |  186.4s elapsed
  Pop feasible: 300/300 (100.0%)  |  NonDom=118  |  BestPenalty=0.00e+00  |  BestNormVio=0
  Best feasible: Cost=1.168e+07↓ Emis=9.720e+09→ Time=439.7h→
========================================================================

========================================================================
  [NSGA-II] Gen 082/499  |  188.5s elapsed
  Pop feasible: 300/300 (100.0%)  |  NonDom=127  |  BestPenalty=0.00e+00  |  BestNormVio=0
  Best feasible: Cost=1.168e+07→ Emis=9.720e+09→ Time=439.7h→
========================================================================

========================================================================
  [NSGA-II] Gen 083/499  |  190.7s elapsed
  Pop feasible: 300/300 (100.0%)  |  NonDom=125  |  BestPenalty=0.00e+00  |  BestNormVio=0
  Best feasible: Cost=1.168e+07→ Emis=9.720e+09→ Time=439.7h→
========================================================================

========================================================================
  [NSGA-II] Gen 084/499  |  192.9s elapsed
  Pop feasible: 300/300 (100.0%)  |  NonDom=129  |  BestPenalty=0.00e+00  |  BestNormVio=0
  Best feasible: Cost=1.168e+07→ Emis=9.666e+09↓ Time=439.7h→
========================================================================

========================================================================
  [NSGA-II] Gen 085/499  |  195.0s elapsed
  Pop feasible: 300/300 (100.0%)  |  NonDom=134  |  BestPenalty=0.00e+00  |  BestNormVio=0
  Best feasible: Cost=1.168e+07↓ Emis=9.666e+09→ Time=439.7h→
========================================================================

========================================================================
  [NSGA-II] Gen 086/499  |  197.3s elapsed
  Pop feasible: 300/300 (100.0%)  |  NonDom=139  |  BestPenalty=0.00e+00  |  BestNormVio=0
  Best feasible: Cost=1.168e+07→ Emis=9.666e+09→ Time=439.7h→
========================================================================

========================================================================
  [NSGA-II] Gen 087/499  |  199.4s elapsed
  Pop feasible: 300/300 (100.0%)  |  NonDom=147  |  BestPenalty=0.00e+00  |  BestNormVio=0
  Best feasible: Cost=1.168e+07→ Emis=9.666e+09→ Time=439.7h→
========================================================================

========================================================================
  [NSGA-II] Gen 088/499  |  201.7s elapsed
  Pop feasible: 300/300 (100.0%)  |  NonDom=155  |  BestPenalty=0.00e+00  |  BestNormVio=0
  Best feasible: Cost=1.168e+07→ Emis=9.666e+09→ Time=439.7h→
========================================================================

========================================================================
  [NSGA-II] Gen 089/499  |  203.8s elapsed
  Pop feasible: 300/300 (100.0%)  |  NonDom=137  |  BestPenalty=0.00e+00  |  BestNormVio=0
  Best feasible: Cost=1.168e+07→ Emis=9.666e+09→ Time=439.7h→
========================================================================

========================================================================
  [NSGA-II] Gen 090/499  |  206.1s elapsed
  Pop feasible: 300/300 (100.0%)  |  NonDom=144  |  BestPenalty=0.00e+00  |  BestNormVio=0
  Best feasible: Cost=1.167e+07↓ Emis=9.666e+09→ Time=439.7h→
========================================================================

========================================================================
  [NSGA-II] Gen 091/499  |  208.3s elapsed
  Pop feasible: 300/300 (100.0%)  |  NonDom=129  |  BestPenalty=0.00e+00  |  BestNormVio=0
  Best feasible: Cost=1.167e+07→ Emis=9.656e+09↓ Time=439.7h→
========================================================================

========================================================================
  [NSGA-II] Gen 092/499  |  210.4s elapsed
  Pop feasible: 300/300 (100.0%)  |  NonDom=133  |  BestPenalty=0.00e+00  |  BestNormVio=0
  Best feasible: Cost=1.167e+07→ Emis=9.656e+09→ Time=439.7h→
========================================================================

========================================================================
  [NSGA-II] Gen 093/499  |  212.6s elapsed
  Pop feasible: 300/300 (100.0%)  |  NonDom=108  |  BestPenalty=0.00e+00  |  BestNormVio=0
  Best feasible: Cost=1.167e+07→ Emis=9.656e+09→ Time=439.7h→
========================================================================

========================================================================
  [NSGA-II] Gen 094/499  |  214.8s elapsed
  Pop feasible: 300/300 (100.0%)  |  NonDom=120  |  BestPenalty=0.00e+00  |  BestNormVio=0
  Best feasible: Cost=1.167e+07→ Emis=9.656e+09→ Time=439.7h→
========================================================================

========================================================================
  [NSGA-II] Gen 095/499  |  217.0s elapsed
  Pop feasible: 300/300 (100.0%)  |  NonDom=104  |  BestPenalty=0.00e+00  |  BestNormVio=0
  Best feasible: Cost=1.167e+07→ Emis=9.656e+09→ Time=439.7h→
========================================================================

========================================================================
  [NSGA-II] Gen 096/499  |  219.2s elapsed
  Pop feasible: 300/300 (100.0%)  |  NonDom=91  |  BestPenalty=0.00e+00  |  BestNormVio=0
  Best feasible: Cost=1.167e+07→ Emis=9.656e+09→ Time=439.7h→
========================================================================

========================================================================
  [NSGA-II] Gen 097/499  |  221.5s elapsed
  Pop feasible: 300/300 (100.0%)  |  NonDom=94  |  BestPenalty=0.00e+00  |  BestNormVio=0
  Best feasible: Cost=1.167e+07→ Emis=9.656e+09→ Time=439.7h→
========================================================================

========================================================================
  [NSGA-II] Gen 098/499  |  223.6s elapsed
  Pop feasible: 300/300 (100.0%)  |  NonDom=80  |  BestPenalty=0.00e+00  |  BestNormVio=0
  Best feasible: Cost=1.167e+07→ Emis=9.656e+09→ Time=439.7h→
========================================================================

========================================================================
  [NSGA-II] Gen 099/499  |  225.7s elapsed
  Pop feasible: 300/300 (100.0%)  |  NonDom=84  |  BestPenalty=0.00e+00  |  BestNormVio=0
  Best feasible: Cost=1.167e+07→ Emis=9.651e+09↓ Time=439.7h→
========================================================================

========================================================================
  [NSGA-II] Gen 100/499  |  228.0s elapsed
  Pop feasible: 300/300 (100.0%)  |  NonDom=79  |  BestPenalty=0.00e+00  |  BestNormVio=0
  Best feasible: Cost=1.167e+07→ Emis=9.651e+09→ Time=439.7h→
========================================================================

========================================================================
  [NSGA-II] Gen 101/499  |  230.2s elapsed
  Pop feasible: 300/300 (100.0%)  |  NonDom=81  |  BestPenalty=0.00e+00  |  BestNormVio=0
  Best feasible: Cost=1.167e+07↓ Emis=9.651e+09→ Time=439.7h→
========================================================================

========================================================================
  [NSGA-II] Gen 102/499  |  232.5s elapsed
  Pop feasible: 300/300 (100.0%)  |  NonDom=84  |  BestPenalty=0.00e+00  |  BestNormVio=0
  Best feasible: Cost=1.167e+07→ Emis=9.651e+09→ Time=439.7h→
========================================================================

========================================================================
  [NSGA-II] Gen 103/499  |  234.6s elapsed
  Pop feasible: 300/300 (100.0%)  |  NonDom=77  |  BestPenalty=0.00e+00  |  BestNormVio=0
  Best feasible: Cost=1.165e+07↓ Emis=9.651e+09→ Time=439.7h→
========================================================================

========================================================================
  [NSGA-II] Gen 104/499  |  236.9s elapsed
  Pop feasible: 300/300 (100.0%)  |  NonDom=83  |  BestPenalty=0.00e+00  |  BestNormVio=0
  Best feasible: Cost=1.165e+07→ Emis=9.651e+09→ Time=439.7h→
========================================================================

========================================================================
  [NSGA-II] Gen 105/499  |  239.1s elapsed
  Pop feasible: 300/300 (100.0%)  |  NonDom=77  |  BestPenalty=0.00e+00  |  BestNormVio=0
  Best feasible: Cost=1.165e+07→ Emis=9.651e+09→ Time=439.7h→
========================================================================

========================================================================
  [NSGA-II] Gen 106/499  |  241.3s elapsed
  Pop feasible: 300/300 (100.0%)  |  NonDom=75  |  BestPenalty=0.00e+00  |  BestNormVio=0
  Best feasible: Cost=1.165e+07→ Emis=9.606e+09↓ Time=439.7h→
========================================================================

========================================================================
  [NSGA-II] Gen 107/499  |  243.6s elapsed
  Pop feasible: 300/300 (100.0%)  |  NonDom=77  |  BestPenalty=0.00e+00  |  BestNormVio=0
  Best feasible: Cost=1.165e+07→ Emis=9.606e+09→ Time=439.7h→
========================================================================

========================================================================
  [NSGA-II] Gen 108/499  |  245.9s elapsed
  Pop feasible: 300/300 (100.0%)  |  NonDom=83  |  BestPenalty=0.00e+00  |  BestNormVio=0
  Best feasible: Cost=1.165e+07→ Emis=9.606e+09→ Time=439.7h→
========================================================================

========================================================================
  [NSGA-II] Gen 109/499  |  248.1s elapsed
  Pop feasible: 300/300 (100.0%)  |  NonDom=81  |  BestPenalty=0.00e+00  |  BestNormVio=0
  Best feasible: Cost=1.165e+07→ Emis=9.606e+09→ Time=439.7h→
========================================================================

========================================================================
  [NSGA-II] Gen 110/499  |  250.3s elapsed
  Pop feasible: 300/300 (100.0%)  |  NonDom=79  |  BestPenalty=0.00e+00  |  BestNormVio=0
  Best feasible: Cost=1.164e+07↓ Emis=9.606e+09→ Time=439.7h→
========================================================================

========================================================================
  [NSGA-II] Gen 111/499  |  252.5s elapsed
  Pop feasible: 300/300 (100.0%)  |  NonDom=78  |  BestPenalty=0.00e+00  |  BestNormVio=0
  Best feasible: Cost=1.164e+07→ Emis=9.606e+09→ Time=439.7h→
========================================================================

========================================================================
  [NSGA-II] Gen 112/499  |  254.8s elapsed
  Pop feasible: 300/300 (100.0%)  |  NonDom=92  |  BestPenalty=0.00e+00  |  BestNormVio=0
  Best feasible: Cost=1.164e+07→ Emis=9.606e+09→ Time=439.7h→
========================================================================

========================================================================
  [NSGA-II] Gen 113/499  |  257.0s elapsed
  Pop feasible: 300/300 (100.0%)  |  NonDom=93  |  BestPenalty=0.00e+00  |  BestNormVio=0
  Best feasible: Cost=1.164e+07↓ Emis=9.598e+09↓ Time=439.7h→
========================================================================

========================================================================
  [NSGA-II] Gen 114/499  |  259.3s elapsed
  Pop feasible: 300/300 (100.0%)  |  NonDom=97  |  BestPenalty=0.00e+00  |  BestNormVio=0
  Best feasible: Cost=1.164e+07→ Emis=9.598e+09→ Time=439.7h→
========================================================================

========================================================================
  [NSGA-II] Gen 115/499  |  261.5s elapsed
  Pop feasible: 300/300 (100.0%)  |  NonDom=95  |  BestPenalty=0.00e+00  |  BestNormVio=0
  Best feasible: Cost=1.164e+07→ Emis=9.598e+09→ Time=439.7h→
========================================================================

========================================================================
  [NSGA-II] Gen 116/499  |  263.7s elapsed
  Pop feasible: 300/300 (100.0%)  |  NonDom=102  |  BestPenalty=0.00e+00  |  BestNormVio=0
  Best feasible: Cost=1.164e+07→ Emis=9.598e+09→ Time=439.7h→
========================================================================

========================================================================
  [NSGA-II] Gen 117/499  |  265.9s elapsed
  Pop feasible: 300/300 (100.0%)  |  NonDom=112  |  BestPenalty=0.00e+00  |  BestNormVio=0
  Best feasible: Cost=1.163e+07↓ Emis=9.598e+09→ Time=439.7h→
========================================================================

========================================================================
  [NSGA-II] Gen 118/499  |  268.1s elapsed
  Pop feasible: 300/300 (100.0%)  |  NonDom=134  |  BestPenalty=0.00e+00  |  BestNormVio=0
  Best feasible: Cost=1.161e+07↓ Emis=9.595e+09↓ Time=439.7h→
========================================================================

========================================================================
  [NSGA-II] Gen 119/499  |  270.4s elapsed
  Pop feasible: 300/300 (100.0%)  |  NonDom=137  |  BestPenalty=0.00e+00  |  BestNormVio=0
  Best feasible: Cost=1.161e+07→ Emis=9.595e+09→ Time=439.7h→
========================================================================

========================================================================
  [NSGA-II] Gen 120/499  |  272.7s elapsed
  Pop feasible: 300/300 (100.0%)  |  NonDom=146  |  BestPenalty=0.00e+00  |  BestNormVio=0
  Best feasible: Cost=1.161e+07→ Emis=9.595e+09→ Time=439.7h→
========================================================================

========================================================================
  [NSGA-II] Gen 121/499  |  275.0s elapsed
  Pop feasible: 300/300 (100.0%)  |  NonDom=147  |  BestPenalty=0.00e+00  |  BestNormVio=0
  Best feasible: Cost=1.161e+07→ Emis=9.595e+09→ Time=439.7h→
========================================================================

========================================================================
  [NSGA-II] Gen 122/499  |  277.2s elapsed
  Pop feasible: 300/300 (100.0%)  |  NonDom=146  |  BestPenalty=0.00e+00  |  BestNormVio=0
  Best feasible: Cost=1.161e+07→ Emis=9.595e+09→ Time=439.7h→
========================================================================

========================================================================
  [NSGA-II] Gen 123/499  |  279.4s elapsed
  Pop feasible: 300/300 (100.0%)  |  NonDom=156  |  BestPenalty=0.00e+00  |  BestNormVio=0
  Best feasible: Cost=1.161e+07→ Emis=9.595e+09→ Time=439.7h→
========================================================================

========================================================================
  [NSGA-II] Gen 124/499  |  281.6s elapsed
  Pop feasible: 300/300 (100.0%)  |  NonDom=167  |  BestPenalty=0.00e+00  |  BestNormVio=0
  Best feasible: Cost=1.161e+07→ Emis=9.595e+09→ Time=439.7h→
========================================================================

========================================================================
  [NSGA-II] Gen 125/499  |  283.9s elapsed
  Pop feasible: 300/300 (100.0%)  |  NonDom=174  |  BestPenalty=0.00e+00  |  BestNormVio=0
  Best feasible: Cost=1.161e+07→ Emis=9.593e+09↓ Time=439.7h→
========================================================================

========================================================================
  [NSGA-II] Gen 126/499  |  286.2s elapsed
  Pop feasible: 300/300 (100.0%)  |  NonDom=179  |  BestPenalty=0.00e+00  |  BestNormVio=0
  Best feasible: Cost=1.161e+07→ Emis=9.593e+09→ Time=439.7h→
========================================================================

========================================================================
  [NSGA-II] Gen 127/499  |  288.4s elapsed
  Pop feasible: 300/300 (100.0%)  |  NonDom=183  |  BestPenalty=0.00e+00  |  BestNormVio=0
  Best feasible: Cost=1.161e+07↓ Emis=9.593e+09→ Time=439.7h→
========================================================================

========================================================================
  [NSGA-II] Gen 128/499  |  290.6s elapsed
  Pop feasible: 300/300 (100.0%)  |  NonDom=188  |  BestPenalty=0.00e+00  |  BestNormVio=0
  Best feasible: Cost=1.161e+07→ Emis=9.593e+09→ Time=439.7h→
========================================================================

========================================================================
  [NSGA-II] Gen 129/499  |  292.8s elapsed
  Pop feasible: 300/300 (100.0%)  |  NonDom=191  |  BestPenalty=0.00e+00  |  BestNormVio=0
  Best feasible: Cost=1.161e+07→ Emis=9.593e+09→ Time=439.7h→
========================================================================

========================================================================
  [NSGA-II] Gen 130/499  |  295.1s elapsed
  Pop feasible: 300/300 (100.0%)  |  NonDom=190  |  BestPenalty=0.00e+00  |  BestNormVio=0
  Best feasible: Cost=1.161e+07→ Emis=9.593e+09→ Time=439.7h→
========================================================================

========================================================================
  [NSGA-II] Gen 131/499  |  297.5s elapsed
  Pop feasible: 300/300 (100.0%)  |  NonDom=193  |  BestPenalty=0.00e+00  |  BestNormVio=0
  Best feasible: Cost=1.161e+07→ Emis=9.593e+09→ Time=439.7h→
========================================================================

========================================================================
  [NSGA-II] Gen 132/499  |  299.9s elapsed
  Pop feasible: 300/300 (100.0%)  |  NonDom=197  |  BestPenalty=0.00e+00  |  BestNormVio=0
  Best feasible: Cost=1.161e+07→ Emis=9.593e+09→ Time=439.7h→
========================================================================

========================================================================
  [NSGA-II] Gen 133/499  |  302.2s elapsed
  Pop feasible: 300/300 (100.0%)  |  NonDom=202  |  BestPenalty=0.00e+00  |  BestNormVio=0
  Best feasible: Cost=1.161e+07→ Emis=9.590e+09↓ Time=439.7h→
========================================================================

========================================================================
  [NSGA-II] Gen 134/499  |  304.4s elapsed
  Pop feasible: 300/300 (100.0%)  |  NonDom=206  |  BestPenalty=0.00e+00  |  BestNormVio=0
  Best feasible: Cost=1.159e+07↓ Emis=9.590e+09→ Time=439.7h→
========================================================================

========================================================================
  [NSGA-II] Gen 135/499  |  306.6s elapsed
  Pop feasible: 300/300 (100.0%)  |  NonDom=209  |  BestPenalty=0.00e+00  |  BestNormVio=0
  Best feasible: Cost=1.159e+07→ Emis=9.590e+09→ Time=439.7h→
========================================================================

========================================================================
  [NSGA-II] Gen 136/499  |  308.9s elapsed
  Pop feasible: 300/300 (100.0%)  |  NonDom=210  |  BestPenalty=0.00e+00  |  BestNormVio=0
  Best feasible: Cost=1.159e+07→ Emis=9.590e+09→ Time=439.7h→
========================================================================

========================================================================
  [NSGA-II] Gen 137/499  |  311.1s elapsed
  Pop feasible: 300/300 (100.0%)  |  NonDom=213  |  BestPenalty=0.00e+00  |  BestNormVio=0
  Best feasible: Cost=1.159e+07→ Emis=9.590e+09→ Time=439.7h→
========================================================================

========================================================================
  [NSGA-II] Gen 138/499  |  313.4s elapsed
  Pop feasible: 300/300 (100.0%)  |  NonDom=214  |  BestPenalty=0.00e+00  |  BestNormVio=0
  Best feasible: Cost=1.159e+07→ Emis=9.590e+09→ Time=439.7h→
========================================================================

========================================================================
  [NSGA-II] Gen 139/499  |  315.7s elapsed
  Pop feasible: 300/300 (100.0%)  |  NonDom=213  |  BestPenalty=0.00e+00  |  BestNormVio=0
  Best feasible: Cost=1.159e+07→ Emis=9.590e+09→ Time=439.7h→
========================================================================

========================================================================
  [NSGA-II] Gen 140/499  |  317.9s elapsed
  Pop feasible: 300/300 (100.0%)  |  NonDom=203  |  BestPenalty=0.00e+00  |  BestNormVio=0
  Best feasible: Cost=1.159e+07→ Emis=9.590e+09→ Time=439.7h→
========================================================================

========================================================================
  [NSGA-II] Gen 141/499  |  320.1s elapsed
  Pop feasible: 300/300 (100.0%)  |  NonDom=207  |  BestPenalty=0.00e+00  |  BestNormVio=0
  Best feasible: Cost=1.159e+07→ Emis=9.590e+09→ Time=439.7h→
========================================================================

========================================================================
  [NSGA-II] Gen 142/499  |  322.4s elapsed
  Pop feasible: 300/300 (100.0%)  |  NonDom=207  |  BestPenalty=0.00e+00  |  BestNormVio=0
  Best feasible: Cost=1.159e+07→ Emis=9.590e+09→ Time=439.7h→
========================================================================

========================================================================
  [NSGA-II] Gen 143/499  |  324.6s elapsed
  Pop feasible: 300/300 (100.0%)  |  NonDom=205  |  BestPenalty=0.00e+00  |  BestNormVio=0
  Best feasible: Cost=1.159e+07→ Emis=9.590e+09→ Time=439.7h→
========================================================================

========================================================================
  [NSGA-II] Gen 144/499  |  326.8s elapsed
  Pop feasible: 300/300 (100.0%)  |  NonDom=211  |  BestPenalty=0.00e+00  |  BestNormVio=0
  Best feasible: Cost=1.159e+07→ Emis=9.579e+09↓ Time=439.7h→
========================================================================

========================================================================
  [NSGA-II] Gen 145/499  |  329.1s elapsed
  Pop feasible: 300/300 (100.0%)  |  NonDom=213  |  BestPenalty=0.00e+00  |  BestNormVio=0
  Best feasible: Cost=1.159e+07→ Emis=9.579e+09→ Time=439.7h→
========================================================================

========================================================================
  [NSGA-II] Gen 146/499  |  331.3s elapsed
  Pop feasible: 300/300 (100.0%)  |  NonDom=214  |  BestPenalty=0.00e+00  |  BestNormVio=0
  Best feasible: Cost=1.159e+07→ Emis=9.579e+09→ Time=439.7h→
========================================================================

========================================================================
  [NSGA-II] Gen 147/499  |  333.5s elapsed
  Pop feasible: 300/300 (100.0%)  |  NonDom=223  |  BestPenalty=0.00e+00  |  BestNormVio=0
  Best feasible: Cost=1.159e+07→ Emis=9.579e+09→ Time=439.7h→
========================================================================

========================================================================
  [NSGA-II] Gen 148/499  |  335.7s elapsed
  Pop feasible: 300/300 (100.0%)  |  NonDom=232  |  BestPenalty=0.00e+00  |  BestNormVio=0
  Best feasible: Cost=1.159e+07→ Emis=9.579e+09→ Time=439.7h→
========================================================================

========================================================================
  [NSGA-II] Gen 149/499  |  337.9s elapsed
  Pop feasible: 300/300 (100.0%)  |  NonDom=231  |  BestPenalty=0.00e+00  |  BestNormVio=0
  Best feasible: Cost=1.159e+07→ Emis=9.579e+09→ Time=437.4h↓
========================================================================

========================================================================
  [NSGA-II] Gen 150/499  |  340.2s elapsed
  Pop feasible: 300/300 (100.0%)  |  NonDom=227  |  BestPenalty=0.00e+00  |  BestNormVio=0
  Best feasible: Cost=1.159e+07→ Emis=9.579e+09→ Time=437.4h→
========================================================================

========================================================================
  [NSGA-II] Gen 151/499  |  342.4s elapsed
  Pop feasible: 300/300 (100.0%)  |  NonDom=228  |  BestPenalty=0.00e+00  |  BestNormVio=0
  Best feasible: Cost=1.159e+07→ Emis=9.579e+09→ Time=437.4h→
========================================================================

========================================================================
  [NSGA-II] Gen 152/499  |  344.6s elapsed
  Pop feasible: 300/300 (100.0%)  |  NonDom=228  |  BestPenalty=0.00e+00  |  BestNormVio=0
  Best feasible: Cost=1.159e+07→ Emis=9.557e+09↓ Time=437.4h→
========================================================================

========================================================================
  [NSGA-II] Gen 153/499  |  346.8s elapsed
  Pop feasible: 300/300 (100.0%)  |  NonDom=232  |  BestPenalty=0.00e+00  |  BestNormVio=0
  Best feasible: Cost=1.159e+07→ Emis=9.557e+09→ Time=437.4h→
========================================================================

========================================================================
  [NSGA-II] Gen 154/499  |  349.1s elapsed
  Pop feasible: 300/300 (100.0%)  |  NonDom=234  |  BestPenalty=0.00e+00  |  BestNormVio=0
  Best feasible: Cost=1.159e+07→ Emis=9.557e+09→ Time=437.4h→
========================================================================

========================================================================
  [NSGA-II] Gen 155/499  |  351.3s elapsed
  Pop feasible: 300/300 (100.0%)  |  NonDom=240  |  BestPenalty=0.00e+00  |  BestNormVio=0
  Best feasible: Cost=1.159e+07→ Emis=9.557e+09→ Time=437.4h→
========================================================================

========================================================================
  [NSGA-II] Gen 156/499  |  353.5s elapsed
  Pop feasible: 300/300 (100.0%)  |  NonDom=237  |  BestPenalty=0.00e+00  |  BestNormVio=0
  Best feasible: Cost=1.159e+07→ Emis=9.557e+09→ Time=437.4h→
========================================================================

========================================================================
  [NSGA-II] Gen 157/499  |  355.6s elapsed
  Pop feasible: 300/300 (100.0%)  |  NonDom=241  |  BestPenalty=0.00e+00  |  BestNormVio=0
  Best feasible: Cost=1.159e+07→ Emis=9.557e+09→ Time=437.4h→
========================================================================

========================================================================
  [NSGA-II] Gen 158/499  |  357.9s elapsed
  Pop feasible: 300/300 (100.0%)  |  NonDom=241  |  BestPenalty=0.00e+00  |  BestNormVio=0
  Best feasible: Cost=1.159e+07→ Emis=9.557e+09→ Time=437.4h→
========================================================================

========================================================================
  [NSGA-II] Gen 159/499  |  360.1s elapsed
  Pop feasible: 300/300 (100.0%)  |  NonDom=240  |  BestPenalty=0.00e+00  |  BestNormVio=0
  Best feasible: Cost=1.159e+07→ Emis=9.557e+09→ Time=437.4h→
========================================================================

========================================================================
  [NSGA-II] Gen 160/499  |  362.4s elapsed
  Pop feasible: 300/300 (100.0%)  |  NonDom=245  |  BestPenalty=0.00e+00  |  BestNormVio=0
  Best feasible: Cost=1.159e+07→ Emis=9.557e+09→ Time=437.4h→
========================================================================

========================================================================
  [NSGA-II] Gen 161/499  |  364.5s elapsed
  Pop feasible: 300/300 (100.0%)  |  NonDom=242  |  BestPenalty=0.00e+00  |  BestNormVio=0
  Best feasible: Cost=1.159e+07→ Emis=9.554e+09↓ Time=437.4h→
========================================================================

========================================================================
  [NSGA-II] Gen 162/499  |  366.8s elapsed
  Pop feasible: 300/300 (100.0%)  |  NonDom=240  |  BestPenalty=0.00e+00  |  BestNormVio=0
  Best feasible: Cost=1.159e+07→ Emis=9.554e+09→ Time=437.4h→
========================================================================

========================================================================
  [NSGA-II] Gen 163/499  |  369.0s elapsed
  Pop feasible: 300/300 (100.0%)  |  NonDom=243  |  BestPenalty=0.00e+00  |  BestNormVio=0
  Best feasible: Cost=1.159e+07→ Emis=9.554e+09→ Time=437.4h→
========================================================================

========================================================================
  [NSGA-II] Gen 164/499  |  371.3s elapsed
  Pop feasible: 300/300 (100.0%)  |  NonDom=246  |  BestPenalty=0.00e+00  |  BestNormVio=0
  Best feasible: Cost=1.159e+07→ Emis=9.554e+09→ Time=437.4h→
========================================================================

========================================================================
  [NSGA-II] Gen 165/499  |  373.6s elapsed
  Pop feasible: 300/300 (100.0%)  |  NonDom=250  |  BestPenalty=0.00e+00  |  BestNormVio=0
  Best feasible: Cost=1.159e+07→ Emis=9.554e+09→ Time=437.4h→
========================================================================

========================================================================
  [NSGA-II] Gen 166/499  |  375.9s elapsed
  Pop feasible: 300/300 (100.0%)  |  NonDom=247  |  BestPenalty=0.00e+00  |  BestNormVio=0
  Best feasible: Cost=1.159e+07→ Emis=9.554e+09→ Time=437.4h→
========================================================================

========================================================================
  [NSGA-II] Gen 167/499  |  378.0s elapsed
  Pop feasible: 300/300 (100.0%)  |  NonDom=242  |  BestPenalty=0.00e+00  |  BestNormVio=0
  Best feasible: Cost=1.159e+07→ Emis=9.554e+09→ Time=437.4h→
========================================================================

========================================================================
  [NSGA-II] Gen 168/499  |  380.3s elapsed
  Pop feasible: 300/300 (100.0%)  |  NonDom=246  |  BestPenalty=0.00e+00  |  BestNormVio=0
  Best feasible: Cost=1.159e+07→ Emis=9.534e+09↓ Time=437.4h→
========================================================================

========================================================================
  [NSGA-II] Gen 169/499  |  382.6s elapsed
  Pop feasible: 300/300 (100.0%)  |  NonDom=243  |  BestPenalty=0.00e+00  |  BestNormVio=0
  Best feasible: Cost=1.159e+07→ Emis=9.534e+09→ Time=437.4h→
========================================================================

========================================================================
  [NSGA-II] Gen 170/499  |  384.8s elapsed
  Pop feasible: 300/300 (100.0%)  |  NonDom=241  |  BestPenalty=0.00e+00  |  BestNormVio=0
  Best feasible: Cost=1.159e+07→ Emis=9.534e+09→ Time=437.4h→
========================================================================

========================================================================
  [NSGA-II] Gen 171/499  |  387.1s elapsed
  Pop feasible: 300/300 (100.0%)  |  NonDom=237  |  BestPenalty=0.00e+00  |  BestNormVio=0
  Best feasible: Cost=1.159e+07→ Emis=9.534e+09→ Time=437.4h→
========================================================================

========================================================================
  [NSGA-II] Gen 172/499  |  389.3s elapsed
  Pop feasible: 300/300 (100.0%)  |  NonDom=241  |  BestPenalty=0.00e+00  |  BestNormVio=0
  Best feasible: Cost=1.159e+07→ Emis=9.534e+09→ Time=437.4h→
========================================================================

========================================================================
  [NSGA-II] Gen 173/499  |  391.5s elapsed
  Pop feasible: 300/300 (100.0%)  |  NonDom=234  |  BestPenalty=0.00e+00  |  BestNormVio=0
  Best feasible: Cost=1.159e+07→ Emis=9.534e+09→ Time=437.4h→
========================================================================

========================================================================
  [NSGA-II] Gen 174/499  |  393.7s elapsed
  Pop feasible: 300/300 (100.0%)  |  NonDom=239  |  BestPenalty=0.00e+00  |  BestNormVio=0
  Best feasible: Cost=1.159e+07→ Emis=9.534e+09→ Time=437.4h→
========================================================================

========================================================================
  [NSGA-II] Gen 175/499  |  395.9s elapsed
  Pop feasible: 300/300 (100.0%)  |  NonDom=238  |  BestPenalty=0.00e+00  |  BestNormVio=0
  Best feasible: Cost=1.159e+07→ Emis=9.534e+09→ Time=437.4h→
========================================================================

========================================================================
  [NSGA-II] Gen 176/499  |  398.2s elapsed
  Pop feasible: 300/300 (100.0%)  |  NonDom=237  |  BestPenalty=0.00e+00  |  BestNormVio=0
  Best feasible: Cost=1.159e+07→ Emis=9.534e+09→ Time=437.4h→
========================================================================

========================================================================
  [NSGA-II] Gen 177/499  |  400.4s elapsed
  Pop feasible: 300/300 (100.0%)  |  NonDom=235  |  BestPenalty=0.00e+00  |  BestNormVio=0
  Best feasible: Cost=1.159e+07→ Emis=9.534e+09→ Time=437.4h→
========================================================================

========================================================================
  [NSGA-II] Gen 178/499  |  402.7s elapsed
  Pop feasible: 300/300 (100.0%)  |  NonDom=229  |  BestPenalty=0.00e+00  |  BestNormVio=0
  Best feasible: Cost=1.159e+07→ Emis=9.534e+09→ Time=437.4h→
========================================================================

========================================================================
  [NSGA-II] Gen 179/499  |  404.9s elapsed
  Pop feasible: 300/300 (100.0%)  |  NonDom=235  |  BestPenalty=0.00e+00  |  BestNormVio=0
  Best feasible: Cost=1.158e+07↓ Emis=9.534e+09→ Time=437.4h→
========================================================================

========================================================================
  [NSGA-II] Gen 180/499  |  407.2s elapsed
  Pop feasible: 300/300 (100.0%)  |  NonDom=232  |  BestPenalty=0.00e+00  |  BestNormVio=0
  Best feasible: Cost=1.158e+07→ Emis=9.534e+09→ Time=437.4h→
========================================================================

========================================================================
  [NSGA-II] Gen 181/499  |  409.5s elapsed
  Pop feasible: 300/300 (100.0%)  |  NonDom=226  |  BestPenalty=0.00e+00  |  BestNormVio=0
  Best feasible: Cost=1.158e+07→ Emis=9.534e+09→ Time=437.4h→
========================================================================

========================================================================
  [NSGA-II] Gen 182/499  |  411.8s elapsed
  Pop feasible: 300/300 (100.0%)  |  NonDom=210  |  BestPenalty=0.00e+00  |  BestNormVio=0
  Best feasible: Cost=1.158e+07→ Emis=9.534e+09→ Time=437.4h→
========================================================================

========================================================================
  [NSGA-II] Gen 183/499  |  414.0s elapsed
  Pop feasible: 300/300 (100.0%)  |  NonDom=210  |  BestPenalty=0.00e+00  |  BestNormVio=0
  Best feasible: Cost=1.158e+07→ Emis=9.534e+09→ Time=437.4h→
========================================================================

========================================================================
  [NSGA-II] Gen 184/499  |  416.3s elapsed
  Pop feasible: 300/300 (100.0%)  |  NonDom=208  |  BestPenalty=0.00e+00  |  BestNormVio=0
  Best feasible: Cost=1.158e+07→ Emis=9.534e+09→ Time=437.4h→
========================================================================

========================================================================
  [NSGA-II] Gen 185/499  |  418.4s elapsed
  Pop feasible: 300/300 (100.0%)  |  NonDom=202  |  BestPenalty=0.00e+00  |  BestNormVio=0
  Best feasible: Cost=1.158e+07↓ Emis=9.534e+09→ Time=437.4h→
========================================================================

========================================================================
  [NSGA-II] Gen 186/499  |  420.7s elapsed
  Pop feasible: 300/300 (100.0%)  |  NonDom=197  |  BestPenalty=0.00e+00  |  BestNormVio=0
  Best feasible: Cost=1.158e+07→ Emis=9.534e+09→ Time=437.4h→
========================================================================

========================================================================
  [NSGA-II] Gen 187/499  |  422.9s elapsed
  Pop feasible: 300/300 (100.0%)  |  NonDom=196  |  BestPenalty=0.00e+00  |  BestNormVio=0
  Best feasible: Cost=1.158e+07→ Emis=9.534e+09→ Time=437.4h→
========================================================================

========================================================================
  [NSGA-II] Gen 188/499  |  425.2s elapsed
  Pop feasible: 300/300 (100.0%)  |  NonDom=192  |  BestPenalty=0.00e+00  |  BestNormVio=0
  Best feasible: Cost=1.157e+07↓ Emis=9.534e+09→ Time=437.4h→
========================================================================

========================================================================
  [NSGA-II] Gen 189/499  |  427.5s elapsed
  Pop feasible: 300/300 (100.0%)  |  NonDom=186  |  BestPenalty=0.00e+00  |  BestNormVio=0
  Best feasible: Cost=1.157e+07→ Emis=9.534e+09→ Time=437.4h→
========================================================================

========================================================================
  [NSGA-II] Gen 190/499  |  429.6s elapsed
  Pop feasible: 300/300 (100.0%)  |  NonDom=182  |  BestPenalty=0.00e+00  |  BestNormVio=0
  Best feasible: Cost=1.157e+07→ Emis=9.534e+09→ Time=437.4h→
========================================================================

========================================================================
  [NSGA-II] Gen 191/499  |  431.9s elapsed
  Pop feasible: 300/300 (100.0%)  |  NonDom=183  |  BestPenalty=0.00e+00  |  BestNormVio=0
  Best feasible: Cost=1.156e+07↓ Emis=9.534e+09→ Time=437.4h→
========================================================================

========================================================================
  [NSGA-II] Gen 192/499  |  434.2s elapsed
  Pop feasible: 300/300 (100.0%)  |  NonDom=187  |  BestPenalty=0.00e+00  |  BestNormVio=0
  Best feasible: Cost=1.156e+07→ Emis=9.534e+09→ Time=437.4h→
========================================================================

========================================================================
  [NSGA-II] Gen 193/499  |  436.4s elapsed
  Pop feasible: 300/300 (100.0%)  |  NonDom=196  |  BestPenalty=0.00e+00  |  BestNormVio=0
  Best feasible: Cost=1.156e+07→ Emis=9.534e+09→ Time=437.4h→
========================================================================

========================================================================
  [NSGA-II] Gen 194/499  |  438.7s elapsed
  Pop feasible: 300/300 (100.0%)  |  NonDom=195  |  BestPenalty=0.00e+00  |  BestNormVio=0
  Best feasible: Cost=1.156e+07→ Emis=9.534e+09→ Time=437.4h→
========================================================================

========================================================================
  [NSGA-II] Gen 195/499  |  440.8s elapsed
  Pop feasible: 300/300 (100.0%)  |  NonDom=197  |  BestPenalty=0.00e+00  |  BestNormVio=0
  Best feasible: Cost=1.156e+07→ Emis=9.534e+09→ Time=437.4h→
========================================================================

========================================================================
  [NSGA-II] Gen 196/499  |  443.1s elapsed
  Pop feasible: 300/300 (100.0%)  |  NonDom=203  |  BestPenalty=0.00e+00  |  BestNormVio=0
  Best feasible: Cost=1.156e+07→ Emis=9.534e+09→ Time=437.4h→
========================================================================

========================================================================
  [NSGA-II] Gen 197/499  |  445.3s elapsed
  Pop feasible: 300/300 (100.0%)  |  NonDom=202  |  BestPenalty=0.00e+00  |  BestNormVio=0
  Best feasible: Cost=1.156e+07→ Emis=9.533e+09↓ Time=437.4h→
========================================================================

========================================================================
  [NSGA-II] Gen 198/499  |  447.5s elapsed
  Pop feasible: 300/300 (100.0%)  |  NonDom=193  |  BestPenalty=0.00e+00  |  BestNormVio=0
  Best feasible: Cost=1.156e+07→ Emis=9.533e+09→ Time=437.4h→
========================================================================

========================================================================
  [NSGA-II] Gen 199/499  |  449.8s elapsed
  Pop feasible: 300/300 (100.0%)  |  NonDom=209  |  BestPenalty=0.00e+00  |  BestNormVio=0
  Best feasible: Cost=1.156e+07→ Emis=9.533e+09→ Time=437.4h→
========================================================================

========================================================================
  [NSGA-II] Gen 200/499  |  452.1s elapsed
  Pop feasible: 300/300 (100.0%)  |  NonDom=211  |  BestPenalty=0.00e+00  |  BestNormVio=0
  Best feasible: Cost=1.156e+07→ Emis=9.524e+09↓ Time=437.4h→
========================================================================

========================================================================
  [NSGA-II] Gen 201/499  |  454.3s elapsed
  Pop feasible: 300/300 (100.0%)  |  NonDom=219  |  BestPenalty=0.00e+00  |  BestNormVio=0
  Best feasible: Cost=1.156e+07→ Emis=9.524e+09→ Time=437.4h→
========================================================================

========================================================================
  [NSGA-II] Gen 202/499  |  456.5s elapsed
  Pop feasible: 300/300 (100.0%)  |  NonDom=222  |  BestPenalty=0.00e+00  |  BestNormVio=0
  Best feasible: Cost=1.156e+07→ Emis=9.524e+09→ Time=437.4h→
========================================================================

========================================================================
  [NSGA-II] Gen 203/499  |  458.7s elapsed
  Pop feasible: 300/300 (100.0%)  |  NonDom=221  |  BestPenalty=0.00e+00  |  BestNormVio=0
  Best feasible: Cost=1.156e+07→ Emis=9.524e+09→ Time=437.4h→
========================================================================

========================================================================
  [NSGA-II] Gen 204/499  |  461.0s elapsed
  Pop feasible: 300/300 (100.0%)  |  NonDom=224  |  BestPenalty=0.00e+00  |  BestNormVio=0
  Best feasible: Cost=1.156e+07↓ Emis=9.524e+09→ Time=437.4h→
========================================================================

========================================================================
  [NSGA-II] Gen 205/499  |  463.2s elapsed
  Pop feasible: 300/300 (100.0%)  |  NonDom=215  |  BestPenalty=0.00e+00  |  BestNormVio=0
  Best feasible: Cost=1.156e+07→ Emis=9.524e+09→ Time=437.4h→
========================================================================

========================================================================
  [NSGA-II] Gen 206/499  |  465.5s elapsed
  Pop feasible: 300/300 (100.0%)  |  NonDom=216  |  BestPenalty=0.00e+00  |  BestNormVio=0
  Best feasible: Cost=1.156e+07↓ Emis=9.516e+09↓ Time=437.4h→
========================================================================

========================================================================
  [NSGA-II] Gen 207/499  |  467.7s elapsed
  Pop feasible: 300/300 (100.0%)  |  NonDom=211  |  BestPenalty=0.00e+00  |  BestNormVio=0
  Best feasible: Cost=1.156e+07→ Emis=9.516e+09→ Time=437.4h→
========================================================================

========================================================================
  [NSGA-II] Gen 208/499  |  470.0s elapsed
  Pop feasible: 300/300 (100.0%)  |  NonDom=217  |  BestPenalty=0.00e+00  |  BestNormVio=0
  Best feasible: Cost=1.156e+07→ Emis=9.516e+09→ Time=437.4h→
========================================================================

========================================================================
  [NSGA-II] Gen 209/499  |  472.2s elapsed
  Pop feasible: 300/300 (100.0%)  |  NonDom=218  |  BestPenalty=0.00e+00  |  BestNormVio=0
  Best feasible: Cost=1.156e+07→ Emis=9.516e+09→ Time=437.4h→
========================================================================

========================================================================
  [NSGA-II] Gen 210/499  |  474.4s elapsed
  Pop feasible: 300/300 (100.0%)  |  NonDom=233  |  BestPenalty=0.00e+00  |  BestNormVio=0
  Best feasible: Cost=1.156e+07→ Emis=9.516e+09→ Time=437.4h→
========================================================================

========================================================================
  [NSGA-II] Gen 211/499  |  476.7s elapsed
  Pop feasible: 300/300 (100.0%)  |  NonDom=230  |  BestPenalty=0.00e+00  |  BestNormVio=0
  Best feasible: Cost=1.156e+07→ Emis=9.516e+09→ Time=437.4h→
========================================================================

========================================================================
  [NSGA-II] Gen 212/499  |  479.0s elapsed
  Pop feasible: 300/300 (100.0%)  |  NonDom=228  |  BestPenalty=0.00e+00  |  BestNormVio=0
  Best feasible: Cost=1.156e+07→ Emis=9.516e+09→ Time=437.4h→
========================================================================

========================================================================
  [NSGA-II] Gen 213/499  |  481.3s elapsed
  Pop feasible: 300/300 (100.0%)  |  NonDom=238  |  BestPenalty=0.00e+00  |  BestNormVio=0
  Best feasible: Cost=1.156e+07→ Emis=9.516e+09→ Time=437.4h→
========================================================================

========================================================================
  [NSGA-II] Gen 214/499  |  483.5s elapsed
  Pop feasible: 300/300 (100.0%)  |  NonDom=239  |  BestPenalty=0.00e+00  |  BestNormVio=0
  Best feasible: Cost=1.156e+07→ Emis=9.516e+09→ Time=437.4h→
========================================================================

========================================================================
  [NSGA-II] Gen 215/499  |  485.8s elapsed
  Pop feasible: 300/300 (100.0%)  |  NonDom=243  |  BestPenalty=0.00e+00  |  BestNormVio=0
  Best feasible: Cost=1.156e+07→ Emis=9.516e+09→ Time=437.4h→
========================================================================

========================================================================
  [NSGA-II] Gen 216/499  |  488.0s elapsed
  Pop feasible: 300/300 (100.0%)  |  NonDom=242  |  BestPenalty=0.00e+00  |  BestNormVio=0
  Best feasible: Cost=1.156e+07→ Emis=9.516e+09→ Time=437.4h→
========================================================================

========================================================================
  [NSGA-II] Gen 217/499  |  490.3s elapsed
  Pop feasible: 300/300 (100.0%)  |  NonDom=242  |  BestPenalty=0.00e+00  |  BestNormVio=0
  Best feasible: Cost=1.156e+07→ Emis=9.516e+09→ Time=437.4h→
========================================================================

========================================================================
  [NSGA-II] Gen 218/499  |  492.6s elapsed
  Pop feasible: 300/300 (100.0%)  |  NonDom=237  |  BestPenalty=0.00e+00  |  BestNormVio=0
  Best feasible: Cost=1.156e+07→ Emis=9.516e+09→ Time=437.4h→
========================================================================

========================================================================
  [NSGA-II] Gen 219/499  |  494.8s elapsed
  Pop feasible: 300/300 (100.0%)  |  NonDom=235  |  BestPenalty=0.00e+00  |  BestNormVio=0
  Best feasible: Cost=1.156e+07→ Emis=9.516e+09→ Time=437.4h→
========================================================================

========================================================================
  [NSGA-II] Gen 220/499  |  497.0s elapsed
  Pop feasible: 300/300 (100.0%)  |  NonDom=233  |  BestPenalty=0.00e+00  |  BestNormVio=0
  Best feasible: Cost=1.156e+07→ Emis=9.516e+09→ Time=437.4h→
========================================================================

========================================================================
  [NSGA-II] Gen 221/499  |  499.3s elapsed
  Pop feasible: 300/300 (100.0%)  |  NonDom=236  |  BestPenalty=0.00e+00  |  BestNormVio=0
  Best feasible: Cost=1.156e+07→ Emis=9.516e+09→ Time=437.4h→
========================================================================

========================================================================
  [NSGA-II] Gen 222/499  |  501.6s elapsed
  Pop feasible: 300/300 (100.0%)  |  NonDom=232  |  BestPenalty=0.00e+00  |  BestNormVio=0
  Best feasible: Cost=1.156e+07↓ Emis=9.516e+09→ Time=437.4h→
========================================================================

========================================================================
  [NSGA-II] Gen 223/499  |  503.9s elapsed
  Pop feasible: 300/300 (100.0%)  |  NonDom=230  |  BestPenalty=0.00e+00  |  BestNormVio=0
  Best feasible: Cost=1.156e+07→ Emis=9.516e+09→ Time=437.4h→
========================================================================

========================================================================
  [NSGA-II] Gen 224/499  |  506.2s elapsed
  Pop feasible: 300/300 (100.0%)  |  NonDom=238  |  BestPenalty=0.00e+00  |  BestNormVio=0
  Best feasible: Cost=1.156e+07↓ Emis=9.516e+09→ Time=437.4h→
========================================================================

========================================================================
  [NSGA-II] Gen 225/499  |  508.4s elapsed
  Pop feasible: 300/300 (100.0%)  |  NonDom=240  |  BestPenalty=0.00e+00  |  BestNormVio=0
  Best feasible: Cost=1.156e+07→ Emis=9.516e+09→ Time=437.4h→
========================================================================

========================================================================
  [NSGA-II] Gen 226/499  |  510.6s elapsed
  Pop feasible: 300/300 (100.0%)  |  NonDom=239  |  BestPenalty=0.00e+00  |  BestNormVio=0
  Best feasible: Cost=1.156e+07→ Emis=9.516e+09→ Time=437.4h→
========================================================================

========================================================================
  [NSGA-II] Gen 227/499  |  512.9s elapsed
  Pop feasible: 300/300 (100.0%)  |  NonDom=236  |  BestPenalty=0.00e+00  |  BestNormVio=0
  Best feasible: Cost=1.156e+07→ Emis=9.516e+09→ Time=437.4h→
========================================================================

========================================================================
  [NSGA-II] Gen 228/499  |  515.2s elapsed
  Pop feasible: 300/300 (100.0%)  |  NonDom=236  |  BestPenalty=0.00e+00  |  BestNormVio=0
  Best feasible: Cost=1.156e+07→ Emis=9.516e+09→ Time=437.4h→
========================================================================

========================================================================
  [NSGA-II] Gen 229/499  |  517.5s elapsed
  Pop feasible: 300/300 (100.0%)  |  NonDom=230  |  BestPenalty=0.00e+00  |  BestNormVio=0
  Best feasible: Cost=1.156e+07→ Emis=9.516e+09→ Time=437.4h→
========================================================================

========================================================================
  [NSGA-II] Gen 230/499  |  519.7s elapsed
  Pop feasible: 300/300 (100.0%)  |  NonDom=230  |  BestPenalty=0.00e+00  |  BestNormVio=0
  Best feasible: Cost=1.156e+07→ Emis=9.516e+09→ Time=437.4h→
========================================================================

========================================================================
  [NSGA-II] Gen 231/499  |  522.0s elapsed
  Pop feasible: 300/300 (100.0%)  |  NonDom=237  |  BestPenalty=0.00e+00  |  BestNormVio=0
  Best feasible: Cost=1.156e+07→ Emis=9.516e+09→ Time=437.4h→
========================================================================

========================================================================
  [NSGA-II] Gen 232/499  |  524.3s elapsed
  Pop feasible: 300/300 (100.0%)  |  NonDom=227  |  BestPenalty=0.00e+00  |  BestNormVio=0
  Best feasible: Cost=1.156e+07→ Emis=9.516e+09→ Time=437.4h→
========================================================================

========================================================================
  [NSGA-II] Gen 233/499  |  526.6s elapsed
  Pop feasible: 300/300 (100.0%)  |  NonDom=217  |  BestPenalty=0.00e+00  |  BestNormVio=0
  Best feasible: Cost=1.156e+07→ Emis=9.516e+09→ Time=437.4h→
========================================================================

========================================================================
  [NSGA-II] Gen 234/499  |  528.9s elapsed
  Pop feasible: 300/300 (100.0%)  |  NonDom=212  |  BestPenalty=0.00e+00  |  BestNormVio=0
  Best feasible: Cost=1.156e+07→ Emis=9.516e+09→ Time=437.4h→
========================================================================

========================================================================
  [NSGA-II] Gen 235/499  |  531.1s elapsed
  Pop feasible: 300/300 (100.0%)  |  NonDom=210  |  BestPenalty=0.00e+00  |  BestNormVio=0
  Best feasible: Cost=1.156e+07→ Emis=9.516e+09→ Time=437.4h→
========================================================================

========================================================================
  [NSGA-II] Gen 236/499  |  533.3s elapsed
  Pop feasible: 300/300 (100.0%)  |  NonDom=188  |  BestPenalty=0.00e+00  |  BestNormVio=0
  Best feasible: Cost=1.156e+07→ Emis=9.516e+09→ Time=437.4h→
========================================================================

========================================================================
  [NSGA-II] Gen 237/499  |  535.5s elapsed
  Pop feasible: 300/300 (100.0%)  |  NonDom=142  |  BestPenalty=0.00e+00  |  BestNormVio=0
  Best feasible: Cost=1.156e+07→ Emis=9.516e+09→ Time=437.4h→
========================================================================

========================================================================
  [NSGA-II] Gen 238/499  |  537.8s elapsed
  Pop feasible: 300/300 (100.0%)  |  NonDom=124  |  BestPenalty=0.00e+00  |  BestNormVio=0
  Best feasible: Cost=1.156e+07→ Emis=9.516e+09→ Time=437.4h→
========================================================================

========================================================================
  [NSGA-II] Gen 239/499  |  540.0s elapsed
  Pop feasible: 300/300 (100.0%)  |  NonDom=123  |  BestPenalty=0.00e+00  |  BestNormVio=0
  Best feasible: Cost=1.156e+07→ Emis=9.516e+09→ Time=437.4h→
========================================================================

========================================================================
  [NSGA-II] Gen 240/499  |  542.2s elapsed
  Pop feasible: 300/300 (100.0%)  |  NonDom=144  |  BestPenalty=0.00e+00  |  BestNormVio=0
  Best feasible: Cost=1.156e+07→ Emis=9.511e+09↓ Time=437.4h→
========================================================================

========================================================================
  [NSGA-II] Gen 241/499  |  544.5s elapsed
  Pop feasible: 300/300 (100.0%)  |  NonDom=160  |  BestPenalty=0.00e+00  |  BestNormVio=0
  Best feasible: Cost=1.156e+07→ Emis=9.511e+09→ Time=437.4h→
========================================================================

========================================================================
  [NSGA-II] Gen 242/499  |  546.7s elapsed
  Pop feasible: 300/300 (100.0%)  |  NonDom=168  |  BestPenalty=0.00e+00  |  BestNormVio=0
  Best feasible: Cost=1.156e+07→ Emis=9.511e+09→ Time=437.4h→
========================================================================

========================================================================
  [NSGA-II] Gen 243/499  |  549.0s elapsed
  Pop feasible: 300/300 (100.0%)  |  NonDom=174  |  BestPenalty=0.00e+00  |  BestNormVio=0
  Best feasible: Cost=1.156e+07→ Emis=9.511e+09→ Time=437.4h→
========================================================================

========================================================================
  [NSGA-II] Gen 244/499  |  551.3s elapsed
  Pop feasible: 300/300 (100.0%)  |  NonDom=187  |  BestPenalty=0.00e+00  |  BestNormVio=0
  Best feasible: Cost=1.156e+07→ Emis=9.498e+09↓ Time=437.4h→
========================================================================

========================================================================
  [NSGA-II] Gen 245/499  |  553.6s elapsed
  Pop feasible: 300/300 (100.0%)  |  NonDom=204  |  BestPenalty=0.00e+00  |  BestNormVio=0
  Best feasible: Cost=1.156e+07→ Emis=9.498e+09→ Time=437.4h→
========================================================================

========================================================================
  [NSGA-II] Gen 246/499  |  555.9s elapsed
  Pop feasible: 300/300 (100.0%)  |  NonDom=207  |  BestPenalty=0.00e+00  |  BestNormVio=0
  Best feasible: Cost=1.155e+07↓ Emis=9.498e+09→ Time=437.4h→
========================================================================

========================================================================
  [NSGA-II] Gen 247/499  |  558.1s elapsed
  Pop feasible: 300/300 (100.0%)  |  NonDom=219  |  BestPenalty=0.00e+00  |  BestNormVio=0
  Best feasible: Cost=1.155e+07→ Emis=9.498e+09→ Time=437.4h→
========================================================================

========================================================================
  [NSGA-II] Gen 248/499  |  560.4s elapsed
  Pop feasible: 300/300 (100.0%)  |  NonDom=228  |  BestPenalty=0.00e+00  |  BestNormVio=0
  Best feasible: Cost=1.155e+07→ Emis=9.498e+09→ Time=437.4h→
========================================================================

========================================================================
  [NSGA-II] Gen 249/499  |  562.8s elapsed
  Pop feasible: 300/300 (100.0%)  |  NonDom=236  |  BestPenalty=0.00e+00  |  BestNormVio=0
  Best feasible: Cost=1.155e+07→ Emis=9.498e+09→ Time=437.4h→
========================================================================

========================================================================
  [NSGA-II] Gen 250/499  |  565.0s elapsed
  Pop feasible: 300/300 (100.0%)  |  NonDom=245  |  BestPenalty=0.00e+00  |  BestNormVio=0
  Best feasible: Cost=1.155e+07→ Emis=9.498e+09→ Time=437.4h→
========================================================================

========================================================================
  [NSGA-II] Gen 251/499  |  567.4s elapsed
  Pop feasible: 300/300 (100.0%)  |  NonDom=247  |  BestPenalty=0.00e+00  |  BestNormVio=0
  Best feasible: Cost=1.155e+07→ Emis=9.498e+09→ Time=437.4h→
========================================================================

========================================================================
  [NSGA-II] Gen 252/499  |  569.6s elapsed
  Pop feasible: 300/300 (100.0%)  |  NonDom=248  |  BestPenalty=0.00e+00  |  BestNormVio=0
  Best feasible: Cost=1.155e+07→ Emis=9.498e+09→ Time=437.4h→
========================================================================

========================================================================
  [NSGA-II] Gen 253/499  |  571.9s elapsed
  Pop feasible: 300/300 (100.0%)  |  NonDom=247  |  BestPenalty=0.00e+00  |  BestNormVio=0
  Best feasible: Cost=1.155e+07→ Emis=9.498e+09→ Time=437.4h→
========================================================================

========================================================================
  [NSGA-II] Gen 254/499  |  574.2s elapsed
  Pop feasible: 300/300 (100.0%)  |  NonDom=246  |  BestPenalty=0.00e+00  |  BestNormVio=0
  Best feasible: Cost=1.154e+07↓ Emis=9.498e+09→ Time=437.4h→
========================================================================

========================================================================
  [NSGA-II] Gen 255/499  |  576.5s elapsed
  Pop feasible: 300/300 (100.0%)  |  NonDom=247  |  BestPenalty=0.00e+00  |  BestNormVio=0
  Best feasible: Cost=1.154e+07→ Emis=9.498e+09→ Time=437.4h→
========================================================================

========================================================================
  [NSGA-II] Gen 256/499  |  578.7s elapsed
  Pop feasible: 300/300 (100.0%)  |  NonDom=254  |  BestPenalty=0.00e+00  |  BestNormVio=0
  Best feasible: Cost=1.154e+07→ Emis=9.498e+09→ Time=437.4h→
========================================================================

========================================================================
  [NSGA-II] Gen 257/499  |  581.0s elapsed
  Pop feasible: 300/300 (100.0%)  |  NonDom=253  |  BestPenalty=0.00e+00  |  BestNormVio=0
  Best feasible: Cost=1.154e+07→ Emis=9.498e+09→ Time=437.4h→
========================================================================

========================================================================
  [NSGA-II] Gen 258/499  |  583.3s elapsed
  Pop feasible: 300/300 (100.0%)  |  NonDom=250  |  BestPenalty=0.00e+00  |  BestNormVio=0
  Best feasible: Cost=1.154e+07→ Emis=9.498e+09→ Time=437.4h→
========================================================================

========================================================================
  [NSGA-II] Gen 259/499  |  585.6s elapsed
  Pop feasible: 300/300 (100.0%)  |  NonDom=252  |  BestPenalty=0.00e+00  |  BestNormVio=0
  Best feasible: Cost=1.154e+07→ Emis=9.498e+09→ Time=437.4h→
========================================================================

========================================================================
  [NSGA-II] Gen 260/499  |  588.0s elapsed
  Pop feasible: 300/300 (100.0%)  |  NonDom=247  |  BestPenalty=0.00e+00  |  BestNormVio=0
  Best feasible: Cost=1.154e+07→ Emis=9.498e+09→ Time=437.4h→
========================================================================

========================================================================
  [NSGA-II] Gen 261/499  |  590.3s elapsed
  Pop feasible: 300/300 (100.0%)  |  NonDom=248  |  BestPenalty=0.00e+00  |  BestNormVio=0
  Best feasible: Cost=1.154e+07→ Emis=9.498e+09→ Time=437.4h→
========================================================================

========================================================================
  [NSGA-II] Gen 262/499  |  592.6s elapsed
  Pop feasible: 300/300 (100.0%)  |  NonDom=248  |  BestPenalty=0.00e+00  |  BestNormVio=0
  Best feasible: Cost=1.154e+07→ Emis=9.498e+09→ Time=437.4h→
========================================================================

========================================================================
  [NSGA-II] Gen 263/499  |  594.9s elapsed
  Pop feasible: 300/300 (100.0%)  |  NonDom=249  |  BestPenalty=0.00e+00  |  BestNormVio=0
  Best feasible: Cost=1.154e+07→ Emis=9.498e+09→ Time=437.4h→
========================================================================

========================================================================
  [NSGA-II] Gen 264/499  |  597.2s elapsed
  Pop feasible: 300/300 (100.0%)  |  NonDom=247  |  BestPenalty=0.00e+00  |  BestNormVio=0
  Best feasible: Cost=1.154e+07→ Emis=9.498e+09→ Time=437.4h→
========================================================================

========================================================================
  [NSGA-II] Gen 265/499  |  599.6s elapsed
  Pop feasible: 300/300 (100.0%)  |  NonDom=244  |  BestPenalty=0.00e+00  |  BestNormVio=0
  Best feasible: Cost=1.154e+07→ Emis=9.498e+09→ Time=437.4h→
========================================================================

========================================================================
  [NSGA-II] Gen 266/499  |  601.8s elapsed
  Pop feasible: 300/300 (100.0%)  |  NonDom=249  |  BestPenalty=0.00e+00  |  BestNormVio=0
  Best feasible: Cost=1.154e+07→ Emis=9.498e+09→ Time=437.4h→
========================================================================

========================================================================
  [NSGA-II] Gen 267/499  |  604.1s elapsed
  Pop feasible: 300/300 (100.0%)  |  NonDom=250  |  BestPenalty=0.00e+00  |  BestNormVio=0
  Best feasible: Cost=1.154e+07→ Emis=9.498e+09→ Time=437.4h→
========================================================================

========================================================================
  [NSGA-II] Gen 268/499  |  606.4s elapsed
  Pop feasible: 300/300 (100.0%)  |  NonDom=251  |  BestPenalty=0.00e+00  |  BestNormVio=0
  Best feasible: Cost=1.154e+07→ Emis=9.498e+09→ Time=437.4h→
========================================================================

========================================================================
  [NSGA-II] Gen 269/499  |  608.7s elapsed
  Pop feasible: 300/300 (100.0%)  |  NonDom=253  |  BestPenalty=0.00e+00  |  BestNormVio=0
  Best feasible: Cost=1.154e+07→ Emis=9.498e+09→ Time=437.4h→
========================================================================

========================================================================
  [NSGA-II] Gen 270/499  |  611.0s elapsed
  Pop feasible: 300/300 (100.0%)  |  NonDom=252  |  BestPenalty=0.00e+00  |  BestNormVio=0
  Best feasible: Cost=1.154e+07→ Emis=9.498e+09→ Time=437.4h→
========================================================================

========================================================================
  [NSGA-II] Gen 271/499  |  613.4s elapsed
  Pop feasible: 300/300 (100.0%)  |  NonDom=251  |  BestPenalty=0.00e+00  |  BestNormVio=0
  Best feasible: Cost=1.154e+07→ Emis=9.498e+09→ Time=437.4h→
========================================================================

========================================================================
  [NSGA-II] Gen 272/499  |  615.7s elapsed
  Pop feasible: 300/300 (100.0%)  |  NonDom=249  |  BestPenalty=0.00e+00  |  BestNormVio=0
  Best feasible: Cost=1.154e+07→ Emis=9.498e+09→ Time=437.4h→
========================================================================

========================================================================
  [NSGA-II] Gen 273/499  |  618.0s elapsed
  Pop feasible: 300/300 (100.0%)  |  NonDom=261  |  BestPenalty=0.00e+00  |  BestNormVio=0
  Best feasible: Cost=1.154e+07→ Emis=9.498e+09→ Time=437.4h→
========================================================================

========================================================================
  [NSGA-II] Gen 274/499  |  620.3s elapsed
  Pop feasible: 300/300 (100.0%)  |  NonDom=259  |  BestPenalty=0.00e+00  |  BestNormVio=0
  Best feasible: Cost=1.154e+07→ Emis=9.498e+09→ Time=437.4h→
========================================================================

========================================================================
  [NSGA-II] Gen 275/499  |  622.6s elapsed
  Pop feasible: 300/300 (100.0%)  |  NonDom=258  |  BestPenalty=0.00e+00  |  BestNormVio=0
  Best feasible: Cost=1.154e+07→ Emis=9.498e+09→ Time=437.4h→
========================================================================

========================================================================
  [NSGA-II] Gen 276/499  |  625.0s elapsed
  Pop feasible: 300/300 (100.0%)  |  NonDom=252  |  BestPenalty=0.00e+00  |  BestNormVio=0
  Best feasible: Cost=1.154e+07→ Emis=9.498e+09→ Time=437.4h→
========================================================================

========================================================================
  [NSGA-II] Gen 277/499  |  627.3s elapsed
  Pop feasible: 300/300 (100.0%)  |  NonDom=253  |  BestPenalty=0.00e+00  |  BestNormVio=0
  Best feasible: Cost=1.154e+07→ Emis=9.498e+09→ Time=437.4h→
========================================================================

========================================================================
  [NSGA-II] Gen 278/499  |  629.5s elapsed
  Pop feasible: 300/300 (100.0%)  |  NonDom=239  |  BestPenalty=0.00e+00  |  BestNormVio=0
  Best feasible: Cost=1.154e+07→ Emis=9.498e+09→ Time=437.4h→
========================================================================

========================================================================
  [NSGA-II] Gen 279/499  |  631.7s elapsed
  Pop feasible: 300/300 (100.0%)  |  NonDom=239  |  BestPenalty=0.00e+00  |  BestNormVio=0
  Best feasible: Cost=1.154e+07→ Emis=9.498e+09→ Time=437.4h→
========================================================================

========================================================================
  [NSGA-II] Gen 280/499  |  634.0s elapsed
  Pop feasible: 300/300 (100.0%)  |  NonDom=230  |  BestPenalty=0.00e+00  |  BestNormVio=0
  Best feasible: Cost=1.154e+07→ Emis=9.498e+09→ Time=437.4h→
========================================================================

========================================================================
  [NSGA-II] Gen 281/499  |  636.3s elapsed
  Pop feasible: 300/300 (100.0%)  |  NonDom=217  |  BestPenalty=0.00e+00  |  BestNormVio=0
  Best feasible: Cost=1.154e+07→ Emis=9.498e+09→ Time=437.4h→
========================================================================

========================================================================
  [NSGA-II] Gen 282/499  |  638.5s elapsed
  Pop feasible: 300/300 (100.0%)  |  NonDom=218  |  BestPenalty=0.00e+00  |  BestNormVio=0
  Best feasible: Cost=1.154e+07→ Emis=9.498e+09→ Time=437.4h→
========================================================================

========================================================================
  [NSGA-II] Gen 283/499  |  640.8s elapsed
  Pop feasible: 300/300 (100.0%)  |  NonDom=221  |  BestPenalty=0.00e+00  |  BestNormVio=0
  Best feasible: Cost=1.154e+07→ Emis=9.498e+09→ Time=437.4h→
========================================================================

========================================================================
  [NSGA-II] Gen 284/499  |  643.1s elapsed
  Pop feasible: 300/300 (100.0%)  |  NonDom=228  |  BestPenalty=0.00e+00  |  BestNormVio=0
  Best feasible: Cost=1.154e+07→ Emis=9.498e+09→ Time=437.4h→
========================================================================

========================================================================
  [NSGA-II] Gen 285/499  |  645.5s elapsed
  Pop feasible: 300/300 (100.0%)  |  NonDom=222  |  BestPenalty=0.00e+00  |  BestNormVio=0
  Best feasible: Cost=1.154e+07→ Emis=9.498e+09→ Time=437.4h→
========================================================================

========================================================================
  [NSGA-II] Gen 286/499  |  647.7s elapsed
  Pop feasible: 300/300 (100.0%)  |  NonDom=227  |  BestPenalty=0.00e+00  |  BestNormVio=0
  Best feasible: Cost=1.154e+07→ Emis=9.471e+09↓ Time=437.4h→
========================================================================

========================================================================
  [NSGA-II] Gen 287/499  |  650.0s elapsed
  Pop feasible: 300/300 (100.0%)  |  NonDom=227  |  BestPenalty=0.00e+00  |  BestNormVio=0
  Best feasible: Cost=1.154e+07→ Emis=9.471e+09→ Time=437.4h→
========================================================================

========================================================================
  [NSGA-II] Gen 288/499  |  652.3s elapsed
  Pop feasible: 300/300 (100.0%)  |  NonDom=228  |  BestPenalty=0.00e+00  |  BestNormVio=0
  Best feasible: Cost=1.154e+07→ Emis=9.446e+09↓ Time=437.4h→
========================================================================

========================================================================
  [NSGA-II] Gen 289/499  |  654.4s elapsed
  Pop feasible: 300/300 (100.0%)  |  NonDom=230  |  BestPenalty=0.00e+00  |  BestNormVio=0
  Best feasible: Cost=1.154e+07→ Emis=9.446e+09→ Time=437.4h→
========================================================================

========================================================================
  [NSGA-II] Gen 290/499  |  656.7s elapsed
  Pop feasible: 300/300 (100.0%)  |  NonDom=229  |  BestPenalty=0.00e+00  |  BestNormVio=0
  Best feasible: Cost=1.154e+07→ Emis=9.446e+09→ Time=437.4h→
========================================================================

========================================================================
  [NSGA-II] Gen 291/499  |  659.0s elapsed
  Pop feasible: 300/300 (100.0%)  |  NonDom=227  |  BestPenalty=0.00e+00  |  BestNormVio=0
  Best feasible: Cost=1.154e+07↓ Emis=9.446e+09→ Time=437.4h→
========================================================================

========================================================================
  [NSGA-II] Gen 292/499  |  661.3s elapsed
  Pop feasible: 300/300 (100.0%)  |  NonDom=217  |  BestPenalty=0.00e+00  |  BestNormVio=0
  Best feasible: Cost=1.154e+07→ Emis=9.446e+09→ Time=437.4h→
========================================================================

========================================================================
  [NSGA-II] Gen 293/499  |  663.5s elapsed
  Pop feasible: 300/300 (100.0%)  |  NonDom=217  |  BestPenalty=0.00e+00  |  BestNormVio=0
  Best feasible: Cost=1.154e+07→ Emis=9.446e+09→ Time=437.4h→
========================================================================

========================================================================
  [NSGA-II] Gen 294/499  |  665.7s elapsed
  Pop feasible: 300/300 (100.0%)  |  NonDom=222  |  BestPenalty=0.00e+00  |  BestNormVio=0
  Best feasible: Cost=1.154e+07→ Emis=9.446e+09→ Time=437.4h→
========================================================================

========================================================================
  [NSGA-II] Gen 295/499  |  668.0s elapsed
  Pop feasible: 300/300 (100.0%)  |  NonDom=222  |  BestPenalty=0.00e+00  |  BestNormVio=0
  Best feasible: Cost=1.152e+07↓ Emis=9.446e+09→ Time=437.4h→
========================================================================

========================================================================
  [NSGA-II] Gen 296/499  |  670.2s elapsed
  Pop feasible: 300/300 (100.0%)  |  NonDom=226  |  BestPenalty=0.00e+00  |  BestNormVio=0
  Best feasible: Cost=1.152e+07→ Emis=9.419e+09↓ Time=437.4h→
========================================================================

========================================================================
  [NSGA-II] Gen 297/499  |  672.5s elapsed
  Pop feasible: 300/300 (100.0%)  |  NonDom=222  |  BestPenalty=0.00e+00  |  BestNormVio=0
  Best feasible: Cost=1.152e+07→ Emis=9.419e+09→ Time=437.4h→
========================================================================

========================================================================
  [NSGA-II] Gen 298/499  |  674.8s elapsed
  Pop feasible: 300/300 (100.0%)  |  NonDom=221  |  BestPenalty=0.00e+00  |  BestNormVio=0
  Best feasible: Cost=1.152e+07→ Emis=9.419e+09→ Time=437.4h→
========================================================================

========================================================================
  [NSGA-II] Gen 299/499  |  677.0s elapsed
  Pop feasible: 300/300 (100.0%)  |  NonDom=228  |  BestPenalty=0.00e+00  |  BestNormVio=0
  Best feasible: Cost=1.152e+07→ Emis=9.419e+09→ Time=437.4h→
========================================================================

========================================================================
  [NSGA-II] Gen 300/499  |  679.3s elapsed
  Pop feasible: 300/300 (100.0%)  |  NonDom=232  |  BestPenalty=0.00e+00  |  BestNormVio=0
  Best feasible: Cost=1.152e+07→ Emis=9.419e+09→ Time=437.4h→
========================================================================

========================================================================
  [NSGA-II] Gen 301/499  |  681.5s elapsed
  Pop feasible: 300/300 (100.0%)  |  NonDom=236  |  BestPenalty=0.00e+00  |  BestNormVio=0
  Best feasible: Cost=1.152e+07→ Emis=9.419e+09→ Time=437.4h→
========================================================================

========================================================================
  [NSGA-II] Gen 302/499  |  683.8s elapsed
  Pop feasible: 300/300 (100.0%)  |  NonDom=242  |  BestPenalty=0.00e+00  |  BestNormVio=0
  Best feasible: Cost=1.152e+07→ Emis=9.419e+09→ Time=437.4h→
========================================================================

========================================================================
  [NSGA-II] Gen 303/499  |  686.0s elapsed
  Pop feasible: 300/300 (100.0%)  |  NonDom=246  |  BestPenalty=0.00e+00  |  BestNormVio=0
  Best feasible: Cost=1.152e+07→ Emis=9.415e+09↓ Time=437.4h→
========================================================================

========================================================================
  [NSGA-II] Gen 304/499  |  688.3s elapsed
  Pop feasible: 300/300 (100.0%)  |  NonDom=245  |  BestPenalty=0.00e+00  |  BestNormVio=0
  Best feasible: Cost=1.152e+07→ Emis=9.415e+09→ Time=437.4h→
========================================================================

========================================================================
  [NSGA-II] Gen 305/499  |  690.6s elapsed
  Pop feasible: 300/300 (100.0%)  |  NonDom=242  |  BestPenalty=0.00e+00  |  BestNormVio=0
  Best feasible: Cost=1.152e+07→ Emis=9.414e+09↓ Time=437.4h→
========================================================================

========================================================================
  [NSGA-II] Gen 306/499  |  692.9s elapsed
  Pop feasible: 300/300 (100.0%)  |  NonDom=240  |  BestPenalty=0.00e+00  |  BestNormVio=0
  Best feasible: Cost=1.152e+07→ Emis=9.414e+09→ Time=437.4h→
========================================================================

========================================================================
  [NSGA-II] Gen 307/499  |  695.2s elapsed
  Pop feasible: 300/300 (100.0%)  |  NonDom=246  |  BestPenalty=0.00e+00  |  BestNormVio=0
  Best feasible: Cost=1.152e+07→ Emis=9.414e+09→ Time=437.4h→
========================================================================

========================================================================
  [NSGA-II] Gen 308/499  |  697.4s elapsed
  Pop feasible: 300/300 (100.0%)  |  NonDom=243  |  BestPenalty=0.00e+00  |  BestNormVio=0
  Best feasible: Cost=1.152e+07↓ Emis=9.414e+09→ Time=437.4h→
========================================================================

========================================================================
  [NSGA-II] Gen 309/499  |  699.6s elapsed
  Pop feasible: 300/300 (100.0%)  |  NonDom=244  |  BestPenalty=0.00e+00  |  BestNormVio=0
  Best feasible: Cost=1.152e+07→ Emis=9.414e+09→ Time=437.4h→
========================================================================

========================================================================
  [NSGA-II] Gen 310/499  |  701.9s elapsed
  Pop feasible: 300/300 (100.0%)  |  NonDom=239  |  BestPenalty=0.00e+00  |  BestNormVio=0
  Best feasible: Cost=1.152e+07→ Emis=9.414e+09→ Time=437.4h→
========================================================================

========================================================================
  [NSGA-II] Gen 311/499  |  704.1s elapsed
  Pop feasible: 300/300 (100.0%)  |  NonDom=242  |  BestPenalty=0.00e+00  |  BestNormVio=0
  Best feasible: Cost=1.152e+07→ Emis=9.414e+09→ Time=437.4h→
========================================================================

========================================================================
  [NSGA-II] Gen 312/499  |  706.3s elapsed
  Pop feasible: 300/300 (100.0%)  |  NonDom=237  |  BestPenalty=0.00e+00  |  BestNormVio=0
  Best feasible: Cost=1.152e+07↓ Emis=9.414e+09→ Time=437.4h→
========================================================================

========================================================================
  [NSGA-II] Gen 313/499  |  708.6s elapsed
  Pop feasible: 300/300 (100.0%)  |  NonDom=236  |  BestPenalty=0.00e+00  |  BestNormVio=0
  Best feasible: Cost=1.152e+07↓ Emis=9.414e+09→ Time=437.4h→
========================================================================

========================================================================
  [NSGA-II] Gen 314/499  |  710.8s elapsed
  Pop feasible: 300/300 (100.0%)  |  NonDom=235  |  BestPenalty=0.00e+00  |  BestNormVio=0
  Best feasible: Cost=1.152e+07→ Emis=9.414e+09→ Time=437.4h→
========================================================================

========================================================================
  [NSGA-II] Gen 315/499  |  713.0s elapsed
  Pop feasible: 300/300 (100.0%)  |  NonDom=239  |  BestPenalty=0.00e+00  |  BestNormVio=0
  Best feasible: Cost=1.151e+07↓ Emis=9.414e+09→ Time=437.4h→
========================================================================

========================================================================
  [NSGA-II] Gen 316/499  |  715.2s elapsed
  Pop feasible: 300/300 (100.0%)  |  NonDom=241  |  BestPenalty=0.00e+00  |  BestNormVio=0
  Best feasible: Cost=1.151e+07→ Emis=9.414e+09→ Time=437.4h→
========================================================================

========================================================================
  [NSGA-II] Gen 317/499  |  717.5s elapsed
  Pop feasible: 300/300 (100.0%)  |  NonDom=242  |  BestPenalty=0.00e+00  |  BestNormVio=0
  Best feasible: Cost=1.151e+07→ Emis=9.414e+09→ Time=437.4h→
========================================================================

========================================================================
  [NSGA-II] Gen 318/499  |  719.8s elapsed
  Pop feasible: 300/300 (100.0%)  |  NonDom=243  |  BestPenalty=0.00e+00  |  BestNormVio=0
  Best feasible: Cost=1.151e+07→ Emis=9.414e+09→ Time=437.4h→
========================================================================

========================================================================
  [NSGA-II] Gen 319/499  |  722.2s elapsed
  Pop feasible: 300/300 (100.0%)  |  NonDom=246  |  BestPenalty=0.00e+00  |  BestNormVio=0
  Best feasible: Cost=1.151e+07→ Emis=9.414e+09→ Time=437.4h→
========================================================================

========================================================================
  [NSGA-II] Gen 320/499  |  724.4s elapsed
  Pop feasible: 300/300 (100.0%)  |  NonDom=249  |  BestPenalty=0.00e+00  |  BestNormVio=0
  Best feasible: Cost=1.151e+07→ Emis=9.414e+09→ Time=437.4h→
========================================================================

========================================================================
  [NSGA-II] Gen 321/499  |  726.6s elapsed
  Pop feasible: 300/300 (100.0%)  |  NonDom=243  |  BestPenalty=0.00e+00  |  BestNormVio=0
  Best feasible: Cost=1.151e+07→ Emis=9.414e+09→ Time=437.4h→
========================================================================

========================================================================
  [NSGA-II] Gen 322/499  |  728.9s elapsed
  Pop feasible: 300/300 (100.0%)  |  NonDom=238  |  BestPenalty=0.00e+00  |  BestNormVio=0
  Best feasible: Cost=1.151e+07→ Emis=9.414e+09→ Time=437.4h→
========================================================================

========================================================================
  [NSGA-II] Gen 323/499  |  731.2s elapsed
  Pop feasible: 300/300 (100.0%)  |  NonDom=237  |  BestPenalty=0.00e+00  |  BestNormVio=0
  Best feasible: Cost=1.151e+07→ Emis=9.414e+09→ Time=437.4h→
========================================================================

========================================================================
  [NSGA-II] Gen 324/499  |  733.5s elapsed
  Pop feasible: 300/300 (100.0%)  |  NonDom=246  |  BestPenalty=0.00e+00  |  BestNormVio=0
  Best feasible: Cost=1.151e+07→ Emis=9.414e+09→ Time=437.4h→
========================================================================

========================================================================
  [NSGA-II] Gen 325/499  |  735.7s elapsed
  Pop feasible: 300/300 (100.0%)  |  NonDom=249  |  BestPenalty=0.00e+00  |  BestNormVio=0
  Best feasible: Cost=1.151e+07→ Emis=9.414e+09→ Time=437.4h→
========================================================================

========================================================================
  [NSGA-II] Gen 326/499  |  738.0s elapsed
  Pop feasible: 300/300 (100.0%)  |  NonDom=248  |  BestPenalty=0.00e+00  |  BestNormVio=0
  Best feasible: Cost=1.151e+07→ Emis=9.414e+09→ Time=437.4h→
========================================================================

========================================================================
  [NSGA-II] Gen 327/499  |  740.4s elapsed
  Pop feasible: 300/300 (100.0%)  |  NonDom=249  |  BestPenalty=0.00e+00  |  BestNormVio=0
  Best feasible: Cost=1.151e+07→ Emis=9.414e+09→ Time=437.4h→
========================================================================

========================================================================
  [NSGA-II] Gen 328/499  |  742.7s elapsed
  Pop feasible: 300/300 (100.0%)  |  NonDom=245  |  BestPenalty=0.00e+00  |  BestNormVio=0
  Best feasible: Cost=1.151e+07→ Emis=9.414e+09→ Time=437.4h→
========================================================================

========================================================================
  [NSGA-II] Gen 329/499  |  745.0s elapsed
  Pop feasible: 300/300 (100.0%)  |  NonDom=251  |  BestPenalty=0.00e+00  |  BestNormVio=0
  Best feasible: Cost=1.151e+07→ Emis=9.414e+09→ Time=437.4h→
========================================================================

========================================================================
  [NSGA-II] Gen 330/499  |  747.4s elapsed
  Pop feasible: 300/300 (100.0%)  |  NonDom=249  |  BestPenalty=0.00e+00  |  BestNormVio=0
  Best feasible: Cost=1.151e+07→ Emis=9.414e+09→ Time=437.4h→
========================================================================

========================================================================
  [NSGA-II] Gen 331/499  |  749.7s elapsed
  Pop feasible: 300/300 (100.0%)  |  NonDom=247  |  BestPenalty=0.00e+00  |  BestNormVio=0
  Best feasible: Cost=1.151e+07→ Emis=9.414e+09→ Time=437.4h→
========================================================================

========================================================================
  [NSGA-II] Gen 332/499  |  751.9s elapsed
  Pop feasible: 300/300 (100.0%)  |  NonDom=243  |  BestPenalty=0.00e+00  |  BestNormVio=0
  Best feasible: Cost=1.151e+07→ Emis=9.414e+09→ Time=437.4h→
========================================================================

========================================================================
  [NSGA-II] Gen 333/499  |  754.2s elapsed
  Pop feasible: 300/300 (100.0%)  |  NonDom=231  |  BestPenalty=0.00e+00  |  BestNormVio=0
  Best feasible: Cost=1.151e+07→ Emis=9.414e+09→ Time=437.4h→
========================================================================

========================================================================
  [NSGA-II] Gen 334/499  |  756.5s elapsed
  Pop feasible: 300/300 (100.0%)  |  NonDom=233  |  BestPenalty=0.00e+00  |  BestNormVio=0
  Best feasible: Cost=1.151e+07→ Emis=9.414e+09→ Time=437.4h→
========================================================================

========================================================================
  [NSGA-II] Gen 335/499  |  758.8s elapsed
  Pop feasible: 300/300 (100.0%)  |  NonDom=235  |  BestPenalty=0.00e+00  |  BestNormVio=0
  Best feasible: Cost=1.151e+07→ Emis=9.414e+09→ Time=437.4h→
========================================================================

========================================================================
  [NSGA-II] Gen 336/499  |  761.1s elapsed
  Pop feasible: 300/300 (100.0%)  |  NonDom=237  |  BestPenalty=0.00e+00  |  BestNormVio=0
  Best feasible: Cost=1.151e+07→ Emis=9.414e+09→ Time=437.4h→
========================================================================

========================================================================
  [NSGA-II] Gen 337/499  |  763.4s elapsed
  Pop feasible: 300/300 (100.0%)  |  NonDom=243  |  BestPenalty=0.00e+00  |  BestNormVio=0
  Best feasible: Cost=1.151e+07→ Emis=9.403e+09↓ Time=437.4h→
========================================================================

========================================================================
  [NSGA-II] Gen 338/499  |  765.6s elapsed
  Pop feasible: 300/300 (100.0%)  |  NonDom=245  |  BestPenalty=0.00e+00  |  BestNormVio=0
  Best feasible: Cost=1.151e+07→ Emis=9.403e+09→ Time=437.4h→
========================================================================

========================================================================
  [NSGA-II] Gen 339/499  |  767.9s elapsed
  Pop feasible: 300/300 (100.0%)  |  NonDom=240  |  BestPenalty=0.00e+00  |  BestNormVio=0
  Best feasible: Cost=1.151e+07→ Emis=9.403e+09→ Time=437.4h→
========================================================================

========================================================================
  [NSGA-II] Gen 340/499  |  770.2s elapsed
  Pop feasible: 300/300 (100.0%)  |  NonDom=249  |  BestPenalty=0.00e+00  |  BestNormVio=0
  Best feasible: Cost=1.151e+07→ Emis=9.403e+09→ Time=437.4h→
========================================================================

========================================================================
  [NSGA-II] Gen 341/499  |  772.4s elapsed
  Pop feasible: 300/300 (100.0%)  |  NonDom=248  |  BestPenalty=0.00e+00  |  BestNormVio=0
  Best feasible: Cost=1.151e+07→ Emis=9.403e+09→ Time=437.4h→
========================================================================

========================================================================
  [NSGA-II] Gen 342/499  |  774.7s elapsed
  Pop feasible: 300/300 (100.0%)  |  NonDom=244  |  BestPenalty=0.00e+00  |  BestNormVio=0
  Best feasible: Cost=1.151e+07→ Emis=9.403e+09→ Time=437.4h→
========================================================================

========================================================================
  [NSGA-II] Gen 343/499  |  777.0s elapsed
  Pop feasible: 300/300 (100.0%)  |  NonDom=244  |  BestPenalty=0.00e+00  |  BestNormVio=0
  Best feasible: Cost=1.151e+07→ Emis=9.403e+09→ Time=437.4h→
========================================================================

========================================================================
  [NSGA-II] Gen 344/499  |  779.2s elapsed
  Pop feasible: 300/300 (100.0%)  |  NonDom=246  |  BestPenalty=0.00e+00  |  BestNormVio=0
  Best feasible: Cost=1.151e+07→ Emis=9.403e+09→ Time=437.4h→
========================================================================

========================================================================
  [NSGA-II] Gen 345/499  |  781.5s elapsed
  Pop feasible: 300/300 (100.0%)  |  NonDom=247  |  BestPenalty=0.00e+00  |  BestNormVio=0
  Best feasible: Cost=1.151e+07→ Emis=9.403e+09→ Time=437.4h→
========================================================================

========================================================================
  [NSGA-II] Gen 346/499  |  783.8s elapsed
  Pop feasible: 300/300 (100.0%)  |  NonDom=250  |  BestPenalty=0.00e+00  |  BestNormVio=0
  Best feasible: Cost=1.151e+07↓ Emis=9.403e+09→ Time=437.4h→
========================================================================

========================================================================
  [NSGA-II] Gen 347/499  |  786.1s elapsed
  Pop feasible: 300/300 (100.0%)  |  NonDom=248  |  BestPenalty=0.00e+00  |  BestNormVio=0
  Best feasible: Cost=1.151e+07→ Emis=9.403e+09→ Time=437.4h→
========================================================================

========================================================================
  [NSGA-II] Gen 348/499  |  788.3s elapsed
  Pop feasible: 300/300 (100.0%)  |  NonDom=247  |  BestPenalty=0.00e+00  |  BestNormVio=0
  Best feasible: Cost=1.151e+07→ Emis=9.403e+09→ Time=437.4h→
========================================================================

========================================================================
  [NSGA-II] Gen 349/499  |  790.6s elapsed
  Pop feasible: 300/300 (100.0%)  |  NonDom=248  |  BestPenalty=0.00e+00  |  BestNormVio=0
  Best feasible: Cost=1.151e+07→ Emis=9.403e+09→ Time=437.4h→
========================================================================

========================================================================
  [NSGA-II] Gen 350/499  |  793.0s elapsed
  Pop feasible: 300/300 (100.0%)  |  NonDom=250  |  BestPenalty=0.00e+00  |  BestNormVio=0
  Best feasible: Cost=1.151e+07→ Emis=9.403e+09→ Time=437.4h→
========================================================================

========================================================================
  [NSGA-II] Gen 351/499  |  795.3s elapsed
  Pop feasible: 300/300 (100.0%)  |  NonDom=252  |  BestPenalty=0.00e+00  |  BestNormVio=0
  Best feasible: Cost=1.151e+07→ Emis=9.403e+09→ Time=437.4h→
========================================================================

========================================================================
  [NSGA-II] Gen 352/499  |  797.6s elapsed
  Pop feasible: 300/300 (100.0%)  |  NonDom=252  |  BestPenalty=0.00e+00  |  BestNormVio=0
  Best feasible: Cost=1.151e+07→ Emis=9.403e+09→ Time=437.4h→
========================================================================

========================================================================
  [NSGA-II] Gen 353/499  |  799.9s elapsed
  Pop feasible: 300/300 (100.0%)  |  NonDom=248  |  BestPenalty=0.00e+00  |  BestNormVio=0
  Best feasible: Cost=1.151e+07→ Emis=9.403e+09→ Time=437.4h→
========================================================================

========================================================================
  [NSGA-II] Gen 354/499  |  802.1s elapsed
  Pop feasible: 300/300 (100.0%)  |  NonDom=245  |  BestPenalty=0.00e+00  |  BestNormVio=0
  Best feasible: Cost=1.151e+07→ Emis=9.403e+09→ Time=437.4h→
========================================================================

========================================================================
  [NSGA-II] Gen 355/499  |  804.3s elapsed
  Pop feasible: 300/300 (100.0%)  |  NonDom=244  |  BestPenalty=0.00e+00  |  BestNormVio=0
  Best feasible: Cost=1.151e+07→ Emis=9.403e+09→ Time=437.4h→
========================================================================

========================================================================
  [NSGA-II] Gen 356/499  |  806.7s elapsed
  Pop feasible: 300/300 (100.0%)  |  NonDom=245  |  BestPenalty=0.00e+00  |  BestNormVio=0
  Best feasible: Cost=1.151e+07→ Emis=9.403e+09→ Time=437.4h→
========================================================================

========================================================================
  [NSGA-II] Gen 357/499  |  809.0s elapsed
  Pop feasible: 300/300 (100.0%)  |  NonDom=248  |  BestPenalty=0.00e+00  |  BestNormVio=0
  Best feasible: Cost=1.151e+07→ Emis=9.403e+09→ Time=437.4h→
========================================================================

========================================================================
  [NSGA-II] Gen 358/499  |  811.3s elapsed
  Pop feasible: 300/300 (100.0%)  |  NonDom=251  |  BestPenalty=0.00e+00  |  BestNormVio=0
  Best feasible: Cost=1.151e+07→ Emis=9.403e+09→ Time=437.4h→
========================================================================

========================================================================
  [NSGA-II] Gen 359/499  |  813.6s elapsed
  Pop feasible: 300/300 (100.0%)  |  NonDom=249  |  BestPenalty=0.00e+00  |  BestNormVio=0
  Best feasible: Cost=1.151e+07→ Emis=9.403e+09→ Time=437.4h→
========================================================================

========================================================================
  [NSGA-II] Gen 360/499  |  815.8s elapsed
  Pop feasible: 300/300 (100.0%)  |  NonDom=249  |  BestPenalty=0.00e+00  |  BestNormVio=0
  Best feasible: Cost=1.151e+07→ Emis=9.403e+09→ Time=437.4h→
========================================================================

========================================================================
  [NSGA-II] Gen 361/499  |  818.2s elapsed
  Pop feasible: 300/300 (100.0%)  |  NonDom=253  |  BestPenalty=0.00e+00  |  BestNormVio=0
  Best feasible: Cost=1.151e+07→ Emis=9.403e+09→ Time=437.4h→
========================================================================

========================================================================
  [NSGA-II] Gen 362/499  |  820.5s elapsed
  Pop feasible: 300/300 (100.0%)  |  NonDom=253  |  BestPenalty=0.00e+00  |  BestNormVio=0
  Best feasible: Cost=1.151e+07→ Emis=9.403e+09→ Time=437.4h→
========================================================================

========================================================================
  [NSGA-II] Gen 363/499  |  822.7s elapsed
  Pop feasible: 300/300 (100.0%)  |  NonDom=258  |  BestPenalty=0.00e+00  |  BestNormVio=0
  Best feasible: Cost=1.151e+07→ Emis=9.403e+09↓ Time=437.4h→
========================================================================

========================================================================
  [NSGA-II] Gen 364/499  |  825.0s elapsed
  Pop feasible: 300/300 (100.0%)  |  NonDom=257  |  BestPenalty=0.00e+00  |  BestNormVio=0
  Best feasible: Cost=1.151e+07→ Emis=9.403e+09→ Time=437.4h→
========================================================================

========================================================================
  [NSGA-II] Gen 365/499  |  827.3s elapsed
  Pop feasible: 300/300 (100.0%)  |  NonDom=259  |  BestPenalty=0.00e+00  |  BestNormVio=0
  Best feasible: Cost=1.151e+07→ Emis=9.403e+09→ Time=437.4h→
========================================================================

========================================================================
  [NSGA-II] Gen 366/499  |  829.6s elapsed
  Pop feasible: 300/300 (100.0%)  |  NonDom=263  |  BestPenalty=0.00e+00  |  BestNormVio=0
  Best feasible: Cost=1.151e+07→ Emis=9.403e+09→ Time=437.4h→
========================================================================

========================================================================
  [NSGA-II] Gen 367/499  |  831.9s elapsed
  Pop feasible: 300/300 (100.0%)  |  NonDom=259  |  BestPenalty=0.00e+00  |  BestNormVio=0
  Best feasible: Cost=1.151e+07→ Emis=9.403e+09→ Time=437.4h→
========================================================================

========================================================================
  [NSGA-II] Gen 368/499  |  834.1s elapsed
  Pop feasible: 300/300 (100.0%)  |  NonDom=260  |  BestPenalty=0.00e+00  |  BestNormVio=0
  Best feasible: Cost=1.151e+07→ Emis=9.403e+09→ Time=437.4h→
========================================================================

========================================================================
  [NSGA-II] Gen 369/499  |  836.4s elapsed
  Pop feasible: 300/300 (100.0%)  |  NonDom=259  |  BestPenalty=0.00e+00  |  BestNormVio=0
  Best feasible: Cost=1.151e+07→ Emis=9.403e+09→ Time=437.4h→
========================================================================

========================================================================
  [NSGA-II] Gen 370/499  |  838.7s elapsed
  Pop feasible: 300/300 (100.0%)  |  NonDom=262  |  BestPenalty=0.00e+00  |  BestNormVio=0
  Best feasible: Cost=1.151e+07→ Emis=9.403e+09→ Time=437.4h→
========================================================================

========================================================================
  [NSGA-II] Gen 371/499  |  841.0s elapsed
  Pop feasible: 300/300 (100.0%)  |  NonDom=261  |  BestPenalty=0.00e+00  |  BestNormVio=0
  Best feasible: Cost=1.151e+07→ Emis=9.403e+09→ Time=437.4h→
========================================================================

========================================================================
  [NSGA-II] Gen 372/499  |  843.3s elapsed
  Pop feasible: 300/300 (100.0%)  |  NonDom=262  |  BestPenalty=0.00e+00  |  BestNormVio=0
  Best feasible: Cost=1.151e+07→ Emis=9.403e+09→ Time=437.4h→
========================================================================

========================================================================
  [NSGA-II] Gen 373/499  |  845.6s elapsed
  Pop feasible: 300/300 (100.0%)  |  NonDom=263  |  BestPenalty=0.00e+00  |  BestNormVio=0
  Best feasible: Cost=1.151e+07→ Emis=9.403e+09→ Time=437.4h→
========================================================================

========================================================================
  [NSGA-II] Gen 374/499  |  847.8s elapsed
  Pop feasible: 300/300 (100.0%)  |  NonDom=264  |  BestPenalty=0.00e+00  |  BestNormVio=0
  Best feasible: Cost=1.151e+07→ Emis=9.403e+09→ Time=437.4h→
========================================================================

========================================================================
  [NSGA-II] Gen 375/499  |  850.1s elapsed
  Pop feasible: 300/300 (100.0%)  |  NonDom=263  |  BestPenalty=0.00e+00  |  BestNormVio=0
  Best feasible: Cost=1.151e+07→ Emis=9.403e+09→ Time=437.4h→
========================================================================

========================================================================
  [NSGA-II] Gen 376/499  |  852.4s elapsed
  Pop feasible: 300/300 (100.0%)  |  NonDom=264  |  BestPenalty=0.00e+00  |  BestNormVio=0
  Best feasible: Cost=1.151e+07→ Emis=9.403e+09→ Time=437.4h→
========================================================================

========================================================================
  [NSGA-II] Gen 377/499  |  854.6s elapsed
  Pop feasible: 300/300 (100.0%)  |  NonDom=264  |  BestPenalty=0.00e+00  |  BestNormVio=0
  Best feasible: Cost=1.150e+07↓ Emis=9.403e+09→ Time=437.4h→
========================================================================

========================================================================
  [NSGA-II] Gen 378/499  |  856.8s elapsed
  Pop feasible: 300/300 (100.0%)  |  NonDom=262  |  BestPenalty=0.00e+00  |  BestNormVio=0
  Best feasible: Cost=1.150e+07→ Emis=9.403e+09→ Time=437.4h→
========================================================================

========================================================================
  [NSGA-II] Gen 379/499  |  859.1s elapsed
  Pop feasible: 300/300 (100.0%)  |  NonDom=255  |  BestPenalty=0.00e+00  |  BestNormVio=0
  Best feasible: Cost=1.150e+07→ Emis=9.403e+09→ Time=437.4h→
========================================================================

========================================================================
  [NSGA-II] Gen 380/499  |  861.4s elapsed
  Pop feasible: 300/300 (100.0%)  |  NonDom=254  |  BestPenalty=0.00e+00  |  BestNormVio=0
  Best feasible: Cost=1.150e+07→ Emis=9.403e+09→ Time=437.4h→
========================================================================

========================================================================
  [NSGA-II] Gen 381/499  |  863.7s elapsed
  Pop feasible: 300/300 (100.0%)  |  NonDom=253  |  BestPenalty=0.00e+00  |  BestNormVio=0
  Best feasible: Cost=1.150e+07→ Emis=9.403e+09→ Time=437.4h→
========================================================================

========================================================================
  [NSGA-II] Gen 382/499  |  866.0s elapsed
  Pop feasible: 300/300 (100.0%)  |  NonDom=256  |  BestPenalty=0.00e+00  |  BestNormVio=0
  Best feasible: Cost=1.150e+07→ Emis=9.403e+09→ Time=437.4h→
========================================================================

========================================================================
  [NSGA-II] Gen 383/499  |  868.2s elapsed
  Pop feasible: 300/300 (100.0%)  |  NonDom=257  |  BestPenalty=0.00e+00  |  BestNormVio=0
  Best feasible: Cost=1.150e+07→ Emis=9.403e+09→ Time=437.4h→
========================================================================

========================================================================
  [NSGA-II] Gen 384/499  |  870.5s elapsed
  Pop feasible: 300/300 (100.0%)  |  NonDom=256  |  BestPenalty=0.00e+00  |  BestNormVio=0
  Best feasible: Cost=1.150e+07→ Emis=9.403e+09→ Time=437.4h→
========================================================================

========================================================================
  [NSGA-II] Gen 385/499  |  872.8s elapsed
  Pop feasible: 300/300 (100.0%)  |  NonDom=259  |  BestPenalty=0.00e+00  |  BestNormVio=0
  Best feasible: Cost=1.150e+07→ Emis=9.403e+09→ Time=437.4h→
========================================================================

========================================================================
  [NSGA-II] Gen 386/499  |  875.1s elapsed
  Pop feasible: 300/300 (100.0%)  |  NonDom=260  |  BestPenalty=0.00e+00  |  BestNormVio=0
  Best feasible: Cost=1.150e+07→ Emis=9.403e+09→ Time=437.4h→
========================================================================

========================================================================
  [NSGA-II] Gen 387/499  |  877.4s elapsed
  Pop feasible: 300/300 (100.0%)  |  NonDom=260  |  BestPenalty=0.00e+00  |  BestNormVio=0
  Best feasible: Cost=1.150e+07→ Emis=9.403e+09→ Time=437.4h→
========================================================================

========================================================================
  [NSGA-II] Gen 388/499  |  879.6s elapsed
  Pop feasible: 300/300 (100.0%)  |  NonDom=261  |  BestPenalty=0.00e+00  |  BestNormVio=0
  Best feasible: Cost=1.150e+07→ Emis=9.403e+09→ Time=437.4h→
========================================================================

========================================================================
  [NSGA-II] Gen 389/499  |  881.9s elapsed
  Pop feasible: 300/300 (100.0%)  |  NonDom=261  |  BestPenalty=0.00e+00  |  BestNormVio=0
  Best feasible: Cost=1.150e+07→ Emis=9.403e+09→ Time=437.4h→
========================================================================

========================================================================
  [NSGA-II] Gen 390/499  |  884.2s elapsed
  Pop feasible: 300/300 (100.0%)  |  NonDom=258  |  BestPenalty=0.00e+00  |  BestNormVio=0
  Best feasible: Cost=1.150e+07→ Emis=9.403e+09→ Time=437.4h→
========================================================================

========================================================================
  [NSGA-II] Gen 391/499  |  886.5s elapsed
  Pop feasible: 300/300 (100.0%)  |  NonDom=263  |  BestPenalty=0.00e+00  |  BestNormVio=0
  Best feasible: Cost=1.150e+07→ Emis=9.403e+09→ Time=437.4h→
========================================================================

========================================================================
  [NSGA-II] Gen 392/499  |  888.8s elapsed
  Pop feasible: 300/300 (100.0%)  |  NonDom=258  |  BestPenalty=0.00e+00  |  BestNormVio=0
  Best feasible: Cost=1.150e+07↓ Emis=9.403e+09→ Time=437.4h→
========================================================================

========================================================================
  [NSGA-II] Gen 393/499  |  891.1s elapsed
  Pop feasible: 300/300 (100.0%)  |  NonDom=259  |  BestPenalty=0.00e+00  |  BestNormVio=0
  Best feasible: Cost=1.150e+07→ Emis=9.403e+09→ Time=437.4h→
========================================================================

========================================================================
  [NSGA-II] Gen 394/499  |  893.3s elapsed
  Pop feasible: 300/300 (100.0%)  |  NonDom=255  |  BestPenalty=0.00e+00  |  BestNormVio=0
  Best feasible: Cost=1.150e+07→ Emis=9.403e+09→ Time=437.4h→
========================================================================

========================================================================
  [NSGA-II] Gen 395/499  |  895.6s elapsed
  Pop feasible: 300/300 (100.0%)  |  NonDom=262  |  BestPenalty=0.00e+00  |  BestNormVio=0
  Best feasible: Cost=1.150e+07→ Emis=9.403e+09→ Time=437.4h→
========================================================================

========================================================================
  [NSGA-II] Gen 396/499  |  897.9s elapsed
  Pop feasible: 300/300 (100.0%)  |  NonDom=262  |  BestPenalty=0.00e+00  |  BestNormVio=0
  Best feasible: Cost=1.150e+07→ Emis=9.403e+09→ Time=437.4h→
========================================================================

========================================================================
  [NSGA-II] Gen 397/499  |  900.2s elapsed
  Pop feasible: 300/300 (100.0%)  |  NonDom=265  |  BestPenalty=0.00e+00  |  BestNormVio=0
  Best feasible: Cost=1.150e+07→ Emis=9.403e+09→ Time=437.4h→
========================================================================

========================================================================
  [NSGA-II] Gen 398/499  |  902.6s elapsed
  Pop feasible: 300/300 (100.0%)  |  NonDom=266  |  BestPenalty=0.00e+00  |  BestNormVio=0
  Best feasible: Cost=1.150e+07→ Emis=9.403e+09→ Time=437.4h→
========================================================================

========================================================================
  [NSGA-II] Gen 399/499  |  904.8s elapsed
  Pop feasible: 300/300 (100.0%)  |  NonDom=264  |  BestPenalty=0.00e+00  |  BestNormVio=0
  Best feasible: Cost=1.150e+07→ Emis=9.403e+09→ Time=437.4h→
========================================================================

========================================================================
  [NSGA-II] Gen 400/499  |  907.1s elapsed
  Pop feasible: 300/300 (100.0%)  |  NonDom=269  |  BestPenalty=0.00e+00  |  BestNormVio=0
  Best feasible: Cost=1.150e+07→ Emis=9.403e+09→ Time=437.4h→
========================================================================

========================================================================
  [NSGA-II] Gen 401/499  |  909.3s elapsed
  Pop feasible: 300/300 (100.0%)  |  NonDom=266  |  BestPenalty=0.00e+00  |  BestNormVio=0
  Best feasible: Cost=1.150e+07↓ Emis=9.403e+09→ Time=437.4h→
========================================================================

========================================================================
  [NSGA-II] Gen 402/499  |  911.6s elapsed
  Pop feasible: 300/300 (100.0%)  |  NonDom=266  |  BestPenalty=0.00e+00  |  BestNormVio=0
  Best feasible: Cost=1.150e+07→ Emis=9.403e+09→ Time=437.4h→
========================================================================

========================================================================
  [NSGA-II] Gen 403/499  |  913.9s elapsed
  Pop feasible: 300/300 (100.0%)  |  NonDom=269  |  BestPenalty=0.00e+00  |  BestNormVio=0
  Best feasible: Cost=1.150e+07→ Emis=9.403e+09→ Time=437.4h→
========================================================================

========================================================================
  [NSGA-II] Gen 404/499  |  916.3s elapsed
  Pop feasible: 300/300 (100.0%)  |  NonDom=266  |  BestPenalty=0.00e+00  |  BestNormVio=0
  Best feasible: Cost=1.150e+07→ Emis=9.403e+09→ Time=437.4h→
========================================================================

========================================================================
  [NSGA-II] Gen 405/499  |  918.5s elapsed
  Pop feasible: 300/300 (100.0%)  |  NonDom=268  |  BestPenalty=0.00e+00  |  BestNormVio=0
  Best feasible: Cost=1.150e+07→ Emis=9.403e+09→ Time=437.4h→
========================================================================

========================================================================
  [NSGA-II] Gen 406/499  |  920.7s elapsed
  Pop feasible: 300/300 (100.0%)  |  NonDom=273  |  BestPenalty=0.00e+00  |  BestNormVio=0
  Best feasible: Cost=1.150e+07→ Emis=9.403e+09→ Time=437.4h→
========================================================================

========================================================================
  [NSGA-II] Gen 407/499  |  923.0s elapsed
  Pop feasible: 300/300 (100.0%)  |  NonDom=272  |  BestPenalty=0.00e+00  |  BestNormVio=0
  Best feasible: Cost=1.150e+07→ Emis=9.403e+09→ Time=437.4h→
========================================================================

========================================================================
  [NSGA-II] Gen 408/499  |  925.3s elapsed
  Pop feasible: 300/300 (100.0%)  |  NonDom=272  |  BestPenalty=0.00e+00  |  BestNormVio=0
  Best feasible: Cost=1.150e+07↓ Emis=9.403e+09→ Time=437.4h→
========================================================================

========================================================================
  [NSGA-II] Gen 409/499  |  927.6s elapsed
  Pop feasible: 300/300 (100.0%)  |  NonDom=269  |  BestPenalty=0.00e+00  |  BestNormVio=0
  Best feasible: Cost=1.150e+07→ Emis=9.403e+09→ Time=437.4h→
========================================================================

========================================================================
  [NSGA-II] Gen 410/499  |  929.8s elapsed
  Pop feasible: 300/300 (100.0%)  |  NonDom=266  |  BestPenalty=0.00e+00  |  BestNormVio=0
  Best feasible: Cost=1.150e+07→ Emis=9.403e+09→ Time=437.4h→
========================================================================

========================================================================
  [NSGA-II] Gen 411/499  |  932.1s elapsed
  Pop feasible: 300/300 (100.0%)  |  NonDom=266  |  BestPenalty=0.00e+00  |  BestNormVio=0
  Best feasible: Cost=1.150e+07→ Emis=9.403e+09→ Time=437.4h→
========================================================================

========================================================================
  [NSGA-II] Gen 412/499  |  934.4s elapsed
  Pop feasible: 300/300 (100.0%)  |  NonDom=267  |  BestPenalty=0.00e+00  |  BestNormVio=0
  Best feasible: Cost=1.150e+07→ Emis=9.403e+09→ Time=437.4h→
========================================================================

========================================================================
  [NSGA-II] Gen 413/499  |  936.7s elapsed
  Pop feasible: 300/300 (100.0%)  |  NonDom=267  |  BestPenalty=0.00e+00  |  BestNormVio=0
  Best feasible: Cost=1.150e+07→ Emis=9.403e+09→ Time=437.4h→
========================================================================

========================================================================
  [NSGA-II] Gen 414/499  |  938.9s elapsed
  Pop feasible: 300/300 (100.0%)  |  NonDom=268  |  BestPenalty=0.00e+00  |  BestNormVio=0
  Best feasible: Cost=1.150e+07→ Emis=9.403e+09→ Time=437.4h→
========================================================================

========================================================================
  [NSGA-II] Gen 415/499  |  941.3s elapsed
  Pop feasible: 300/300 (100.0%)  |  NonDom=268  |  BestPenalty=0.00e+00  |  BestNormVio=0
  Best feasible: Cost=1.150e+07→ Emis=9.403e+09→ Time=437.4h→
========================================================================

========================================================================
  [NSGA-II] Gen 416/499  |  943.6s elapsed
  Pop feasible: 300/300 (100.0%)  |  NonDom=269  |  BestPenalty=0.00e+00  |  BestNormVio=0
  Best feasible: Cost=1.150e+07→ Emis=9.403e+09→ Time=437.4h→
========================================================================

========================================================================
  [NSGA-II] Gen 417/499  |  945.9s elapsed
  Pop feasible: 300/300 (100.0%)  |  NonDom=268  |  BestPenalty=0.00e+00  |  BestNormVio=0
  Best feasible: Cost=1.150e+07→ Emis=9.403e+09→ Time=437.4h→
========================================================================

========================================================================
  [NSGA-II] Gen 418/499  |  948.0s elapsed
  Pop feasible: 300/300 (100.0%)  |  NonDom=266  |  BestPenalty=0.00e+00  |  BestNormVio=0
  Best feasible: Cost=1.150e+07→ Emis=9.403e+09→ Time=437.4h→
========================================================================

========================================================================
  [NSGA-II] Gen 419/499  |  950.4s elapsed
  Pop feasible: 300/300 (100.0%)  |  NonDom=265  |  BestPenalty=0.00e+00  |  BestNormVio=0
  Best feasible: Cost=1.150e+07→ Emis=9.403e+09→ Time=437.4h→
========================================================================

========================================================================
  [NSGA-II] Gen 420/499  |  952.6s elapsed
  Pop feasible: 300/300 (100.0%)  |  NonDom=263  |  BestPenalty=0.00e+00  |  BestNormVio=0
  Best feasible: Cost=1.150e+07→ Emis=9.403e+09→ Time=437.4h→
========================================================================

========================================================================
  [NSGA-II] Gen 421/499  |  955.0s elapsed
  Pop feasible: 300/300 (100.0%)  |  NonDom=262  |  BestPenalty=0.00e+00  |  BestNormVio=0
  Best feasible: Cost=1.150e+07→ Emis=9.403e+09→ Time=437.4h→
========================================================================

========================================================================
  [NSGA-II] Gen 422/499  |  957.2s elapsed
  Pop feasible: 300/300 (100.0%)  |  NonDom=265  |  BestPenalty=0.00e+00  |  BestNormVio=0
  Best feasible: Cost=1.150e+07→ Emis=9.403e+09→ Time=437.4h→
========================================================================

========================================================================
  [NSGA-II] Gen 423/499  |  959.4s elapsed
  Pop feasible: 300/300 (100.0%)  |  NonDom=264  |  BestPenalty=0.00e+00  |  BestNormVio=0
  Best feasible: Cost=1.150e+07→ Emis=9.403e+09→ Time=437.4h→
========================================================================

========================================================================
  [NSGA-II] Gen 424/499  |  961.7s elapsed
  Pop feasible: 300/300 (100.0%)  |  NonDom=272  |  BestPenalty=0.00e+00  |  BestNormVio=0
  Best feasible: Cost=1.150e+07→ Emis=9.403e+09→ Time=437.4h→
========================================================================

========================================================================
  [NSGA-II] Gen 425/499  |  964.0s elapsed
  Pop feasible: 300/300 (100.0%)  |  NonDom=272  |  BestPenalty=0.00e+00  |  BestNormVio=0
  Best feasible: Cost=1.150e+07→ Emis=9.403e+09→ Time=437.4h→
========================================================================

========================================================================
  [NSGA-II] Gen 426/499  |  966.2s elapsed
  Pop feasible: 300/300 (100.0%)  |  NonDom=268  |  BestPenalty=0.00e+00  |  BestNormVio=0
  Best feasible: Cost=1.150e+07→ Emis=9.403e+09→ Time=437.4h→
========================================================================

========================================================================
  [NSGA-II] Gen 427/499  |  968.6s elapsed
  Pop feasible: 300/300 (100.0%)  |  NonDom=266  |  BestPenalty=0.00e+00  |  BestNormVio=0
  Best feasible: Cost=1.150e+07→ Emis=9.403e+09→ Time=437.4h→
========================================================================

========================================================================
  [NSGA-II] Gen 428/499  |  970.9s elapsed
  Pop feasible: 300/300 (100.0%)  |  NonDom=273  |  BestPenalty=0.00e+00  |  BestNormVio=0
  Best feasible: Cost=1.150e+07→ Emis=9.403e+09→ Time=437.4h→
========================================================================

========================================================================
  [NSGA-II] Gen 429/499  |  973.1s elapsed
  Pop feasible: 300/300 (100.0%)  |  NonDom=270  |  BestPenalty=0.00e+00  |  BestNormVio=0
  Best feasible: Cost=1.150e+07→ Emis=9.403e+09→ Time=437.4h→
========================================================================

========================================================================
  [NSGA-II] Gen 430/499  |  975.4s elapsed
  Pop feasible: 300/300 (100.0%)  |  NonDom=270  |  BestPenalty=0.00e+00  |  BestNormVio=0
  Best feasible: Cost=1.150e+07→ Emis=9.403e+09→ Time=437.4h→
========================================================================

========================================================================
  [NSGA-II] Gen 431/499  |  977.8s elapsed
  Pop feasible: 300/300 (100.0%)  |  NonDom=268  |  BestPenalty=0.00e+00  |  BestNormVio=0
  Best feasible: Cost=1.150e+07→ Emis=9.403e+09→ Time=437.4h→
========================================================================

========================================================================
  [NSGA-II] Gen 432/499  |  980.1s elapsed
  Pop feasible: 300/300 (100.0%)  |  NonDom=273  |  BestPenalty=0.00e+00  |  BestNormVio=0
  Best feasible: Cost=1.150e+07→ Emis=9.403e+09→ Time=437.4h→
========================================================================

========================================================================
  [NSGA-II] Gen 433/499  |  982.3s elapsed
  Pop feasible: 300/300 (100.0%)  |  NonDom=271  |  BestPenalty=0.00e+00  |  BestNormVio=0
  Best feasible: Cost=1.150e+07→ Emis=9.403e+09→ Time=437.4h→
========================================================================

========================================================================
  [NSGA-II] Gen 434/499  |  984.7s elapsed
  Pop feasible: 300/300 (100.0%)  |  NonDom=269  |  BestPenalty=0.00e+00  |  BestNormVio=0
  Best feasible: Cost=1.150e+07→ Emis=9.403e+09→ Time=437.4h→
========================================================================

========================================================================
  [NSGA-II] Gen 435/499  |  987.0s elapsed
  Pop feasible: 300/300 (100.0%)  |  NonDom=272  |  BestPenalty=0.00e+00  |  BestNormVio=0
  Best feasible: Cost=1.150e+07→ Emis=9.403e+09→ Time=437.4h→
========================================================================

========================================================================
  [NSGA-II] Gen 436/499  |  989.3s elapsed
  Pop feasible: 300/300 (100.0%)  |  NonDom=271  |  BestPenalty=0.00e+00  |  BestNormVio=0
  Best feasible: Cost=1.150e+07→ Emis=9.403e+09→ Time=437.4h→
========================================================================

========================================================================
  [NSGA-II] Gen 437/499  |  991.6s elapsed
  Pop feasible: 300/300 (100.0%)  |  NonDom=273  |  BestPenalty=0.00e+00  |  BestNormVio=0
  Best feasible: Cost=1.150e+07→ Emis=9.403e+09→ Time=437.4h→
========================================================================

========================================================================
  [NSGA-II] Gen 438/499  |  993.9s elapsed
  Pop feasible: 300/300 (100.0%)  |  NonDom=279  |  BestPenalty=0.00e+00  |  BestNormVio=0
  Best feasible: Cost=1.150e+07→ Emis=9.403e+09→ Time=437.4h→
========================================================================

========================================================================
  [NSGA-II] Gen 439/499  |  996.2s elapsed
  Pop feasible: 300/300 (100.0%)  |  NonDom=278  |  BestPenalty=0.00e+00  |  BestNormVio=0
  Best feasible: Cost=1.150e+07→ Emis=9.403e+09→ Time=437.4h→
========================================================================

========================================================================
  [NSGA-II] Gen 440/499  |  998.5s elapsed
  Pop feasible: 300/300 (100.0%)  |  NonDom=275  |  BestPenalty=0.00e+00  |  BestNormVio=0
  Best feasible: Cost=1.150e+07→ Emis=9.403e+09→ Time=437.4h→
========================================================================

========================================================================
  [NSGA-II] Gen 441/499  |  1000.8s elapsed
  Pop feasible: 300/300 (100.0%)  |  NonDom=269  |  BestPenalty=0.00e+00  |  BestNormVio=0
  Best feasible: Cost=1.150e+07→ Emis=9.403e+09→ Time=437.4h→
========================================================================

========================================================================
  [NSGA-II] Gen 442/499  |  1003.0s elapsed
  Pop feasible: 300/300 (100.0%)  |  NonDom=269  |  BestPenalty=0.00e+00  |  BestNormVio=0
  Best feasible: Cost=1.150e+07→ Emis=9.403e+09→ Time=437.4h→
========================================================================

========================================================================
  [NSGA-II] Gen 443/499  |  1005.4s elapsed
  Pop feasible: 300/300 (100.0%)  |  NonDom=261  |  BestPenalty=0.00e+00  |  BestNormVio=0
  Best feasible: Cost=1.150e+07→ Emis=9.403e+09→ Time=437.4h→
========================================================================

========================================================================
  [NSGA-II] Gen 444/499  |  1007.7s elapsed
  Pop feasible: 300/300 (100.0%)  |  NonDom=262  |  BestPenalty=0.00e+00  |  BestNormVio=0
  Best feasible: Cost=1.150e+07→ Emis=9.403e+09→ Time=437.4h→
========================================================================

========================================================================
  [NSGA-II] Gen 445/499  |  1009.9s elapsed
  Pop feasible: 300/300 (100.0%)  |  NonDom=268  |  BestPenalty=0.00e+00  |  BestNormVio=0
  Best feasible: Cost=1.150e+07→ Emis=9.403e+09→ Time=437.4h→
========================================================================

========================================================================
  [NSGA-II] Gen 446/499  |  1012.3s elapsed
  Pop feasible: 300/300 (100.0%)  |  NonDom=267  |  BestPenalty=0.00e+00  |  BestNormVio=0
  Best feasible: Cost=1.150e+07→ Emis=9.403e+09→ Time=437.4h→
========================================================================

========================================================================
  [NSGA-II] Gen 447/499  |  1014.5s elapsed
  Pop feasible: 300/300 (100.0%)  |  NonDom=266  |  BestPenalty=0.00e+00  |  BestNormVio=0
  Best feasible: Cost=1.150e+07→ Emis=9.403e+09→ Time=437.4h→
========================================================================

========================================================================
  [NSGA-II] Gen 448/499  |  1016.9s elapsed
  Pop feasible: 300/300 (100.0%)  |  NonDom=272  |  BestPenalty=0.00e+00  |  BestNormVio=0
  Best feasible: Cost=1.150e+07→ Emis=9.403e+09→ Time=437.4h→
========================================================================

========================================================================
  [NSGA-II] Gen 449/499  |  1019.1s elapsed
  Pop feasible: 300/300 (100.0%)  |  NonDom=265  |  BestPenalty=0.00e+00  |  BestNormVio=0
  Best feasible: Cost=1.150e+07→ Emis=9.403e+09→ Time=437.4h→
========================================================================

========================================================================
  [NSGA-II] Gen 450/499  |  1021.4s elapsed
  Pop feasible: 300/300 (100.0%)  |  NonDom=262  |  BestPenalty=0.00e+00  |  BestNormVio=0
  Best feasible: Cost=1.150e+07→ Emis=9.403e+09→ Time=437.4h→
========================================================================

========================================================================
  [NSGA-II] Gen 451/499  |  1023.7s elapsed
  Pop feasible: 300/300 (100.0%)  |  NonDom=254  |  BestPenalty=0.00e+00  |  BestNormVio=0
  Best feasible: Cost=1.150e+07→ Emis=9.403e+09→ Time=437.4h→
========================================================================

========================================================================
  [NSGA-II] Gen 452/499  |  1026.0s elapsed
  Pop feasible: 300/300 (100.0%)  |  NonDom=250  |  BestPenalty=0.00e+00  |  BestNormVio=0
  Best feasible: Cost=1.150e+07→ Emis=9.403e+09→ Time=437.4h→
========================================================================

========================================================================
  [NSGA-II] Gen 453/499  |  1028.2s elapsed
  Pop feasible: 300/300 (100.0%)  |  NonDom=256  |  BestPenalty=0.00e+00  |  BestNormVio=0
  Best feasible: Cost=1.150e+07→ Emis=9.403e+09→ Time=437.4h→
========================================================================

========================================================================
  [NSGA-II] Gen 454/499  |  1030.5s elapsed
  Pop feasible: 300/300 (100.0%)  |  NonDom=261  |  BestPenalty=0.00e+00  |  BestNormVio=0
  Best feasible: Cost=1.150e+07→ Emis=9.403e+09→ Time=437.4h→
========================================================================

========================================================================
  [NSGA-II] Gen 455/499  |  1032.8s elapsed
  Pop feasible: 300/300 (100.0%)  |  NonDom=259  |  BestPenalty=0.00e+00  |  BestNormVio=0
  Best feasible: Cost=1.150e+07→ Emis=9.403e+09→ Time=437.4h→
========================================================================

========================================================================
  [NSGA-II] Gen 456/499  |  1035.1s elapsed
  Pop feasible: 300/300 (100.0%)  |  NonDom=259  |  BestPenalty=0.00e+00  |  BestNormVio=0
  Best feasible: Cost=1.150e+07→ Emis=9.403e+09→ Time=437.4h→
========================================================================

========================================================================
  [NSGA-II] Gen 457/499  |  1037.4s elapsed
  Pop feasible: 300/300 (100.0%)  |  NonDom=255  |  BestPenalty=0.00e+00  |  BestNormVio=0
  Best feasible: Cost=1.150e+07→ Emis=9.403e+09→ Time=437.4h→
========================================================================

========================================================================
  [NSGA-II] Gen 458/499  |  1039.7s elapsed
  Pop feasible: 300/300 (100.0%)  |  NonDom=250  |  BestPenalty=0.00e+00  |  BestNormVio=0
  Best feasible: Cost=1.149e+07↓ Emis=9.403e+09→ Time=437.4h→
========================================================================

========================================================================
  [NSGA-II] Gen 459/499  |  1042.0s elapsed
  Pop feasible: 300/300 (100.0%)  |  NonDom=254  |  BestPenalty=0.00e+00  |  BestNormVio=0
  Best feasible: Cost=1.149e+07→ Emis=9.403e+09→ Time=437.4h→
========================================================================

========================================================================
  [NSGA-II] Gen 460/499  |  1044.2s elapsed
  Pop feasible: 300/300 (100.0%)  |  NonDom=251  |  BestPenalty=0.00e+00  |  BestNormVio=0
  Best feasible: Cost=1.149e+07→ Emis=9.403e+09→ Time=437.4h→
========================================================================

========================================================================
  [NSGA-II] Gen 461/499  |  1046.5s elapsed
  Pop feasible: 300/300 (100.0%)  |  NonDom=249  |  BestPenalty=0.00e+00  |  BestNormVio=0
  Best feasible: Cost=1.149e+07→ Emis=9.403e+09→ Time=437.4h→
========================================================================

========================================================================
  [NSGA-II] Gen 462/499  |  1048.9s elapsed
  Pop feasible: 300/300 (100.0%)  |  NonDom=252  |  BestPenalty=0.00e+00  |  BestNormVio=0
  Best feasible: Cost=1.149e+07→ Emis=9.403e+09→ Time=437.4h→
========================================================================

========================================================================
  [NSGA-II] Gen 463/499  |  1051.1s elapsed
  Pop feasible: 300/300 (100.0%)  |  NonDom=250  |  BestPenalty=0.00e+00  |  BestNormVio=0
  Best feasible: Cost=1.149e+07→ Emis=9.403e+09→ Time=437.4h→
========================================================================

========================================================================
  [NSGA-II] Gen 464/499  |  1053.4s elapsed
  Pop feasible: 300/300 (100.0%)  |  NonDom=244  |  BestPenalty=0.00e+00  |  BestNormVio=0
  Best feasible: Cost=1.149e+07→ Emis=9.403e+09→ Time=437.4h→
========================================================================

========================================================================
  [NSGA-II] Gen 465/499  |  1055.7s elapsed
  Pop feasible: 300/300 (100.0%)  |  NonDom=243  |  BestPenalty=0.00e+00  |  BestNormVio=0
  Best feasible: Cost=1.149e+07→ Emis=9.403e+09→ Time=437.4h→
========================================================================

========================================================================
  [NSGA-II] Gen 466/499  |  1057.9s elapsed
  Pop feasible: 300/300 (100.0%)  |  NonDom=249  |  BestPenalty=0.00e+00  |  BestNormVio=0
  Best feasible: Cost=1.149e+07→ Emis=9.403e+09→ Time=437.4h→
========================================================================

========================================================================
  [NSGA-II] Gen 467/499  |  1060.2s elapsed
  Pop feasible: 300/300 (100.0%)  |  NonDom=252  |  BestPenalty=0.00e+00  |  BestNormVio=0
  Best feasible: Cost=1.149e+07→ Emis=9.403e+09→ Time=437.4h→
========================================================================

========================================================================
  [NSGA-II] Gen 468/499  |  1062.5s elapsed
  Pop feasible: 300/300 (100.0%)  |  NonDom=261  |  BestPenalty=0.00e+00  |  BestNormVio=0
  Best feasible: Cost=1.149e+07→ Emis=9.399e+09↓ Time=437.4h→
========================================================================

========================================================================
  [NSGA-II] Gen 469/499  |  1064.7s elapsed
  Pop feasible: 300/300 (100.0%)  |  NonDom=260  |  BestPenalty=0.00e+00  |  BestNormVio=0
  Best feasible: Cost=1.149e+07→ Emis=9.399e+09→ Time=437.4h→
========================================================================

========================================================================
  [NSGA-II] Gen 470/499  |  1067.0s elapsed
  Pop feasible: 300/300 (100.0%)  |  NonDom=260  |  BestPenalty=0.00e+00  |  BestNormVio=0
  Best feasible: Cost=1.149e+07→ Emis=9.399e+09→ Time=437.4h→
========================================================================

========================================================================
  [NSGA-II] Gen 471/499  |  1069.3s elapsed
  Pop feasible: 300/300 (100.0%)  |  NonDom=259  |  BestPenalty=0.00e+00  |  BestNormVio=0
  Best feasible: Cost=1.149e+07→ Emis=9.399e+09→ Time=437.4h→
========================================================================

========================================================================
  [NSGA-II] Gen 472/499  |  1071.6s elapsed
  Pop feasible: 300/300 (100.0%)  |  NonDom=254  |  BestPenalty=0.00e+00  |  BestNormVio=0
  Best feasible: Cost=1.149e+07→ Emis=9.399e+09→ Time=437.4h→
========================================================================

========================================================================
  [NSGA-II] Gen 473/499  |  1074.0s elapsed
  Pop feasible: 300/300 (100.0%)  |  NonDom=251  |  BestPenalty=0.00e+00  |  BestNormVio=0
  Best feasible: Cost=1.149e+07→ Emis=9.399e+09→ Time=437.4h→
========================================================================

========================================================================
  [NSGA-II] Gen 474/499  |  1076.3s elapsed
  Pop feasible: 300/300 (100.0%)  |  NonDom=247  |  BestPenalty=0.00e+00  |  BestNormVio=0
  Best feasible: Cost=1.149e+07→ Emis=9.399e+09→ Time=437.4h→
========================================================================

========================================================================
  [NSGA-II] Gen 475/499  |  1078.6s elapsed
  Pop feasible: 300/300 (100.0%)  |  NonDom=251  |  BestPenalty=0.00e+00  |  BestNormVio=0
  Best feasible: Cost=1.149e+07→ Emis=9.399e+09→ Time=437.4h→
========================================================================

========================================================================
  [NSGA-II] Gen 476/499  |  1080.8s elapsed
  Pop feasible: 300/300 (100.0%)  |  NonDom=249  |  BestPenalty=0.00e+00  |  BestNormVio=0
  Best feasible: Cost=1.149e+07→ Emis=9.399e+09→ Time=437.4h→
========================================================================

========================================================================
  [NSGA-II] Gen 477/499  |  1083.2s elapsed
  Pop feasible: 300/300 (100.0%)  |  NonDom=251  |  BestPenalty=0.00e+00  |  BestNormVio=0
  Best feasible: Cost=1.149e+07→ Emis=9.399e+09→ Time=437.4h→
========================================================================

========================================================================
  [NSGA-II] Gen 478/499  |  1085.6s elapsed
  Pop feasible: 300/300 (100.0%)  |  NonDom=253  |  BestPenalty=0.00e+00  |  BestNormVio=0
  Best feasible: Cost=1.149e+07→ Emis=9.399e+09→ Time=437.4h→
========================================================================

========================================================================
  [NSGA-II] Gen 479/499  |  1087.9s elapsed
  Pop feasible: 300/300 (100.0%)  |  NonDom=259  |  BestPenalty=0.00e+00  |  BestNormVio=0
  Best feasible: Cost=1.149e+07→ Emis=9.399e+09→ Time=437.4h→
========================================================================

========================================================================
  [NSGA-II] Gen 480/499  |  1090.1s elapsed
  Pop feasible: 300/300 (100.0%)  |  NonDom=259  |  BestPenalty=0.00e+00  |  BestNormVio=0
  Best feasible: Cost=1.149e+07→ Emis=9.399e+09→ Time=437.4h→
========================================================================

========================================================================
  [NSGA-II] Gen 481/499  |  1092.4s elapsed
  Pop feasible: 300/300 (100.0%)  |  NonDom=261  |  BestPenalty=0.00e+00  |  BestNormVio=0
  Best feasible: Cost=1.149e+07→ Emis=9.399e+09→ Time=437.4h→
========================================================================

========================================================================
  [NSGA-II] Gen 482/499  |  1094.7s elapsed
  Pop feasible: 300/300 (100.0%)  |  NonDom=258  |  BestPenalty=0.00e+00  |  BestNormVio=0
  Best feasible: Cost=1.149e+07→ Emis=9.399e+09→ Time=437.4h→
========================================================================

========================================================================
  [NSGA-II] Gen 483/499  |  1097.1s elapsed
  Pop feasible: 300/300 (100.0%)  |  NonDom=261  |  BestPenalty=0.00e+00  |  BestNormVio=0
  Best feasible: Cost=1.149e+07→ Emis=9.399e+09→ Time=437.4h→
========================================================================

========================================================================
  [NSGA-II] Gen 484/499  |  1099.3s elapsed
  Pop feasible: 300/300 (100.0%)  |  NonDom=255  |  BestPenalty=0.00e+00  |  BestNormVio=0
  Best feasible: Cost=1.149e+07↓ Emis=9.399e+09→ Time=437.4h→
========================================================================

========================================================================
  [NSGA-II] Gen 485/499  |  1101.6s elapsed
  Pop feasible: 300/300 (100.0%)  |  NonDom=256  |  BestPenalty=0.00e+00  |  BestNormVio=0
  Best feasible: Cost=1.149e+07→ Emis=9.399e+09→ Time=437.4h→
========================================================================

========================================================================
  [NSGA-II] Gen 486/499  |  1104.0s elapsed
  Pop feasible: 300/300 (100.0%)  |  NonDom=257  |  BestPenalty=0.00e+00  |  BestNormVio=0
  Best feasible: Cost=1.149e+07→ Emis=9.399e+09→ Time=437.4h→
========================================================================

========================================================================
  [NSGA-II] Gen 487/499  |  1106.3s elapsed
  Pop feasible: 300/300 (100.0%)  |  NonDom=254  |  BestPenalty=0.00e+00  |  BestNormVio=0
  Best feasible: Cost=1.149e+07↓ Emis=9.399e+09→ Time=437.4h→
========================================================================

========================================================================
  [NSGA-II] Gen 488/499  |  1108.6s elapsed
  Pop feasible: 300/300 (100.0%)  |  NonDom=255  |  BestPenalty=0.00e+00  |  BestNormVio=0
  Best feasible: Cost=1.149e+07→ Emis=9.399e+09→ Time=437.4h→
========================================================================

========================================================================
  [NSGA-II] Gen 489/499  |  1110.8s elapsed
  Pop feasible: 300/300 (100.0%)  |  NonDom=250  |  BestPenalty=0.00e+00  |  BestNormVio=0
  Best feasible: Cost=1.149e+07→ Emis=9.399e+09→ Time=437.4h→
========================================================================

========================================================================
  [NSGA-II] Gen 490/499  |  1113.1s elapsed
  Pop feasible: 300/300 (100.0%)  |  NonDom=249  |  BestPenalty=0.00e+00  |  BestNormVio=0
  Best feasible: Cost=1.149e+07→ Emis=9.399e+09→ Time=437.4h→
========================================================================

========================================================================
  [NSGA-II] Gen 491/499  |  1115.4s elapsed
  Pop feasible: 300/300 (100.0%)  |  NonDom=254  |  BestPenalty=0.00e+00  |  BestNormVio=0
  Best feasible: Cost=1.149e+07→ Emis=9.399e+09→ Time=437.4h→
========================================================================

========================================================================
  [NSGA-II] Gen 492/499  |  1117.7s elapsed
  Pop feasible: 300/300 (100.0%)  |  NonDom=254  |  BestPenalty=0.00e+00  |  BestNormVio=0
  Best feasible: Cost=1.149e+07→ Emis=9.399e+09→ Time=437.4h→
========================================================================

========================================================================
  [NSGA-II] Gen 493/499  |  1120.0s elapsed
  Pop feasible: 300/300 (100.0%)  |  NonDom=253  |  BestPenalty=0.00e+00  |  BestNormVio=0
  Best feasible: Cost=1.149e+07→ Emis=9.399e+09→ Time=437.4h→
========================================================================

========================================================================
  [NSGA-II] Gen 494/499  |  1122.4s elapsed
  Pop feasible: 300/300 (100.0%)  |  NonDom=256  |  BestPenalty=0.00e+00  |  BestNormVio=0
  Best feasible: Cost=1.149e+07→ Emis=9.399e+09→ Time=437.4h→
========================================================================

========================================================================
  [NSGA-II] Gen 495/499  |  1124.7s elapsed
  Pop feasible: 300/300 (100.0%)  |  NonDom=259  |  BestPenalty=0.00e+00  |  BestNormVio=0
  Best feasible: Cost=1.149e+07→ Emis=9.399e+09→ Time=437.4h→
========================================================================

========================================================================
  [NSGA-II] Gen 496/499  |  1126.9s elapsed
  Pop feasible: 300/300 (100.0%)  |  NonDom=258  |  BestPenalty=0.00e+00  |  BestNormVio=0
  Best feasible: Cost=1.149e+07→ Emis=9.399e+09→ Time=437.4h→
========================================================================

========================================================================
  [NSGA-II] Gen 497/499  |  1129.2s elapsed
  Pop feasible: 300/300 (100.0%)  |  NonDom=254  |  BestPenalty=0.00e+00  |  BestNormVio=0
  Best feasible: Cost=1.149e+07→ Emis=9.399e+09→ Time=437.4h→
========================================================================

========================================================================
  [NSGA-II] Gen 498/499  |  1131.6s elapsed
  Pop feasible: 300/300 (100.0%)  |  NonDom=260  |  BestPenalty=0.00e+00  |  BestNormVio=0
  Best feasible: Cost=1.149e+07→ Emis=9.399e+09→ Time=437.4h→
========================================================================

========================================================================
  [NSGA-II] Gen 499/499  |  1133.9s elapsed
  Pop feasible: 300/300 (100.0%)  |  NonDom=259  |  BestPenalty=0.00e+00  |  BestNormVio=0
  Best feasible: Cost=1.149e+07→ Emis=9.399e+09→ Time=437.4h→
========================================================================

========================================================================
  [NSGA-II] Run complete: 500 gens, 1134.0s, Pareto=259
  ⚡ Boost: 0 gens triggered, 0 new feasible
========================================================================
[FORMAL COMPLETE] run=01 method=EV candidates=259
[FORMAL START] run=01 method=CCP30 algorithm_seed=910001 training_seed=920001 semantics=empirical_q90_S30
[FEAS-INIT] Capacity-aware seeds=90  zero-excess=90  fully-feasible-after-evaluation=90

========================================================================
  [NSGA-II] Gen 000/499  |  2.8s elapsed
  Pop feasible: 116/300 (38.7%)  |  NonDom=9  |  BestPenalty=0.00e+00  |  BestNormVio=0
  Best feasible: Cost=1.463e+07↓ Emis=1.486e+10↓ Time=571.5h↓
========================================================================

========================================================================
  [NSGA-II] Gen 001/499  |  5.5s elapsed
  Pop feasible: 191/300 (63.7%)  |  NonDom=10  |  BestPenalty=0.00e+00  |  BestNormVio=0
  Best feasible: Cost=1.463e+07→ Emis=1.329e+10↓ Time=571.5h→
========================================================================

========================================================================
  [NSGA-II] Gen 002/499  |  7.9s elapsed
  Pop feasible: 291/300 (97.0%)  |  NonDom=9  |  BestPenalty=0.00e+00  |  BestNormVio=0
  Best feasible: Cost=1.446e+07↓ Emis=1.329e+10→ Time=571.5h→
========================================================================

========================================================================
  [NSGA-II] Gen 003/499  |  10.3s elapsed
  Pop feasible: 300/300 (100.0%)  |  NonDom=9  |  BestPenalty=0.00e+00  |  BestNormVio=0
  Best feasible: Cost=1.445e+07↓ Emis=1.329e+10→ Time=571.5h→
========================================================================

========================================================================
  [NSGA-II] Gen 004/499  |  12.8s elapsed
  Pop feasible: 300/300 (100.0%)  |  NonDom=5  |  BestPenalty=0.00e+00  |  BestNormVio=0
  Best feasible: Cost=1.422e+07↓ Emis=1.329e+10→ Time=571.5h→
========================================================================

========================================================================
  [NSGA-II] Gen 005/499  |  15.1s elapsed
  Pop feasible: 300/300 (100.0%)  |  NonDom=8  |  BestPenalty=0.00e+00  |  BestNormVio=0
  Best feasible: Cost=1.421e+07↓ Emis=1.329e+10→ Time=571.5h→
========================================================================

========================================================================
  [NSGA-II] Gen 006/499  |  17.6s elapsed
  Pop feasible: 300/300 (100.0%)  |  NonDom=12  |  BestPenalty=0.00e+00  |  BestNormVio=0
  Best feasible: Cost=1.418e+07↓ Emis=1.329e+10→ Time=570.0h↓
========================================================================

========================================================================
  [NSGA-II] Gen 007/499  |  19.8s elapsed
  Pop feasible: 300/300 (100.0%)  |  NonDom=17  |  BestPenalty=0.00e+00  |  BestNormVio=0
  Best feasible: Cost=1.400e+07↓ Emis=1.329e+10→ Time=569.3h↓
========================================================================

========================================================================
  [NSGA-II] Gen 008/499  |  22.0s elapsed
  Pop feasible: 300/300 (100.0%)  |  NonDom=11  |  BestPenalty=0.00e+00  |  BestNormVio=0
  Best feasible: Cost=1.381e+07↓ Emis=1.293e+10↓ Time=569.3h→
========================================================================

========================================================================
  [NSGA-II] Gen 009/499  |  24.5s elapsed
  Pop feasible: 300/300 (100.0%)  |  NonDom=14  |  BestPenalty=0.00e+00  |  BestNormVio=0
  Best feasible: Cost=1.380e+07↓ Emis=1.271e+10↓ Time=569.3h→
========================================================================

========================================================================
  [NSGA-II] Gen 010/499  |  26.7s elapsed
  Pop feasible: 300/300 (100.0%)  |  NonDom=23  |  BestPenalty=0.00e+00  |  BestNormVio=0
  Best feasible: Cost=1.377e+07↓ Emis=1.271e+10→ Time=569.3h→
========================================================================

========================================================================
  [NSGA-II] Gen 011/499  |  29.0s elapsed
  Pop feasible: 300/300 (100.0%)  |  NonDom=16  |  BestPenalty=0.00e+00  |  BestNormVio=0
  Best feasible: Cost=1.368e+07↓ Emis=1.215e+10↓ Time=569.3h→
========================================================================

========================================================================
  [NSGA-II] Gen 012/499  |  31.2s elapsed
  Pop feasible: 300/300 (100.0%)  |  NonDom=16  |  BestPenalty=0.00e+00  |  BestNormVio=0
  Best feasible: Cost=1.346e+07↓ Emis=1.179e+10↓ Time=559.3h↓
========================================================================

========================================================================
  [NSGA-II] Gen 013/499  |  33.4s elapsed
  Pop feasible: 300/300 (100.0%)  |  NonDom=12  |  BestPenalty=0.00e+00  |  BestNormVio=0
  Best feasible: Cost=1.344e+07↓ Emis=1.179e+10→ Time=559.3h→
========================================================================

========================================================================
  [NSGA-II] Gen 014/499  |  35.8s elapsed
  Pop feasible: 300/300 (100.0%)  |  NonDom=16  |  BestPenalty=0.00e+00  |  BestNormVio=0
  Best feasible: Cost=1.338e+07↓ Emis=1.176e+10↓ Time=554.5h↓
========================================================================

========================================================================
  [NSGA-II] Gen 015/499  |  37.9s elapsed
  Pop feasible: 300/300 (100.0%)  |  NonDom=15  |  BestPenalty=0.00e+00  |  BestNormVio=0
  Best feasible: Cost=1.338e+07→ Emis=1.122e+10↓ Time=554.5h→
========================================================================

========================================================================
  [NSGA-II] Gen 016/499  |  40.0s elapsed
  Pop feasible: 300/300 (100.0%)  |  NonDom=18  |  BestPenalty=0.00e+00  |  BestNormVio=0
  Best feasible: Cost=1.329e+07↓ Emis=1.122e+10→ Time=554.5h→
========================================================================

========================================================================
  [NSGA-II] Gen 017/499  |  42.4s elapsed
  Pop feasible: 300/300 (100.0%)  |  NonDom=18  |  BestPenalty=0.00e+00  |  BestNormVio=0
  Best feasible: Cost=1.318e+07↓ Emis=1.122e+10→ Time=554.5h→
========================================================================

========================================================================
  [NSGA-II] Gen 018/499  |  44.5s elapsed
  Pop feasible: 300/300 (100.0%)  |  NonDom=17  |  BestPenalty=0.00e+00  |  BestNormVio=0
  Best feasible: Cost=1.306e+07↓ Emis=1.116e+10↓ Time=554.5h→
========================================================================

========================================================================
  [NSGA-II] Gen 019/499  |  46.7s elapsed
  Pop feasible: 300/300 (100.0%)  |  NonDom=24  |  BestPenalty=0.00e+00  |  BestNormVio=0
  Best feasible: Cost=1.306e+07→ Emis=1.116e+10→ Time=554.5h→
========================================================================

========================================================================
  [NSGA-II] Gen 020/499  |  49.0s elapsed
  Pop feasible: 300/300 (100.0%)  |  NonDom=9  |  BestPenalty=0.00e+00  |  BestNormVio=0
  Best feasible: Cost=1.292e+07↓ Emis=1.116e+10→ Time=554.0h↓
========================================================================

========================================================================
  [NSGA-II] Gen 021/499  |  51.2s elapsed
  Pop feasible: 300/300 (100.0%)  |  NonDom=17  |  BestPenalty=0.00e+00  |  BestNormVio=0
  Best feasible: Cost=1.292e+07→ Emis=1.096e+10↓ Time=554.0h→
========================================================================

========================================================================
  [NSGA-II] Gen 022/499  |  53.5s elapsed
  Pop feasible: 300/300 (100.0%)  |  NonDom=24  |  BestPenalty=0.00e+00  |  BestNormVio=0
  Best feasible: Cost=1.289e+07↓ Emis=1.086e+10↓ Time=553.8h↓
========================================================================

========================================================================
  [NSGA-II] Gen 023/499  |  55.7s elapsed
  Pop feasible: 300/300 (100.0%)  |  NonDom=23  |  BestPenalty=0.00e+00  |  BestNormVio=0
  Best feasible: Cost=1.274e+07↓ Emis=1.067e+10↓ Time=553.8h→
========================================================================

========================================================================
  [NSGA-II] Gen 024/499  |  57.8s elapsed
  Pop feasible: 300/300 (100.0%)  |  NonDom=20  |  BestPenalty=0.00e+00  |  BestNormVio=0
  Best feasible: Cost=1.274e+07→ Emis=1.067e+10→ Time=553.8h→
========================================================================

========================================================================
  [NSGA-II] Gen 025/499  |  60.2s elapsed
  Pop feasible: 300/300 (100.0%)  |  NonDom=22  |  BestPenalty=0.00e+00  |  BestNormVio=0
  Best feasible: Cost=1.271e+07↓ Emis=1.059e+10↓ Time=553.8h→
========================================================================

========================================================================
  [NSGA-II] Gen 026/499  |  62.3s elapsed
  Pop feasible: 300/300 (100.0%)  |  NonDom=25  |  BestPenalty=0.00e+00  |  BestNormVio=0
  Best feasible: Cost=1.261e+07↓ Emis=1.039e+10↓ Time=546.9h↓
========================================================================

========================================================================
  [NSGA-II] Gen 027/499  |  64.6s elapsed
  Pop feasible: 300/300 (100.0%)  |  NonDom=24  |  BestPenalty=0.00e+00  |  BestNormVio=0
  Best feasible: Cost=1.261e+07→ Emis=1.039e+10→ Time=546.9h→
========================================================================

========================================================================
  [NSGA-II] Gen 028/499  |  66.8s elapsed
  Pop feasible: 300/300 (100.0%)  |  NonDom=21  |  BestPenalty=0.00e+00  |  BestNormVio=0
  Best feasible: Cost=1.257e+07↓ Emis=1.039e+10→ Time=546.9h→
========================================================================

========================================================================
  [NSGA-II] Gen 029/499  |  68.9s elapsed
  Pop feasible: 300/300 (100.0%)  |  NonDom=17  |  BestPenalty=0.00e+00  |  BestNormVio=0
  Best feasible: Cost=1.257e+07→ Emis=1.033e+10↓ Time=546.9h→
========================================================================

========================================================================
  [NSGA-II] Gen 030/499  |  71.2s elapsed
  Pop feasible: 300/300 (100.0%)  |  NonDom=26  |  BestPenalty=0.00e+00  |  BestNormVio=0
  Best feasible: Cost=1.251e+07↓ Emis=1.028e+10↓ Time=546.9h→
========================================================================

========================================================================
  [NSGA-II] Gen 031/499  |  73.4s elapsed
  Pop feasible: 300/300 (100.0%)  |  NonDom=24  |  BestPenalty=0.00e+00  |  BestNormVio=0
  Best feasible: Cost=1.251e+07↓ Emis=1.025e+10↓ Time=546.9h→
========================================================================

========================================================================
  [NSGA-II] Gen 032/499  |  75.6s elapsed
  Pop feasible: 300/300 (100.0%)  |  NonDom=27  |  BestPenalty=0.00e+00  |  BestNormVio=0
  Best feasible: Cost=1.238e+07↓ Emis=1.021e+10↓ Time=546.9h→
========================================================================

========================================================================
  [NSGA-II] Gen 033/499  |  77.9s elapsed
  Pop feasible: 300/300 (100.0%)  |  NonDom=25  |  BestPenalty=0.00e+00  |  BestNormVio=0
  Best feasible: Cost=1.238e+07→ Emis=1.019e+10↓ Time=546.9h→
========================================================================

========================================================================
  [NSGA-II] Gen 034/499  |  80.1s elapsed
  Pop feasible: 300/300 (100.0%)  |  NonDom=24  |  BestPenalty=0.00e+00  |  BestNormVio=0
  Best feasible: Cost=1.238e+07→ Emis=1.011e+10↓ Time=545.8h↓
========================================================================

========================================================================
  [NSGA-II] Gen 035/499  |  82.5s elapsed
  Pop feasible: 300/300 (100.0%)  |  NonDom=15  |  BestPenalty=0.00e+00  |  BestNormVio=0
  Best feasible: Cost=1.234e+07↓ Emis=1.002e+10↓ Time=545.8h→
========================================================================

========================================================================
  [NSGA-II] Gen 036/499  |  84.6s elapsed
  Pop feasible: 300/300 (100.0%)  |  NonDom=23  |  BestPenalty=0.00e+00  |  BestNormVio=0
  Best feasible: Cost=1.229e+07↓ Emis=1.000e+10↓ Time=545.8h→
========================================================================

========================================================================
  [NSGA-II] Gen 037/499  |  87.0s elapsed
  Pop feasible: 300/300 (100.0%)  |  NonDom=19  |  BestPenalty=0.00e+00  |  BestNormVio=0
  Best feasible: Cost=1.229e+07→ Emis=9.961e+09↓ Time=545.8h→
========================================================================

========================================================================
  [NSGA-II] Gen 038/499  |  89.1s elapsed
  Pop feasible: 300/300 (100.0%)  |  NonDom=24  |  BestPenalty=0.00e+00  |  BestNormVio=0
  Best feasible: Cost=1.229e+07↓ Emis=9.888e+09↓ Time=545.8h→
========================================================================

========================================================================
  [NSGA-II] Gen 039/499  |  91.2s elapsed
  Pop feasible: 300/300 (100.0%)  |  NonDom=35  |  BestPenalty=0.00e+00  |  BestNormVio=0
  Best feasible: Cost=1.228e+07↓ Emis=9.888e+09→ Time=543.7h↓
========================================================================

========================================================================
  [NSGA-II] Gen 040/499  |  93.6s elapsed
  Pop feasible: 300/300 (100.0%)  |  NonDom=21  |  BestPenalty=0.00e+00  |  BestNormVio=0
  Best feasible: Cost=1.224e+07↓ Emis=9.880e+09↓ Time=543.7h→
========================================================================

========================================================================
  [NSGA-II] Gen 041/499  |  95.7s elapsed
  Pop feasible: 300/300 (100.0%)  |  NonDom=29  |  BestPenalty=0.00e+00  |  BestNormVio=0
  Best feasible: Cost=1.224e+07→ Emis=9.840e+09↓ Time=543.7h→
========================================================================

========================================================================
  [NSGA-II] Gen 042/499  |  98.1s elapsed
  Pop feasible: 300/300 (100.0%)  |  NonDom=39  |  BestPenalty=0.00e+00  |  BestNormVio=0
  Best feasible: Cost=1.222e+07↓ Emis=9.840e+09→ Time=543.7h→
========================================================================

========================================================================
  [NSGA-II] Gen 043/499  |  100.2s elapsed
  Pop feasible: 300/300 (100.0%)  |  NonDom=33  |  BestPenalty=0.00e+00  |  BestNormVio=0
  Best feasible: Cost=1.219e+07↓ Emis=9.839e+09↓ Time=543.7h→
========================================================================

========================================================================
  [NSGA-II] Gen 044/499  |  102.4s elapsed
  Pop feasible: 300/300 (100.0%)  |  NonDom=37  |  BestPenalty=0.00e+00  |  BestNormVio=0
  Best feasible: Cost=1.219e+07→ Emis=9.801e+09↓ Time=543.7h→
========================================================================

========================================================================
  [NSGA-II] Gen 045/499  |  104.8s elapsed
  Pop feasible: 300/300 (100.0%)  |  NonDom=45  |  BestPenalty=0.00e+00  |  BestNormVio=0
  Best feasible: Cost=1.219e+07↓ Emis=9.801e+09→ Time=543.7h→
========================================================================

========================================================================
  [NSGA-II] Gen 046/499  |  107.0s elapsed
  Pop feasible: 300/300 (100.0%)  |  NonDom=41  |  BestPenalty=0.00e+00  |  BestNormVio=0
  Best feasible: Cost=1.218e+07↓ Emis=9.798e+09↓ Time=543.7h→
========================================================================

========================================================================
  [NSGA-II] Gen 047/499  |  109.3s elapsed
  Pop feasible: 300/300 (100.0%)  |  NonDom=38  |  BestPenalty=0.00e+00  |  BestNormVio=0
  Best feasible: Cost=1.218e+07↓ Emis=9.798e+09→ Time=543.7h→
========================================================================

========================================================================
  [NSGA-II] Gen 048/499  |  111.5s elapsed
  Pop feasible: 300/300 (100.0%)  |  NonDom=39  |  BestPenalty=0.00e+00  |  BestNormVio=0
  Best feasible: Cost=1.214e+07↓ Emis=9.744e+09↓ Time=543.7h→
========================================================================

========================================================================
  [NSGA-II] Gen 049/499  |  113.7s elapsed
  Pop feasible: 300/300 (100.0%)  |  NonDom=49  |  BestPenalty=0.00e+00  |  BestNormVio=0
  Best feasible: Cost=1.213e+07↓ Emis=9.744e+09→ Time=543.7h→
========================================================================

========================================================================
  [NSGA-II] Gen 050/499  |  116.0s elapsed
  Pop feasible: 300/300 (100.0%)  |  NonDom=52  |  BestPenalty=0.00e+00  |  BestNormVio=0
  Best feasible: Cost=1.212e+07↓ Emis=9.691e+09↓ Time=543.7h→
========================================================================

========================================================================
  [NSGA-II] Gen 051/499  |  118.2s elapsed
  Pop feasible: 300/300 (100.0%)  |  NonDom=46  |  BestPenalty=0.00e+00  |  BestNormVio=0
  Best feasible: Cost=1.209e+07↓ Emis=9.691e+09→ Time=543.7h→
========================================================================

========================================================================
  [NSGA-II] Gen 052/499  |  120.3s elapsed
  Pop feasible: 300/300 (100.0%)  |  NonDom=53  |  BestPenalty=0.00e+00  |  BestNormVio=0
  Best feasible: Cost=1.209e+07→ Emis=9.691e+09→ Time=543.7h→
========================================================================

========================================================================
  [NSGA-II] Gen 053/499  |  122.7s elapsed
  Pop feasible: 300/300 (100.0%)  |  NonDom=57  |  BestPenalty=0.00e+00  |  BestNormVio=0
  Best feasible: Cost=1.209e+07→ Emis=9.682e+09↓ Time=543.7h→
========================================================================

========================================================================
  [NSGA-II] Gen 054/499  |  124.8s elapsed
  Pop feasible: 300/300 (100.0%)  |  NonDom=77  |  BestPenalty=0.00e+00  |  BestNormVio=0
  Best feasible: Cost=1.209e+07↓ Emis=9.682e+09→ Time=543.7h→
========================================================================

========================================================================
  [NSGA-II] Gen 055/499  |  127.1s elapsed
  Pop feasible: 300/300 (100.0%)  |  NonDom=82  |  BestPenalty=0.00e+00  |  BestNormVio=0
  Best feasible: Cost=1.208e+07↓ Emis=9.680e+09↓ Time=543.7h→
========================================================================

========================================================================
  [NSGA-II] Gen 056/499  |  129.2s elapsed
  Pop feasible: 300/300 (100.0%)  |  NonDom=68  |  BestPenalty=0.00e+00  |  BestNormVio=0
  Best feasible: Cost=1.208e+07↓ Emis=9.680e+09→ Time=543.7h→
========================================================================

========================================================================
  [NSGA-II] Gen 057/499  |  131.5s elapsed
  Pop feasible: 300/300 (100.0%)  |  NonDom=79  |  BestPenalty=0.00e+00  |  BestNormVio=0
  Best feasible: Cost=1.208e+07→ Emis=9.680e+09→ Time=543.7h→
========================================================================

========================================================================
  [NSGA-II] Gen 058/499  |  133.7s elapsed
  Pop feasible: 300/300 (100.0%)  |  NonDom=87  |  BestPenalty=0.00e+00  |  BestNormVio=0
  Best feasible: Cost=1.206e+07↓ Emis=9.654e+09↓ Time=543.7h→
========================================================================

========================================================================
  [NSGA-II] Gen 059/499  |  135.8s elapsed
  Pop feasible: 300/300 (100.0%)  |  NonDom=94  |  BestPenalty=0.00e+00  |  BestNormVio=0
  Best feasible: Cost=1.206e+07→ Emis=9.586e+09↓ Time=543.7h→
========================================================================

========================================================================
  [NSGA-II] Gen 060/499  |  138.2s elapsed
  Pop feasible: 300/300 (100.0%)  |  NonDom=110  |  BestPenalty=0.00e+00  |  BestNormVio=0
  Best feasible: Cost=1.206e+07↓ Emis=9.586e+09→ Time=543.7h→
========================================================================

========================================================================
  [NSGA-II] Gen 061/499  |  140.4s elapsed
  Pop feasible: 300/300 (100.0%)  |  NonDom=108  |  BestPenalty=0.00e+00  |  BestNormVio=0
  Best feasible: Cost=1.206e+07→ Emis=9.586e+09→ Time=543.7h→
========================================================================

========================================================================
  [NSGA-II] Gen 062/499  |  142.6s elapsed
  Pop feasible: 300/300 (100.0%)  |  NonDom=101  |  BestPenalty=0.00e+00  |  BestNormVio=0
  Best feasible: Cost=1.206e+07→ Emis=9.586e+09→ Time=543.7h→
========================================================================

========================================================================
  [NSGA-II] Gen 063/499  |  144.8s elapsed
  Pop feasible: 300/300 (100.0%)  |  NonDom=94  |  BestPenalty=0.00e+00  |  BestNormVio=0
  Best feasible: Cost=1.206e+07→ Emis=9.586e+09→ Time=543.7h→
========================================================================

========================================================================
  [NSGA-II] Gen 064/499  |  146.9s elapsed
  Pop feasible: 300/300 (100.0%)  |  NonDom=93  |  BestPenalty=0.00e+00  |  BestNormVio=0
  Best feasible: Cost=1.206e+07→ Emis=9.586e+09→ Time=543.7h→
========================================================================

========================================================================
  [NSGA-II] Gen 065/499  |  149.2s elapsed
  Pop feasible: 300/300 (100.0%)  |  NonDom=86  |  BestPenalty=0.00e+00  |  BestNormVio=0
  Best feasible: Cost=1.205e+07↓ Emis=9.577e+09↓ Time=543.7h→
========================================================================

========================================================================
  [NSGA-II] Gen 066/499  |  151.3s elapsed
  Pop feasible: 300/300 (100.0%)  |  NonDom=90  |  BestPenalty=0.00e+00  |  BestNormVio=0
  Best feasible: Cost=1.205e+07→ Emis=9.577e+09→ Time=543.7h→
========================================================================

========================================================================
  [NSGA-II] Gen 067/499  |  153.7s elapsed
  Pop feasible: 300/300 (100.0%)  |  NonDom=84  |  BestPenalty=0.00e+00  |  BestNormVio=0
  Best feasible: Cost=1.205e+07→ Emis=9.553e+09↓ Time=543.7h→
========================================================================

========================================================================
  [NSGA-II] Gen 068/499  |  155.8s elapsed
  Pop feasible: 300/300 (100.0%)  |  NonDom=85  |  BestPenalty=0.00e+00  |  BestNormVio=0
  Best feasible: Cost=1.205e+07→ Emis=9.535e+09↓ Time=543.7h→
========================================================================

========================================================================
  [NSGA-II] Gen 069/499  |  157.9s elapsed
  Pop feasible: 300/300 (100.0%)  |  NonDom=84  |  BestPenalty=0.00e+00  |  BestNormVio=0
  Best feasible: Cost=1.205e+07↓ Emis=9.533e+09↓ Time=543.7h→
========================================================================

========================================================================
  [NSGA-II] Gen 070/499  |  160.2s elapsed
  Pop feasible: 300/300 (100.0%)  |  NonDom=81  |  BestPenalty=0.00e+00  |  BestNormVio=0
  Best feasible: Cost=1.204e+07↓ Emis=9.533e+09→ Time=543.7h→
========================================================================

========================================================================
  [NSGA-II] Gen 071/499  |  162.3s elapsed
  Pop feasible: 300/300 (100.0%)  |  NonDom=90  |  BestPenalty=0.00e+00  |  BestNormVio=0
  Best feasible: Cost=1.204e+07→ Emis=9.533e+09→ Time=543.7h→
========================================================================

========================================================================
  [NSGA-II] Gen 072/499  |  164.5s elapsed
  Pop feasible: 300/300 (100.0%)  |  NonDom=107  |  BestPenalty=0.00e+00  |  BestNormVio=0
  Best feasible: Cost=1.204e+07→ Emis=9.525e+09↓ Time=543.7h→
========================================================================

========================================================================
  [NSGA-II] Gen 073/499  |  166.7s elapsed
  Pop feasible: 300/300 (100.0%)  |  NonDom=109  |  BestPenalty=0.00e+00  |  BestNormVio=0
  Best feasible: Cost=1.204e+07↓ Emis=9.494e+09↓ Time=543.7h→
========================================================================

========================================================================
  [NSGA-II] Gen 074/499  |  168.8s elapsed
  Pop feasible: 300/300 (100.0%)  |  NonDom=94  |  BestPenalty=0.00e+00  |  BestNormVio=0
  Best feasible: Cost=1.204e+07→ Emis=9.494e+09→ Time=543.7h→
========================================================================

========================================================================
  [NSGA-II] Gen 075/499  |  171.2s elapsed
  Pop feasible: 300/300 (100.0%)  |  NonDom=86  |  BestPenalty=0.00e+00  |  BestNormVio=0
  Best feasible: Cost=1.204e+07→ Emis=9.494e+09→ Time=541.4h↓
========================================================================

========================================================================
  [NSGA-II] Gen 076/499  |  173.3s elapsed
  Pop feasible: 300/300 (100.0%)  |  NonDom=89  |  BestPenalty=0.00e+00  |  BestNormVio=0
  Best feasible: Cost=1.204e+07→ Emis=9.494e+09→ Time=541.4h→
========================================================================

========================================================================
  [NSGA-II] Gen 077/499  |  175.4s elapsed
  Pop feasible: 300/300 (100.0%)  |  NonDom=81  |  BestPenalty=0.00e+00  |  BestNormVio=0
  Best feasible: Cost=1.202e+07↓ Emis=9.494e+09→ Time=541.4h→
========================================================================

========================================================================
  [NSGA-II] Gen 078/499  |  177.8s elapsed
  Pop feasible: 300/300 (100.0%)  |  NonDom=73  |  BestPenalty=0.00e+00  |  BestNormVio=0
  Best feasible: Cost=1.202e+07→ Emis=9.494e+09→ Time=541.4h→
========================================================================

========================================================================
  [NSGA-II] Gen 079/499  |  180.0s elapsed
  Pop feasible: 300/300 (100.0%)  |  NonDom=68  |  BestPenalty=0.00e+00  |  BestNormVio=0
  Best feasible: Cost=1.202e+07→ Emis=9.494e+09→ Time=541.4h→
========================================================================

========================================================================
  [NSGA-II] Gen 080/499  |  182.2s elapsed
  Pop feasible: 300/300 (100.0%)  |  NonDom=85  |  BestPenalty=0.00e+00  |  BestNormVio=0
  Best feasible: Cost=1.202e+07→ Emis=9.489e+09↓ Time=541.4h→
========================================================================

========================================================================
  [NSGA-II] Gen 081/499  |  184.3s elapsed
  Pop feasible: 300/300 (100.0%)  |  NonDom=103  |  BestPenalty=0.00e+00  |  BestNormVio=0
  Best feasible: Cost=1.202e+07→ Emis=9.489e+09→ Time=537.2h↓
========================================================================

========================================================================
  [NSGA-II] Gen 082/499  |  186.6s elapsed
  Pop feasible: 300/300 (100.0%)  |  NonDom=109  |  BestPenalty=0.00e+00  |  BestNormVio=0
  Best feasible: Cost=1.202e+07↓ Emis=9.489e+09→ Time=537.2h→
========================================================================

========================================================================
  [NSGA-II] Gen 083/499  |  188.8s elapsed
  Pop feasible: 300/300 (100.0%)  |  NonDom=125  |  BestPenalty=0.00e+00  |  BestNormVio=0
  Best feasible: Cost=1.202e+07→ Emis=9.489e+09→ Time=537.2h→
========================================================================

========================================================================
  [NSGA-II] Gen 084/499  |  191.0s elapsed
  Pop feasible: 300/300 (100.0%)  |  NonDom=141  |  BestPenalty=0.00e+00  |  BestNormVio=0
  Best feasible: Cost=1.202e+07↓ Emis=9.489e+09→ Time=537.2h→
========================================================================

========================================================================
  [NSGA-II] Gen 085/499  |  193.3s elapsed
  Pop feasible: 300/300 (100.0%)  |  NonDom=145  |  BestPenalty=0.00e+00  |  BestNormVio=0
  Best feasible: Cost=1.202e+07→ Emis=9.489e+09→ Time=537.2h→
========================================================================

========================================================================
  [NSGA-II] Gen 086/499  |  195.4s elapsed
  Pop feasible: 300/300 (100.0%)  |  NonDom=161  |  BestPenalty=0.00e+00  |  BestNormVio=0
  Best feasible: Cost=1.202e+07→ Emis=9.489e+09→ Time=537.2h→
========================================================================

========================================================================
  [NSGA-II] Gen 087/499  |  197.6s elapsed
  Pop feasible: 300/300 (100.0%)  |  NonDom=185  |  BestPenalty=0.00e+00  |  BestNormVio=0
  Best feasible: Cost=1.202e+07→ Emis=9.489e+09→ Time=537.2h→
========================================================================

========================================================================
  [NSGA-II] Gen 088/499  |  199.9s elapsed
  Pop feasible: 300/300 (100.0%)  |  NonDom=189  |  BestPenalty=0.00e+00  |  BestNormVio=0
  Best feasible: Cost=1.202e+07→ Emis=9.489e+09→ Time=537.2h→
========================================================================

========================================================================
  [NSGA-II] Gen 089/499  |  202.0s elapsed
  Pop feasible: 300/300 (100.0%)  |  NonDom=199  |  BestPenalty=0.00e+00  |  BestNormVio=0
  Best feasible: Cost=1.202e+07→ Emis=9.489e+09→ Time=537.2h→
========================================================================

========================================================================
  [NSGA-II] Gen 090/499  |  204.4s elapsed
  Pop feasible: 300/300 (100.0%)  |  NonDom=204  |  BestPenalty=0.00e+00  |  BestNormVio=0
  Best feasible: Cost=1.202e+07↓ Emis=9.489e+09→ Time=537.2h→
========================================================================

========================================================================
  [NSGA-II] Gen 091/499  |  206.5s elapsed
  Pop feasible: 300/300 (100.0%)  |  NonDom=204  |  BestPenalty=0.00e+00  |  BestNormVio=0
  Best feasible: Cost=1.200e+07↓ Emis=9.489e+09→ Time=537.2h→
========================================================================

========================================================================
  [NSGA-II] Gen 092/499  |  208.8s elapsed
  Pop feasible: 300/300 (100.0%)  |  NonDom=209  |  BestPenalty=0.00e+00  |  BestNormVio=0
  Best feasible: Cost=1.199e+07↓ Emis=9.489e+09→ Time=537.2h→
========================================================================

========================================================================
  [NSGA-II] Gen 093/499  |  211.0s elapsed
  Pop feasible: 300/300 (100.0%)  |  NonDom=211  |  BestPenalty=0.00e+00  |  BestNormVio=0
  Best feasible: Cost=1.199e+07→ Emis=9.489e+09→ Time=537.2h→
========================================================================

========================================================================
  [NSGA-II] Gen 094/499  |  213.2s elapsed
  Pop feasible: 300/300 (100.0%)  |  NonDom=221  |  BestPenalty=0.00e+00  |  BestNormVio=0
  Best feasible: Cost=1.198e+07↓ Emis=9.489e+09→ Time=537.2h→
========================================================================

========================================================================
  [NSGA-II] Gen 095/499  |  215.5s elapsed
  Pop feasible: 300/300 (100.0%)  |  NonDom=218  |  BestPenalty=0.00e+00  |  BestNormVio=0
  Best feasible: Cost=1.198e+07→ Emis=9.489e+09→ Time=537.2h→
========================================================================

========================================================================
  [NSGA-II] Gen 096/499  |  217.7s elapsed
  Pop feasible: 300/300 (100.0%)  |  NonDom=221  |  BestPenalty=0.00e+00  |  BestNormVio=0
  Best feasible: Cost=1.198e+07→ Emis=9.489e+09→ Time=537.2h→
========================================================================

========================================================================
  [NSGA-II] Gen 097/499  |  220.0s elapsed
  Pop feasible: 300/300 (100.0%)  |  NonDom=224  |  BestPenalty=0.00e+00  |  BestNormVio=0
  Best feasible: Cost=1.197e+07↓ Emis=9.489e+09→ Time=537.2h→
========================================================================

========================================================================
  [NSGA-II] Gen 098/499  |  222.2s elapsed
  Pop feasible: 300/300 (100.0%)  |  NonDom=224  |  BestPenalty=0.00e+00  |  BestNormVio=0
  Best feasible: Cost=1.196e+07↓ Emis=9.489e+09→ Time=537.2h→
========================================================================

========================================================================
  [NSGA-II] Gen 099/499  |  224.3s elapsed
  Pop feasible: 300/300 (100.0%)  |  NonDom=223  |  BestPenalty=0.00e+00  |  BestNormVio=0
  Best feasible: Cost=1.196e+07→ Emis=9.489e+09→ Time=537.2h→
========================================================================

========================================================================
  [NSGA-II] Gen 100/499  |  226.6s elapsed
  Pop feasible: 300/300 (100.0%)  |  NonDom=227  |  BestPenalty=0.00e+00  |  BestNormVio=0
  Best feasible: Cost=1.196e+07→ Emis=9.489e+09→ Time=537.2h→
========================================================================

========================================================================
  [NSGA-II] Gen 101/499  |  228.8s elapsed
  Pop feasible: 300/300 (100.0%)  |  NonDom=192  |  BestPenalty=0.00e+00  |  BestNormVio=0
  Best feasible: Cost=1.196e+07→ Emis=9.468e+09↓ Time=537.2h→
========================================================================

========================================================================
  [NSGA-II] Gen 102/499  |  230.9s elapsed
  Pop feasible: 300/300 (100.0%)  |  NonDom=183  |  BestPenalty=0.00e+00  |  BestNormVio=0
  Best feasible: Cost=1.196e+07→ Emis=9.464e+09↓ Time=537.2h→
========================================================================

========================================================================
  [NSGA-II] Gen 103/499  |  233.2s elapsed
  Pop feasible: 300/300 (100.0%)  |  NonDom=186  |  BestPenalty=0.00e+00  |  BestNormVio=0
  Best feasible: Cost=1.195e+07↓ Emis=9.464e+09→ Time=534.6h↓
========================================================================

========================================================================
  [NSGA-II] Gen 104/499  |  235.3s elapsed
  Pop feasible: 300/300 (100.0%)  |  NonDom=177  |  BestPenalty=0.00e+00  |  BestNormVio=0
  Best feasible: Cost=1.195e+07↓ Emis=9.464e+09→ Time=534.6h→
========================================================================

========================================================================
  [NSGA-II] Gen 105/499  |  237.6s elapsed
  Pop feasible: 300/300 (100.0%)  |  NonDom=173  |  BestPenalty=0.00e+00  |  BestNormVio=0
  Best feasible: Cost=1.195e+07→ Emis=9.464e+09→ Time=534.6h→
========================================================================

========================================================================
  [NSGA-II] Gen 106/499  |  239.8s elapsed
  Pop feasible: 300/300 (100.0%)  |  NonDom=165  |  BestPenalty=0.00e+00  |  BestNormVio=0
  Best feasible: Cost=1.193e+07↓ Emis=9.455e+09↓ Time=534.6h→
========================================================================

========================================================================
  [NSGA-II] Gen 107/499  |  241.9s elapsed
  Pop feasible: 300/300 (100.0%)  |  NonDom=145  |  BestPenalty=0.00e+00  |  BestNormVio=0
  Best feasible: Cost=1.193e+07→ Emis=9.455e+09→ Time=534.6h→
========================================================================

========================================================================
  [NSGA-II] Gen 108/499  |  244.1s elapsed
  Pop feasible: 300/300 (100.0%)  |  NonDom=106  |  BestPenalty=0.00e+00  |  BestNormVio=0
  Best feasible: Cost=1.193e+07→ Emis=9.455e+09→ Time=534.6h→
========================================================================

========================================================================
  [NSGA-II] Gen 109/499  |  246.2s elapsed
  Pop feasible: 300/300 (100.0%)  |  NonDom=112  |  BestPenalty=0.00e+00  |  BestNormVio=0
  Best feasible: Cost=1.193e+07→ Emis=9.454e+09↓ Time=534.6h→
========================================================================

========================================================================
  [NSGA-II] Gen 110/499  |  248.5s elapsed
  Pop feasible: 300/300 (100.0%)  |  NonDom=120  |  BestPenalty=0.00e+00  |  BestNormVio=0
  Best feasible: Cost=1.193e+07→ Emis=9.454e+09→ Time=534.6h→
========================================================================

========================================================================
  [NSGA-II] Gen 111/499  |  250.6s elapsed
  Pop feasible: 300/300 (100.0%)  |  NonDom=118  |  BestPenalty=0.00e+00  |  BestNormVio=0
  Best feasible: Cost=1.193e+07→ Emis=9.454e+09→ Time=534.6h→
========================================================================

========================================================================
  [NSGA-II] Gen 112/499  |  252.8s elapsed
  Pop feasible: 300/300 (100.0%)  |  NonDom=122  |  BestPenalty=0.00e+00  |  BestNormVio=0
  Best feasible: Cost=1.193e+07→ Emis=9.454e+09→ Time=534.6h→
========================================================================

========================================================================
  [NSGA-II] Gen 113/499  |  255.0s elapsed
  Pop feasible: 300/300 (100.0%)  |  NonDom=120  |  BestPenalty=0.00e+00  |  BestNormVio=0
  Best feasible: Cost=1.193e+07↓ Emis=9.454e+09→ Time=534.6h→
========================================================================

========================================================================
  [NSGA-II] Gen 114/499  |  257.1s elapsed
  Pop feasible: 300/300 (100.0%)  |  NonDom=122  |  BestPenalty=0.00e+00  |  BestNormVio=0
  Best feasible: Cost=1.192e+07↓ Emis=9.454e+09→ Time=534.6h→
========================================================================

========================================================================
  [NSGA-II] Gen 115/499  |  259.4s elapsed
  Pop feasible: 300/300 (100.0%)  |  NonDom=132  |  BestPenalty=0.00e+00  |  BestNormVio=0
  Best feasible: Cost=1.192e+07→ Emis=9.454e+09→ Time=534.6h→
========================================================================

========================================================================
  [NSGA-II] Gen 116/499  |  261.5s elapsed
  Pop feasible: 300/300 (100.0%)  |  NonDom=125  |  BestPenalty=0.00e+00  |  BestNormVio=0
  Best feasible: Cost=1.192e+07→ Emis=9.454e+09→ Time=534.6h→
========================================================================

========================================================================
  [NSGA-II] Gen 117/499  |  263.6s elapsed
  Pop feasible: 300/300 (100.0%)  |  NonDom=114  |  BestPenalty=0.00e+00  |  BestNormVio=0
  Best feasible: Cost=1.192e+07→ Emis=9.454e+09→ Time=534.6h→
========================================================================

========================================================================
  [NSGA-II] Gen 118/499  |  265.9s elapsed
  Pop feasible: 300/300 (100.0%)  |  NonDom=119  |  BestPenalty=0.00e+00  |  BestNormVio=0
  Best feasible: Cost=1.192e+07↓ Emis=9.454e+09→ Time=534.6h→
========================================================================

========================================================================
  [NSGA-II] Gen 119/499  |  268.0s elapsed
  Pop feasible: 300/300 (100.0%)  |  NonDom=118  |  BestPenalty=0.00e+00  |  BestNormVio=0
  Best feasible: Cost=1.192e+07→ Emis=9.454e+09→ Time=534.6h→
========================================================================

========================================================================
  [NSGA-II] Gen 120/499  |  270.1s elapsed
  Pop feasible: 300/300 (100.0%)  |  NonDom=110  |  BestPenalty=0.00e+00  |  BestNormVio=0
  Best feasible: Cost=1.192e+07→ Emis=9.454e+09→ Time=534.6h→
========================================================================

========================================================================
  [NSGA-II] Gen 121/499  |  272.4s elapsed
  Pop feasible: 300/300 (100.0%)  |  NonDom=116  |  BestPenalty=0.00e+00  |  BestNormVio=0
  Best feasible: Cost=1.192e+07→ Emis=9.454e+09↓ Time=534.6h→
========================================================================

========================================================================
  [NSGA-II] Gen 122/499  |  274.5s elapsed
  Pop feasible: 300/300 (100.0%)  |  NonDom=125  |  BestPenalty=0.00e+00  |  BestNormVio=0
  Best feasible: Cost=1.192e+07→ Emis=9.454e+09→ Time=534.6h→
========================================================================

========================================================================
  [NSGA-II] Gen 123/499  |  276.8s elapsed
  Pop feasible: 300/300 (100.0%)  |  NonDom=128  |  BestPenalty=0.00e+00  |  BestNormVio=0
  Best feasible: Cost=1.192e+07→ Emis=9.454e+09→ Time=534.6h→
========================================================================

========================================================================
  [NSGA-II] Gen 124/499  |  279.0s elapsed
  Pop feasible: 300/300 (100.0%)  |  NonDom=140  |  BestPenalty=0.00e+00  |  BestNormVio=0
  Best feasible: Cost=1.192e+07→ Emis=9.454e+09→ Time=534.6h→
========================================================================

========================================================================
  [NSGA-II] Gen 125/499  |  281.1s elapsed
  Pop feasible: 300/300 (100.0%)  |  NonDom=144  |  BestPenalty=0.00e+00  |  BestNormVio=0
  Best feasible: Cost=1.192e+07→ Emis=9.454e+09→ Time=534.6h→
========================================================================

========================================================================
  [NSGA-II] Gen 126/499  |  283.4s elapsed
  Pop feasible: 300/300 (100.0%)  |  NonDom=151  |  BestPenalty=0.00e+00  |  BestNormVio=0
  Best feasible: Cost=1.192e+07→ Emis=9.454e+09→ Time=534.6h→
========================================================================

========================================================================
  [NSGA-II] Gen 127/499  |  285.4s elapsed
  Pop feasible: 300/300 (100.0%)  |  NonDom=157  |  BestPenalty=0.00e+00  |  BestNormVio=0
  Best feasible: Cost=1.192e+07→ Emis=9.454e+09→ Time=532.8h↓
========================================================================

========================================================================
  [NSGA-II] Gen 128/499  |  287.7s elapsed
  Pop feasible: 300/300 (100.0%)  |  NonDom=160  |  BestPenalty=0.00e+00  |  BestNormVio=0
  Best feasible: Cost=1.192e+07→ Emis=9.454e+09→ Time=532.8h→
========================================================================

========================================================================
  [NSGA-II] Gen 129/499  |  289.8s elapsed
  Pop feasible: 300/300 (100.0%)  |  NonDom=171  |  BestPenalty=0.00e+00  |  BestNormVio=0
  Best feasible: Cost=1.192e+07→ Emis=9.454e+09→ Time=532.8h→
========================================================================

========================================================================
  [NSGA-II] Gen 130/499  |  291.9s elapsed
  Pop feasible: 300/300 (100.0%)  |  NonDom=181  |  BestPenalty=0.00e+00  |  BestNormVio=0
  Best feasible: Cost=1.192e+07→ Emis=9.454e+09→ Time=532.8h→
========================================================================

========================================================================
  [NSGA-II] Gen 131/499  |  294.1s elapsed
  Pop feasible: 300/300 (100.0%)  |  NonDom=186  |  BestPenalty=0.00e+00  |  BestNormVio=0
  Best feasible: Cost=1.192e+07→ Emis=9.454e+09→ Time=532.8h→
========================================================================

========================================================================
  [NSGA-II] Gen 132/499  |  296.2s elapsed
  Pop feasible: 300/300 (100.0%)  |  NonDom=190  |  BestPenalty=0.00e+00  |  BestNormVio=0
  Best feasible: Cost=1.192e+07→ Emis=9.454e+09→ Time=532.8h→
========================================================================

========================================================================
  [NSGA-II] Gen 133/499  |  298.3s elapsed
  Pop feasible: 300/300 (100.0%)  |  NonDom=192  |  BestPenalty=0.00e+00  |  BestNormVio=0
  Best feasible: Cost=1.190e+07↓ Emis=9.450e+09↓ Time=532.8h→
========================================================================

========================================================================
  [NSGA-II] Gen 134/499  |  300.6s elapsed
  Pop feasible: 300/300 (100.0%)  |  NonDom=196  |  BestPenalty=0.00e+00  |  BestNormVio=0
  Best feasible: Cost=1.190e+07→ Emis=9.387e+09↓ Time=532.8h→
========================================================================

========================================================================
  [NSGA-II] Gen 135/499  |  302.7s elapsed
  Pop feasible: 300/300 (100.0%)  |  NonDom=190  |  BestPenalty=0.00e+00  |  BestNormVio=0
  Best feasible: Cost=1.190e+07→ Emis=9.387e+09→ Time=532.8h→
========================================================================

========================================================================
  [NSGA-II] Gen 136/499  |  304.9s elapsed
  Pop feasible: 300/300 (100.0%)  |  NonDom=188  |  BestPenalty=0.00e+00  |  BestNormVio=0
  Best feasible: Cost=1.190e+07→ Emis=9.387e+09→ Time=532.8h→
========================================================================

========================================================================
  [NSGA-II] Gen 137/499  |  307.0s elapsed
  Pop feasible: 300/300 (100.0%)  |  NonDom=188  |  BestPenalty=0.00e+00  |  BestNormVio=0
  Best feasible: Cost=1.190e+07↓ Emis=9.387e+09→ Time=532.8h→
========================================================================

========================================================================
  [NSGA-II] Gen 138/499  |  309.0s elapsed
  Pop feasible: 300/300 (100.0%)  |  NonDom=175  |  BestPenalty=0.00e+00  |  BestNormVio=0
  Best feasible: Cost=1.190e+07→ Emis=9.364e+09↓ Time=532.8h→
========================================================================

========================================================================
  [NSGA-II] Gen 139/499  |  311.3s elapsed
  Pop feasible: 300/300 (100.0%)  |  NonDom=177  |  BestPenalty=0.00e+00  |  BestNormVio=0
  Best feasible: Cost=1.190e+07→ Emis=9.357e+09↓ Time=532.8h→
========================================================================

========================================================================
  [NSGA-II] Gen 140/499  |  313.4s elapsed
  Pop feasible: 300/300 (100.0%)  |  NonDom=180  |  BestPenalty=0.00e+00  |  BestNormVio=0
  Best feasible: Cost=1.190e+07→ Emis=9.357e+09→ Time=532.8h→
========================================================================

========================================================================
  [NSGA-II] Gen 141/499  |  315.7s elapsed
  Pop feasible: 300/300 (100.0%)  |  NonDom=163  |  BestPenalty=0.00e+00  |  BestNormVio=0
  Best feasible: Cost=1.190e+07→ Emis=9.357e+09→ Time=532.8h→
========================================================================

========================================================================
  [NSGA-II] Gen 142/499  |  317.7s elapsed
  Pop feasible: 300/300 (100.0%)  |  NonDom=140  |  BestPenalty=0.00e+00  |  BestNormVio=0
  Best feasible: Cost=1.190e+07→ Emis=9.357e+09→ Time=532.8h→
========================================================================

========================================================================
  [NSGA-II] Gen 143/499  |  319.8s elapsed
  Pop feasible: 300/300 (100.0%)  |  NonDom=120  |  BestPenalty=0.00e+00  |  BestNormVio=0
  Best feasible: Cost=1.190e+07↓ Emis=9.353e+09↓ Time=532.8h→
========================================================================

========================================================================
  [NSGA-II] Gen 144/499  |  322.1s elapsed
  Pop feasible: 300/300 (100.0%)  |  NonDom=110  |  BestPenalty=0.00e+00  |  BestNormVio=0
  Best feasible: Cost=1.190e+07↓ Emis=9.353e+09→ Time=532.8h→
========================================================================

========================================================================
  [NSGA-II] Gen 145/499  |  324.2s elapsed
  Pop feasible: 300/300 (100.0%)  |  NonDom=109  |  BestPenalty=0.00e+00  |  BestNormVio=0
  Best feasible: Cost=1.190e+07→ Emis=9.353e+09→ Time=532.8h→
========================================================================

========================================================================
  [NSGA-II] Gen 146/499  |  326.4s elapsed
  Pop feasible: 300/300 (100.0%)  |  NonDom=113  |  BestPenalty=0.00e+00  |  BestNormVio=0
  Best feasible: Cost=1.190e+07→ Emis=9.353e+09→ Time=532.8h→
========================================================================

========================================================================
  [NSGA-II] Gen 147/499  |  328.5s elapsed
  Pop feasible: 300/300 (100.0%)  |  NonDom=95  |  BestPenalty=0.00e+00  |  BestNormVio=0
  Best feasible: Cost=1.188e+07↓ Emis=9.348e+09↓ Time=532.8h→
========================================================================

========================================================================
  [NSGA-II] Gen 148/499  |  330.6s elapsed
  Pop feasible: 300/300 (100.0%)  |  NonDom=95  |  BestPenalty=0.00e+00  |  BestNormVio=0
  Best feasible: Cost=1.188e+07→ Emis=9.348e+09→ Time=532.8h→
========================================================================

========================================================================
  [NSGA-II] Gen 149/499  |  332.9s elapsed
  Pop feasible: 300/300 (100.0%)  |  NonDom=98  |  BestPenalty=0.00e+00  |  BestNormVio=0
  Best feasible: Cost=1.188e+07↓ Emis=9.348e+09→ Time=529.7h↓
========================================================================

========================================================================
  [NSGA-II] Gen 150/499  |  335.0s elapsed
  Pop feasible: 300/300 (100.0%)  |  NonDom=110  |  BestPenalty=0.00e+00  |  BestNormVio=0
  Best feasible: Cost=1.188e+07→ Emis=9.348e+09→ Time=529.7h→
========================================================================

========================================================================
  [NSGA-II] Gen 151/499  |  337.1s elapsed
  Pop feasible: 300/300 (100.0%)  |  NonDom=118  |  BestPenalty=0.00e+00  |  BestNormVio=0
  Best feasible: Cost=1.188e+07→ Emis=9.348e+09→ Time=529.1h↓
========================================================================

========================================================================
  [NSGA-II] Gen 152/499  |  339.4s elapsed
  Pop feasible: 300/300 (100.0%)  |  NonDom=122  |  BestPenalty=0.00e+00  |  BestNormVio=0
  Best feasible: Cost=1.188e+07→ Emis=9.345e+09↓ Time=529.1h→
========================================================================

========================================================================
  [NSGA-II] Gen 153/499  |  341.5s elapsed
  Pop feasible: 300/300 (100.0%)  |  NonDom=126  |  BestPenalty=0.00e+00  |  BestNormVio=0
  Best feasible: Cost=1.187e+07↓ Emis=9.345e+09→ Time=529.1h→
========================================================================

========================================================================
  [NSGA-II] Gen 154/499  |  343.8s elapsed
  Pop feasible: 300/300 (100.0%)  |  NonDom=135  |  BestPenalty=0.00e+00  |  BestNormVio=0
  Best feasible: Cost=1.187e+07→ Emis=9.345e+09→ Time=529.1h→
========================================================================

========================================================================
  [NSGA-II] Gen 155/499  |  345.9s elapsed
  Pop feasible: 300/300 (100.0%)  |  NonDom=143  |  BestPenalty=0.00e+00  |  BestNormVio=0
  Best feasible: Cost=1.187e+07→ Emis=9.345e+09→ Time=529.1h→
========================================================================

========================================================================
  [NSGA-II] Gen 156/499  |  348.0s elapsed
  Pop feasible: 300/300 (100.0%)  |  NonDom=149  |  BestPenalty=0.00e+00  |  BestNormVio=0
  Best feasible: Cost=1.186e+07↓ Emis=9.345e+09→ Time=529.1h→
========================================================================

========================================================================
  [NSGA-II] Gen 157/499  |  350.3s elapsed
  Pop feasible: 300/300 (100.0%)  |  NonDom=154  |  BestPenalty=0.00e+00  |  BestNormVio=0
  Best feasible: Cost=1.186e+07→ Emis=9.345e+09→ Time=529.1h→
========================================================================

========================================================================
  [NSGA-II] Gen 158/499  |  352.5s elapsed
  Pop feasible: 300/300 (100.0%)  |  NonDom=157  |  BestPenalty=0.00e+00  |  BestNormVio=0
  Best feasible: Cost=1.186e+07→ Emis=9.345e+09→ Time=529.1h→
========================================================================

========================================================================
  [NSGA-II] Gen 159/499  |  354.8s elapsed
  Pop feasible: 300/300 (100.0%)  |  NonDom=168  |  BestPenalty=0.00e+00  |  BestNormVio=0
  Best feasible: Cost=1.186e+07→ Emis=9.345e+09→ Time=529.1h→
========================================================================

========================================================================
  [NSGA-II] Gen 160/499  |  357.0s elapsed
  Pop feasible: 300/300 (100.0%)  |  NonDom=173  |  BestPenalty=0.00e+00  |  BestNormVio=0
  Best feasible: Cost=1.186e+07→ Emis=9.345e+09→ Time=529.1h→
========================================================================

========================================================================
  [NSGA-II] Gen 161/499  |  359.1s elapsed
  Pop feasible: 300/300 (100.0%)  |  NonDom=182  |  BestPenalty=0.00e+00  |  BestNormVio=0
  Best feasible: Cost=1.186e+07→ Emis=9.345e+09→ Time=529.1h→
========================================================================

========================================================================
  [NSGA-II] Gen 162/499  |  361.4s elapsed
  Pop feasible: 300/300 (100.0%)  |  NonDom=187  |  BestPenalty=0.00e+00  |  BestNormVio=0
  Best feasible: Cost=1.186e+07→ Emis=9.345e+09→ Time=529.1h→
========================================================================

========================================================================
  [NSGA-II] Gen 163/499  |  363.5s elapsed
  Pop feasible: 300/300 (100.0%)  |  NonDom=196  |  BestPenalty=0.00e+00  |  BestNormVio=0
  Best feasible: Cost=1.186e+07→ Emis=9.345e+09→ Time=529.1h→
========================================================================

========================================================================
  [NSGA-II] Gen 164/499  |  365.8s elapsed
  Pop feasible: 300/300 (100.0%)  |  NonDom=202  |  BestPenalty=0.00e+00  |  BestNormVio=0
  Best feasible: Cost=1.186e+07→ Emis=9.341e+09↓ Time=529.1h→
========================================================================

========================================================================
  [NSGA-II] Gen 165/499  |  367.9s elapsed
  Pop feasible: 300/300 (100.0%)  |  NonDom=207  |  BestPenalty=0.00e+00  |  BestNormVio=0
  Best feasible: Cost=1.186e+07→ Emis=9.341e+09→ Time=529.1h→
========================================================================

========================================================================
  [NSGA-II] Gen 166/499  |  370.0s elapsed
  Pop feasible: 300/300 (100.0%)  |  NonDom=208  |  BestPenalty=0.00e+00  |  BestNormVio=0
  Best feasible: Cost=1.186e+07→ Emis=9.341e+09→ Time=529.1h→
========================================================================

========================================================================
  [NSGA-II] Gen 167/499  |  372.4s elapsed
  Pop feasible: 300/300 (100.0%)  |  NonDom=208  |  BestPenalty=0.00e+00  |  BestNormVio=0
  Best feasible: Cost=1.186e+07→ Emis=9.341e+09→ Time=529.1h→
========================================================================

========================================================================
  [NSGA-II] Gen 168/499  |  374.5s elapsed
  Pop feasible: 300/300 (100.0%)  |  NonDom=211  |  BestPenalty=0.00e+00  |  BestNormVio=0
  Best feasible: Cost=1.186e+07→ Emis=9.341e+09→ Time=529.1h→
========================================================================

========================================================================
  [NSGA-II] Gen 169/499  |  376.8s elapsed
  Pop feasible: 300/300 (100.0%)  |  NonDom=210  |  BestPenalty=0.00e+00  |  BestNormVio=0
  Best feasible: Cost=1.186e+07→ Emis=9.340e+09↓ Time=529.1h→
========================================================================

========================================================================
  [NSGA-II] Gen 170/499  |  379.0s elapsed
  Pop feasible: 300/300 (100.0%)  |  NonDom=216  |  BestPenalty=0.00e+00  |  BestNormVio=0
  Best feasible: Cost=1.186e+07→ Emis=9.340e+09→ Time=529.1h→
========================================================================

========================================================================
  [NSGA-II] Gen 171/499  |  381.1s elapsed
  Pop feasible: 300/300 (100.0%)  |  NonDom=218  |  BestPenalty=0.00e+00  |  BestNormVio=0
  Best feasible: Cost=1.186e+07→ Emis=9.340e+09→ Time=529.1h→
========================================================================

========================================================================
  [NSGA-II] Gen 172/499  |  383.4s elapsed
  Pop feasible: 300/300 (100.0%)  |  NonDom=219  |  BestPenalty=0.00e+00  |  BestNormVio=0
  Best feasible: Cost=1.186e+07→ Emis=9.340e+09→ Time=529.1h→
========================================================================

========================================================================
  [NSGA-II] Gen 173/499  |  385.6s elapsed
  Pop feasible: 300/300 (100.0%)  |  NonDom=221  |  BestPenalty=0.00e+00  |  BestNormVio=0
  Best feasible: Cost=1.186e+07→ Emis=9.340e+09→ Time=529.1h→
========================================================================

========================================================================
  [NSGA-II] Gen 174/499  |  387.8s elapsed
  Pop feasible: 300/300 (100.0%)  |  NonDom=221  |  BestPenalty=0.00e+00  |  BestNormVio=0
  Best feasible: Cost=1.186e+07→ Emis=9.340e+09→ Time=529.1h→
========================================================================

========================================================================
  [NSGA-II] Gen 175/499  |  390.1s elapsed
  Pop feasible: 300/300 (100.0%)  |  NonDom=222  |  BestPenalty=0.00e+00  |  BestNormVio=0
  Best feasible: Cost=1.186e+07→ Emis=9.340e+09→ Time=529.1h→
========================================================================

========================================================================
  [NSGA-II] Gen 176/499  |  392.2s elapsed
  Pop feasible: 300/300 (100.0%)  |  NonDom=213  |  BestPenalty=0.00e+00  |  BestNormVio=0
  Best feasible: Cost=1.186e+07→ Emis=9.340e+09→ Time=529.1h→
========================================================================

========================================================================
  [NSGA-II] Gen 177/499  |  394.4s elapsed
  Pop feasible: 300/300 (100.0%)  |  NonDom=217  |  BestPenalty=0.00e+00  |  BestNormVio=0
  Best feasible: Cost=1.185e+07↓ Emis=9.340e+09→ Time=529.1h→
========================================================================

========================================================================
  [NSGA-II] Gen 178/499  |  396.6s elapsed
  Pop feasible: 300/300 (100.0%)  |  NonDom=215  |  BestPenalty=0.00e+00  |  BestNormVio=0
  Best feasible: Cost=1.183e+07↓ Emis=9.340e+09→ Time=529.1h→
========================================================================

========================================================================
  [NSGA-II] Gen 179/499  |  398.7s elapsed
  Pop feasible: 300/300 (100.0%)  |  NonDom=216  |  BestPenalty=0.00e+00  |  BestNormVio=0
  Best feasible: Cost=1.183e+07→ Emis=9.340e+09→ Time=529.1h→
========================================================================

========================================================================
  [NSGA-II] Gen 180/499  |  401.0s elapsed
  Pop feasible: 300/300 (100.0%)  |  NonDom=218  |  BestPenalty=0.00e+00  |  BestNormVio=0
  Best feasible: Cost=1.183e+07→ Emis=9.340e+09→ Time=529.1h→
========================================================================

========================================================================
  [NSGA-II] Gen 181/499  |  403.2s elapsed
  Pop feasible: 300/300 (100.0%)  |  NonDom=215  |  BestPenalty=0.00e+00  |  BestNormVio=0
  Best feasible: Cost=1.183e+07→ Emis=9.340e+09→ Time=529.1h→
========================================================================

========================================================================
  [NSGA-II] Gen 182/499  |  405.4s elapsed
  Pop feasible: 300/300 (100.0%)  |  NonDom=213  |  BestPenalty=0.00e+00  |  BestNormVio=0
  Best feasible: Cost=1.183e+07→ Emis=9.340e+09→ Time=529.1h→
========================================================================

========================================================================
  [NSGA-II] Gen 183/499  |  407.6s elapsed
  Pop feasible: 300/300 (100.0%)  |  NonDom=213  |  BestPenalty=0.00e+00  |  BestNormVio=0
  Best feasible: Cost=1.183e+07→ Emis=9.340e+09→ Time=529.1h→
========================================================================

========================================================================
  [NSGA-II] Gen 184/499  |  409.7s elapsed
  Pop feasible: 300/300 (100.0%)  |  NonDom=214  |  BestPenalty=0.00e+00  |  BestNormVio=0
  Best feasible: Cost=1.183e+07→ Emis=9.340e+09→ Time=529.1h→
========================================================================

========================================================================
  [NSGA-II] Gen 185/499  |  412.1s elapsed
  Pop feasible: 300/300 (100.0%)  |  NonDom=214  |  BestPenalty=0.00e+00  |  BestNormVio=0
  Best feasible: Cost=1.183e+07→ Emis=9.340e+09→ Time=529.1h→
========================================================================

========================================================================
  [NSGA-II] Gen 186/499  |  414.2s elapsed
  Pop feasible: 300/300 (100.0%)  |  NonDom=227  |  BestPenalty=0.00e+00  |  BestNormVio=0
  Best feasible: Cost=1.183e+07→ Emis=9.340e+09→ Time=529.1h→
========================================================================

========================================================================
  [NSGA-II] Gen 187/499  |  416.4s elapsed
  Pop feasible: 300/300 (100.0%)  |  NonDom=229  |  BestPenalty=0.00e+00  |  BestNormVio=0
  Best feasible: Cost=1.183e+07→ Emis=9.340e+09→ Time=529.1h→
========================================================================

========================================================================
  [NSGA-II] Gen 188/499  |  418.6s elapsed
  Pop feasible: 300/300 (100.0%)  |  NonDom=229  |  BestPenalty=0.00e+00  |  BestNormVio=0
  Best feasible: Cost=1.183e+07→ Emis=9.340e+09→ Time=529.1h→
========================================================================

========================================================================
  [NSGA-II] Gen 189/499  |  420.7s elapsed
  Pop feasible: 300/300 (100.0%)  |  NonDom=231  |  BestPenalty=0.00e+00  |  BestNormVio=0
  Best feasible: Cost=1.183e+07→ Emis=9.340e+09→ Time=529.1h→
========================================================================

========================================================================
  [NSGA-II] Gen 190/499  |  423.0s elapsed
  Pop feasible: 300/300 (100.0%)  |  NonDom=233  |  BestPenalty=0.00e+00  |  BestNormVio=0
  Best feasible: Cost=1.183e+07→ Emis=9.340e+09→ Time=529.1h→
========================================================================

========================================================================
  [NSGA-II] Gen 191/499  |  425.1s elapsed
  Pop feasible: 300/300 (100.0%)  |  NonDom=238  |  BestPenalty=0.00e+00  |  BestNormVio=0
  Best feasible: Cost=1.183e+07→ Emis=9.340e+09→ Time=529.1h→
========================================================================

========================================================================
  [NSGA-II] Gen 192/499  |  427.4s elapsed
  Pop feasible: 300/300 (100.0%)  |  NonDom=233  |  BestPenalty=0.00e+00  |  BestNormVio=0
  Best feasible: Cost=1.183e+07→ Emis=9.340e+09→ Time=529.1h→
========================================================================

========================================================================
  [NSGA-II] Gen 193/499  |  429.5s elapsed
  Pop feasible: 300/300 (100.0%)  |  NonDom=232  |  BestPenalty=0.00e+00  |  BestNormVio=0
  Best feasible: Cost=1.183e+07→ Emis=9.340e+09→ Time=529.1h→
========================================================================

========================================================================
  [NSGA-II] Gen 194/499  |  431.6s elapsed
  Pop feasible: 300/300 (100.0%)  |  NonDom=232  |  BestPenalty=0.00e+00  |  BestNormVio=0
  Best feasible: Cost=1.183e+07→ Emis=9.340e+09→ Time=529.1h→
========================================================================

========================================================================
  [NSGA-II] Gen 195/499  |  433.9s elapsed
  Pop feasible: 300/300 (100.0%)  |  NonDom=232  |  BestPenalty=0.00e+00  |  BestNormVio=0
  Best feasible: Cost=1.183e+07→ Emis=9.340e+09→ Time=529.1h→
========================================================================

========================================================================
  [NSGA-II] Gen 196/499  |  436.0s elapsed
  Pop feasible: 300/300 (100.0%)  |  NonDom=234  |  BestPenalty=0.00e+00  |  BestNormVio=0
  Best feasible: Cost=1.183e+07→ Emis=9.340e+09→ Time=529.1h→
========================================================================

========================================================================
  [NSGA-II] Gen 197/499  |  438.2s elapsed
  Pop feasible: 300/300 (100.0%)  |  NonDom=233  |  BestPenalty=0.00e+00  |  BestNormVio=0
  Best feasible: Cost=1.183e+07→ Emis=9.337e+09↓ Time=529.1h→
========================================================================

========================================================================
  [NSGA-II] Gen 198/499  |  440.4s elapsed
  Pop feasible: 300/300 (100.0%)  |  NonDom=233  |  BestPenalty=0.00e+00  |  BestNormVio=0
  Best feasible: Cost=1.183e+07→ Emis=9.337e+09→ Time=529.1h→
========================================================================

========================================================================
  [NSGA-II] Gen 199/499  |  442.6s elapsed
  Pop feasible: 300/300 (100.0%)  |  NonDom=236  |  BestPenalty=0.00e+00  |  BestNormVio=0
  Best feasible: Cost=1.183e+07→ Emis=9.337e+09→ Time=529.1h→
========================================================================

========================================================================
  [NSGA-II] Gen 200/499  |  444.9s elapsed
  Pop feasible: 300/300 (100.0%)  |  NonDom=238  |  BestPenalty=0.00e+00  |  BestNormVio=0
  Best feasible: Cost=1.183e+07→ Emis=9.337e+09→ Time=529.1h→
========================================================================

========================================================================
  [NSGA-II] Gen 201/499  |  447.0s elapsed
  Pop feasible: 300/300 (100.0%)  |  NonDom=243  |  BestPenalty=0.00e+00  |  BestNormVio=0
  Best feasible: Cost=1.183e+07→ Emis=9.337e+09→ Time=529.1h→
========================================================================

========================================================================
  [NSGA-II] Gen 202/499  |  449.1s elapsed
  Pop feasible: 300/300 (100.0%)  |  NonDom=242  |  BestPenalty=0.00e+00  |  BestNormVio=0
  Best feasible: Cost=1.183e+07→ Emis=9.337e+09→ Time=529.1h→
========================================================================

========================================================================
  [NSGA-II] Gen 203/499  |  451.4s elapsed
  Pop feasible: 300/300 (100.0%)  |  NonDom=242  |  BestPenalty=0.00e+00  |  BestNormVio=0
  Best feasible: Cost=1.183e+07→ Emis=9.328e+09↓ Time=529.1h→
========================================================================

========================================================================
  [NSGA-II] Gen 204/499  |  453.5s elapsed
  Pop feasible: 300/300 (100.0%)  |  NonDom=247  |  BestPenalty=0.00e+00  |  BestNormVio=0
  Best feasible: Cost=1.183e+07→ Emis=9.328e+09→ Time=529.1h→
========================================================================

========================================================================
  [NSGA-II] Gen 205/499  |  455.6s elapsed
  Pop feasible: 300/300 (100.0%)  |  NonDom=246  |  BestPenalty=0.00e+00  |  BestNormVio=0
  Best feasible: Cost=1.183e+07→ Emis=9.328e+09→ Time=529.1h→
========================================================================

========================================================================
  [NSGA-II] Gen 206/499  |  457.9s elapsed
  Pop feasible: 300/300 (100.0%)  |  NonDom=243  |  BestPenalty=0.00e+00  |  BestNormVio=0
  Best feasible: Cost=1.183e+07→ Emis=9.328e+09→ Time=529.1h→
========================================================================

========================================================================
  [NSGA-II] Gen 207/499  |  460.1s elapsed
  Pop feasible: 300/300 (100.0%)  |  NonDom=245  |  BestPenalty=0.00e+00  |  BestNormVio=0
  Best feasible: Cost=1.183e+07→ Emis=9.328e+09→ Time=529.1h→
========================================================================

========================================================================
  [NSGA-II] Gen 208/499  |  462.4s elapsed
  Pop feasible: 300/300 (100.0%)  |  NonDom=245  |  BestPenalty=0.00e+00  |  BestNormVio=0
  Best feasible: Cost=1.183e+07→ Emis=9.328e+09→ Time=529.1h→
========================================================================

========================================================================
  [NSGA-II] Gen 209/499  |  464.6s elapsed
  Pop feasible: 300/300 (100.0%)  |  NonDom=242  |  BestPenalty=0.00e+00  |  BestNormVio=0
  Best feasible: Cost=1.183e+07→ Emis=9.328e+09→ Time=529.1h→
========================================================================

========================================================================
  [NSGA-II] Gen 210/499  |  466.7s elapsed
  Pop feasible: 300/300 (100.0%)  |  NonDom=242  |  BestPenalty=0.00e+00  |  BestNormVio=0
  Best feasible: Cost=1.183e+07→ Emis=9.328e+09→ Time=529.1h→
========================================================================

========================================================================
  [NSGA-II] Gen 211/499  |  469.0s elapsed
  Pop feasible: 300/300 (100.0%)  |  NonDom=238  |  BestPenalty=0.00e+00  |  BestNormVio=0
  Best feasible: Cost=1.183e+07→ Emis=9.328e+09→ Time=529.1h→
========================================================================

========================================================================
  [NSGA-II] Gen 212/499  |  471.1s elapsed
  Pop feasible: 300/300 (100.0%)  |  NonDom=234  |  BestPenalty=0.00e+00  |  BestNormVio=0
  Best feasible: Cost=1.183e+07→ Emis=9.328e+09→ Time=529.1h→
========================================================================

========================================================================
  [NSGA-II] Gen 213/499  |  473.4s elapsed
  Pop feasible: 300/300 (100.0%)  |  NonDom=235  |  BestPenalty=0.00e+00  |  BestNormVio=0
  Best feasible: Cost=1.183e+07→ Emis=9.328e+09→ Time=529.1h→
========================================================================

========================================================================
  [NSGA-II] Gen 214/499  |  475.6s elapsed
  Pop feasible: 300/300 (100.0%)  |  NonDom=237  |  BestPenalty=0.00e+00  |  BestNormVio=0
  Best feasible: Cost=1.183e+07→ Emis=9.328e+09→ Time=529.1h→
========================================================================

========================================================================
  [NSGA-II] Gen 215/499  |  477.7s elapsed
  Pop feasible: 300/300 (100.0%)  |  NonDom=235  |  BestPenalty=0.00e+00  |  BestNormVio=0
  Best feasible: Cost=1.183e+07→ Emis=9.328e+09→ Time=529.1h→
========================================================================

========================================================================
  [NSGA-II] Gen 216/499  |  480.0s elapsed
  Pop feasible: 300/300 (100.0%)  |  NonDom=236  |  BestPenalty=0.00e+00  |  BestNormVio=0
  Best feasible: Cost=1.183e+07→ Emis=9.328e+09→ Time=529.1h→
========================================================================

========================================================================
  [NSGA-II] Gen 217/499  |  482.1s elapsed
  Pop feasible: 300/300 (100.0%)  |  NonDom=239  |  BestPenalty=0.00e+00  |  BestNormVio=0
  Best feasible: Cost=1.183e+07→ Emis=9.328e+09→ Time=529.1h→
========================================================================

========================================================================
  [NSGA-II] Gen 218/499  |  484.4s elapsed
  Pop feasible: 300/300 (100.0%)  |  NonDom=238  |  BestPenalty=0.00e+00  |  BestNormVio=0
  Best feasible: Cost=1.183e+07→ Emis=9.328e+09→ Time=529.1h→
========================================================================

========================================================================
  [NSGA-II] Gen 219/499  |  486.5s elapsed
  Pop feasible: 300/300 (100.0%)  |  NonDom=238  |  BestPenalty=0.00e+00  |  BestNormVio=0
  Best feasible: Cost=1.183e+07→ Emis=9.328e+09→ Time=529.1h→
========================================================================

========================================================================
  [NSGA-II] Gen 220/499  |  488.6s elapsed
  Pop feasible: 300/300 (100.0%)  |  NonDom=242  |  BestPenalty=0.00e+00  |  BestNormVio=0
  Best feasible: Cost=1.183e+07→ Emis=9.317e+09↓ Time=529.1h→
========================================================================

========================================================================
  [NSGA-II] Gen 221/499  |  490.9s elapsed
  Pop feasible: 300/300 (100.0%)  |  NonDom=243  |  BestPenalty=0.00e+00  |  BestNormVio=0
  Best feasible: Cost=1.183e+07→ Emis=9.317e+09→ Time=529.1h→
========================================================================

========================================================================
  [NSGA-II] Gen 222/499  |  493.1s elapsed
  Pop feasible: 300/300 (100.0%)  |  NonDom=241  |  BestPenalty=0.00e+00  |  BestNormVio=0
  Best feasible: Cost=1.183e+07→ Emis=9.317e+09→ Time=529.1h→
========================================================================

========================================================================
  [NSGA-II] Gen 223/499  |  495.4s elapsed
  Pop feasible: 300/300 (100.0%)  |  NonDom=245  |  BestPenalty=0.00e+00  |  BestNormVio=0
  Best feasible: Cost=1.183e+07→ Emis=9.317e+09→ Time=529.1h→
========================================================================

========================================================================
  [NSGA-II] Gen 224/499  |  497.6s elapsed
  Pop feasible: 300/300 (100.0%)  |  NonDom=245  |  BestPenalty=0.00e+00  |  BestNormVio=0
  Best feasible: Cost=1.183e+07→ Emis=9.317e+09→ Time=529.1h→
========================================================================

========================================================================
  [NSGA-II] Gen 225/499  |  499.7s elapsed
  Pop feasible: 300/300 (100.0%)  |  NonDom=241  |  BestPenalty=0.00e+00  |  BestNormVio=0
  Best feasible: Cost=1.183e+07→ Emis=9.317e+09→ Time=529.1h→
========================================================================

========================================================================
  [NSGA-II] Gen 226/499  |  502.0s elapsed
  Pop feasible: 300/300 (100.0%)  |  NonDom=245  |  BestPenalty=0.00e+00  |  BestNormVio=0
  Best feasible: Cost=1.183e+07→ Emis=9.317e+09→ Time=529.1h→
========================================================================

========================================================================
  [NSGA-II] Gen 227/499  |  504.1s elapsed
  Pop feasible: 300/300 (100.0%)  |  NonDom=239  |  BestPenalty=0.00e+00  |  BestNormVio=0
  Best feasible: Cost=1.183e+07→ Emis=9.317e+09→ Time=529.1h→
========================================================================

========================================================================
  [NSGA-II] Gen 228/499  |  506.3s elapsed
  Pop feasible: 300/300 (100.0%)  |  NonDom=247  |  BestPenalty=0.00e+00  |  BestNormVio=0
  Best feasible: Cost=1.183e+07→ Emis=9.317e+09→ Time=528.5h↓
========================================================================

========================================================================
  [NSGA-II] Gen 229/499  |  508.6s elapsed
  Pop feasible: 300/300 (100.0%)  |  NonDom=246  |  BestPenalty=0.00e+00  |  BestNormVio=0
  Best feasible: Cost=1.183e+07→ Emis=9.317e+09→ Time=528.5h→
========================================================================

========================================================================
  [NSGA-II] Gen 230/499  |  510.7s elapsed
  Pop feasible: 300/300 (100.0%)  |  NonDom=247  |  BestPenalty=0.00e+00  |  BestNormVio=0
  Best feasible: Cost=1.183e+07→ Emis=9.317e+09→ Time=528.5h→
========================================================================

========================================================================
  [NSGA-II] Gen 231/499  |  512.9s elapsed
  Pop feasible: 300/300 (100.0%)  |  NonDom=252  |  BestPenalty=0.00e+00  |  BestNormVio=0
  Best feasible: Cost=1.183e+07→ Emis=9.317e+09→ Time=528.5h→
========================================================================

========================================================================
  [NSGA-II] Gen 232/499  |  515.1s elapsed
  Pop feasible: 300/300 (100.0%)  |  NonDom=251  |  BestPenalty=0.00e+00  |  BestNormVio=0
  Best feasible: Cost=1.183e+07→ Emis=9.317e+09→ Time=528.5h→
========================================================================

========================================================================
  [NSGA-II] Gen 233/499  |  517.2s elapsed
  Pop feasible: 300/300 (100.0%)  |  NonDom=244  |  BestPenalty=0.00e+00  |  BestNormVio=0
  Best feasible: Cost=1.183e+07→ Emis=9.317e+09→ Time=528.5h→
========================================================================

========================================================================
  [NSGA-II] Gen 234/499  |  519.5s elapsed
  Pop feasible: 300/300 (100.0%)  |  NonDom=244  |  BestPenalty=0.00e+00  |  BestNormVio=0
  Best feasible: Cost=1.183e+07→ Emis=9.317e+09→ Time=528.5h→
========================================================================

========================================================================
  [NSGA-II] Gen 235/499  |  521.6s elapsed
  Pop feasible: 300/300 (100.0%)  |  NonDom=246  |  BestPenalty=0.00e+00  |  BestNormVio=0
  Best feasible: Cost=1.183e+07→ Emis=9.317e+09→ Time=528.5h→
========================================================================

========================================================================
  [NSGA-II] Gen 236/499  |  524.0s elapsed
  Pop feasible: 300/300 (100.0%)  |  NonDom=246  |  BestPenalty=0.00e+00  |  BestNormVio=0
  Best feasible: Cost=1.183e+07→ Emis=9.317e+09→ Time=528.5h→
========================================================================

========================================================================
  [NSGA-II] Gen 237/499  |  526.1s elapsed
  Pop feasible: 300/300 (100.0%)  |  NonDom=245  |  BestPenalty=0.00e+00  |  BestNormVio=0
  Best feasible: Cost=1.183e+07→ Emis=9.317e+09→ Time=528.5h→
========================================================================

========================================================================
  [NSGA-II] Gen 238/499  |  528.2s elapsed
  Pop feasible: 300/300 (100.0%)  |  NonDom=246  |  BestPenalty=0.00e+00  |  BestNormVio=0
  Best feasible: Cost=1.183e+07→ Emis=9.317e+09→ Time=528.5h→
========================================================================

========================================================================
  [NSGA-II] Gen 239/499  |  530.4s elapsed
  Pop feasible: 300/300 (100.0%)  |  NonDom=251  |  BestPenalty=0.00e+00  |  BestNormVio=0
  Best feasible: Cost=1.183e+07→ Emis=9.317e+09→ Time=528.5h→
========================================================================

========================================================================
  [NSGA-II] Gen 240/499  |  532.6s elapsed
  Pop feasible: 300/300 (100.0%)  |  NonDom=249  |  BestPenalty=0.00e+00  |  BestNormVio=0
  Best feasible: Cost=1.183e+07→ Emis=9.317e+09→ Time=528.5h→
========================================================================

========================================================================
  [NSGA-II] Gen 241/499  |  534.9s elapsed
  Pop feasible: 300/300 (100.0%)  |  NonDom=251  |  BestPenalty=0.00e+00  |  BestNormVio=0
  Best feasible: Cost=1.183e+07→ Emis=9.317e+09→ Time=528.5h→
========================================================================

========================================================================
  [NSGA-II] Gen 242/499  |  537.0s elapsed
  Pop feasible: 300/300 (100.0%)  |  NonDom=251  |  BestPenalty=0.00e+00  |  BestNormVio=0
  Best feasible: Cost=1.183e+07↓ Emis=9.317e+09→ Time=528.5h→
========================================================================

========================================================================
  [NSGA-II] Gen 243/499  |  539.2s elapsed
  Pop feasible: 300/300 (100.0%)  |  NonDom=251  |  BestPenalty=0.00e+00  |  BestNormVio=0
  Best feasible: Cost=1.183e+07→ Emis=9.317e+09→ Time=528.5h→
========================================================================

========================================================================
  [NSGA-II] Gen 244/499  |  541.5s elapsed
  Pop feasible: 300/300 (100.0%)  |  NonDom=252  |  BestPenalty=0.00e+00  |  BestNormVio=0
  Best feasible: Cost=1.183e+07→ Emis=9.317e+09→ Time=528.5h→
========================================================================

========================================================================
  [NSGA-II] Gen 245/499  |  543.7s elapsed
  Pop feasible: 300/300 (100.0%)  |  NonDom=253  |  BestPenalty=0.00e+00  |  BestNormVio=0
  Best feasible: Cost=1.183e+07→ Emis=9.317e+09↓ Time=528.5h→
========================================================================

========================================================================
  [NSGA-II] Gen 246/499  |  545.8s elapsed
  Pop feasible: 300/300 (100.0%)  |  NonDom=252  |  BestPenalty=0.00e+00  |  BestNormVio=0
  Best feasible: Cost=1.183e+07→ Emis=9.317e+09→ Time=528.5h→
========================================================================

========================================================================
  [NSGA-II] Gen 247/499  |  548.1s elapsed
  Pop feasible: 300/300 (100.0%)  |  NonDom=251  |  BestPenalty=0.00e+00  |  BestNormVio=0
  Best feasible: Cost=1.183e+07↓ Emis=9.317e+09→ Time=528.5h→
========================================================================

========================================================================
  [NSGA-II] Gen 248/499  |  550.3s elapsed
  Pop feasible: 300/300 (100.0%)  |  NonDom=255  |  BestPenalty=0.00e+00  |  BestNormVio=0
  Best feasible: Cost=1.183e+07→ Emis=9.310e+09↓ Time=528.5h→
========================================================================

========================================================================
  [NSGA-II] Gen 249/499  |  552.7s elapsed
  Pop feasible: 300/300 (100.0%)  |  NonDom=254  |  BestPenalty=0.00e+00  |  BestNormVio=0
  Best feasible: Cost=1.183e+07→ Emis=9.310e+09→ Time=528.5h→
========================================================================

========================================================================
  [NSGA-II] Gen 250/499  |  554.8s elapsed
  Pop feasible: 300/300 (100.0%)  |  NonDom=251  |  BestPenalty=0.00e+00  |  BestNormVio=0
  Best feasible: Cost=1.183e+07→ Emis=9.310e+09→ Time=528.5h→
========================================================================

========================================================================
  [NSGA-II] Gen 251/499  |  556.9s elapsed
  Pop feasible: 300/300 (100.0%)  |  NonDom=252  |  BestPenalty=0.00e+00  |  BestNormVio=0
  Best feasible: Cost=1.183e+07→ Emis=9.310e+09→ Time=528.5h→
========================================================================

========================================================================
  [NSGA-II] Gen 252/499  |  559.3s elapsed
  Pop feasible: 300/300 (100.0%)  |  NonDom=259  |  BestPenalty=0.00e+00  |  BestNormVio=0
  Best feasible: Cost=1.183e+07→ Emis=9.310e+09→ Time=528.5h→
========================================================================

========================================================================
  [NSGA-II] Gen 253/499  |  561.4s elapsed
  Pop feasible: 300/300 (100.0%)  |  NonDom=264  |  BestPenalty=0.00e+00  |  BestNormVio=0
  Best feasible: Cost=1.183e+07→ Emis=9.310e+09→ Time=528.5h→
========================================================================

========================================================================
  [NSGA-II] Gen 254/499  |  563.7s elapsed
  Pop feasible: 300/300 (100.0%)  |  NonDom=262  |  BestPenalty=0.00e+00  |  BestNormVio=0
  Best feasible: Cost=1.183e+07→ Emis=9.310e+09→ Time=528.5h→
========================================================================

========================================================================
  [NSGA-II] Gen 255/499  |  565.9s elapsed
  Pop feasible: 300/300 (100.0%)  |  NonDom=263  |  BestPenalty=0.00e+00  |  BestNormVio=0
  Best feasible: Cost=1.183e+07→ Emis=9.310e+09→ Time=528.5h→
========================================================================

========================================================================
  [NSGA-II] Gen 256/499  |  568.0s elapsed
  Pop feasible: 300/300 (100.0%)  |  NonDom=257  |  BestPenalty=0.00e+00  |  BestNormVio=0
  Best feasible: Cost=1.183e+07→ Emis=9.310e+09→ Time=528.5h→
========================================================================

========================================================================
  [NSGA-II] Gen 257/499  |  570.3s elapsed
  Pop feasible: 300/300 (100.0%)  |  NonDom=255  |  BestPenalty=0.00e+00  |  BestNormVio=0
  Best feasible: Cost=1.183e+07→ Emis=9.310e+09→ Time=528.5h→
========================================================================

========================================================================
  [NSGA-II] Gen 258/499  |  572.4s elapsed
  Pop feasible: 300/300 (100.0%)  |  NonDom=256  |  BestPenalty=0.00e+00  |  BestNormVio=0
  Best feasible: Cost=1.183e+07→ Emis=9.310e+09→ Time=528.5h→
========================================================================

========================================================================
  [NSGA-II] Gen 259/499  |  574.7s elapsed
  Pop feasible: 300/300 (100.0%)  |  NonDom=259  |  BestPenalty=0.00e+00  |  BestNormVio=0
  Best feasible: Cost=1.183e+07→ Emis=9.310e+09→ Time=528.5h→
========================================================================

========================================================================
  [NSGA-II] Gen 260/499  |  576.8s elapsed
  Pop feasible: 300/300 (100.0%)  |  NonDom=250  |  BestPenalty=0.00e+00  |  BestNormVio=0
  Best feasible: Cost=1.183e+07→ Emis=9.310e+09→ Time=528.5h→
========================================================================

========================================================================
  [NSGA-II] Gen 261/499  |  578.9s elapsed
  Pop feasible: 300/300 (100.0%)  |  NonDom=254  |  BestPenalty=0.00e+00  |  BestNormVio=0
  Best feasible: Cost=1.183e+07→ Emis=9.310e+09→ Time=528.5h→
========================================================================

========================================================================
  [NSGA-II] Gen 262/499  |  581.2s elapsed
  Pop feasible: 300/300 (100.0%)  |  NonDom=256  |  BestPenalty=0.00e+00  |  BestNormVio=0
  Best feasible: Cost=1.183e+07→ Emis=9.310e+09→ Time=528.5h→
========================================================================

========================================================================
  [NSGA-II] Gen 263/499  |  583.4s elapsed
  Pop feasible: 300/300 (100.0%)  |  NonDom=255  |  BestPenalty=0.00e+00  |  BestNormVio=0
  Best feasible: Cost=1.183e+07→ Emis=9.305e+09↓ Time=528.5h→
========================================================================

========================================================================
  [NSGA-II] Gen 264/499  |  585.5s elapsed
  Pop feasible: 300/300 (100.0%)  |  NonDom=257  |  BestPenalty=0.00e+00  |  BestNormVio=0
  Best feasible: Cost=1.183e+07→ Emis=9.305e+09→ Time=528.5h→
========================================================================

========================================================================
  [NSGA-II] Gen 265/499  |  587.8s elapsed
  Pop feasible: 300/300 (100.0%)  |  NonDom=260  |  BestPenalty=0.00e+00  |  BestNormVio=0
  Best feasible: Cost=1.183e+07→ Emis=9.305e+09→ Time=528.5h→
========================================================================

========================================================================
  [NSGA-II] Gen 266/499  |  590.0s elapsed
  Pop feasible: 300/300 (100.0%)  |  NonDom=261  |  BestPenalty=0.00e+00  |  BestNormVio=0
  Best feasible: Cost=1.183e+07→ Emis=9.305e+09→ Time=528.5h→
========================================================================

========================================================================
  [NSGA-II] Gen 267/499  |  592.3s elapsed
  Pop feasible: 300/300 (100.0%)  |  NonDom=266  |  BestPenalty=0.00e+00  |  BestNormVio=0
  Best feasible: Cost=1.183e+07→ Emis=9.305e+09→ Time=528.5h→
========================================================================

========================================================================
  [NSGA-II] Gen 268/499  |  594.4s elapsed
  Pop feasible: 300/300 (100.0%)  |  NonDom=266  |  BestPenalty=0.00e+00  |  BestNormVio=0
  Best feasible: Cost=1.183e+07→ Emis=9.305e+09→ Time=528.5h→
========================================================================

========================================================================
  [NSGA-II] Gen 269/499  |  596.5s elapsed
  Pop feasible: 300/300 (100.0%)  |  NonDom=266  |  BestPenalty=0.00e+00  |  BestNormVio=0
  Best feasible: Cost=1.183e+07→ Emis=9.305e+09→ Time=528.5h→
========================================================================

========================================================================
  [NSGA-II] Gen 270/499  |  598.8s elapsed
  Pop feasible: 300/300 (100.0%)  |  NonDom=263  |  BestPenalty=0.00e+00  |  BestNormVio=0
  Best feasible: Cost=1.183e+07→ Emis=9.305e+09→ Time=528.5h→
========================================================================

========================================================================
  [NSGA-II] Gen 271/499  |  600.9s elapsed
  Pop feasible: 300/300 (100.0%)  |  NonDom=263  |  BestPenalty=0.00e+00  |  BestNormVio=0
  Best feasible: Cost=1.183e+07→ Emis=9.305e+09→ Time=528.5h→
========================================================================

========================================================================
  [NSGA-II] Gen 272/499  |  603.3s elapsed
  Pop feasible: 300/300 (100.0%)  |  NonDom=261  |  BestPenalty=0.00e+00  |  BestNormVio=0
  Best feasible: Cost=1.183e+07→ Emis=9.305e+09→ Time=528.5h→
========================================================================

========================================================================
  [NSGA-II] Gen 273/499  |  605.4s elapsed
  Pop feasible: 300/300 (100.0%)  |  NonDom=264  |  BestPenalty=0.00e+00  |  BestNormVio=0
  Best feasible: Cost=1.183e+07↓ Emis=9.305e+09→ Time=528.5h→
========================================================================

========================================================================
  [NSGA-II] Gen 274/499  |  607.5s elapsed
  Pop feasible: 300/300 (100.0%)  |  NonDom=261  |  BestPenalty=0.00e+00  |  BestNormVio=0
  Best feasible: Cost=1.183e+07→ Emis=9.305e+09→ Time=528.5h→
========================================================================

========================================================================
  [NSGA-II] Gen 275/499  |  609.8s elapsed
  Pop feasible: 300/300 (100.0%)  |  NonDom=266  |  BestPenalty=0.00e+00  |  BestNormVio=0
  Best feasible: Cost=1.183e+07→ Emis=9.305e+09→ Time=528.5h→
========================================================================

========================================================================
  [NSGA-II] Gen 276/499  |  612.0s elapsed
  Pop feasible: 300/300 (100.0%)  |  NonDom=267  |  BestPenalty=0.00e+00  |  BestNormVio=0
  Best feasible: Cost=1.183e+07→ Emis=9.305e+09→ Time=528.5h→
========================================================================

========================================================================
  [NSGA-II] Gen 277/499  |  614.1s elapsed
  Pop feasible: 300/300 (100.0%)  |  NonDom=269  |  BestPenalty=0.00e+00  |  BestNormVio=0
  Best feasible: Cost=1.183e+07→ Emis=9.305e+09→ Time=528.5h→
========================================================================

========================================================================
  [NSGA-II] Gen 278/499  |  616.4s elapsed
  Pop feasible: 300/300 (100.0%)  |  NonDom=268  |  BestPenalty=0.00e+00  |  BestNormVio=0
  Best feasible: Cost=1.183e+07→ Emis=9.305e+09→ Time=528.5h→
========================================================================

========================================================================
  [NSGA-II] Gen 279/499  |  618.5s elapsed
  Pop feasible: 300/300 (100.0%)  |  NonDom=268  |  BestPenalty=0.00e+00  |  BestNormVio=0
  Best feasible: Cost=1.182e+07↓ Emis=9.305e+09→ Time=528.5h→
========================================================================

========================================================================
  [NSGA-II] Gen 280/499  |  620.8s elapsed
  Pop feasible: 300/300 (100.0%)  |  NonDom=266  |  BestPenalty=0.00e+00  |  BestNormVio=0
  Best feasible: Cost=1.182e+07→ Emis=9.305e+09→ Time=528.5h→
========================================================================

========================================================================
  [NSGA-II] Gen 281/499  |  623.0s elapsed
  Pop feasible: 300/300 (100.0%)  |  NonDom=267  |  BestPenalty=0.00e+00  |  BestNormVio=0
  Best feasible: Cost=1.182e+07→ Emis=9.305e+09→ Time=528.5h→
========================================================================

========================================================================
  [NSGA-II] Gen 282/499  |  625.1s elapsed
  Pop feasible: 300/300 (100.0%)  |  NonDom=266  |  BestPenalty=0.00e+00  |  BestNormVio=0
  Best feasible: Cost=1.182e+07→ Emis=9.305e+09→ Time=528.5h→
========================================================================

========================================================================
  [NSGA-II] Gen 283/499  |  627.4s elapsed
  Pop feasible: 300/300 (100.0%)  |  NonDom=264  |  BestPenalty=0.00e+00  |  BestNormVio=0
  Best feasible: Cost=1.182e+07↓ Emis=9.305e+09→ Time=528.5h→
========================================================================

========================================================================
  [NSGA-II] Gen 284/499  |  629.5s elapsed
  Pop feasible: 300/300 (100.0%)  |  NonDom=265  |  BestPenalty=0.00e+00  |  BestNormVio=0
  Best feasible: Cost=1.182e+07→ Emis=9.305e+09→ Time=528.5h→
========================================================================

========================================================================
  [NSGA-II] Gen 285/499  |  631.9s elapsed
  Pop feasible: 300/300 (100.0%)  |  NonDom=267  |  BestPenalty=0.00e+00  |  BestNormVio=0
  Best feasible: Cost=1.182e+07→ Emis=9.305e+09→ Time=528.5h→
========================================================================

========================================================================
  [NSGA-II] Gen 286/499  |  634.0s elapsed
  Pop feasible: 300/300 (100.0%)  |  NonDom=262  |  BestPenalty=0.00e+00  |  BestNormVio=0
  Best feasible: Cost=1.182e+07→ Emis=9.305e+09→ Time=528.5h→
========================================================================

========================================================================
  [NSGA-II] Gen 287/499  |  636.1s elapsed
  Pop feasible: 300/300 (100.0%)  |  NonDom=271  |  BestPenalty=0.00e+00  |  BestNormVio=0
  Best feasible: Cost=1.182e+07→ Emis=9.305e+09→ Time=528.5h→
========================================================================

========================================================================
  [NSGA-II] Gen 288/499  |  638.4s elapsed
  Pop feasible: 300/300 (100.0%)  |  NonDom=266  |  BestPenalty=0.00e+00  |  BestNormVio=0
  Best feasible: Cost=1.182e+07→ Emis=9.305e+09→ Time=528.5h→
========================================================================

========================================================================
  [NSGA-II] Gen 289/499  |  640.6s elapsed
  Pop feasible: 300/300 (100.0%)  |  NonDom=267  |  BestPenalty=0.00e+00  |  BestNormVio=0
  Best feasible: Cost=1.182e+07→ Emis=9.305e+09→ Time=528.5h→
========================================================================

========================================================================
  [NSGA-II] Gen 290/499  |  642.8s elapsed
  Pop feasible: 300/300 (100.0%)  |  NonDom=270  |  BestPenalty=0.00e+00  |  BestNormVio=0
  Best feasible: Cost=1.182e+07→ Emis=9.305e+09→ Time=528.5h→
========================================================================

========================================================================
  [NSGA-II] Gen 291/499  |  645.0s elapsed
  Pop feasible: 300/300 (100.0%)  |  NonDom=274  |  BestPenalty=0.00e+00  |  BestNormVio=0
  Best feasible: Cost=1.182e+07→ Emis=9.305e+09→ Time=528.5h→
========================================================================

========================================================================
  [NSGA-II] Gen 292/499  |  647.2s elapsed
  Pop feasible: 300/300 (100.0%)  |  NonDom=273  |  BestPenalty=0.00e+00  |  BestNormVio=0
  Best feasible: Cost=1.182e+07→ Emis=9.305e+09→ Time=528.5h→
========================================================================

========================================================================
  [NSGA-II] Gen 293/499  |  649.5s elapsed
  Pop feasible: 300/300 (100.0%)  |  NonDom=268  |  BestPenalty=0.00e+00  |  BestNormVio=0
  Best feasible: Cost=1.182e+07→ Emis=9.305e+09→ Time=528.5h→
========================================================================

========================================================================
  [NSGA-II] Gen 294/499  |  651.6s elapsed
  Pop feasible: 300/300 (100.0%)  |  NonDom=270  |  BestPenalty=0.00e+00  |  BestNormVio=0
  Best feasible: Cost=1.182e+07→ Emis=9.305e+09→ Time=528.5h→
========================================================================

========================================================================
  [NSGA-II] Gen 295/499  |  653.7s elapsed
  Pop feasible: 300/300 (100.0%)  |  NonDom=268  |  BestPenalty=0.00e+00  |  BestNormVio=0
  Best feasible: Cost=1.182e+07→ Emis=9.302e+09↓ Time=528.5h→
========================================================================

========================================================================
  [NSGA-II] Gen 296/499  |  656.0s elapsed
  Pop feasible: 300/300 (100.0%)  |  NonDom=266  |  BestPenalty=0.00e+00  |  BestNormVio=0
  Best feasible: Cost=1.182e+07→ Emis=9.302e+09→ Time=528.5h→
========================================================================

========================================================================
  [NSGA-II] Gen 297/499  |  658.1s elapsed
  Pop feasible: 300/300 (100.0%)  |  NonDom=265  |  BestPenalty=0.00e+00  |  BestNormVio=0
  Best feasible: Cost=1.182e+07→ Emis=9.302e+09→ Time=528.5h→
========================================================================

========================================================================
  [NSGA-II] Gen 298/499  |  660.3s elapsed
  Pop feasible: 300/300 (100.0%)  |  NonDom=263  |  BestPenalty=0.00e+00  |  BestNormVio=0
  Best feasible: Cost=1.182e+07→ Emis=9.302e+09→ Time=528.5h→
========================================================================

========================================================================
  [NSGA-II] Gen 299/499  |  662.6s elapsed
  Pop feasible: 300/300 (100.0%)  |  NonDom=264  |  BestPenalty=0.00e+00  |  BestNormVio=0
  Best feasible: Cost=1.182e+07→ Emis=9.302e+09→ Time=528.5h→
========================================================================

========================================================================
  [NSGA-II] Gen 300/499  |  664.7s elapsed
  Pop feasible: 300/300 (100.0%)  |  NonDom=269  |  BestPenalty=0.00e+00  |  BestNormVio=0
  Best feasible: Cost=1.182e+07→ Emis=9.302e+09→ Time=528.5h→
========================================================================

========================================================================
  [NSGA-II] Gen 301/499  |  667.1s elapsed
  Pop feasible: 300/300 (100.0%)  |  NonDom=270  |  BestPenalty=0.00e+00  |  BestNormVio=0
  Best feasible: Cost=1.182e+07→ Emis=9.302e+09→ Time=528.5h→
========================================================================

========================================================================
  [NSGA-II] Gen 302/499  |  669.3s elapsed
  Pop feasible: 300/300 (100.0%)  |  NonDom=268  |  BestPenalty=0.00e+00  |  BestNormVio=0
  Best feasible: Cost=1.182e+07→ Emis=9.302e+09→ Time=528.5h→
========================================================================

========================================================================
  [NSGA-II] Gen 303/499  |  671.4s elapsed
  Pop feasible: 300/300 (100.0%)  |  NonDom=274  |  BestPenalty=0.00e+00  |  BestNormVio=0
  Best feasible: Cost=1.182e+07→ Emis=9.302e+09→ Time=528.5h→
========================================================================

========================================================================
  [NSGA-II] Gen 304/499  |  673.7s elapsed
  Pop feasible: 300/300 (100.0%)  |  NonDom=277  |  BestPenalty=0.00e+00  |  BestNormVio=0
  Best feasible: Cost=1.182e+07→ Emis=9.302e+09→ Time=528.5h→
========================================================================

========================================================================
  [NSGA-II] Gen 305/499  |  675.8s elapsed
  Pop feasible: 300/300 (100.0%)  |  NonDom=277  |  BestPenalty=0.00e+00  |  BestNormVio=0
  Best feasible: Cost=1.182e+07→ Emis=9.302e+09→ Time=528.5h→
========================================================================

========================================================================
  [NSGA-II] Gen 306/499  |  678.2s elapsed
  Pop feasible: 300/300 (100.0%)  |  NonDom=275  |  BestPenalty=0.00e+00  |  BestNormVio=0
  Best feasible: Cost=1.182e+07→ Emis=9.302e+09→ Time=528.5h→
========================================================================

========================================================================
  [NSGA-II] Gen 307/499  |  680.3s elapsed
  Pop feasible: 300/300 (100.0%)  |  NonDom=278  |  BestPenalty=0.00e+00  |  BestNormVio=0
  Best feasible: Cost=1.182e+07→ Emis=9.302e+09→ Time=528.5h→
========================================================================

========================================================================
  [NSGA-II] Gen 308/499  |  682.4s elapsed
  Pop feasible: 300/300 (100.0%)  |  NonDom=274  |  BestPenalty=0.00e+00  |  BestNormVio=0
  Best feasible: Cost=1.182e+07→ Emis=9.302e+09→ Time=528.5h→
========================================================================

========================================================================
  [NSGA-II] Gen 309/499  |  684.7s elapsed
  Pop feasible: 300/300 (100.0%)  |  NonDom=266  |  BestPenalty=0.00e+00  |  BestNormVio=0
  Best feasible: Cost=1.182e+07→ Emis=9.302e+09→ Time=528.5h→
========================================================================

========================================================================
  [NSGA-II] Gen 310/499  |  686.9s elapsed
  Pop feasible: 300/300 (100.0%)  |  NonDom=265  |  BestPenalty=0.00e+00  |  BestNormVio=0
  Best feasible: Cost=1.182e+07→ Emis=9.302e+09→ Time=528.5h→
========================================================================

========================================================================
  [NSGA-II] Gen 311/499  |  689.3s elapsed
  Pop feasible: 300/300 (100.0%)  |  NonDom=268  |  BestPenalty=0.00e+00  |  BestNormVio=0
  Best feasible: Cost=1.182e+07→ Emis=9.302e+09→ Time=528.5h→
========================================================================

========================================================================
  [NSGA-II] Gen 312/499  |  691.4s elapsed
  Pop feasible: 300/300 (100.0%)  |  NonDom=275  |  BestPenalty=0.00e+00  |  BestNormVio=0
  Best feasible: Cost=1.182e+07→ Emis=9.302e+09→ Time=528.5h→
========================================================================

========================================================================
  [NSGA-II] Gen 313/499  |  693.6s elapsed
  Pop feasible: 300/300 (100.0%)  |  NonDom=268  |  BestPenalty=0.00e+00  |  BestNormVio=0
  Best feasible: Cost=1.182e+07→ Emis=9.302e+09→ Time=528.5h→
========================================================================

========================================================================
  [NSGA-II] Gen 314/499  |  695.9s elapsed
  Pop feasible: 300/300 (100.0%)  |  NonDom=264  |  BestPenalty=0.00e+00  |  BestNormVio=0
  Best feasible: Cost=1.182e+07→ Emis=9.300e+09↓ Time=528.5h→
========================================================================

========================================================================
  [NSGA-II] Gen 315/499  |  698.0s elapsed
  Pop feasible: 300/300 (100.0%)  |  NonDom=262  |  BestPenalty=0.00e+00  |  BestNormVio=0
  Best feasible: Cost=1.182e+07↓ Emis=9.300e+09→ Time=528.5h→
========================================================================

========================================================================
  [NSGA-II] Gen 316/499  |  700.1s elapsed
  Pop feasible: 300/300 (100.0%)  |  NonDom=263  |  BestPenalty=0.00e+00  |  BestNormVio=0
  Best feasible: Cost=1.182e+07→ Emis=9.300e+09→ Time=528.5h→
========================================================================

========================================================================
  [NSGA-II] Gen 317/499  |  702.4s elapsed
  Pop feasible: 300/300 (100.0%)  |  NonDom=266  |  BestPenalty=0.00e+00  |  BestNormVio=0
  Best feasible: Cost=1.182e+07→ Emis=9.300e+09→ Time=528.5h→
========================================================================

========================================================================
  [NSGA-II] Gen 318/499  |  704.5s elapsed
  Pop feasible: 300/300 (100.0%)  |  NonDom=269  |  BestPenalty=0.00e+00  |  BestNormVio=0
  Best feasible: Cost=1.182e+07→ Emis=9.300e+09→ Time=528.5h→
========================================================================

========================================================================
  [NSGA-II] Gen 319/499  |  706.9s elapsed
  Pop feasible: 300/300 (100.0%)  |  NonDom=262  |  BestPenalty=0.00e+00  |  BestNormVio=0
  Best feasible: Cost=1.182e+07→ Emis=9.300e+09→ Time=528.5h→
========================================================================

========================================================================
  [NSGA-II] Gen 320/499  |  709.0s elapsed
  Pop feasible: 300/300 (100.0%)  |  NonDom=258  |  BestPenalty=0.00e+00  |  BestNormVio=0
  Best feasible: Cost=1.182e+07→ Emis=9.300e+09→ Time=528.5h→
========================================================================

========================================================================
  [NSGA-II] Gen 321/499  |  711.1s elapsed
  Pop feasible: 300/300 (100.0%)  |  NonDom=260  |  BestPenalty=0.00e+00  |  BestNormVio=0
  Best feasible: Cost=1.182e+07→ Emis=9.300e+09→ Time=528.5h→
========================================================================

========================================================================
  [NSGA-II] Gen 322/499  |  713.4s elapsed
  Pop feasible: 300/300 (100.0%)  |  NonDom=260  |  BestPenalty=0.00e+00  |  BestNormVio=0
  Best feasible: Cost=1.182e+07→ Emis=9.300e+09→ Time=528.5h→
========================================================================

========================================================================
  [NSGA-II] Gen 323/499  |  715.5s elapsed
  Pop feasible: 300/300 (100.0%)  |  NonDom=265  |  BestPenalty=0.00e+00  |  BestNormVio=0
  Best feasible: Cost=1.182e+07→ Emis=9.300e+09→ Time=528.5h→
========================================================================

========================================================================
  [NSGA-II] Gen 324/499  |  717.7s elapsed
  Pop feasible: 300/300 (100.0%)  |  NonDom=263  |  BestPenalty=0.00e+00  |  BestNormVio=0
  Best feasible: Cost=1.182e+07→ Emis=9.300e+09→ Time=528.5h→
========================================================================

========================================================================
  [NSGA-II] Gen 325/499  |  719.9s elapsed
  Pop feasible: 300/300 (100.0%)  |  NonDom=270  |  BestPenalty=0.00e+00  |  BestNormVio=0
  Best feasible: Cost=1.182e+07→ Emis=9.300e+09→ Time=528.5h→
========================================================================

========================================================================
  [NSGA-II] Gen 326/499  |  722.0s elapsed
  Pop feasible: 300/300 (100.0%)  |  NonDom=265  |  BestPenalty=0.00e+00  |  BestNormVio=0
  Best feasible: Cost=1.182e+07→ Emis=9.300e+09→ Time=528.5h→
========================================================================

========================================================================
  [NSGA-II] Gen 327/499  |  724.4s elapsed
  Pop feasible: 300/300 (100.0%)  |  NonDom=268  |  BestPenalty=0.00e+00  |  BestNormVio=0
  Best feasible: Cost=1.182e+07→ Emis=9.299e+09↓ Time=528.5h→
========================================================================

========================================================================
  [NSGA-II] Gen 328/499  |  726.5s elapsed
  Pop feasible: 300/300 (100.0%)  |  NonDom=267  |  BestPenalty=0.00e+00  |  BestNormVio=0
  Best feasible: Cost=1.182e+07→ Emis=9.299e+09→ Time=528.5h→
========================================================================

========================================================================
  [NSGA-II] Gen 329/499  |  728.6s elapsed
  Pop feasible: 300/300 (100.0%)  |  NonDom=269  |  BestPenalty=0.00e+00  |  BestNormVio=0
  Best feasible: Cost=1.182e+07→ Emis=9.299e+09→ Time=528.5h→
========================================================================

========================================================================
  [NSGA-II] Gen 330/499  |  730.9s elapsed
  Pop feasible: 300/300 (100.0%)  |  NonDom=267  |  BestPenalty=0.00e+00  |  BestNormVio=0
  Best feasible: Cost=1.182e+07→ Emis=9.297e+09↓ Time=528.5h→
========================================================================

========================================================================
  [NSGA-II] Gen 331/499  |  733.0s elapsed
  Pop feasible: 300/300 (100.0%)  |  NonDom=271  |  BestPenalty=0.00e+00  |  BestNormVio=0
  Best feasible: Cost=1.182e+07→ Emis=9.297e+09→ Time=528.5h→
========================================================================

========================================================================
  [NSGA-II] Gen 332/499  |  735.1s elapsed
  Pop feasible: 300/300 (100.0%)  |  NonDom=271  |  BestPenalty=0.00e+00  |  BestNormVio=0
  Best feasible: Cost=1.182e+07→ Emis=9.297e+09→ Time=528.5h→
========================================================================

========================================================================
  [NSGA-II] Gen 333/499  |  737.4s elapsed
  Pop feasible: 300/300 (100.0%)  |  NonDom=270  |  BestPenalty=0.00e+00  |  BestNormVio=0
  Best feasible: Cost=1.182e+07→ Emis=9.297e+09→ Time=528.5h→
========================================================================

========================================================================
  [NSGA-II] Gen 334/499  |  739.5s elapsed
  Pop feasible: 300/300 (100.0%)  |  NonDom=269  |  BestPenalty=0.00e+00  |  BestNormVio=0
  Best feasible: Cost=1.182e+07→ Emis=9.297e+09→ Time=528.5h→
========================================================================

========================================================================
  [NSGA-II] Gen 335/499  |  741.9s elapsed
  Pop feasible: 300/300 (100.0%)  |  NonDom=268  |  BestPenalty=0.00e+00  |  BestNormVio=0
  Best feasible: Cost=1.182e+07→ Emis=9.297e+09→ Time=528.5h→
========================================================================

========================================================================
  [NSGA-II] Gen 336/499  |  744.0s elapsed
  Pop feasible: 300/300 (100.0%)  |  NonDom=261  |  BestPenalty=0.00e+00  |  BestNormVio=0
  Best feasible: Cost=1.182e+07→ Emis=9.295e+09↓ Time=528.5h→
========================================================================

========================================================================
  [NSGA-II] Gen 337/499  |  746.2s elapsed
  Pop feasible: 300/300 (100.0%)  |  NonDom=265  |  BestPenalty=0.00e+00  |  BestNormVio=0
  Best feasible: Cost=1.182e+07→ Emis=9.295e+09→ Time=528.5h→
========================================================================

========================================================================
  [NSGA-II] Gen 338/499  |  748.5s elapsed
  Pop feasible: 300/300 (100.0%)  |  NonDom=270  |  BestPenalty=0.00e+00  |  BestNormVio=0
  Best feasible: Cost=1.182e+07→ Emis=9.295e+09→ Time=528.5h→
========================================================================

========================================================================
  [NSGA-II] Gen 339/499  |  750.6s elapsed
  Pop feasible: 300/300 (100.0%)  |  NonDom=265  |  BestPenalty=0.00e+00  |  BestNormVio=0
  Best feasible: Cost=1.182e+07→ Emis=9.295e+09→ Time=528.5h→
========================================================================

========================================================================
  [NSGA-II] Gen 340/499  |  752.8s elapsed
  Pop feasible: 300/300 (100.0%)  |  NonDom=259  |  BestPenalty=0.00e+00  |  BestNormVio=0
  Best feasible: Cost=1.182e+07→ Emis=9.295e+09→ Time=528.5h→
========================================================================

========================================================================
  [NSGA-II] Gen 341/499  |  755.1s elapsed
  Pop feasible: 300/300 (100.0%)  |  NonDom=260  |  BestPenalty=0.00e+00  |  BestNormVio=0
  Best feasible: Cost=1.182e+07→ Emis=9.295e+09→ Time=528.5h→
========================================================================

========================================================================
  [NSGA-II] Gen 342/499  |  757.2s elapsed
  Pop feasible: 300/300 (100.0%)  |  NonDom=262  |  BestPenalty=0.00e+00  |  BestNormVio=0
  Best feasible: Cost=1.182e+07→ Emis=9.295e+09→ Time=528.5h→
========================================================================

========================================================================
  [NSGA-II] Gen 343/499  |  759.5s elapsed
  Pop feasible: 300/300 (100.0%)  |  NonDom=265  |  BestPenalty=0.00e+00  |  BestNormVio=0
  Best feasible: Cost=1.182e+07→ Emis=9.295e+09→ Time=528.5h→
========================================================================

========================================================================
  [NSGA-II] Gen 344/499  |  761.7s elapsed
  Pop feasible: 300/300 (100.0%)  |  NonDom=264  |  BestPenalty=0.00e+00  |  BestNormVio=0
  Best feasible: Cost=1.182e+07→ Emis=9.295e+09→ Time=528.5h→
========================================================================

========================================================================
  [NSGA-II] Gen 345/499  |  763.9s elapsed
  Pop feasible: 300/300 (100.0%)  |  NonDom=265  |  BestPenalty=0.00e+00  |  BestNormVio=0
  Best feasible: Cost=1.182e+07→ Emis=9.295e+09→ Time=528.5h→
========================================================================

========================================================================
  [NSGA-II] Gen 346/499  |  766.2s elapsed
  Pop feasible: 300/300 (100.0%)  |  NonDom=265  |  BestPenalty=0.00e+00  |  BestNormVio=0
  Best feasible: Cost=1.182e+07→ Emis=9.295e+09→ Time=528.5h→
========================================================================

========================================================================
  [NSGA-II] Gen 347/499  |  768.3s elapsed
  Pop feasible: 300/300 (100.0%)  |  NonDom=264  |  BestPenalty=0.00e+00  |  BestNormVio=0
  Best feasible: Cost=1.182e+07→ Emis=9.295e+09→ Time=528.5h→
========================================================================

========================================================================
  [NSGA-II] Gen 348/499  |  770.6s elapsed
  Pop feasible: 300/300 (100.0%)  |  NonDom=264  |  BestPenalty=0.00e+00  |  BestNormVio=0
  Best feasible: Cost=1.182e+07→ Emis=9.295e+09→ Time=528.5h→
========================================================================

========================================================================
  [NSGA-II] Gen 349/499  |  772.7s elapsed
  Pop feasible: 300/300 (100.0%)  |  NonDom=265  |  BestPenalty=0.00e+00  |  BestNormVio=0
  Best feasible: Cost=1.182e+07→ Emis=9.295e+09→ Time=528.5h→
========================================================================

========================================================================
  [NSGA-II] Gen 350/499  |  774.8s elapsed
  Pop feasible: 300/300 (100.0%)  |  NonDom=264  |  BestPenalty=0.00e+00  |  BestNormVio=0
  Best feasible: Cost=1.182e+07→ Emis=9.295e+09→ Time=528.5h→
========================================================================

========================================================================
  [NSGA-II] Gen 351/499  |  777.1s elapsed
  Pop feasible: 300/300 (100.0%)  |  NonDom=261  |  BestPenalty=0.00e+00  |  BestNormVio=0
  Best feasible: Cost=1.182e+07→ Emis=9.295e+09→ Time=528.5h→
========================================================================

========================================================================
  [NSGA-II] Gen 352/499  |  779.2s elapsed
  Pop feasible: 300/300 (100.0%)  |  NonDom=258  |  BestPenalty=0.00e+00  |  BestNormVio=0
  Best feasible: Cost=1.182e+07→ Emis=9.295e+09→ Time=528.5h→
========================================================================

========================================================================
  [NSGA-II] Gen 353/499  |  781.3s elapsed
  Pop feasible: 300/300 (100.0%)  |  NonDom=257  |  BestPenalty=0.00e+00  |  BestNormVio=0
  Best feasible: Cost=1.182e+07→ Emis=9.295e+09→ Time=528.5h→
========================================================================

========================================================================
  [NSGA-II] Gen 354/499  |  783.6s elapsed
  Pop feasible: 300/300 (100.0%)  |  NonDom=263  |  BestPenalty=0.00e+00  |  BestNormVio=0
  Best feasible: Cost=1.182e+07→ Emis=9.295e+09→ Time=528.5h→
========================================================================

========================================================================
  [NSGA-II] Gen 355/499  |  785.7s elapsed
  Pop feasible: 300/300 (100.0%)  |  NonDom=251  |  BestPenalty=0.00e+00  |  BestNormVio=0
  Best feasible: Cost=1.182e+07→ Emis=9.295e+09→ Time=528.5h→
========================================================================

========================================================================
  [NSGA-II] Gen 356/499  |  788.0s elapsed
  Pop feasible: 300/300 (100.0%)  |  NonDom=252  |  BestPenalty=0.00e+00  |  BestNormVio=0
  Best feasible: Cost=1.182e+07→ Emis=9.295e+09→ Time=528.5h→
========================================================================

========================================================================
  [NSGA-II] Gen 357/499  |  790.1s elapsed
  Pop feasible: 300/300 (100.0%)  |  NonDom=244  |  BestPenalty=0.00e+00  |  BestNormVio=0
  Best feasible: Cost=1.182e+07→ Emis=9.295e+09→ Time=528.5h→
========================================================================

========================================================================
  [NSGA-II] Gen 358/499  |  792.2s elapsed
  Pop feasible: 300/300 (100.0%)  |  NonDom=251  |  BestPenalty=0.00e+00  |  BestNormVio=0
  Best feasible: Cost=1.182e+07→ Emis=9.295e+09→ Time=528.5h→
========================================================================

========================================================================
  [NSGA-II] Gen 359/499  |  794.6s elapsed
  Pop feasible: 300/300 (100.0%)  |  NonDom=250  |  BestPenalty=0.00e+00  |  BestNormVio=0
  Best feasible: Cost=1.182e+07→ Emis=9.295e+09→ Time=528.5h→
========================================================================

========================================================================
  [NSGA-II] Gen 360/499  |  796.7s elapsed
  Pop feasible: 300/300 (100.0%)  |  NonDom=256  |  BestPenalty=0.00e+00  |  BestNormVio=0
  Best feasible: Cost=1.182e+07→ Emis=9.295e+09→ Time=528.5h→
========================================================================

========================================================================
  [NSGA-II] Gen 361/499  |  799.0s elapsed
  Pop feasible: 300/300 (100.0%)  |  NonDom=258  |  BestPenalty=0.00e+00  |  BestNormVio=0
  Best feasible: Cost=1.182e+07→ Emis=9.295e+09→ Time=528.5h→
========================================================================

========================================================================
  [NSGA-II] Gen 362/499  |  801.1s elapsed
  Pop feasible: 300/300 (100.0%)  |  NonDom=252  |  BestPenalty=0.00e+00  |  BestNormVio=0
  Best feasible: Cost=1.182e+07→ Emis=9.295e+09→ Time=528.5h→
========================================================================

========================================================================
  [NSGA-II] Gen 363/499  |  803.2s elapsed
  Pop feasible: 300/300 (100.0%)  |  NonDom=240  |  BestPenalty=0.00e+00  |  BestNormVio=0
  Best feasible: Cost=1.182e+07→ Emis=9.295e+09→ Time=528.5h→
========================================================================

========================================================================
  [NSGA-II] Gen 364/499  |  805.5s elapsed
  Pop feasible: 300/300 (100.0%)  |  NonDom=245  |  BestPenalty=0.00e+00  |  BestNormVio=0
  Best feasible: Cost=1.182e+07→ Emis=9.295e+09→ Time=528.5h→
========================================================================

========================================================================
  [NSGA-II] Gen 365/499  |  807.7s elapsed
  Pop feasible: 300/300 (100.0%)  |  NonDom=244  |  BestPenalty=0.00e+00  |  BestNormVio=0
  Best feasible: Cost=1.182e+07→ Emis=9.295e+09→ Time=528.5h→
========================================================================

========================================================================
  [NSGA-II] Gen 366/499  |  809.8s elapsed
  Pop feasible: 300/300 (100.0%)  |  NonDom=249  |  BestPenalty=0.00e+00  |  BestNormVio=0
  Best feasible: Cost=1.182e+07→ Emis=9.295e+09→ Time=528.5h→
========================================================================

========================================================================
  [NSGA-II] Gen 367/499  |  812.1s elapsed
  Pop feasible: 300/300 (100.0%)  |  NonDom=259  |  BestPenalty=0.00e+00  |  BestNormVio=0
  Best feasible: Cost=1.181e+07↓ Emis=9.295e+09→ Time=528.5h→
========================================================================

========================================================================
  [NSGA-II] Gen 368/499  |  814.2s elapsed
  Pop feasible: 300/300 (100.0%)  |  NonDom=257  |  BestPenalty=0.00e+00  |  BestNormVio=0
  Best feasible: Cost=1.181e+07→ Emis=9.294e+09↓ Time=528.5h→
========================================================================

========================================================================
  [NSGA-II] Gen 369/499  |  816.6s elapsed
  Pop feasible: 300/300 (100.0%)  |  NonDom=257  |  BestPenalty=0.00e+00  |  BestNormVio=0
  Best feasible: Cost=1.181e+07→ Emis=9.294e+09→ Time=528.5h→
========================================================================

========================================================================
  [NSGA-II] Gen 370/499  |  818.7s elapsed
  Pop feasible: 300/300 (100.0%)  |  NonDom=252  |  BestPenalty=0.00e+00  |  BestNormVio=0
  Best feasible: Cost=1.181e+07→ Emis=9.294e+09→ Time=528.5h→
========================================================================

========================================================================
  [NSGA-II] Gen 371/499  |  820.8s elapsed
  Pop feasible: 300/300 (100.0%)  |  NonDom=253  |  BestPenalty=0.00e+00  |  BestNormVio=0
  Best feasible: Cost=1.181e+07→ Emis=9.294e+09→ Time=528.5h→
========================================================================

========================================================================
  [NSGA-II] Gen 372/499  |  823.1s elapsed
  Pop feasible: 300/300 (100.0%)  |  NonDom=250  |  BestPenalty=0.00e+00  |  BestNormVio=0
  Best feasible: Cost=1.181e+07→ Emis=9.294e+09→ Time=528.5h→
========================================================================

========================================================================
  [NSGA-II] Gen 373/499  |  825.2s elapsed
  Pop feasible: 300/300 (100.0%)  |  NonDom=249  |  BestPenalty=0.00e+00  |  BestNormVio=0
  Best feasible: Cost=1.181e+07→ Emis=9.294e+09→ Time=528.5h→
========================================================================

========================================================================
  [NSGA-II] Gen 374/499  |  827.3s elapsed
  Pop feasible: 300/300 (100.0%)  |  NonDom=255  |  BestPenalty=0.00e+00  |  BestNormVio=0
  Best feasible: Cost=1.181e+07↓ Emis=9.294e+09→ Time=528.5h→
========================================================================

========================================================================
  [NSGA-II] Gen 375/499  |  829.6s elapsed
  Pop feasible: 300/300 (100.0%)  |  NonDom=252  |  BestPenalty=0.00e+00  |  BestNormVio=0
  Best feasible: Cost=1.181e+07→ Emis=9.294e+09→ Time=528.5h→
========================================================================

========================================================================
  [NSGA-II] Gen 376/499  |  831.7s elapsed
  Pop feasible: 300/300 (100.0%)  |  NonDom=253  |  BestPenalty=0.00e+00  |  BestNormVio=0
  Best feasible: Cost=1.181e+07→ Emis=9.294e+09→ Time=528.5h→
========================================================================

========================================================================
  [NSGA-II] Gen 377/499  |  834.0s elapsed
  Pop feasible: 300/300 (100.0%)  |  NonDom=252  |  BestPenalty=0.00e+00  |  BestNormVio=0
  Best feasible: Cost=1.181e+07→ Emis=9.294e+09→ Time=528.5h→
========================================================================

========================================================================
  [NSGA-II] Gen 378/499  |  836.1s elapsed
  Pop feasible: 300/300 (100.0%)  |  NonDom=255  |  BestPenalty=0.00e+00  |  BestNormVio=0
  Best feasible: Cost=1.181e+07→ Emis=9.292e+09↓ Time=528.5h→
========================================================================

========================================================================
  [NSGA-II] Gen 379/499  |  838.3s elapsed
  Pop feasible: 300/300 (100.0%)  |  NonDom=251  |  BestPenalty=0.00e+00  |  BestNormVio=0
  Best feasible: Cost=1.181e+07→ Emis=9.292e+09→ Time=528.5h→
========================================================================

========================================================================
  [NSGA-II] Gen 380/499  |  840.6s elapsed
  Pop feasible: 300/300 (100.0%)  |  NonDom=250  |  BestPenalty=0.00e+00  |  BestNormVio=0
  Best feasible: Cost=1.181e+07→ Emis=9.292e+09→ Time=528.5h→
========================================================================

========================================================================
  [NSGA-II] Gen 381/499  |  842.8s elapsed
  Pop feasible: 300/300 (100.0%)  |  NonDom=253  |  BestPenalty=0.00e+00  |  BestNormVio=0
  Best feasible: Cost=1.180e+07↓ Emis=9.292e+09→ Time=528.5h→
========================================================================

========================================================================
  [NSGA-II] Gen 382/499  |  845.0s elapsed
  Pop feasible: 300/300 (100.0%)  |  NonDom=254  |  BestPenalty=0.00e+00  |  BestNormVio=0
  Best feasible: Cost=1.180e+07↓ Emis=9.280e+09↓ Time=528.5h→
========================================================================

========================================================================
  [NSGA-II] Gen 383/499  |  847.2s elapsed
  Pop feasible: 300/300 (100.0%)  |  NonDom=248  |  BestPenalty=0.00e+00  |  BestNormVio=0
  Best feasible: Cost=1.180e+07→ Emis=9.280e+09→ Time=528.5h→
========================================================================

========================================================================
  [NSGA-II] Gen 384/499  |  849.2s elapsed
  Pop feasible: 300/300 (100.0%)  |  NonDom=249  |  BestPenalty=0.00e+00  |  BestNormVio=0
  Best feasible: Cost=1.180e+07→ Emis=9.280e+09→ Time=528.5h→
========================================================================

========================================================================
  [NSGA-II] Gen 385/499  |  851.6s elapsed
  Pop feasible: 300/300 (100.0%)  |  NonDom=251  |  BestPenalty=0.00e+00  |  BestNormVio=0
  Best feasible: Cost=1.180e+07→ Emis=9.280e+09→ Time=528.5h→
========================================================================

========================================================================
  [NSGA-II] Gen 386/499  |  853.7s elapsed
  Pop feasible: 300/300 (100.0%)  |  NonDom=256  |  BestPenalty=0.00e+00  |  BestNormVio=0
  Best feasible: Cost=1.180e+07→ Emis=9.280e+09→ Time=528.5h→
========================================================================

========================================================================
  [NSGA-II] Gen 387/499  |  855.8s elapsed
  Pop feasible: 300/300 (100.0%)  |  NonDom=254  |  BestPenalty=0.00e+00  |  BestNormVio=0
  Best feasible: Cost=1.179e+07↓ Emis=9.280e+09→ Time=528.5h→
========================================================================

========================================================================
  [NSGA-II] Gen 388/499  |  858.1s elapsed
  Pop feasible: 300/300 (100.0%)  |  NonDom=255  |  BestPenalty=0.00e+00  |  BestNormVio=0
  Best feasible: Cost=1.179e+07→ Emis=9.280e+09→ Time=528.5h→
========================================================================

========================================================================
  [NSGA-II] Gen 389/499  |  860.2s elapsed
  Pop feasible: 300/300 (100.0%)  |  NonDom=258  |  BestPenalty=0.00e+00  |  BestNormVio=0
  Best feasible: Cost=1.179e+07→ Emis=9.280e+09→ Time=528.5h→
========================================================================

========================================================================
  [NSGA-II] Gen 390/499  |  862.5s elapsed
  Pop feasible: 300/300 (100.0%)  |  NonDom=258  |  BestPenalty=0.00e+00  |  BestNormVio=0
  Best feasible: Cost=1.179e+07→ Emis=9.280e+09→ Time=528.5h→
========================================================================

========================================================================
  [NSGA-II] Gen 391/499  |  864.6s elapsed
  Pop feasible: 300/300 (100.0%)  |  NonDom=254  |  BestPenalty=0.00e+00  |  BestNormVio=0
  Best feasible: Cost=1.179e+07→ Emis=9.280e+09→ Time=528.5h→
========================================================================

========================================================================
  [NSGA-II] Gen 392/499  |  866.8s elapsed
  Pop feasible: 300/300 (100.0%)  |  NonDom=257  |  BestPenalty=0.00e+00  |  BestNormVio=0
  Best feasible: Cost=1.179e+07→ Emis=9.280e+09→ Time=528.5h→
========================================================================

========================================================================
  [NSGA-II] Gen 393/499  |  869.1s elapsed
  Pop feasible: 300/300 (100.0%)  |  NonDom=252  |  BestPenalty=0.00e+00  |  BestNormVio=0
  Best feasible: Cost=1.179e+07→ Emis=9.280e+09→ Time=528.5h→
========================================================================

========================================================================
  [NSGA-II] Gen 394/499  |  871.2s elapsed
  Pop feasible: 300/300 (100.0%)  |  NonDom=250  |  BestPenalty=0.00e+00  |  BestNormVio=0
  Best feasible: Cost=1.179e+07→ Emis=9.280e+09→ Time=528.5h→
========================================================================

========================================================================
  [NSGA-II] Gen 395/499  |  873.5s elapsed
  Pop feasible: 300/300 (100.0%)  |  NonDom=247  |  BestPenalty=0.00e+00  |  BestNormVio=0
  Best feasible: Cost=1.179e+07→ Emis=9.280e+09→ Time=528.5h→
========================================================================

========================================================================
  [NSGA-II] Gen 396/499  |  875.6s elapsed
  Pop feasible: 300/300 (100.0%)  |  NonDom=250  |  BestPenalty=0.00e+00  |  BestNormVio=0
  Best feasible: Cost=1.179e+07→ Emis=9.277e+09↓ Time=528.5h→
========================================================================

========================================================================
  [NSGA-II] Gen 397/499  |  877.8s elapsed
  Pop feasible: 300/300 (100.0%)  |  NonDom=257  |  BestPenalty=0.00e+00  |  BestNormVio=0
  Best feasible: Cost=1.179e+07→ Emis=9.277e+09→ Time=528.5h→
========================================================================

========================================================================
  [NSGA-II] Gen 398/499  |  880.1s elapsed
  Pop feasible: 300/300 (100.0%)  |  NonDom=256  |  BestPenalty=0.00e+00  |  BestNormVio=0
  Best feasible: Cost=1.179e+07→ Emis=9.277e+09→ Time=528.5h→
========================================================================

========================================================================
  [NSGA-II] Gen 399/499  |  882.2s elapsed
  Pop feasible: 300/300 (100.0%)  |  NonDom=252  |  BestPenalty=0.00e+00  |  BestNormVio=0
  Best feasible: Cost=1.179e+07→ Emis=9.277e+09→ Time=528.5h→
========================================================================

========================================================================
  [NSGA-II] Gen 400/499  |  884.3s elapsed
  Pop feasible: 300/300 (100.0%)  |  NonDom=250  |  BestPenalty=0.00e+00  |  BestNormVio=0
  Best feasible: Cost=1.179e+07→ Emis=9.277e+09→ Time=528.5h→
========================================================================

========================================================================
  [NSGA-II] Gen 401/499  |  886.6s elapsed
  Pop feasible: 300/300 (100.0%)  |  NonDom=251  |  BestPenalty=0.00e+00  |  BestNormVio=0
  Best feasible: Cost=1.179e+07→ Emis=9.277e+09→ Time=528.5h→
========================================================================

========================================================================
  [NSGA-II] Gen 402/499  |  888.7s elapsed
  Pop feasible: 300/300 (100.0%)  |  NonDom=255  |  BestPenalty=0.00e+00  |  BestNormVio=0
  Best feasible: Cost=1.179e+07→ Emis=9.277e+09→ Time=528.5h→
========================================================================

========================================================================
  [NSGA-II] Gen 403/499  |  891.0s elapsed
  Pop feasible: 300/300 (100.0%)  |  NonDom=254  |  BestPenalty=0.00e+00  |  BestNormVio=0
  Best feasible: Cost=1.179e+07→ Emis=9.277e+09→ Time=528.5h→
========================================================================

========================================================================
  [NSGA-II] Gen 404/499  |  893.1s elapsed
  Pop feasible: 300/300 (100.0%)  |  NonDom=256  |  BestPenalty=0.00e+00  |  BestNormVio=0
  Best feasible: Cost=1.179e+07→ Emis=9.277e+09→ Time=528.5h→
========================================================================

========================================================================
  [NSGA-II] Gen 405/499  |  895.2s elapsed
  Pop feasible: 300/300 (100.0%)  |  NonDom=255  |  BestPenalty=0.00e+00  |  BestNormVio=0
  Best feasible: Cost=1.179e+07→ Emis=9.277e+09→ Time=528.5h→
========================================================================

========================================================================
  [NSGA-II] Gen 406/499  |  897.5s elapsed
  Pop feasible: 300/300 (100.0%)  |  NonDom=259  |  BestPenalty=0.00e+00  |  BestNormVio=0
  Best feasible: Cost=1.179e+07→ Emis=9.277e+09→ Time=528.5h→
========================================================================

========================================================================
  [NSGA-II] Gen 407/499  |  899.7s elapsed
  Pop feasible: 300/300 (100.0%)  |  NonDom=261  |  BestPenalty=0.00e+00  |  BestNormVio=0
  Best feasible: Cost=1.179e+07→ Emis=9.277e+09→ Time=528.5h→
========================================================================

========================================================================
  [NSGA-II] Gen 408/499  |  902.0s elapsed
  Pop feasible: 300/300 (100.0%)  |  NonDom=260  |  BestPenalty=0.00e+00  |  BestNormVio=0
  Best feasible: Cost=1.179e+07→ Emis=9.277e+09→ Time=528.5h→
========================================================================

========================================================================
  [NSGA-II] Gen 409/499  |  904.1s elapsed
  Pop feasible: 300/300 (100.0%)  |  NonDom=262  |  BestPenalty=0.00e+00  |  BestNormVio=0
  Best feasible: Cost=1.179e+07→ Emis=9.277e+09→ Time=528.5h→
========================================================================

========================================================================
  [NSGA-II] Gen 410/499  |  906.2s elapsed
  Pop feasible: 300/300 (100.0%)  |  NonDom=264  |  BestPenalty=0.00e+00  |  BestNormVio=0
  Best feasible: Cost=1.179e+07→ Emis=9.277e+09→ Time=528.5h→
========================================================================

========================================================================
  [NSGA-II] Gen 411/499  |  908.5s elapsed
  Pop feasible: 300/300 (100.0%)  |  NonDom=261  |  BestPenalty=0.00e+00  |  BestNormVio=0
  Best feasible: Cost=1.179e+07→ Emis=9.277e+09→ Time=528.5h→
========================================================================

========================================================================
  [NSGA-II] Gen 412/499  |  910.6s elapsed
  Pop feasible: 300/300 (100.0%)  |  NonDom=263  |  BestPenalty=0.00e+00  |  BestNormVio=0
  Best feasible: Cost=1.179e+07→ Emis=9.277e+09→ Time=528.5h→
========================================================================

========================================================================
  [NSGA-II] Gen 413/499  |  912.7s elapsed
  Pop feasible: 300/300 (100.0%)  |  NonDom=256  |  BestPenalty=0.00e+00  |  BestNormVio=0
  Best feasible: Cost=1.179e+07→ Emis=9.277e+09→ Time=528.5h→
========================================================================

========================================================================
  [NSGA-II] Gen 414/499  |  915.0s elapsed
  Pop feasible: 300/300 (100.0%)  |  NonDom=259  |  BestPenalty=0.00e+00  |  BestNormVio=0
  Best feasible: Cost=1.179e+07→ Emis=9.277e+09→ Time=528.5h→
========================================================================

========================================================================
  [NSGA-II] Gen 415/499  |  917.0s elapsed
  Pop feasible: 300/300 (100.0%)  |  NonDom=251  |  BestPenalty=0.00e+00  |  BestNormVio=0
  Best feasible: Cost=1.179e+07→ Emis=9.277e+09→ Time=528.5h→
========================================================================

========================================================================
  [NSGA-II] Gen 416/499  |  919.3s elapsed
  Pop feasible: 300/300 (100.0%)  |  NonDom=250  |  BestPenalty=0.00e+00  |  BestNormVio=0
  Best feasible: Cost=1.179e+07→ Emis=9.277e+09→ Time=528.5h→
========================================================================

========================================================================
  [NSGA-II] Gen 417/499  |  921.4s elapsed
  Pop feasible: 300/300 (100.0%)  |  NonDom=250  |  BestPenalty=0.00e+00  |  BestNormVio=0
  Best feasible: Cost=1.179e+07→ Emis=9.277e+09→ Time=528.5h→
========================================================================

========================================================================
  [NSGA-II] Gen 418/499  |  923.5s elapsed
  Pop feasible: 300/300 (100.0%)  |  NonDom=253  |  BestPenalty=0.00e+00  |  BestNormVio=0
  Best feasible: Cost=1.179e+07→ Emis=9.277e+09→ Time=528.5h→
========================================================================

========================================================================
  [NSGA-II] Gen 419/499  |  925.9s elapsed
  Pop feasible: 300/300 (100.0%)  |  NonDom=252  |  BestPenalty=0.00e+00  |  BestNormVio=0
  Best feasible: Cost=1.179e+07→ Emis=9.277e+09→ Time=528.5h→
========================================================================

========================================================================
  [NSGA-II] Gen 420/499  |  928.0s elapsed
  Pop feasible: 300/300 (100.0%)  |  NonDom=250  |  BestPenalty=0.00e+00  |  BestNormVio=0
  Best feasible: Cost=1.179e+07→ Emis=9.277e+09→ Time=528.5h→
========================================================================

========================================================================
  [NSGA-II] Gen 421/499  |  930.1s elapsed
  Pop feasible: 300/300 (100.0%)  |  NonDom=252  |  BestPenalty=0.00e+00  |  BestNormVio=0
  Best feasible: Cost=1.179e+07→ Emis=9.277e+09→ Time=528.5h→
========================================================================

========================================================================
  [NSGA-II] Gen 422/499  |  932.3s elapsed
  Pop feasible: 300/300 (100.0%)  |  NonDom=250  |  BestPenalty=0.00e+00  |  BestNormVio=0
  Best feasible: Cost=1.179e+07→ Emis=9.277e+09→ Time=528.5h→
========================================================================

========================================================================
  [NSGA-II] Gen 423/499  |  934.5s elapsed
  Pop feasible: 300/300 (100.0%)  |  NonDom=246  |  BestPenalty=0.00e+00  |  BestNormVio=0
  Best feasible: Cost=1.179e+07→ Emis=9.277e+09→ Time=528.5h→
========================================================================

========================================================================
  [NSGA-II] Gen 424/499  |  936.7s elapsed
  Pop feasible: 300/300 (100.0%)  |  NonDom=251  |  BestPenalty=0.00e+00  |  BestNormVio=0
  Best feasible: Cost=1.179e+07→ Emis=9.277e+09→ Time=528.5h→
========================================================================

========================================================================
  [NSGA-II] Gen 425/499  |  938.8s elapsed
  Pop feasible: 300/300 (100.0%)  |  NonDom=249  |  BestPenalty=0.00e+00  |  BestNormVio=0
  Best feasible: Cost=1.179e+07→ Emis=9.277e+09→ Time=528.5h→
========================================================================

========================================================================
  [NSGA-II] Gen 426/499  |  941.0s elapsed
  Pop feasible: 300/300 (100.0%)  |  NonDom=250  |  BestPenalty=0.00e+00  |  BestNormVio=0
  Best feasible: Cost=1.179e+07→ Emis=9.277e+09→ Time=528.5h→
========================================================================

========================================================================
  [NSGA-II] Gen 427/499  |  943.3s elapsed
  Pop feasible: 300/300 (100.0%)  |  NonDom=256  |  BestPenalty=0.00e+00  |  BestNormVio=0
  Best feasible: Cost=1.179e+07→ Emis=9.277e+09→ Time=528.5h→
========================================================================

========================================================================
  [NSGA-II] Gen 428/499  |  945.4s elapsed
  Pop feasible: 300/300 (100.0%)  |  NonDom=250  |  BestPenalty=0.00e+00  |  BestNormVio=0
  Best feasible: Cost=1.179e+07→ Emis=9.277e+09→ Time=528.5h→
========================================================================

========================================================================
  [NSGA-II] Gen 429/499  |  947.7s elapsed
  Pop feasible: 300/300 (100.0%)  |  NonDom=254  |  BestPenalty=0.00e+00  |  BestNormVio=0
  Best feasible: Cost=1.179e+07→ Emis=9.277e+09→ Time=528.5h→
========================================================================

========================================================================
  [NSGA-II] Gen 430/499  |  949.8s elapsed
  Pop feasible: 300/300 (100.0%)  |  NonDom=257  |  BestPenalty=0.00e+00  |  BestNormVio=0
  Best feasible: Cost=1.179e+07→ Emis=9.277e+09→ Time=528.5h→
========================================================================

========================================================================
  [NSGA-II] Gen 431/499  |  951.9s elapsed
  Pop feasible: 300/300 (100.0%)  |  NonDom=254  |  BestPenalty=0.00e+00  |  BestNormVio=0
  Best feasible: Cost=1.179e+07→ Emis=9.277e+09→ Time=528.5h→
========================================================================

========================================================================
  [NSGA-II] Gen 432/499  |  954.2s elapsed
  Pop feasible: 300/300 (100.0%)  |  NonDom=254  |  BestPenalty=0.00e+00  |  BestNormVio=0
  Best feasible: Cost=1.179e+07→ Emis=9.277e+09→ Time=528.5h→
========================================================================

========================================================================
  [NSGA-II] Gen 433/499  |  956.3s elapsed
  Pop feasible: 300/300 (100.0%)  |  NonDom=258  |  BestPenalty=0.00e+00  |  BestNormVio=0
  Best feasible: Cost=1.179e+07→ Emis=9.277e+09→ Time=528.5h→
========================================================================

========================================================================
  [NSGA-II] Gen 434/499  |  958.8s elapsed
  Pop feasible: 300/300 (100.0%)  |  NonDom=255  |  BestPenalty=0.00e+00  |  BestNormVio=0
  Best feasible: Cost=1.179e+07→ Emis=9.277e+09→ Time=528.5h→
========================================================================

========================================================================
  [NSGA-II] Gen 435/499  |  961.1s elapsed
  Pop feasible: 300/300 (100.0%)  |  NonDom=255  |  BestPenalty=0.00e+00  |  BestNormVio=0
  Best feasible: Cost=1.179e+07→ Emis=9.277e+09→ Time=528.5h→
========================================================================

========================================================================
  [NSGA-II] Gen 436/499  |  963.1s elapsed
  Pop feasible: 300/300 (100.0%)  |  NonDom=257  |  BestPenalty=0.00e+00  |  BestNormVio=0
  Best feasible: Cost=1.179e+07→ Emis=9.277e+09→ Time=528.5h→
========================================================================

========================================================================
  [NSGA-II] Gen 437/499  |  965.4s elapsed
  Pop feasible: 300/300 (100.0%)  |  NonDom=259  |  BestPenalty=0.00e+00  |  BestNormVio=0
  Best feasible: Cost=1.179e+07→ Emis=9.277e+09→ Time=528.5h→
========================================================================

========================================================================
  [NSGA-II] Gen 438/499  |  967.6s elapsed
  Pop feasible: 300/300 (100.0%)  |  NonDom=260  |  BestPenalty=0.00e+00  |  BestNormVio=0
  Best feasible: Cost=1.179e+07→ Emis=9.277e+09→ Time=528.5h→
========================================================================

========================================================================
  [NSGA-II] Gen 439/499  |  969.6s elapsed
  Pop feasible: 300/300 (100.0%)  |  NonDom=260  |  BestPenalty=0.00e+00  |  BestNormVio=0
  Best feasible: Cost=1.179e+07→ Emis=9.277e+09→ Time=528.5h→
========================================================================

========================================================================
  [NSGA-II] Gen 440/499  |  971.9s elapsed
  Pop feasible: 300/300 (100.0%)  |  NonDom=255  |  BestPenalty=0.00e+00  |  BestNormVio=0
  Best feasible: Cost=1.179e+07→ Emis=9.277e+09→ Time=528.5h→
========================================================================

========================================================================
  [NSGA-II] Gen 441/499  |  974.1s elapsed
  Pop feasible: 300/300 (100.0%)  |  NonDom=256  |  BestPenalty=0.00e+00  |  BestNormVio=0
  Best feasible: Cost=1.179e+07→ Emis=9.277e+09→ Time=528.5h→
========================================================================

========================================================================
  [NSGA-II] Gen 442/499  |  976.5s elapsed
  Pop feasible: 300/300 (100.0%)  |  NonDom=254  |  BestPenalty=0.00e+00  |  BestNormVio=0
  Best feasible: Cost=1.179e+07→ Emis=9.277e+09→ Time=528.5h→
========================================================================

========================================================================
  [NSGA-II] Gen 443/499  |  978.6s elapsed
  Pop feasible: 300/300 (100.0%)  |  NonDom=254  |  BestPenalty=0.00e+00  |  BestNormVio=0
  Best feasible: Cost=1.179e+07→ Emis=9.277e+09→ Time=528.5h→
========================================================================

========================================================================
  [NSGA-II] Gen 444/499  |  980.7s elapsed
  Pop feasible: 300/300 (100.0%)  |  NonDom=257  |  BestPenalty=0.00e+00  |  BestNormVio=0
  Best feasible: Cost=1.179e+07→ Emis=9.277e+09→ Time=528.5h→
========================================================================

========================================================================
  [NSGA-II] Gen 445/499  |  983.0s elapsed
  Pop feasible: 300/300 (100.0%)  |  NonDom=256  |  BestPenalty=0.00e+00  |  BestNormVio=0
  Best feasible: Cost=1.179e+07→ Emis=9.277e+09→ Time=528.5h→
========================================================================

========================================================================
  [NSGA-II] Gen 446/499  |  985.1s elapsed
  Pop feasible: 300/300 (100.0%)  |  NonDom=258  |  BestPenalty=0.00e+00  |  BestNormVio=0
  Best feasible: Cost=1.179e+07→ Emis=9.277e+09→ Time=528.5h→
========================================================================

========================================================================
  [NSGA-II] Gen 447/499  |  987.2s elapsed
  Pop feasible: 300/300 (100.0%)  |  NonDom=253  |  BestPenalty=0.00e+00  |  BestNormVio=0
  Best feasible: Cost=1.179e+07→ Emis=9.277e+09→ Time=528.5h→
========================================================================

========================================================================
  [NSGA-II] Gen 448/499  |  989.5s elapsed
  Pop feasible: 300/300 (100.0%)  |  NonDom=259  |  BestPenalty=0.00e+00  |  BestNormVio=0
  Best feasible: Cost=1.179e+07→ Emis=9.277e+09→ Time=528.5h→
========================================================================

========================================================================
  [NSGA-II] Gen 449/499  |  991.7s elapsed
  Pop feasible: 300/300 (100.0%)  |  NonDom=258  |  BestPenalty=0.00e+00  |  BestNormVio=0
  Best feasible: Cost=1.179e+07→ Emis=9.277e+09→ Time=528.5h→
========================================================================

========================================================================
  [NSGA-II] Gen 450/499  |  994.0s elapsed
  Pop feasible: 300/300 (100.0%)  |  NonDom=260  |  BestPenalty=0.00e+00  |  BestNormVio=0
  Best feasible: Cost=1.179e+07→ Emis=9.277e+09→ Time=528.5h→
========================================================================

========================================================================
  [NSGA-II] Gen 451/499  |  996.1s elapsed
  Pop feasible: 300/300 (100.0%)  |  NonDom=260  |  BestPenalty=0.00e+00  |  BestNormVio=0
  Best feasible: Cost=1.179e+07→ Emis=9.277e+09→ Time=528.5h→
========================================================================

========================================================================
  [NSGA-II] Gen 452/499  |  998.2s elapsed
  Pop feasible: 300/300 (100.0%)  |  NonDom=259  |  BestPenalty=0.00e+00  |  BestNormVio=0
  Best feasible: Cost=1.179e+07→ Emis=9.277e+09→ Time=528.5h→
========================================================================

========================================================================
  [NSGA-II] Gen 453/499  |  1000.5s elapsed
  Pop feasible: 300/300 (100.0%)  |  NonDom=253  |  BestPenalty=0.00e+00  |  BestNormVio=0
  Best feasible: Cost=1.179e+07→ Emis=9.277e+09→ Time=528.5h→
========================================================================

========================================================================
  [NSGA-II] Gen 454/499  |  1002.6s elapsed
  Pop feasible: 300/300 (100.0%)  |  NonDom=251  |  BestPenalty=0.00e+00  |  BestNormVio=0
  Best feasible: Cost=1.179e+07→ Emis=9.277e+09→ Time=528.5h→
========================================================================

========================================================================
  [NSGA-II] Gen 455/499  |  1004.7s elapsed
  Pop feasible: 300/300 (100.0%)  |  NonDom=254  |  BestPenalty=0.00e+00  |  BestNormVio=0
  Best feasible: Cost=1.179e+07→ Emis=9.277e+09→ Time=528.5h→
========================================================================

========================================================================
  [NSGA-II] Gen 456/499  |  1007.0s elapsed
  Pop feasible: 300/300 (100.0%)  |  NonDom=258  |  BestPenalty=0.00e+00  |  BestNormVio=0
  Best feasible: Cost=1.179e+07→ Emis=9.277e+09→ Time=528.5h→
========================================================================

========================================================================
  [NSGA-II] Gen 457/499  |  1009.1s elapsed
  Pop feasible: 300/300 (100.0%)  |  NonDom=259  |  BestPenalty=0.00e+00  |  BestNormVio=0
  Best feasible: Cost=1.179e+07→ Emis=9.277e+09→ Time=528.5h→
========================================================================

========================================================================
  [NSGA-II] Gen 458/499  |  1011.4s elapsed
  Pop feasible: 300/300 (100.0%)  |  NonDom=256  |  BestPenalty=0.00e+00  |  BestNormVio=0
  Best feasible: Cost=1.179e+07→ Emis=9.277e+09→ Time=528.5h→
========================================================================

========================================================================
  [NSGA-II] Gen 459/499  |  1013.6s elapsed
  Pop feasible: 300/300 (100.0%)  |  NonDom=256  |  BestPenalty=0.00e+00  |  BestNormVio=0
  Best feasible: Cost=1.179e+07→ Emis=9.277e+09→ Time=528.5h→
========================================================================

========================================================================
  [NSGA-II] Gen 460/499  |  1015.7s elapsed
  Pop feasible: 300/300 (100.0%)  |  NonDom=259  |  BestPenalty=0.00e+00  |  BestNormVio=0
  Best feasible: Cost=1.179e+07→ Emis=9.277e+09→ Time=528.5h→
========================================================================

========================================================================
  [NSGA-II] Gen 461/499  |  1018.0s elapsed
  Pop feasible: 300/300 (100.0%)  |  NonDom=256  |  BestPenalty=0.00e+00  |  BestNormVio=0
  Best feasible: Cost=1.179e+07→ Emis=9.277e+09→ Time=528.5h→
========================================================================

========================================================================
  [NSGA-II] Gen 462/499  |  1020.1s elapsed
  Pop feasible: 300/300 (100.0%)  |  NonDom=258  |  BestPenalty=0.00e+00  |  BestNormVio=0
  Best feasible: Cost=1.179e+07→ Emis=9.277e+09→ Time=528.5h→
========================================================================

========================================================================
  [NSGA-II] Gen 463/499  |  1022.4s elapsed
  Pop feasible: 300/300 (100.0%)  |  NonDom=257  |  BestPenalty=0.00e+00  |  BestNormVio=0
  Best feasible: Cost=1.179e+07→ Emis=9.277e+09→ Time=528.5h→
========================================================================

========================================================================
  [NSGA-II] Gen 464/499  |  1024.5s elapsed
  Pop feasible: 300/300 (100.0%)  |  NonDom=260  |  BestPenalty=0.00e+00  |  BestNormVio=0
  Best feasible: Cost=1.179e+07→ Emis=9.277e+09→ Time=528.5h→
========================================================================

========================================================================
  [NSGA-II] Gen 465/499  |  1026.6s elapsed
  Pop feasible: 300/300 (100.0%)  |  NonDom=257  |  BestPenalty=0.00e+00  |  BestNormVio=0
  Best feasible: Cost=1.179e+07→ Emis=9.277e+09→ Time=528.5h→
========================================================================

========================================================================
  [NSGA-II] Gen 466/499  |  1028.9s elapsed
  Pop feasible: 300/300 (100.0%)  |  NonDom=256  |  BestPenalty=0.00e+00  |  BestNormVio=0
  Best feasible: Cost=1.179e+07→ Emis=9.277e+09→ Time=528.5h→
========================================================================

========================================================================
  [NSGA-II] Gen 467/499  |  1031.0s elapsed
  Pop feasible: 300/300 (100.0%)  |  NonDom=261  |  BestPenalty=0.00e+00  |  BestNormVio=0
  Best feasible: Cost=1.179e+07→ Emis=9.277e+09→ Time=528.5h→
========================================================================

========================================================================
  [NSGA-II] Gen 468/499  |  1033.1s elapsed
  Pop feasible: 300/300 (100.0%)  |  NonDom=260  |  BestPenalty=0.00e+00  |  BestNormVio=0
  Best feasible: Cost=1.179e+07→ Emis=9.277e+09→ Time=528.5h→
========================================================================

========================================================================
  [NSGA-II] Gen 469/499  |  1035.3s elapsed
  Pop feasible: 300/300 (100.0%)  |  NonDom=259  |  BestPenalty=0.00e+00  |  BestNormVio=0
  Best feasible: Cost=1.179e+07→ Emis=9.277e+09→ Time=528.5h→
========================================================================

========================================================================
  [NSGA-II] Gen 470/499  |  1037.4s elapsed
  Pop feasible: 300/300 (100.0%)  |  NonDom=261  |  BestPenalty=0.00e+00  |  BestNormVio=0
  Best feasible: Cost=1.179e+07→ Emis=9.277e+09→ Time=528.5h→
========================================================================

========================================================================
  [NSGA-II] Gen 471/499  |  1039.7s elapsed
  Pop feasible: 300/300 (100.0%)  |  NonDom=258  |  BestPenalty=0.00e+00  |  BestNormVio=0
  Best feasible: Cost=1.179e+07→ Emis=9.277e+09→ Time=528.5h→
========================================================================

========================================================================
  [NSGA-II] Gen 472/499  |  1041.8s elapsed
  Pop feasible: 300/300 (100.0%)  |  NonDom=258  |  BestPenalty=0.00e+00  |  BestNormVio=0
  Best feasible: Cost=1.179e+07→ Emis=9.277e+09→ Time=528.5h→
========================================================================

========================================================================
  [NSGA-II] Gen 473/499  |  1043.9s elapsed
  Pop feasible: 300/300 (100.0%)  |  NonDom=261  |  BestPenalty=0.00e+00  |  BestNormVio=0
  Best feasible: Cost=1.179e+07→ Emis=9.277e+09→ Time=528.5h→
========================================================================

========================================================================
  [NSGA-II] Gen 474/499  |  1046.1s elapsed
  Pop feasible: 300/300 (100.0%)  |  NonDom=259  |  BestPenalty=0.00e+00  |  BestNormVio=0
  Best feasible: Cost=1.179e+07→ Emis=9.277e+09→ Time=528.5h→
========================================================================

========================================================================
  [NSGA-II] Gen 475/499  |  1048.3s elapsed
  Pop feasible: 300/300 (100.0%)  |  NonDom=257  |  BestPenalty=0.00e+00  |  BestNormVio=0
  Best feasible: Cost=1.179e+07→ Emis=9.277e+09→ Time=528.5h→
========================================================================

========================================================================
  [NSGA-II] Gen 476/499  |  1050.4s elapsed
  Pop feasible: 300/300 (100.0%)  |  NonDom=256  |  BestPenalty=0.00e+00  |  BestNormVio=0
  Best feasible: Cost=1.179e+07→ Emis=9.277e+09→ Time=528.5h→
========================================================================

========================================================================
  [NSGA-II] Gen 477/499  |  1052.6s elapsed
  Pop feasible: 300/300 (100.0%)  |  NonDom=257  |  BestPenalty=0.00e+00  |  BestNormVio=0
  Best feasible: Cost=1.179e+07→ Emis=9.277e+09→ Time=528.5h→
========================================================================

========================================================================
  [NSGA-II] Gen 478/499  |  1054.8s elapsed
  Pop feasible: 300/300 (100.0%)  |  NonDom=255  |  BestPenalty=0.00e+00  |  BestNormVio=0
  Best feasible: Cost=1.179e+07→ Emis=9.277e+09→ Time=528.5h→
========================================================================

========================================================================
  [NSGA-II] Gen 479/499  |  1057.1s elapsed
  Pop feasible: 300/300 (100.0%)  |  NonDom=258  |  BestPenalty=0.00e+00  |  BestNormVio=0
  Best feasible: Cost=1.179e+07→ Emis=9.277e+09→ Time=528.5h→
========================================================================

========================================================================
  [NSGA-II] Gen 480/499  |  1059.2s elapsed
  Pop feasible: 300/300 (100.0%)  |  NonDom=259  |  BestPenalty=0.00e+00  |  BestNormVio=0
  Best feasible: Cost=1.179e+07→ Emis=9.277e+09→ Time=528.5h→
========================================================================

========================================================================
  [NSGA-II] Gen 481/499  |  1061.3s elapsed
  Pop feasible: 300/300 (100.0%)  |  NonDom=264  |  BestPenalty=0.00e+00  |  BestNormVio=0
  Best feasible: Cost=1.179e+07→ Emis=9.277e+09→ Time=528.5h→
========================================================================

========================================================================
  [NSGA-II] Gen 482/499  |  1063.6s elapsed
  Pop feasible: 300/300 (100.0%)  |  NonDom=257  |  BestPenalty=0.00e+00  |  BestNormVio=0
  Best feasible: Cost=1.179e+07→ Emis=9.277e+09→ Time=528.5h→
========================================================================

========================================================================
  [NSGA-II] Gen 483/499  |  1065.7s elapsed
  Pop feasible: 300/300 (100.0%)  |  NonDom=260  |  BestPenalty=0.00e+00  |  BestNormVio=0
  Best feasible: Cost=1.179e+07→ Emis=9.277e+09→ Time=528.5h→
========================================================================

========================================================================
  [NSGA-II] Gen 484/499  |  1067.9s elapsed
  Pop feasible: 300/300 (100.0%)  |  NonDom=256  |  BestPenalty=0.00e+00  |  BestNormVio=0
  Best feasible: Cost=1.179e+07→ Emis=9.277e+09→ Time=528.5h→
========================================================================

========================================================================
  [NSGA-II] Gen 485/499  |  1070.0s elapsed
  Pop feasible: 300/300 (100.0%)  |  NonDom=258  |  BestPenalty=0.00e+00  |  BestNormVio=0
  Best feasible: Cost=1.179e+07→ Emis=9.277e+09→ Time=528.5h→
========================================================================

========================================================================
  [NSGA-II] Gen 486/499  |  1072.1s elapsed
  Pop feasible: 300/300 (100.0%)  |  NonDom=256  |  BestPenalty=0.00e+00  |  BestNormVio=0
  Best feasible: Cost=1.179e+07→ Emis=9.277e+09→ Time=528.5h→
========================================================================

========================================================================
  [NSGA-II] Gen 487/499  |  1074.4s elapsed
  Pop feasible: 300/300 (100.0%)  |  NonDom=258  |  BestPenalty=0.00e+00  |  BestNormVio=0
  Best feasible: Cost=1.179e+07→ Emis=9.277e+09→ Time=528.5h→
========================================================================

========================================================================
  [NSGA-II] Gen 488/499  |  1076.5s elapsed
  Pop feasible: 300/300 (100.0%)  |  NonDom=258  |  BestPenalty=0.00e+00  |  BestNormVio=0
  Best feasible: Cost=1.179e+07→ Emis=9.277e+09→ Time=528.5h→
========================================================================

========================================================================
  [NSGA-II] Gen 489/499  |  1078.6s elapsed
  Pop feasible: 300/300 (100.0%)  |  NonDom=263  |  BestPenalty=0.00e+00  |  BestNormVio=0
  Best feasible: Cost=1.179e+07→ Emis=9.277e+09→ Time=528.5h→
========================================================================

========================================================================
  [NSGA-II] Gen 490/499  |  1080.8s elapsed
  Pop feasible: 300/300 (100.0%)  |  NonDom=263  |  BestPenalty=0.00e+00  |  BestNormVio=0
  Best feasible: Cost=1.179e+07→ Emis=9.277e+09→ Time=528.5h→
========================================================================

========================================================================
  [NSGA-II] Gen 491/499  |  1082.9s elapsed
  Pop feasible: 300/300 (100.0%)  |  NonDom=261  |  BestPenalty=0.00e+00  |  BestNormVio=0
  Best feasible: Cost=1.179e+07→ Emis=9.277e+09→ Time=528.5h→
========================================================================

========================================================================
  [NSGA-II] Gen 492/499  |  1085.3s elapsed
  Pop feasible: 300/300 (100.0%)  |  NonDom=262  |  BestPenalty=0.00e+00  |  BestNormVio=0
  Best feasible: Cost=1.179e+07→ Emis=9.277e+09→ Time=528.5h→
========================================================================

========================================================================
  [NSGA-II] Gen 493/499  |  1087.4s elapsed
  Pop feasible: 300/300 (100.0%)  |  NonDom=264  |  BestPenalty=0.00e+00  |  BestNormVio=0
  Best feasible: Cost=1.179e+07→ Emis=9.277e+09→ Time=528.5h→
========================================================================

========================================================================
  [NSGA-II] Gen 494/499  |  1089.5s elapsed
  Pop feasible: 300/300 (100.0%)  |  NonDom=260  |  BestPenalty=0.00e+00  |  BestNormVio=0
  Best feasible: Cost=1.179e+07→ Emis=9.277e+09→ Time=528.5h→
========================================================================

========================================================================
  [NSGA-II] Gen 495/499  |  1091.8s elapsed
  Pop feasible: 300/300 (100.0%)  |  NonDom=263  |  BestPenalty=0.00e+00  |  BestNormVio=0
  Best feasible: Cost=1.179e+07→ Emis=9.277e+09→ Time=528.5h→
========================================================================

========================================================================
  [NSGA-II] Gen 496/499  |  1093.8s elapsed
  Pop feasible: 300/300 (100.0%)  |  NonDom=265  |  BestPenalty=0.00e+00  |  BestNormVio=0
  Best feasible: Cost=1.179e+07→ Emis=9.277e+09→ Time=528.5h→
========================================================================

========================================================================
  [NSGA-II] Gen 497/499  |  1095.9s elapsed
  Pop feasible: 300/300 (100.0%)  |  NonDom=264  |  BestPenalty=0.00e+00  |  BestNormVio=0
  Best feasible: Cost=1.179e+07→ Emis=9.277e+09→ Time=528.5h→
========================================================================

========================================================================
  [NSGA-II] Gen 498/499  |  1098.2s elapsed
  Pop feasible: 300/300 (100.0%)  |  NonDom=261  |  BestPenalty=0.00e+00  |  BestNormVio=0
  Best feasible: Cost=1.179e+07→ Emis=9.277e+09→ Time=528.5h→
========================================================================

========================================================================
  [NSGA-II] Gen 499/499  |  1100.3s elapsed
  Pop feasible: 300/300 (100.0%)  |  NonDom=263  |  BestPenalty=0.00e+00  |  BestNormVio=0
  Best feasible: Cost=1.179e+07→ Emis=9.277e+09→ Time=528.5h→
========================================================================

========================================================================
  [NSGA-II] Run complete: 500 gens, 1100.5s, Pareto=263
  ⚡ Boost: 0 gens triggered, 0 new feasible
========================================================================
[FORMAL COMPLETE] run=01 method=CCP30 candidates=263
[FORMAL] selected optimisations complete: 2
[FORMAL] validation deferred for run-specific optimisation
