scenario_id,scenario_type,candidate_label,level,intensity,seed,route_change_ratio,path_route_change_ratio,rerouted_volume_share,border_share_shift,recovery_cost_delta,recovery_cost_delta_rel,cost,emission_gCO2,time_h,penalty,feasible,total_teu,on_time_rate,infeasible_teu,late_teu_h,late_h_per_teu,p90_lateness_h,p95_lateness_h,max_border_util,border_cap_excess,arc_cap_excess,runtime_s,wall_s,pareto_size,final_feasible_ratio,final_feasible_ratio_strict,boost_gens_triggered,boost_new_feasible_total,scenario_params_json,cost_delta_rel,time_delta_rel,emission_delta_rel,on_time_drop,late_h_per_teu_delta,p95_lateness_delta_h
baseline,baseline,Baseline,baseline,0,2026,0.0,0.0,0.0,0.0,0.0,0.0,11140314.434557535,13613078450.714268,467.83142857142855,0.0,True,4455.0,0.9999999999999998,0.0,0.0,0.0,0.0,0.0,0.9948297337420513,0.0,0.0,27.524405647069216,27.690772175323218,2,0.9833333333333333,0.9833333333333333,75,3,"{""baseline"": true}",0.0,0.0,0.0,0.0,0.0,0.0
baseline,baseline,Baseline,baseline,0,7,0.0,0.0,0.0,0.0,0.0,0.0,11063551.029750833,12909479352.927086,467.83142857142855,0.0,True,4455.0,1.0000000000000002,0.0,0.0,0.0,0.0,0.0,0.9944444444444445,0.0,0.0,26.07764764688909,26.237415526993573,2,1.0,1.0,17,7,"{""baseline"": true}",0.0,0.0,0.0,0.0,0.0,0.0
baseline,baseline,Baseline,baseline,0,99,0.0,0.0,0.0,0.0,0.0,0.0,11431884.960412735,13086174776.90783,467.83142857142855,3822380952.3809505,False,4455.0,0.9775533108866442,0.0,3822.3809523809505,0.8579979691090798,0.0,0.0,0.976,0.0,0.0,28.05011431267485,28.20944699179381,0,0.0,0.0,80,0,"{""baseline"": true}",0.0,0.0,0.0,0.0,0.0,0.0
baseline,baseline,Baseline,baseline,0,1000,0.0,0.0,0.0,0.0,0.0,0.0,11034294.172809452,13031583704.265396,467.83142857142855,0.0,True,4455.0,1.0000000000000002,0.0,0.0,0.0,0.0,0.0,0.9821267658423406,0.0,0.0,24.12179108383134,24.281882668845356,7,1.0,1.0,19,7,"{""baseline"": true}",0.0,0.0,0.0,0.0,0.0,0.0
M1,single,Boundary bottleneck congestion,r1,1,2026,0.6972169894056295,0.6972169894056295,0.2282680815184892,0.10531100993079799,250009.18267097324,0.022441842565541822,11390323.617228508,14032854916.3606,467.83142857142855,9062857.142859798,False,4455.0,0.9726150392817059,0.0,9.062857142859798,0.002034311367645297,0.0,0.0,0.9985569828358479,0.0,0.0,31.806126102339476,31.967713597230613,0,0.0,0.0,80,0,"{""candidate_params"": {""M1"": {""background_growth"": 0.05, ""bpr_alpha"": 0.15, ""bpr_beta"": 4.0, ""capacity_loss"": 0.08, ""cascade_background_factor"": 0.0, ""cascade_nodes"": [], ""max_bpr_delay_multiplier"": 1.0294689269240018, ""max_utilisation"": 0.6657608695652174, ""mean_bpr_delay_multiplier"": 1.0185625446972688, ""mean_utilisation"": 0.5398299114331723, ""mechanism"": ""M1_boundary_bottleneck_congestion"", ""node_params"": {""Alashankou"": {""base_background"": 500.0, ""base_capacity"": 900.0, ""bpr_delay_multiplier"": 1.0242441591098375, ""effective_background"": 525.0, ""effective_capacity"": 828.0, ""utilisation"": 0.6340579710144928}, ""Altynkol"": {""base_background"": 350.0, ""base_capacity"": 700.0, ""bpr_delay_multiplier"": 1.0159065927919644, ""effective_background"": 367.5, ""effective_capacity"": 644.0, ""utilisation"": 0.5706521739130435}, ""Brest"": {""base_background"": 350.0, ""base_capacity"": 600.0, ""bpr_delay_multiplier"": 1.0294689269240018, ""effective_background"": 367.5, ""effective_capacity"": 552.0, ""utilisation"": 0.6657608695652174}, ""Dostyk"": {""base_background"": 450.0, ""base_capacity"": 800.0, ""bpr_delay_multiplier"": 1.0254792859638862, ""effective_background"": 472.5, ""effective_capacity"": 736.0, ""utilisation"": 0.641983695652174}, ""Erenhot"": {""base_background"": 450.0, ""base_capacity"": 900.0, ""bpr_delay_multiplier"": 1.0159065927919644, ""effective_background"": 472.5, ""effective_capacity"": 828.0, ""utilisation"": 0.5706521739130435}, ""Khorgos"": {""base_background"": 500.0, ""base_capacity"": 900.0, ""bpr_delay_multiplier"": 1.0242441591098375, ""effective_background"": 525.0, ""effective_capacity"": 828.0, ""utilisation"": 0.6340579710144928}, ""Malaszewicze"": {""base_background"": 0.0, ""base_capacity"": 500.0, ""bpr_delay_multiplier"": 1.0, ""effective_background"": 0.0, ""effective_capacity"": 460.0, ""utilisation"": 0.0}, ""Manzhouli"": {""base_background"": 450.0, ""base_capacity"": 900.0, ""bpr_delay_multiplier"": 1.0159065927919644, ""effective_background"": 472.5, ""effective_capacity"": 828.0, ""utilisation"": 0.5706521739130435}, ""Zabaykalsk"": {""base_background"": 350.0, ""base_capacity"": 700.0, ""bpr_delay_multiplier"": 1.0159065927919644, ""effective_background"": 367.5, ""effective_capacity"": 644.0, ""utilisation"": 0.5706521739130435}}}}, ""candidates"": [""M1""], ""intensity"": 1, ""level"": ""r1""}",0.022441842565541822,0.0,0.030836262875154917,0.027384960718293883,0.002034311367645297,0.0
M1,single,Boundary bottleneck congestion,r1,1,7,0.6596788299828342,0.6596788299828342,0.142738513004751,0.1041244626893942,174924.60530597344,0.015810891533431376,11238475.635056807,13683231460.100462,467.83142857142855,0.0,True,4455.0,1.0,0.0,0.0,0.0,0.0,0.0,0.9928214862009542,0.0,0.0,23.330320813693106,23.49229513388127,7,1.0,1.0,54,6,"{""candidate_params"": {""M1"": {""background_growth"": 0.05, ""bpr_alpha"": 0.15, ""bpr_beta"": 4.0, ""capacity_loss"": 0.08, ""cascade_background_factor"": 0.0, ""cascade_nodes"": [], ""max_bpr_delay_multiplier"": 1.0294689269240018, ""max_utilisation"": 0.6657608695652174, ""mean_bpr_delay_multiplier"": 1.0185625446972688, ""mean_utilisation"": 0.5398299114331723, ""mechanism"": ""M1_boundary_bottleneck_congestion"", ""node_params"": {""Alashankou"": {""base_background"": 500.0, ""base_capacity"": 900.0, ""bpr_delay_multiplier"": 1.0242441591098375, ""effective_background"": 525.0, ""effective_capacity"": 828.0, ""utilisation"": 0.6340579710144928}, ""Altynkol"": {""base_background"": 350.0, ""base_capacity"": 700.0, ""bpr_delay_multiplier"": 1.0159065927919644, ""effective_background"": 367.5, ""effective_capacity"": 644.0, ""utilisation"": 0.5706521739130435}, ""Brest"": {""base_background"": 350.0, ""base_capacity"": 600.0, ""bpr_delay_multiplier"": 1.0294689269240018, ""effective_background"": 367.5, ""effective_capacity"": 552.0, ""utilisation"": 0.6657608695652174}, ""Dostyk"": {""base_background"": 450.0, ""base_capacity"": 800.0, ""bpr_delay_multiplier"": 1.0254792859638862, ""effective_background"": 472.5, ""effective_capacity"": 736.0, ""utilisation"": 0.641983695652174}, ""Erenhot"": {""base_background"": 450.0, ""base_capacity"": 900.0, ""bpr_delay_multiplier"": 1.0159065927919644, ""effective_background"": 472.5, ""effective_capacity"": 828.0, ""utilisation"": 0.5706521739130435}, ""Khorgos"": {""base_background"": 500.0, ""base_capacity"": 900.0, ""bpr_delay_multiplier"": 1.0242441591098375, ""effective_background"": 525.0, ""effective_capacity"": 828.0, ""utilisation"": 0.6340579710144928}, ""Malaszewicze"": {""base_background"": 0.0, ""base_capacity"": 500.0, ""bpr_delay_multiplier"": 1.0, ""effective_background"": 0.0, ""effective_capacity"": 460.0, ""utilisation"": 0.0}, ""Manzhouli"": {""base_background"": 450.0, ""base_capacity"": 900.0, ""bpr_delay_multiplier"": 1.0159065927919644, ""effective_background"": 472.5, ""effective_capacity"": 828.0, ""utilisation"": 0.5706521739130435}, ""Zabaykalsk"": {""base_background"": 350.0, ""base_capacity"": 700.0, ""bpr_delay_multiplier"": 1.0159065927919644, ""effective_background"": 367.5, ""effective_capacity"": 644.0, ""utilisation"": 0.5706521739130435}}}}, ""candidates"": [""M1""], ""intensity"": 1, ""level"": ""r1""}",0.015810891533431376,0.0,0.05993673997378803,2.220446049250313e-16,0.0,0.0
M1,single,Boundary bottleneck congestion,r1,1,99,0.6718168636998022,0.6718168636998022,0.2909941297533812,0.17370722996803747,176295.56383704022,0.015421390649707453,11608180.524249775,14270929127.014277,471.47714285714284,0.0,True,4455.0,1.0000000000000007,0.0,0.0,0.0,0.0,0.0,0.9939414908373234,0.0,0.0,27.310620513744652,27.473946208134294,2,0.2833333333333333,0.2833333333333333,76,4,"{""candidate_params"": {""M1"": {""background_growth"": 0.05, ""bpr_alpha"": 0.15, ""bpr_beta"": 4.0, ""capacity_loss"": 0.08, ""cascade_background_factor"": 0.0, ""cascade_nodes"": [], ""max_bpr_delay_multiplier"": 1.0294689269240018, ""max_utilisation"": 0.6657608695652174, ""mean_bpr_delay_multiplier"": 1.0185625446972688, ""mean_utilisation"": 0.5398299114331723, ""mechanism"": ""M1_boundary_bottleneck_congestion"", ""node_params"": {""Alashankou"": {""base_background"": 500.0, ""base_capacity"": 900.0, ""bpr_delay_multiplier"": 1.0242441591098375, ""effective_background"": 525.0, ""effective_capacity"": 828.0, ""utilisation"": 0.6340579710144928}, ""Altynkol"": {""base_background"": 350.0, ""base_capacity"": 700.0, ""bpr_delay_multiplier"": 1.0159065927919644, ""effective_background"": 367.5, ""effective_capacity"": 644.0, ""utilisation"": 0.5706521739130435}, ""Brest"": {""base_background"": 350.0, ""base_capacity"": 600.0, ""bpr_delay_multiplier"": 1.0294689269240018, ""effective_background"": 367.5, ""effective_capacity"": 552.0, ""utilisation"": 0.6657608695652174}, ""Dostyk"": {""base_background"": 450.0, ""base_capacity"": 800.0, ""bpr_delay_multiplier"": 1.0254792859638862, ""effective_background"": 472.5, ""effective_capacity"": 736.0, ""utilisation"": 0.641983695652174}, ""Erenhot"": {""base_background"": 450.0, ""base_capacity"": 900.0, ""bpr_delay_multiplier"": 1.0159065927919644, ""effective_background"": 472.5, ""effective_capacity"": 828.0, ""utilisation"": 0.5706521739130435}, ""Khorgos"": {""base_background"": 500.0, ""base_capacity"": 900.0, ""bpr_delay_multiplier"": 1.0242441591098375, ""effective_background"": 525.0, ""effective_capacity"": 828.0, ""utilisation"": 0.6340579710144928}, ""Malaszewicze"": {""base_background"": 0.0, ""base_capacity"": 500.0, ""bpr_delay_multiplier"": 1.0, ""effective_background"": 0.0, ""effective_capacity"": 460.0, ""utilisation"": 0.0}, ""Manzhouli"": {""base_background"": 450.0, ""base_capacity"": 900.0, ""bpr_delay_multiplier"": 1.0159065927919644, ""effective_background"": 472.5, ""effective_capacity"": 828.0, ""utilisation"": 0.5706521739130435}, ""Zabaykalsk"": {""base_background"": 350.0, ""base_capacity"": 700.0, ""bpr_delay_multiplier"": 1.0159065927919644, ""effective_background"": 367.5, ""effective_capacity"": 644.0, ""utilisation"": 0.5706521739130435}}}}, ""candidates"": [""M1""], ""intensity"": 1, ""level"": ""r1""}",0.015421390649707453,0.007792794718488357,0.0905348102332465,-0.022446689113356455,-0.8579979691090798,0.0
M1,single,Boundary bottleneck congestion,r1,1,1000,0.6970323903207115,0.6970323903207115,0.27465119883731615,0.1256334550775718,118900.7012692038,0.010775560213193989,11153194.874078656,13484160998.084793,467.83142857142855,0.0,True,4455.0,1.0,0.0,0.0,0.0,0.0,0.0,0.9778053540643648,0.0,0.0,23.83688480500132,23.99825414409861,4,1.0,1.0,24,8,"{""candidate_params"": {""M1"": {""background_growth"": 0.05, ""bpr_alpha"": 0.15, ""bpr_beta"": 4.0, ""capacity_loss"": 0.08, ""cascade_background_factor"": 0.0, ""cascade_nodes"": [], ""max_bpr_delay_multiplier"": 1.0294689269240018, ""max_utilisation"": 0.6657608695652174, ""mean_bpr_delay_multiplier"": 1.0185625446972688, ""mean_utilisation"": 0.5398299114331723, ""mechanism"": ""M1_boundary_bottleneck_congestion"", ""node_params"": {""Alashankou"": {""base_background"": 500.0, ""base_capacity"": 900.0, ""bpr_delay_multiplier"": 1.0242441591098375, ""effective_background"": 525.0, ""effective_capacity"": 828.0, ""utilisation"": 0.6340579710144928}, ""Altynkol"": {""base_background"": 350.0, ""base_capacity"": 700.0, ""bpr_delay_multiplier"": 1.0159065927919644, ""effective_background"": 367.5, ""effective_capacity"": 644.0, ""utilisation"": 0.5706521739130435}, ""Brest"": {""base_background"": 350.0, ""base_capacity"": 600.0, ""bpr_delay_multiplier"": 1.0294689269240018, ""effective_background"": 367.5, ""effective_capacity"": 552.0, ""utilisation"": 0.6657608695652174}, ""Dostyk"": {""base_background"": 450.0, ""base_capacity"": 800.0, ""bpr_delay_multiplier"": 1.0254792859638862, ""effective_background"": 472.5, ""effective_capacity"": 736.0, ""utilisation"": 0.641983695652174}, ""Erenhot"": {""base_background"": 450.0, ""base_capacity"": 900.0, ""bpr_delay_multiplier"": 1.0159065927919644, ""effective_background"": 472.5, ""effective_capacity"": 828.0, ""utilisation"": 0.5706521739130435}, ""Khorgos"": {""base_background"": 500.0, ""base_capacity"": 900.0, ""bpr_delay_multiplier"": 1.0242441591098375, ""effective_background"": 525.0, ""effective_capacity"": 828.0, ""utilisation"": 0.6340579710144928}, ""Malaszewicze"": {""base_background"": 0.0, ""base_capacity"": 500.0, ""bpr_delay_multiplier"": 1.0, ""effective_background"": 0.0, ""effective_capacity"": 460.0, ""utilisation"": 0.0}, ""Manzhouli"": {""base_background"": 450.0, ""base_capacity"": 900.0, ""bpr_delay_multiplier"": 1.0159065927919644, ""effective_background"": 472.5, ""effective_capacity"": 828.0, ""utilisation"": 0.5706521739130435}, ""Zabaykalsk"": {""base_background"": 350.0, ""base_capacity"": 700.0, ""bpr_delay_multiplier"": 1.0159065927919644, ""effective_background"": 367.5, ""effective_capacity"": 644.0, ""utilisation"": 0.5706521739130435}}}}, ""candidates"": [""M1""], ""intensity"": 1, ""level"": ""r1""}",0.010775560213193989,0.0,0.03472926269669456,2.220446049250313e-16,0.0,0.0
M1,single,Boundary bottleneck congestion,r2,2,2026,0.6687815632233781,0.6687815632233781,0.3182164867252949,0.17047015745831195,745070.4788385313,0.0668805609765649,11885384.913396066,15147366812.258049,473.92083333333335,94127985.9621113,False,4455.0,0.9859206594519155,0.0,94.1279859621113,0.021128616377578294,0.0,0.0,0.9972981952290084,0.0,0.0,26.375352304894477,26.536830633413047,0,0.0,0.0,80,0,"{""candidate_params"": {""M1"": {""background_growth"": 0.12, ""bpr_alpha"": 0.15, ""bpr_beta"": 4.0, ""capacity_loss"": 0.15, ""cascade_background_factor"": 0.0, ""cascade_nodes"": [], ""max_bpr_delay_multiplier"": 1.0523545972159587, ""max_utilisation"": 0.7686274509803923, ""mean_bpr_delay_multiplier"": 1.0329782809341863, ""mean_utilisation"": 0.6232389251997096, ""mechanism"": ""M1_boundary_bottleneck_congestion"", ""node_params"": {""Alashankou"": {""base_background"": 500.0, ""base_capacity"": 900.0, ""bpr_delay_multiplier"": 1.0430722566963013, ""effective_background"": 560.0, ""effective_capacity"": 765.0, ""utilisation"": 0.7320261437908496}, ""Altynkol"": {""base_background"": 350.0, ""base_capacity"": 700.0, ""bpr_delay_multiplier"": 1.0282597076184432, ""effective_background"": 392.00000000000006, ""effective_capacity"": 595.0, ""utilisation"": 0.6588235294117648}, ""Brest"": {""base_background"": 350.0, ""base_capacity"": 600.0, ""bpr_delay_multiplier"": 1.0523545972159587, ""effective_background"": 392.00000000000006, ""effective_capacity"": 510.0, ""utilisation"": 0.7686274509803923}, ""Dostyk"": {""base_background"": 450.0, ""base_capacity"": 800.0, ""bpr_delay_multiplier"": 1.0452665873253433, ""effective_background"": 504.00000000000006, ""effective_capacity"": 680.0, ""utilisation"": 0.7411764705882353}, ""Erenhot"": {""base_background"": 450.0, ""base_capacity"": 900.0, ""bpr_delay_multiplier"": 1.0282597076184432, ""effective_background"": 504.00000000000006, ""effective_capacity"": 765.0, ""utilisation"": 0.6588235294117648}, ""Khorgos"": {""base_background"": 500.0, ""base_capacity"": 900.0, ""bpr_delay_multiplier"": 1.0430722566963013, ""effective_background"": 560.0, ""effective_capacity"": 765.0, ""utilisation"": 0.7320261437908496}, ""Malaszewicze"": {""base_background"": 0.0, ""base_capacity"": 500.0, ""bpr_delay_multiplier"": 1.0, ""effective_background"": 0.0, ""effective_capacity"": 425.0, ""utilisation"": 0.0}, ""Manzhouli"": {""base_background"": 450.0, ""base_capacity"": 900.0, ""bpr_delay_multiplier"": 1.0282597076184432, ""effective_background"": 504.00000000000006, ""effective_capacity"": 765.0, ""utilisation"": 0.6588235294117648}, ""Zabaykalsk"": {""base_background"": 350.0, ""base_capacity"": 700.0, ""bpr_delay_multiplier"": 1.0282597076184432, ""effective_background"": 392.00000000000006, ""effective_capacity"": 595.0, ""utilisation"": 0.6588235294117648}}}}, ""candidates"": [""M1""], ""intensity"": 2, ""level"": ""r2""}",0.0668805609765649,0.013016237024732235,0.11270693598796372,0.01407934054808424,0.021128616377578294,0.0
M1,single,Boundary bottleneck congestion,r2,2,7,0.7229611694589377,0.7229611694589377,0.2018573911003857,0.20035612119167143,254273.53492809832,0.022982994722429994,11317824.564678932,13235782825.83303,476.0904761904762,3210847610.433406,False,4455.0,0.9739510749803572,0.0,3210.847610433406,0.7207289810175995,0.0,0.0,0.9983145407130687,0.0,0.0,26.14444104488939,26.327991605270654,0,0.0,0.0,80,0,"{""candidate_params"": {""M1"": {""background_growth"": 0.12, ""bpr_alpha"": 0.15, ""bpr_beta"": 4.0, ""capacity_loss"": 0.15, ""cascade_background_factor"": 0.0, ""cascade_nodes"": [], ""max_bpr_delay_multiplier"": 1.0523545972159587, ""max_utilisation"": 0.7686274509803923, ""mean_bpr_delay_multiplier"": 1.0329782809341863, ""mean_utilisation"": 0.6232389251997096, ""mechanism"": ""M1_boundary_bottleneck_congestion"", ""node_params"": {""Alashankou"": {""base_background"": 500.0, ""base_capacity"": 900.0, ""bpr_delay_multiplier"": 1.0430722566963013, ""effective_background"": 560.0, ""effective_capacity"": 765.0, ""utilisation"": 0.7320261437908496}, ""Altynkol"": {""base_background"": 350.0, ""base_capacity"": 700.0, ""bpr_delay_multiplier"": 1.0282597076184432, ""effective_background"": 392.00000000000006, ""effective_capacity"": 595.0, ""utilisation"": 0.6588235294117648}, ""Brest"": {""base_background"": 350.0, ""base_capacity"": 600.0, ""bpr_delay_multiplier"": 1.0523545972159587, ""effective_background"": 392.00000000000006, ""effective_capacity"": 510.0, ""utilisation"": 0.7686274509803923}, ""Dostyk"": {""base_background"": 450.0, ""base_capacity"": 800.0, ""bpr_delay_multiplier"": 1.0452665873253433, ""effective_background"": 504.00000000000006, ""effective_capacity"": 680.0, ""utilisation"": 0.7411764705882353}, ""Erenhot"": {""base_background"": 450.0, ""base_capacity"": 900.0, ""bpr_delay_multiplier"": 1.0282597076184432, ""effective_background"": 504.00000000000006, ""effective_capacity"": 765.0, ""utilisation"": 0.6588235294117648}, ""Khorgos"": {""base_background"": 500.0, ""base_capacity"": 900.0, ""bpr_delay_multiplier"": 1.0430722566963013, ""effective_background"": 560.0, ""effective_capacity"": 765.0, ""utilisation"": 0.7320261437908496}, ""Malaszewicze"": {""base_background"": 0.0, ""base_capacity"": 500.0, ""bpr_delay_multiplier"": 1.0, ""effective_background"": 0.0, ""effective_capacity"": 425.0, ""utilisation"": 0.0}, ""Manzhouli"": {""base_background"": 450.0, ""base_capacity"": 900.0, ""bpr_delay_multiplier"": 1.0282597076184432, ""effective_background"": 504.00000000000006, ""effective_capacity"": 765.0, ""utilisation"": 0.6588235294117648}, ""Zabaykalsk"": {""base_background"": 350.0, ""base_capacity"": 700.0, ""bpr_delay_multiplier"": 1.0282597076184432, ""effective_background"": 392.00000000000006, ""effective_capacity"": 595.0, ""utilisation"": 0.6588235294117648}}}}, ""candidates"": [""M1""], ""intensity"": 2, ""level"": ""r2""}",0.022982994722429994,0.017653896499146046,0.025276269010179642,0.026048925019643066,0.7207289810175995,0.0
M1,single,Boundary bottleneck congestion,r2,2,99,0.723023572885352,0.723023572885352,0.30243720057851525,0.08715340641998998,154026.33904352412,0.013473398269567888,11585911.29945626,14088544709.084728,514.2285714285714,2328010110.8045044,False,4455.0,0.9732352193575363,0.0,2328.010110804504,0.5225611920997765,0.0,0.0,0.9975001974713982,0.0,0.0,26.603242770768702,26.766166359186172,0,0.0,0.0,80,0,"{""candidate_params"": {""M1"": {""background_growth"": 0.12, ""bpr_alpha"": 0.15, ""bpr_beta"": 4.0, ""capacity_loss"": 0.15, ""cascade_background_factor"": 0.0, ""cascade_nodes"": [], ""max_bpr_delay_multiplier"": 1.0523545972159587, ""max_utilisation"": 0.7686274509803923, ""mean_bpr_delay_multiplier"": 1.0329782809341863, ""mean_utilisation"": 0.6232389251997096, ""mechanism"": ""M1_boundary_bottleneck_congestion"", ""node_params"": {""Alashankou"": {""base_background"": 500.0, ""base_capacity"": 900.0, ""bpr_delay_multiplier"": 1.0430722566963013, ""effective_background"": 560.0, ""effective_capacity"": 765.0, ""utilisation"": 0.7320261437908496}, ""Altynkol"": {""base_background"": 350.0, ""base_capacity"": 700.0, ""bpr_delay_multiplier"": 1.0282597076184432, ""effective_background"": 392.00000000000006, ""effective_capacity"": 595.0, ""utilisation"": 0.6588235294117648}, ""Brest"": {""base_background"": 350.0, ""base_capacity"": 600.0, ""bpr_delay_multiplier"": 1.0523545972159587, ""effective_background"": 392.00000000000006, ""effective_capacity"": 510.0, ""utilisation"": 0.7686274509803923}, ""Dostyk"": {""base_background"": 450.0, ""base_capacity"": 800.0, ""bpr_delay_multiplier"": 1.0452665873253433, ""effective_background"": 504.00000000000006, ""effective_capacity"": 680.0, ""utilisation"": 0.7411764705882353}, ""Erenhot"": {""base_background"": 450.0, ""base_capacity"": 900.0, ""bpr_delay_multiplier"": 1.0282597076184432, ""effective_background"": 504.00000000000006, ""effective_capacity"": 765.0, ""utilisation"": 0.6588235294117648}, ""Khorgos"": {""base_background"": 500.0, ""base_capacity"": 900.0, ""bpr_delay_multiplier"": 1.0430722566963013, ""effective_background"": 560.0, ""effective_capacity"": 765.0, ""utilisation"": 0.7320261437908496}, ""Malaszewicze"": {""base_background"": 0.0, ""base_capacity"": 500.0, ""bpr_delay_multiplier"": 1.0, ""effective_background"": 0.0, ""effective_capacity"": 425.0, ""utilisation"": 0.0}, ""Manzhouli"": {""base_background"": 450.0, ""base_capacity"": 900.0, ""bpr_delay_multiplier"": 1.0282597076184432, ""effective_background"": 504.00000000000006, ""effective_capacity"": 765.0, ""utilisation"": 0.6588235294117648}, ""Zabaykalsk"": {""base_background"": 350.0, ""base_capacity"": 700.0, ""bpr_delay_multiplier"": 1.0282597076184432, ""effective_background"": 392.00000000000006, ""effective_capacity"": 595.0, ""utilisation"": 0.6588235294117648}}}}, ""candidates"": [""M1""], ""intensity"": 2, ""level"": ""r2""}",0.013473398269567888,0.09917491648395942,0.07659762682871273,0.0043180915291078925,-0.3354367770093033,0.0
M1,single,Boundary bottleneck congestion,r2,2,1000,0.7339645063684399,0.7339645063684399,0.24228030450845733,0.10942405317354191,478962.31892748177,0.04340670199891297,11513256.491736934,13994880795.171568,473.15,1135220000.0000021,False,4455.0,0.9512906846240181,0.0,1135.220000000002,0.2548193041526379,0.0,0.0,0.9851152181146505,0.0,0.0,27.600563704036176,27.76180892623961,0,0.0,0.0,80,0,"{""candidate_params"": {""M1"": {""background_growth"": 0.12, ""bpr_alpha"": 0.15, ""bpr_beta"": 4.0, ""capacity_loss"": 0.15, ""cascade_background_factor"": 0.0, ""cascade_nodes"": [], ""max_bpr_delay_multiplier"": 1.0523545972159587, ""max_utilisation"": 0.7686274509803923, ""mean_bpr_delay_multiplier"": 1.0329782809341863, ""mean_utilisation"": 0.6232389251997096, ""mechanism"": ""M1_boundary_bottleneck_congestion"", ""node_params"": {""Alashankou"": {""base_background"": 500.0, ""base_capacity"": 900.0, ""bpr_delay_multiplier"": 1.0430722566963013, ""effective_background"": 560.0, ""effective_capacity"": 765.0, ""utilisation"": 0.7320261437908496}, ""Altynkol"": {""base_background"": 350.0, ""base_capacity"": 700.0, ""bpr_delay_multiplier"": 1.0282597076184432, ""effective_background"": 392.00000000000006, ""effective_capacity"": 595.0, ""utilisation"": 0.6588235294117648}, ""Brest"": {""base_background"": 350.0, ""base_capacity"": 600.0, ""bpr_delay_multiplier"": 1.0523545972159587, ""effective_background"": 392.00000000000006, ""effective_capacity"": 510.0, ""utilisation"": 0.7686274509803923}, ""Dostyk"": {""base_background"": 450.0, ""base_capacity"": 800.0, ""bpr_delay_multiplier"": 1.0452665873253433, ""effective_background"": 504.00000000000006, ""effective_capacity"": 680.0, ""utilisation"": 0.7411764705882353}, ""Erenhot"": {""base_background"": 450.0, ""base_capacity"": 900.0, ""bpr_delay_multiplier"": 1.0282597076184432, ""effective_background"": 504.00000000000006, ""effective_capacity"": 765.0, ""utilisation"": 0.6588235294117648}, ""Khorgos"": {""base_background"": 500.0, ""base_capacity"": 900.0, ""bpr_delay_multiplier"": 1.0430722566963013, ""effective_background"": 560.0, ""effective_capacity"": 765.0, ""utilisation"": 0.7320261437908496}, ""Malaszewicze"": {""base_background"": 0.0, ""base_capacity"": 500.0, ""bpr_delay_multiplier"": 1.0, ""effective_background"": 0.0, ""effective_capacity"": 425.0, ""utilisation"": 0.0}, ""Manzhouli"": {""base_background"": 450.0, ""base_capacity"": 900.0, ""bpr_delay_multiplier"": 1.0282597076184432, ""effective_background"": 504.00000000000006, ""effective_capacity"": 765.0, ""utilisation"": 0.6588235294117648}, ""Zabaykalsk"": {""base_background"": 350.0, ""base_capacity"": 700.0, ""bpr_delay_multiplier"": 1.0282597076184432, ""effective_background"": 392.00000000000006, ""effective_capacity"": 595.0, ""utilisation"": 0.6588235294117648}}}}, ""candidates"": [""M1""], ""intensity"": 2, ""level"": ""r2""}",0.04340670199891297,0.01136856376839033,0.07392018597024956,0.04870931537598211,0.2548193041526379,0.0
M1,single,Boundary bottleneck congestion,r3,3,2026,0.7234790794521753,0.7234790794521753,0.23791596945320972,0.26397306397306397,124241.47330372594,0.011152420699933368,11264555.90786126,12419939355.681595,471.47714285714284,29279946249.146023,False,4455.0,0.8963491516976186,0.0,5176.374820574598,1.161924763316408,0.07428571428573605,6.07380952380953,1.2235073900630724,482.07142857142856,0.0,22.73131201090291,22.91490952903405,0,0.0,0.0,80,0,"{""candidate_params"": {""M1"": {""background_growth"": 0.25, ""bpr_alpha"": 0.15, ""bpr_beta"": 4.0, ""capacity_loss"": 0.25, ""cascade_background_factor"": 0.0, ""cascade_nodes"": [], ""max_bpr_delay_multiplier"": 1.1340150070016004, ""max_utilisation"": 0.9722222222222222, ""mean_bpr_delay_multiplier"": 1.0844163604595276, ""mean_utilisation"": 0.7883230452674898, ""mechanism"": ""M1_boundary_bottleneck_congestion"", ""node_params"": {""Alashankou"": {""base_background"": 500.0, ""base_capacity"": 900.0, ""bpr_delay_multiplier"": 1.110254477919468, ""effective_background"": 625.0, ""effective_capacity"": 675.0, ""utilisation"": 0.9259259259259259}, ""Altynkol"": {""base_background"": 350.0, ""base_capacity"": 700.0, ""bpr_delay_multiplier"": 1.072337962962963, ""effective_background"": 437.5, ""effective_capacity"": 525.0, ""utilisation"": 0.8333333333333334}, ""Brest"": {""base_background"": 350.0, ""base_capacity"": 600.0, ""bpr_delay_multiplier"": 1.1340150070016004, ""effective_background"": 437.5, ""effective_capacity"": 450.0, ""utilisation"": 0.9722222222222222}, ""Dostyk"": {""base_background"": 450.0, ""base_capacity"": 800.0, ""bpr_delay_multiplier"": 1.1158714294433594, ""effective_background"": 562.5, ""effective_capacity"": 600.0, ""utilisation"": 0.9375}, ""Erenhot"": {""base_background"": 450.0, ""base_capacity"": 900.0, ""bpr_delay_multiplier"": 1.072337962962963, ""effective_background"": 562.5, ""effective_capacity"": 675.0, ""utilisation"": 0.8333333333333334}, ""Khorgos"": {""base_background"": 500.0, ""base_capacity"": 900.0, ""bpr_delay_multiplier"": 1.110254477919468, ""effective_background"": 625.0, ""effective_capacity"": 675.0, ""utilisation"": 0.9259259259259259}, ""Malaszewicze"": {""base_background"": 0.0, ""base_capacity"": 500.0, ""bpr_delay_multiplier"": 1.0, ""effective_background"": 0.0, ""effective_capacity"": 375.0, ""utilisation"": 0.0}, ""Manzhouli"": {""base_background"": 450.0, ""base_capacity"": 900.0, ""bpr_delay_multiplier"": 1.072337962962963, ""effective_background"": 562.5, ""effective_capacity"": 675.0, ""utilisation"": 0.8333333333333334}, ""Zabaykalsk"": {""base_background"": 350.0, ""base_capacity"": 700.0, ""bpr_delay_multiplier"": 1.072337962962963, ""effective_background"": 437.5, ""effective_capacity"": 525.0, ""utilisation"": 0.8333333333333334}}}}, ""candidates"": [""M1""], ""intensity"": 3, ""level"": ""r3""}",0.011152420699933368,0.007792794718488357,-0.08764653045616363,0.10365084830238114,1.161924763316408,6.07380952380953
M1,single,Boundary bottleneck congestion,r3,3,7,0.748863645551573,0.748863645551573,0.23381973785986165,0.27564128061641313,543706.8586899564,0.049143973506144835,11607257.88844079,12691635019.704819,467.83142857142855,23358746024.64731,False,4455.0,0.8954415120252311,0.0,7408.746024647301,1.6630181873506849,0.07428571428573605,3.831428571428546,1.3075751458698168,319.0000000000001,0.0,21.66758790006861,21.850705342832953,0,0.0,0.0,80,0,"{""candidate_params"": {""M1"": {""background_growth"": 0.25, ""bpr_alpha"": 0.15, ""bpr_beta"": 4.0, ""capacity_loss"": 0.25, ""cascade_background_factor"": 0.0, ""cascade_nodes"": [], ""max_bpr_delay_multiplier"": 1.1340150070016004, ""max_utilisation"": 0.9722222222222222, ""mean_bpr_delay_multiplier"": 1.0844163604595276, ""mean_utilisation"": 0.7883230452674898, ""mechanism"": ""M1_boundary_bottleneck_congestion"", ""node_params"": {""Alashankou"": {""base_background"": 500.0, ""base_capacity"": 900.0, ""bpr_delay_multiplier"": 1.110254477919468, ""effective_background"": 625.0, ""effective_capacity"": 675.0, ""utilisation"": 0.9259259259259259}, ""Altynkol"": {""base_background"": 350.0, ""base_capacity"": 700.0, ""bpr_delay_multiplier"": 1.072337962962963, ""effective_background"": 437.5, ""effective_capacity"": 525.0, ""utilisation"": 0.8333333333333334}, ""Brest"": {""base_background"": 350.0, ""base_capacity"": 600.0, ""bpr_delay_multiplier"": 1.1340150070016004, ""effective_background"": 437.5, ""effective_capacity"": 450.0, ""utilisation"": 0.9722222222222222}, ""Dostyk"": {""base_background"": 450.0, ""base_capacity"": 800.0, ""bpr_delay_multiplier"": 1.1158714294433594, ""effective_background"": 562.5, ""effective_capacity"": 600.0, ""utilisation"": 0.9375}, ""Erenhot"": {""base_background"": 450.0, ""base_capacity"": 900.0, ""bpr_delay_multiplier"": 1.072337962962963, ""effective_background"": 562.5, ""effective_capacity"": 675.0, ""utilisation"": 0.8333333333333334}, ""Khorgos"": {""base_background"": 500.0, ""base_capacity"": 900.0, ""bpr_delay_multiplier"": 1.110254477919468, ""effective_background"": 625.0, ""effective_capacity"": 675.0, ""utilisation"": 0.9259259259259259}, ""Malaszewicze"": {""base_background"": 0.0, ""base_capacity"": 500.0, ""bpr_delay_multiplier"": 1.0, ""effective_background"": 0.0, ""effective_capacity"": 375.0, ""utilisation"": 0.0}, ""Manzhouli"": {""base_background"": 450.0, ""base_capacity"": 900.0, ""bpr_delay_multiplier"": 1.072337962962963, ""effective_background"": 562.5, ""effective_capacity"": 675.0, ""utilisation"": 0.8333333333333334}, ""Zabaykalsk"": {""base_background"": 350.0, ""base_capacity"": 700.0, ""bpr_delay_multiplier"": 1.072337962962963, ""effective_background"": 437.5, ""effective_capacity"": 525.0, ""utilisation"": 0.8333333333333334}}}}, ""candidates"": [""M1""], ""intensity"": 3, ""level"": ""r3""}",0.049143973506144835,0.0,-0.016874757476014964,0.10455848797476908,1.6630181873506849,3.831428571428546
M1,single,Boundary bottleneck congestion,r3,3,99,0.7222546971654517,0.7222546971654517,0.24834721214542282,0.29749301572464676,267075.54150407575,0.02336233634513702,11698960.50191681,12258664370.665892,514.2285714285714,22093538637.879257,False,4455.0,0.8917965527436932,0.0,9572.40480473991,2.148687947191899,0.22857142857139934,15.590476190476181,1.222962962962963,250.4226766627869,0.0,24.113667228724808,24.272415552288294,0,0.0,0.0,80,0,"{""candidate_params"": {""M1"": {""background_growth"": 0.25, ""bpr_alpha"": 0.15, ""bpr_beta"": 4.0, ""capacity_loss"": 0.25, ""cascade_background_factor"": 0.0, ""cascade_nodes"": [], ""max_bpr_delay_multiplier"": 1.1340150070016004, ""max_utilisation"": 0.9722222222222222, ""mean_bpr_delay_multiplier"": 1.0844163604595276, ""mean_utilisation"": 0.7883230452674898, ""mechanism"": ""M1_boundary_bottleneck_congestion"", ""node_params"": {""Alashankou"": {""base_background"": 500.0, ""base_capacity"": 900.0, ""bpr_delay_multiplier"": 1.110254477919468, ""effective_background"": 625.0, ""effective_capacity"": 675.0, ""utilisation"": 0.9259259259259259}, ""Altynkol"": {""base_background"": 350.0, ""base_capacity"": 700.0, ""bpr_delay_multiplier"": 1.072337962962963, ""effective_background"": 437.5, ""effective_capacity"": 525.0, ""utilisation"": 0.8333333333333334}, ""Brest"": {""base_background"": 350.0, ""base_capacity"": 600.0, ""bpr_delay_multiplier"": 1.1340150070016004, ""effective_background"": 437.5, ""effective_capacity"": 450.0, ""utilisation"": 0.9722222222222222}, ""Dostyk"": {""base_background"": 450.0, ""base_capacity"": 800.0, ""bpr_delay_multiplier"": 1.1158714294433594, ""effective_background"": 562.5, ""effective_capacity"": 600.0, ""utilisation"": 0.9375}, ""Erenhot"": {""base_background"": 450.0, ""base_capacity"": 900.0, ""bpr_delay_multiplier"": 1.072337962962963, ""effective_background"": 562.5, ""effective_capacity"": 675.0, ""utilisation"": 0.8333333333333334}, ""Khorgos"": {""base_background"": 500.0, ""base_capacity"": 900.0, ""bpr_delay_multiplier"": 1.110254477919468, ""effective_background"": 625.0, ""effective_capacity"": 675.0, ""utilisation"": 0.9259259259259259}, ""Malaszewicze"": {""base_background"": 0.0, ""base_capacity"": 500.0, ""bpr_delay_multiplier"": 1.0, ""effective_background"": 0.0, ""effective_capacity"": 375.0, ""utilisation"": 0.0}, ""Manzhouli"": {""base_background"": 450.0, ""base_capacity"": 900.0, ""bpr_delay_multiplier"": 1.072337962962963, ""effective_background"": 562.5, ""effective_capacity"": 675.0, ""utilisation"": 0.8333333333333334}, ""Zabaykalsk"": {""base_background"": 350.0, ""base_capacity"": 700.0, ""bpr_delay_multiplier"": 1.072337962962963, ""effective_background"": 437.5, ""effective_capacity"": 525.0, ""utilisation"": 0.8333333333333334}}}}, ""candidates"": [""M1""], ""intensity"": 3, ""level"": ""r3""}",0.02336233634513702,0.09917491648395942,-0.06323546952025903,0.08575675814295103,1.2906899780828192,15.590476190476181
M1,single,Boundary bottleneck congestion,r3,3,1000,0.7489520418908022,0.7489520418908022,0.22553771938829362,0.1538812749157566,1048515.9061779007,0.09502337800288473,12082810.078987353,13127675194.551653,471.47714285714284,25255424256.1205,False,4455.0,0.8689650781542224,0.0,10905.42425612049,2.4479066792638586,3.831428571428546,15.590476190476181,1.1458271065803174,287.0000000000001,0.0,25.348627995233983,25.528273658826947,0,0.0,0.0,80,0,"{""candidate_params"": {""M1"": {""background_growth"": 0.25, ""bpr_alpha"": 0.15, ""bpr_beta"": 4.0, ""capacity_loss"": 0.25, ""cascade_background_factor"": 0.0, ""cascade_nodes"": [], ""max_bpr_delay_multiplier"": 1.1340150070016004, ""max_utilisation"": 0.9722222222222222, ""mean_bpr_delay_multiplier"": 1.0844163604595276, ""mean_utilisation"": 0.7883230452674898, ""mechanism"": ""M1_boundary_bottleneck_congestion"", ""node_params"": {""Alashankou"": {""base_background"": 500.0, ""base_capacity"": 900.0, ""bpr_delay_multiplier"": 1.110254477919468, ""effective_background"": 625.0, ""effective_capacity"": 675.0, ""utilisation"": 0.9259259259259259}, ""Altynkol"": {""base_background"": 350.0, ""base_capacity"": 700.0, ""bpr_delay_multiplier"": 1.072337962962963, ""effective_background"": 437.5, ""effective_capacity"": 525.0, ""utilisation"": 0.8333333333333334}, ""Brest"": {""base_background"": 350.0, ""base_capacity"": 600.0, ""bpr_delay_multiplier"": 1.1340150070016004, ""effective_background"": 437.5, ""effective_capacity"": 450.0, ""utilisation"": 0.9722222222222222}, ""Dostyk"": {""base_background"": 450.0, ""base_capacity"": 800.0, ""bpr_delay_multiplier"": 1.1158714294433594, ""effective_background"": 562.5, ""effective_capacity"": 600.0, ""utilisation"": 0.9375}, ""Erenhot"": {""base_background"": 450.0, ""base_capacity"": 900.0, ""bpr_delay_multiplier"": 1.072337962962963, ""effective_background"": 562.5, ""effective_capacity"": 675.0, ""utilisation"": 0.8333333333333334}, ""Khorgos"": {""base_background"": 500.0, ""base_capacity"": 900.0, ""bpr_delay_multiplier"": 1.110254477919468, ""effective_background"": 625.0, ""effective_capacity"": 675.0, ""utilisation"": 0.9259259259259259}, ""Malaszewicze"": {""base_background"": 0.0, ""base_capacity"": 500.0, ""bpr_delay_multiplier"": 1.0, ""effective_background"": 0.0, ""effective_capacity"": 375.0, ""utilisation"": 0.0}, ""Manzhouli"": {""base_background"": 450.0, ""base_capacity"": 900.0, ""bpr_delay_multiplier"": 1.072337962962963, ""effective_background"": 562.5, ""effective_capacity"": 675.0, ""utilisation"": 0.8333333333333334}, ""Zabaykalsk"": {""base_background"": 350.0, ""base_capacity"": 700.0, ""bpr_delay_multiplier"": 1.072337962962963, ""effective_background"": 437.5, ""effective_capacity"": 525.0, ""utilisation"": 0.8333333333333334}}}}, ""candidates"": [""M1""], ""intensity"": 3, ""level"": ""r3""}",0.09502337800288473,0.007792794718488357,0.007373738485430967,0.1310349218457778,2.4479066792638586,15.590476190476181
M1,single,Boundary bottleneck congestion,r4,4,2026,0.6784207354880467,0.6784207354880467,0.2668911335578002,0.4525252525252524,1416268.3280416206,0.12713001382154177,12556582.762599155,10387911426.523035,471.47714285714284,90941188795.3777,False,4455.0,0.7921490568695645,0.0,28435.806850933255,6.382897160703312,38.22380952380951,56.907619047618994,2.292307692307692,1250.107638888889,0.0,18.11150227021426,18.273347617127,0,0.0,0.0,80,0,"{""candidate_params"": {""M1"": {""background_growth"": 0.4, ""bpr_alpha"": 0.15, ""bpr_beta"": 4.0, ""capacity_loss"": 0.35, ""cascade_background_factor"": 0.0, ""cascade_nodes"": [], ""max_bpr_delay_multiplier"": 1.373780939302104, ""max_utilisation"": 1.2564102564102562, ""mean_bpr_delay_multiplier"": 1.2354454714511969, ""mean_utilisation"": 1.018755935422602, ""mechanism"": ""M1_boundary_bottleneck_congestion"", ""node_params"": {""Alashankou"": {""base_background"": 500.0, ""base_capacity"": 900.0, ""bpr_delay_multiplier"": 1.3075105037938757, ""effective_background"": 700.0, ""effective_capacity"": 585.0, ""utilisation"": 1.1965811965811965}, ""Altynkol"": {""base_background"": 350.0, ""base_capacity"": 700.0, ""bpr_delay_multiplier"": 1.2017576415391618, ""effective_background"": 489.99999999999994, ""effective_capacity"": 455.0, ""utilisation"": 1.0769230769230769}, ""Brest"": {""base_background"": 350.0, ""base_capacity"": 600.0, ""bpr_delay_multiplier"": 1.373780939302104, ""effective_background"": 489.99999999999994, ""effective_capacity"": 390.0, ""utilisation"": 1.2564102564102562}, ""Dostyk"": {""base_background"": 450.0, ""base_capacity"": 800.0, ""bpr_delay_multiplier"": 1.3231767300142676, ""effective_background"": 630.0, ""effective_capacity"": 520.0, ""utilisation"": 1.2115384615384615}, ""Erenhot"": {""base_background"": 450.0, ""base_capacity"": 900.0, ""bpr_delay_multiplier"": 1.2017576415391618, ""effective_background"": 630.0, ""effective_capacity"": 585.0, ""utilisation"": 1.0769230769230769}, ""Khorgos"": {""base_background"": 500.0, ""base_capacity"": 900.0, ""bpr_delay_multiplier"": 1.3075105037938757, ""effective_background"": 700.0, ""effective_capacity"": 585.0, ""utilisation"": 1.1965811965811965}, ""Malaszewicze"": {""base_background"": 0.0, ""base_capacity"": 500.0, ""bpr_delay_multiplier"": 1.0, ""effective_background"": 0.0, ""effective_capacity"": 325.0, ""utilisation"": 0.0}, ""Manzhouli"": {""base_background"": 450.0, ""base_capacity"": 900.0, ""bpr_delay_multiplier"": 1.2017576415391618, ""effective_background"": 630.0, ""effective_capacity"": 585.0, ""utilisation"": 1.0769230769230769}, ""Zabaykalsk"": {""base_background"": 350.0, ""base_capacity"": 700.0, ""bpr_delay_multiplier"": 1.2017576415391618, ""effective_background"": 489.99999999999994, ""effective_capacity"": 455.0, ""utilisation"": 1.0769230769230769}}}}, ""candidates"": [""M1""], ""intensity"": 4, ""level"": ""r4""}",0.12713001382154177,0.007792794718488357,-0.23691680290155168,0.20785094313043528,6.382897160703312,56.907619047618994
M1,single,Boundary bottleneck congestion,r4,4,7,0.6512152380775603,0.6512152380775603,0.21684724782904347,0.35243748106773887,1685518.1894471422,0.15234875176285081,12749069.219197975,10494770984.153067,471.25166666666667,92750079958.43056,False,4455.0,0.7613916947250281,0.0,31750.07995843056,7.126841741510788,34.251666666666665,41.21928571428572,2.641025641025641,1205.0,15.0,16.888870435301214,17.04859301727265,0,0.0,0.0,80,0,"{""candidate_params"": {""M1"": {""background_growth"": 0.4, ""bpr_alpha"": 0.15, ""bpr_beta"": 4.0, ""capacity_loss"": 0.35, ""cascade_background_factor"": 0.0, ""cascade_nodes"": [], ""max_bpr_delay_multiplier"": 1.373780939302104, ""max_utilisation"": 1.2564102564102562, ""mean_bpr_delay_multiplier"": 1.2354454714511969, ""mean_utilisation"": 1.018755935422602, ""mechanism"": ""M1_boundary_bottleneck_congestion"", ""node_params"": {""Alashankou"": {""base_background"": 500.0, ""base_capacity"": 900.0, ""bpr_delay_multiplier"": 1.3075105037938757, ""effective_background"": 700.0, ""effective_capacity"": 585.0, ""utilisation"": 1.1965811965811965}, ""Altynkol"": {""base_background"": 350.0, ""base_capacity"": 700.0, ""bpr_delay_multiplier"": 1.2017576415391618, ""effective_background"": 489.99999999999994, ""effective_capacity"": 455.0, ""utilisation"": 1.0769230769230769}, ""Brest"": {""base_background"": 350.0, ""base_capacity"": 600.0, ""bpr_delay_multiplier"": 1.373780939302104, ""effective_background"": 489.99999999999994, ""effective_capacity"": 390.0, ""utilisation"": 1.2564102564102562}, ""Dostyk"": {""base_background"": 450.0, ""base_capacity"": 800.0, ""bpr_delay_multiplier"": 1.3231767300142676, ""effective_background"": 630.0, ""effective_capacity"": 520.0, ""utilisation"": 1.2115384615384615}, ""Erenhot"": {""base_background"": 450.0, ""base_capacity"": 900.0, ""bpr_delay_multiplier"": 1.2017576415391618, ""effective_background"": 630.0, ""effective_capacity"": 585.0, ""utilisation"": 1.0769230769230769}, ""Khorgos"": {""base_background"": 500.0, ""base_capacity"": 900.0, ""bpr_delay_multiplier"": 1.3075105037938757, ""effective_background"": 700.0, ""effective_capacity"": 585.0, ""utilisation"": 1.1965811965811965}, ""Malaszewicze"": {""base_background"": 0.0, ""base_capacity"": 500.0, ""bpr_delay_multiplier"": 1.0, ""effective_background"": 0.0, ""effective_capacity"": 325.0, ""utilisation"": 0.0}, ""Manzhouli"": {""base_background"": 450.0, ""base_capacity"": 900.0, ""bpr_delay_multiplier"": 1.2017576415391618, ""effective_background"": 630.0, ""effective_capacity"": 585.0, ""utilisation"": 1.0769230769230769}, ""Zabaykalsk"": {""base_background"": 350.0, ""base_capacity"": 700.0, ""bpr_delay_multiplier"": 1.2017576415391618, ""effective_background"": 489.99999999999994, ""effective_capacity"": 455.0, ""utilisation"": 1.0769230769230769}}}}, ""candidates"": [""M1""], ""intensity"": 4, ""level"": ""r4""}",0.15234875176285081,0.007310834386826401,-0.18704924519101618,0.23860830527497212,7.126841741510788,41.21928571428572
M1,single,Boundary bottleneck congestion,r4,4,99,0.6410308993617705,0.6410308993617705,0.2375787394237579,0.42128542497546184,751311.6191732828,0.06572071200637393,12183196.579586018,10911479339.9516,471.47714285714284,89191185974.03516,False,4455.0,0.8632996632996633,0.0,21191.185974035154,4.756719635024726,18.814166666666665,39.00595238095241,2.4461538461538463,1360.0,0.0,17.939447812736034,18.100537894293666,0,0.0,0.0,80,0,"{""candidate_params"": {""M1"": {""background_growth"": 0.4, ""bpr_alpha"": 0.15, ""bpr_beta"": 4.0, ""capacity_loss"": 0.35, ""cascade_background_factor"": 0.0, ""cascade_nodes"": [], ""max_bpr_delay_multiplier"": 1.373780939302104, ""max_utilisation"": 1.2564102564102562, ""mean_bpr_delay_multiplier"": 1.2354454714511969, ""mean_utilisation"": 1.018755935422602, ""mechanism"": ""M1_boundary_bottleneck_congestion"", ""node_params"": {""Alashankou"": {""base_background"": 500.0, ""base_capacity"": 900.0, ""bpr_delay_multiplier"": 1.3075105037938757, ""effective_background"": 700.0, ""effective_capacity"": 585.0, ""utilisation"": 1.1965811965811965}, ""Altynkol"": {""base_background"": 350.0, ""base_capacity"": 700.0, ""bpr_delay_multiplier"": 1.2017576415391618, ""effective_background"": 489.99999999999994, ""effective_capacity"": 455.0, ""utilisation"": 1.0769230769230769}, ""Brest"": {""base_background"": 350.0, ""base_capacity"": 600.0, ""bpr_delay_multiplier"": 1.373780939302104, ""effective_background"": 489.99999999999994, ""effective_capacity"": 390.0, ""utilisation"": 1.2564102564102562}, ""Dostyk"": {""base_background"": 450.0, ""base_capacity"": 800.0, ""bpr_delay_multiplier"": 1.3231767300142676, ""effective_background"": 630.0, ""effective_capacity"": 520.0, ""utilisation"": 1.2115384615384615}, ""Erenhot"": {""base_background"": 450.0, ""base_capacity"": 900.0, ""bpr_delay_multiplier"": 1.2017576415391618, ""effective_background"": 630.0, ""effective_capacity"": 585.0, ""utilisation"": 1.0769230769230769}, ""Khorgos"": {""base_background"": 500.0, ""base_capacity"": 900.0, ""bpr_delay_multiplier"": 1.3075105037938757, ""effective_background"": 700.0, ""effective_capacity"": 585.0, ""utilisation"": 1.1965811965811965}, ""Malaszewicze"": {""base_background"": 0.0, ""base_capacity"": 500.0, ""bpr_delay_multiplier"": 1.0, ""effective_background"": 0.0, ""effective_capacity"": 325.0, ""utilisation"": 0.0}, ""Manzhouli"": {""base_background"": 450.0, ""base_capacity"": 900.0, ""bpr_delay_multiplier"": 1.2017576415391618, ""effective_background"": 630.0, ""effective_capacity"": 585.0, ""utilisation"": 1.0769230769230769}, ""Zabaykalsk"": {""base_background"": 350.0, ""base_capacity"": 700.0, ""bpr_delay_multiplier"": 1.2017576415391618, ""effective_background"": 489.99999999999994, ""effective_capacity"": 455.0, ""utilisation"": 1.0769230769230769}}}}, ""candidates"": [""M1""], ""intensity"": 4, ""level"": ""r4""}",0.06572071200637393,0.007792794718488357,-0.16618266789419234,0.11425364758698087,3.898721665915646,39.00595238095241
M1,single,Boundary bottleneck congestion,r4,4,1000,0.6466555932391235,0.6466555932391235,0.2577219929999347,0.3577051828669482,1584516.0969885923,0.14359922548495527,12618810.269798044,10773081272.041769,467.83142857142855,83809389726.24258,False,4455.0,0.7948372615039282,0.0,27059.389726242578,6.0739370878210055,21.12095238095236,41.21928571428572,2.4803418803418804,1135.0,0.0,16.12944289436564,16.291132751852274,0,0.0,0.0,80,0,"{""candidate_params"": {""M1"": {""background_growth"": 0.4, ""bpr_alpha"": 0.15, ""bpr_beta"": 4.0, ""capacity_loss"": 0.35, ""cascade_background_factor"": 0.0, ""cascade_nodes"": [], ""max_bpr_delay_multiplier"": 1.373780939302104, ""max_utilisation"": 1.2564102564102562, ""mean_bpr_delay_multiplier"": 1.2354454714511969, ""mean_utilisation"": 1.018755935422602, ""mechanism"": ""M1_boundary_bottleneck_congestion"", ""node_params"": {""Alashankou"": {""base_background"": 500.0, ""base_capacity"": 900.0, ""bpr_delay_multiplier"": 1.3075105037938757, ""effective_background"": 700.0, ""effective_capacity"": 585.0, ""utilisation"": 1.1965811965811965}, ""Altynkol"": {""base_background"": 350.0, ""base_capacity"": 700.0, ""bpr_delay_multiplier"": 1.2017576415391618, ""effective_background"": 489.99999999999994, ""effective_capacity"": 455.0, ""utilisation"": 1.0769230769230769}, ""Brest"": {""base_background"": 350.0, ""base_capacity"": 600.0, ""bpr_delay_multiplier"": 1.373780939302104, ""effective_background"": 489.99999999999994, ""effective_capacity"": 390.0, ""utilisation"": 1.2564102564102562}, ""Dostyk"": {""base_background"": 450.0, ""base_capacity"": 800.0, ""bpr_delay_multiplier"": 1.3231767300142676, ""effective_background"": 630.0, ""effective_capacity"": 520.0, ""utilisation"": 1.2115384615384615}, ""Erenhot"": {""base_background"": 450.0, ""base_capacity"": 900.0, ""bpr_delay_multiplier"": 1.2017576415391618, ""effective_background"": 630.0, ""effective_capacity"": 585.0, ""utilisation"": 1.0769230769230769}, ""Khorgos"": {""base_background"": 500.0, ""base_capacity"": 900.0, ""bpr_delay_multiplier"": 1.3075105037938757, ""effective_background"": 700.0, ""effective_capacity"": 585.0, ""utilisation"": 1.1965811965811965}, ""Malaszewicze"": {""base_background"": 0.0, ""base_capacity"": 500.0, ""bpr_delay_multiplier"": 1.0, ""effective_background"": 0.0, ""effective_capacity"": 325.0, ""utilisation"": 0.0}, ""Manzhouli"": {""base_background"": 450.0, ""base_capacity"": 900.0, ""bpr_delay_multiplier"": 1.2017576415391618, ""effective_background"": 630.0, ""effective_capacity"": 585.0, ""utilisation"": 1.0769230769230769}, ""Zabaykalsk"": {""base_background"": 350.0, ""base_capacity"": 700.0, ""bpr_delay_multiplier"": 1.2017576415391618, ""effective_background"": 489.99999999999994, ""effective_capacity"": 455.0, ""utilisation"": 1.0769230769230769}}}}, ""candidates"": [""M1""], ""intensity"": 4, ""level"": ""r4""}",0.14359922548495527,0.0,-0.17330989720646092,0.20516273849607203,6.0739370878210055,41.21928571428572
M1,single,Boundary bottleneck congestion,r5,5,2026,0.6545042549679131,0.6545042549679131,0.2668911335578002,0.4525252525252524,1231299.1561160367,0.11052642753929062,12371613.590673571,10493940785.35592,471.47714285714284,104351022619.04759,False,4455.0,0.838608305274972,0.0,25601.022619047595,5.746581957137507,21.12095238095236,46.26761904761901,3.3030303030303028,1575.0,0.0,16.6485861139372,16.806758584920317,0,0.0,0.0,80,0,"{""candidate_params"": {""M1"": {""background_growth"": 0.6, ""bpr_alpha"": 0.15, ""bpr_beta"": 4.0, ""capacity_loss"": 0.45, ""cascade_background_factor"": 0.0, ""cascade_nodes"": [], ""max_bpr_delay_multiplier"": 2.243906128654438, ""max_utilisation"": 1.696969696969697, ""mean_bpr_delay_multiplier"": 1.7835393250627105, ""mean_utilisation"": 1.375982042648709, ""mechanism"": ""M1_boundary_bottleneck_congestion"", ""node_params"": {""Alashankou"": {""base_background"": 500.0, ""base_capacity"": 900.0, ""bpr_delay_multiplier"": 2.0233646504527947, ""effective_background"": 800.0, ""effective_capacity"": 495.00000000000006, ""utilisation"": 1.616161616161616}, ""Altynkol"": {""base_background"": 350.0, ""base_capacity"": 700.0, ""bpr_delay_multiplier"": 1.6714295471620786, ""effective_background"": 560.0, ""effective_capacity"": 385.00000000000006, ""utilisation"": 1.4545454545454544}, ""Brest"": {""base_background"": 350.0, ""base_capacity"": 600.0, ""bpr_delay_multiplier"": 2.243906128654438, ""effective_background"": 560.0, ""effective_capacity"": 330.0, ""utilisation"": 1.696969696969697}, ""Dostyk"": {""base_background"": 450.0, ""base_capacity"": 800.0, ""bpr_delay_multiplier"": 2.0755003073560543, ""effective_background"": 720.0, ""effective_capacity"": 440.00000000000006, ""utilisation"": 1.6363636363636362}, ""Erenhot"": {""base_background"": 450.0, ""base_capacity"": 900.0, ""bpr_delay_multiplier"": 1.6714295471620786, ""effective_background"": 720.0, ""effective_capacity"": 495.00000000000006, ""utilisation"": 1.4545454545454544}, ""Khorgos"": {""base_background"": 500.0, ""base_capacity"": 900.0, ""bpr_delay_multiplier"": 2.0233646504527947, ""effective_background"": 800.0, ""effective_capacity"": 495.00000000000006, ""utilisation"": 1.616161616161616}, ""Malaszewicze"": {""base_background"": 0.0, ""base_capacity"": 500.0, ""bpr_delay_multiplier"": 1.0, ""effective_background"": 0.0, ""effective_capacity"": 275.0, ""utilisation"": 0.0}, ""Manzhouli"": {""base_background"": 450.0, ""base_capacity"": 900.0, ""bpr_delay_multiplier"": 1.6714295471620786, ""effective_background"": 720.0, ""effective_capacity"": 495.00000000000006, ""utilisation"": 1.4545454545454544}, ""Zabaykalsk"": {""base_background"": 350.0, ""base_capacity"": 700.0, ""bpr_delay_multiplier"": 1.6714295471620786, ""effective_background"": 560.0, ""effective_capacity"": 385.00000000000006, ""utilisation"": 1.4545454545454544}}}}, ""candidates"": [""M1""], ""intensity"": 5, ""level"": ""r5""}",0.11052642753929062,0.007792794718488357,-0.22912801660925478,0.1613916947250278,5.746581957137507,46.26761904761901
M1,single,Boundary bottleneck congestion,r5,5,7,0.6156136448044787,0.6156136448044787,0.21684724782904347,0.35243748106773887,1230525.3264339678,0.11122336066647862,12294076.356184801,10461983063.546362,467.83142857142855,104297766826.44041,False,4455.0,0.8244668911335578,0.0,25534.307678635203,5.731606661870977,21.12095238095236,41.21928571428572,3.3030303030303028,1575.2691829561043,0.0,16.242590168956667,16.403117157053202,0,0.0,0.0,80,0,"{""candidate_params"": {""M1"": {""background_growth"": 0.6, ""bpr_alpha"": 0.15, ""bpr_beta"": 4.0, ""capacity_loss"": 0.45, ""cascade_background_factor"": 0.0, ""cascade_nodes"": [], ""max_bpr_delay_multiplier"": 2.243906128654438, ""max_utilisation"": 1.696969696969697, ""mean_bpr_delay_multiplier"": 1.7835393250627105, ""mean_utilisation"": 1.375982042648709, ""mechanism"": ""M1_boundary_bottleneck_congestion"", ""node_params"": {""Alashankou"": {""base_background"": 500.0, ""base_capacity"": 900.0, ""bpr_delay_multiplier"": 2.0233646504527947, ""effective_background"": 800.0, ""effective_capacity"": 495.00000000000006, ""utilisation"": 1.616161616161616}, ""Altynkol"": {""base_background"": 350.0, ""base_capacity"": 700.0, ""bpr_delay_multiplier"": 1.6714295471620786, ""effective_background"": 560.0, ""effective_capacity"": 385.00000000000006, ""utilisation"": 1.4545454545454544}, ""Brest"": {""base_background"": 350.0, ""base_capacity"": 600.0, ""bpr_delay_multiplier"": 2.243906128654438, ""effective_background"": 560.0, ""effective_capacity"": 330.0, ""utilisation"": 1.696969696969697}, ""Dostyk"": {""base_background"": 450.0, ""base_capacity"": 800.0, ""bpr_delay_multiplier"": 2.0755003073560543, ""effective_background"": 720.0, ""effective_capacity"": 440.00000000000006, ""utilisation"": 1.6363636363636362}, ""Erenhot"": {""base_background"": 450.0, ""base_capacity"": 900.0, ""bpr_delay_multiplier"": 1.6714295471620786, ""effective_background"": 720.0, ""effective_capacity"": 495.00000000000006, ""utilisation"": 1.4545454545454544}, ""Khorgos"": {""base_background"": 500.0, ""base_capacity"": 900.0, ""bpr_delay_multiplier"": 2.0233646504527947, ""effective_background"": 800.0, ""effective_capacity"": 495.00000000000006, ""utilisation"": 1.616161616161616}, ""Malaszewicze"": {""base_background"": 0.0, ""base_capacity"": 500.0, ""bpr_delay_multiplier"": 1.0, ""effective_background"": 0.0, ""effective_capacity"": 275.0, ""utilisation"": 0.0}, ""Manzhouli"": {""base_background"": 450.0, ""base_capacity"": 900.0, ""bpr_delay_multiplier"": 1.6714295471620786, ""effective_background"": 720.0, ""effective_capacity"": 495.00000000000006, ""utilisation"": 1.4545454545454544}, ""Zabaykalsk"": {""base_background"": 350.0, ""base_capacity"": 700.0, ""bpr_delay_multiplier"": 1.6714295471620786, ""effective_background"": 560.0, ""effective_capacity"": 385.00000000000006, ""utilisation"": 1.4545454545454544}}}}, ""candidates"": [""M1""], ""intensity"": 5, ""level"": ""r5""}",0.11122336066647862,0.0,-0.18958907810838865,0.17553310886644247,5.731606661870977,41.21928571428572
M1,single,Boundary bottleneck congestion,r5,5,99,0.6102429651316044,0.6102429651316044,0.21064271248773095,0.42128542497546184,432524.9811131116,0.037834966202939795,11864409.941525847,11136758545.762241,471.25166666666667,104681145945.55371,False,4455.0,0.8084479805696693,0.0,19931.1459455537,4.473882367127654,21.12095238095236,38.22380952380951,3.5454545454545454,1695.0000000000002,0.0,17.163030713796616,17.32332229288295,0,0.0,0.0,80,0,"{""candidate_params"": {""M1"": {""background_growth"": 0.6, ""bpr_alpha"": 0.15, ""bpr_beta"": 4.0, ""capacity_loss"": 0.45, ""cascade_background_factor"": 0.0, ""cascade_nodes"": [], ""max_bpr_delay_multiplier"": 2.243906128654438, ""max_utilisation"": 1.696969696969697, ""mean_bpr_delay_multiplier"": 1.7835393250627105, ""mean_utilisation"": 1.375982042648709, ""mechanism"": ""M1_boundary_bottleneck_congestion"", ""node_params"": {""Alashankou"": {""base_background"": 500.0, ""base_capacity"": 900.0, ""bpr_delay_multiplier"": 2.0233646504527947, ""effective_background"": 800.0, ""effective_capacity"": 495.00000000000006, ""utilisation"": 1.616161616161616}, ""Altynkol"": {""base_background"": 350.0, ""base_capacity"": 700.0, ""bpr_delay_multiplier"": 1.6714295471620786, ""effective_background"": 560.0, ""effective_capacity"": 385.00000000000006, ""utilisation"": 1.4545454545454544}, ""Brest"": {""base_background"": 350.0, ""base_capacity"": 600.0, ""bpr_delay_multiplier"": 2.243906128654438, ""effective_background"": 560.0, ""effective_capacity"": 330.0, ""utilisation"": 1.696969696969697}, ""Dostyk"": {""base_background"": 450.0, ""base_capacity"": 800.0, ""bpr_delay_multiplier"": 2.0755003073560543, ""effective_background"": 720.0, ""effective_capacity"": 440.00000000000006, ""utilisation"": 1.6363636363636362}, ""Erenhot"": {""base_background"": 450.0, ""base_capacity"": 900.0, ""bpr_delay_multiplier"": 1.6714295471620786, ""effective_background"": 720.0, ""effective_capacity"": 495.00000000000006, ""utilisation"": 1.4545454545454544}, ""Khorgos"": {""base_background"": 500.0, ""base_capacity"": 900.0, ""bpr_delay_multiplier"": 2.0233646504527947, ""effective_background"": 800.0, ""effective_capacity"": 495.00000000000006, ""utilisation"": 1.616161616161616}, ""Malaszewicze"": {""base_background"": 0.0, ""base_capacity"": 500.0, ""bpr_delay_multiplier"": 1.0, ""effective_background"": 0.0, ""effective_capacity"": 275.0, ""utilisation"": 0.0}, ""Manzhouli"": {""base_background"": 450.0, ""base_capacity"": 900.0, ""bpr_delay_multiplier"": 1.6714295471620786, ""effective_background"": 720.0, ""effective_capacity"": 495.00000000000006, ""utilisation"": 1.4545454545454544}, ""Zabaykalsk"": {""base_background"": 350.0, ""base_capacity"": 700.0, ""bpr_delay_multiplier"": 1.6714295471620786, ""effective_background"": 560.0, ""effective_capacity"": 385.00000000000006, ""utilisation"": 1.4545454545454544}}}}, ""candidates"": [""M1""], ""intensity"": 5, ""level"": ""r5""}",0.037834966202939795,0.007310834386826401,-0.14896761386570914,0.16910533031697494,3.6158843980185744,38.22380952380951
M1,single,Boundary bottleneck congestion,r5,5,1000,0.5786828330700851,0.5786828330700851,0.2074877471620799,0.29934379117222315,534114.3994618822,0.0484049447202558,11568408.572271334,10916959267.945585,471.47714285714284,115900100476.19046,False,4455.0,0.8615039281705948,0.0,15400.10047619047,3.4568126770348977,11.854285714285709,38.22380952380951,3.3844590807913226,2009.9999999999998,0.0,18.33281719079241,18.496264602057636,0,0.0,0.0,80,0,"{""candidate_params"": {""M1"": {""background_growth"": 0.6, ""bpr_alpha"": 0.15, ""bpr_beta"": 4.0, ""capacity_loss"": 0.45, ""cascade_background_factor"": 0.0, ""cascade_nodes"": [], ""max_bpr_delay_multiplier"": 2.243906128654438, ""max_utilisation"": 1.696969696969697, ""mean_bpr_delay_multiplier"": 1.7835393250627105, ""mean_utilisation"": 1.375982042648709, ""mechanism"": ""M1_boundary_bottleneck_congestion"", ""node_params"": {""Alashankou"": {""base_background"": 500.0, ""base_capacity"": 900.0, ""bpr_delay_multiplier"": 2.0233646504527947, ""effective_background"": 800.0, ""effective_capacity"": 495.00000000000006, ""utilisation"": 1.616161616161616}, ""Altynkol"": {""base_background"": 350.0, ""base_capacity"": 700.0, ""bpr_delay_multiplier"": 1.6714295471620786, ""effective_background"": 560.0, ""effective_capacity"": 385.00000000000006, ""utilisation"": 1.4545454545454544}, ""Brest"": {""base_background"": 350.0, ""base_capacity"": 600.0, ""bpr_delay_multiplier"": 2.243906128654438, ""effective_background"": 560.0, ""effective_capacity"": 330.0, ""utilisation"": 1.696969696969697}, ""Dostyk"": {""base_background"": 450.0, ""base_capacity"": 800.0, ""bpr_delay_multiplier"": 2.0755003073560543, ""effective_background"": 720.0, ""effective_capacity"": 440.00000000000006, ""utilisation"": 1.6363636363636362}, ""Erenhot"": {""base_background"": 450.0, ""base_capacity"": 900.0, ""bpr_delay_multiplier"": 1.6714295471620786, ""effective_background"": 720.0, ""effective_capacity"": 495.00000000000006, ""utilisation"": 1.4545454545454544}, ""Khorgos"": {""base_background"": 500.0, ""base_capacity"": 900.0, ""bpr_delay_multiplier"": 2.0233646504527947, ""effective_background"": 800.0, ""effective_capacity"": 495.00000000000006, ""utilisation"": 1.616161616161616}, ""Malaszewicze"": {""base_background"": 0.0, ""base_capacity"": 500.0, ""bpr_delay_multiplier"": 1.0, ""effective_background"": 0.0, ""effective_capacity"": 275.0, ""utilisation"": 0.0}, ""Manzhouli"": {""base_background"": 450.0, ""base_capacity"": 900.0, ""bpr_delay_multiplier"": 1.6714295471620786, ""effective_background"": 720.0, ""effective_capacity"": 495.00000000000006, ""utilisation"": 1.4545454545454544}, ""Zabaykalsk"": {""base_background"": 350.0, ""base_capacity"": 700.0, ""bpr_delay_multiplier"": 1.6714295471620786, ""effective_background"": 560.0, ""effective_capacity"": 385.00000000000006, ""utilisation"": 1.4545454545454544}}}}, ""candidates"": [""M1""], ""intensity"": 5, ""level"": ""r5""}",0.0484049447202558,0.007792794718488357,-0.16226918264950932,0.13849607182940538,3.4568126770348977,38.22380952380951
M2,single,Corridor/link disruption,r1,1,2026,0.7534468042496388,0.7534468042496388,0.33391602535788767,0.153267837050779,768852.577549506,0.06901533902530668,11909167.01210704,15178000103.86005,476.0904761904762,1126157142.8571424,False,4455.0,0.978675645342312,0.0,1126.1571428571424,0.25278499278499267,0.0,0.0,0.9934591893316552,0.0,0.0,26.444515145383775,26.605270067229867,0,0.0,0.0,80,0,"{""candidate_params"": {""M2"": {""candidate"": ""C6"", ""capacity_factor"": 0.7, ""delay_spread"": 0.15, ""disrupted_nodes"": [""Erenhot""], ""level"": ""r1""}}, ""candidates"": [""M2""], ""intensity"": 1, ""level"": ""r1""}",0.06901533902530668,0.017653896499146046,0.11495721991256667,0.021324354657687783,0.25278499278499267,0.0
M2,single,Corridor/link disruption,r1,1,7,0.753456582278066,0.753456582278066,0.1721526533677852,0.17517668803939573,-33762.762547818944,-0.003051711196254077,11029788.267203014,12796248391.89991,467.83142857142855,9062857.142859798,False,4455.0,0.9726150392817059,0.0,9.062857142859798,0.002034311367645297,0.0,0.0,0.9550630738633993,0.0,0.0,28.495552382897586,28.658733941148967,0,0.0,0.0,80,0,"{""candidate_params"": {""M2"": {""candidate"": ""C6"", ""capacity_factor"": 0.7, ""delay_spread"": 0.15, ""disrupted_nodes"": [""Malaszewicze""], ""level"": ""r1""}}, ""candidates"": [""M2""], ""intensity"": 1, ""level"": ""r1""}",-0.003051711196254077,0.0,-0.008771148543763851,0.027384960718294327,0.002034311367645297,0.0
M2,single,Corridor/link disruption,r1,1,99,0.6266320881828791,0.6266320881828791,0.19555151927857897,0.22845870869478435,-31798.04597383365,-0.0027815225646467333,11400086.914438901,14275005849.39547,467.83142857142855,0.0,True,4455.0,1.0,0.0,0.0,0.0,0.0,0.0,0.974750388213096,0.0,0.0,26.603801178745925,26.784806350711733,5,1.0,1.0,29,7,"{""candidate_params"": {""M2"": {""candidate"": ""C6"", ""capacity_factor"": 0.7, ""delay_spread"": 0.15, ""disrupted_nodes"": [""Khorgos""], ""level"": ""r1""}}, ""candidates"": [""M2""], ""intensity"": 1, ""level"": ""r1""}",-0.0027815225646467333,0.0,0.09084633919038584,-0.02244668911335579,-0.8579979691090798,0.0
M2,single,Corridor/link disruption,r1,1,1000,0.6801371326332664,0.6801371326332664,0.17089964390731,0.19852377336200797,685658.4325772114,0.062138857441992164,11719952.605386663,14968198884.766195,471.47714285714284,0.0,True,4455.0,1.0,0.0,0.0,0.0,0.0,0.0,0.9825086129612729,0.0,0.0,25.411363813094795,25.573004216887057,1,0.025,0.025,80,1,"{""candidate_params"": {""M2"": {""candidate"": ""C6"", ""capacity_factor"": 0.7, ""delay_spread"": 0.15, ""disrupted_nodes"": [""Erenhot""], ""level"": ""r1""}}, ""candidates"": [""M2""], ""intensity"": 1, ""level"": ""r1""}",0.062138857441992164,0.007792794718488357,0.14860934974978685,2.220446049250313e-16,0.0,0.0
M2,single,Corridor/link disruption,r2,2,2026,0.6110566011832044,0.6110566011832044,0.22767303308900302,0.18797604381077043,-23839.22197391279,-0.002139905665495664,11116475.212583622,13355216819.980312,467.83142857142855,9062857.142859798,False,4455.0,0.9726150392817058,0.0,9.062857142859798,0.002034311367645297,0.0,0.0,0.978,0.0,0.0,25.04688686132431,25.205443322192878,0,0.0,0.0,80,0,"{""candidate_params"": {""M2"": {""candidate"": ""C6"", ""capacity_factor"": 0.5, ""delay_spread"": 0.3, ""disrupted_nodes"": [""Brest""], ""level"": ""r2""}}, ""candidates"": [""M2""], ""intensity"": 2, ""level"": ""r2""}",-0.002139905665495664,0.0,-0.018942198244690612,0.027384960718293994,0.002034311367645297,0.0
M2,single,Corridor/link disruption,r2,2,7,0.7549925971235174,0.7549925971235174,0.24788476513276023,0.31240761278239526,548109.2050504759,0.04954188791433812,11611660.23480131,14724300108.216972,467.83142857142855,2927872.4356581084,False,4455.0,0.991152936609859,0.0,2.9278724356581085,0.0006572104232678134,0.0,0.0,0.9881513918202404,0.0,0.0,27.607246880885214,27.767266762908548,0,0.0,0.0,80,0,"{""candidate_params"": {""M2"": {""candidate"": ""C6"", ""capacity_factor"": 0.5, ""delay_spread"": 0.3, ""disrupted_nodes"": [""Alashankou""], ""level"": ""r2""}}, ""candidates"": [""M2""], ""intensity"": 2, ""level"": ""r2""}",0.04954188791433812,0.0,0.14058047622798941,0.008847063390141185,0.0006572104232678134,0.0
M2,single,Corridor/link disruption,r2,2,99,0.6447629646048493,0.6447629646048493,0.24233674036659503,0.09434657063371468,-162694.91080919094,-0.014231678447831147,11269190.049603544,13894083573.5768,467.83142857142855,0.0,True,4455.0,1.0,0.0,0.0,0.0,0.0,0.0,0.9983823599476962,0.0,0.0,26.421772884670645,26.583703716751188,12,1.0,1.0,21,6,"{""candidate_params"": {""M2"": {""candidate"": ""C6"", ""capacity_factor"": 0.5, ""delay_spread"": 0.3, ""disrupted_nodes"": [""Malaszewicze""], ""level"": ""r2""}}, ""candidates"": [""M2""], ""intensity"": 2, ""level"": ""r2""}",-0.014231678447831147,0.0,0.061737582635272834,-0.02244668911335579,-0.8579979691090798,0.0
M2,single,Corridor/link disruption,r2,2,1000,0.6535669973977549,0.6535669973977549,0.19846577141730554,0.07480922426904221,44615.621903833,0.004043359838436624,11078909.794713285,12740481014.268143,467.83142857142855,0.0,True,4455.0,1.0000000000000002,0.0,0.0,0.0,0.0,0.0,0.9708346474103764,0.0,0.0,25.681375980377197,25.84141127206385,1,1.0,1.0,41,5,"{""candidate_params"": {""M2"": {""candidate"": ""C6"", ""capacity_factor"": 0.5, ""delay_spread"": 0.3, ""disrupted_nodes"": [""Alashankou""], ""level"": ""r2""}}, ""candidates"": [""M2""], ""intensity"": 2, ""level"": ""r2""}",0.004043359838436624,0.0,-0.022338243501591595,0.0,0.0,0.0
M2,single,Corridor/link disruption,r3,3,2026,0.6672373330264757,0.6672373330264757,0.22071748835199528,0.3359355378712183,1019838.8207092453,0.09154488652005006,12160153.25526678,12266357129.797812,471.25166666666667,65744069945.783516,False,4455.0,0.9247287691732139,0.0,13908.890476190469,3.122085404307625,0.0,12.257142857142867,3.537798258649596,1036.703589391861,0.0,20.53429041011259,20.717338631860912,0,0.0,0.0,80,0,"{""candidate_params"": {""M2"": {""candidate"": ""C6"", ""capacity_factor"": 0.25, ""delay_spread"": 0.5, ""disrupted_nodes"": [""Erenhot"", ""Malaszewicze""], ""level"": ""r3""}}, ""candidates"": [""M2""], ""intensity"": 3, ""level"": ""r3""}",0.09154488652005006,0.007310834386826401,-0.0989284918758251,0.07527123082678588,3.122085404307625,12.257142857142867
M2,single,Corridor/link disruption,r3,3,7,0.6488468934384796,0.6488468934384796,0.34647999505438326,0.5625468335266525,1564715.726835424,0.141429792534763,12628266.756586257,13697641696.067787,471.25166666666667,72129985354.75581,False,4455.0,0.8557363761067465,0.0,15684.445624749611,3.5206387485408777,11.854285714285709,34.251666666666665,2.8,1128.910794600124,0.0,17.653770001139492,17.815514811780304,0,0.0,0.0,80,0,"{""candidate_params"": {""M2"": {""candidate"": ""C6"", ""capacity_factor"": 0.25, ""delay_spread"": 0.5, ""disrupted_nodes"": [""Erenhot"", ""Khorgos""], ""level"": ""r3""}}, ""candidates"": [""M2""], ""intensity"": 3, ""level"": ""r3""}",0.141429792534763,0.007310834386826401,0.06105299226974587,0.14426362389325376,3.5206387485408777,34.251666666666665
M2,single,Corridor/link disruption,r3,3,99,0.6150711858429834,0.6150711858429834,0.3005507926191398,0.42128542497546206,1097286.3208418917,0.09598472383527865,12529171.281254627,12397070084.671602,471.25166666666667,39794575261.9645,False,4455.0,0.8757739979281888,0.0,19544.5752619645,4.387110047579013,18.814166666666665,37.75595238095235,2.8,405.0,0.0,17.749827223829925,17.91141994902864,0,0.0,0.0,80,0,"{""candidate_params"": {""M2"": {""candidate"": ""C6"", ""capacity_factor"": 0.25, ""delay_spread"": 0.5, ""disrupted_nodes"": [""Khorgos"", ""Manzhouli""], ""level"": ""r3""}}, ""candidates"": [""M2""], ""intensity"": 3, ""level"": ""r3""}",0.09598472383527865,0.007310834386826401,-0.052658985836887745,0.10177931295845544,3.529112078469933,37.75595238095235
M2,single,Corridor/link disruption,r3,3,1000,0.7788121972374737,0.7788121972374737,0.3500407958231015,0.3657986538192043,1093378.8913013637,0.09908915551623158,12127673.064110816,15344176898.198263,467.83142857142855,3398035714.2857113,False,4455.0,0.9797979797979798,0.0,3398.0357142857115,0.7627465127465122,0.0,0.0,0.9970956890591292,0.0,0.0,27.945856387726963,28.128996822051704,0,0.0,0.0,80,0,"{""candidate_params"": {""M2"": {""candidate"": ""C6"", ""capacity_factor"": 0.25, ""delay_spread"": 0.5, ""disrupted_nodes"": [""Alashankou"", ""Khorgos""], ""level"": ""r3""}}, ""candidates"": [""M2""], ""intensity"": 3, ""level"": ""r3""}",0.09908915551623158,0.0,0.17746064073362988,0.020202020202020443,0.7627465127465122,0.0
M2,single,Corridor/link disruption,r4,4,2026,0.672513707641853,0.672513707641853,0.188327721661055,0.33131313131313134,642534.3278698903,0.05767649841881775,11782848.762427425,13373387219.076345,476.0904761904762,8709983642.415636,False,4455.0,0.9268370239887705,0.0,8709.983642415636,1.95510295003718,0.0,3.831428571428546,0.9977777777777778,0.0,0.0,20.430504271760583,20.59264359017834,0,0.0,0.0,80,0,"{""candidate_params"": {""M2"": {""candidate"": ""C6"", ""capacity_factor"": 0.1, ""delay_spread"": 0.7, ""disrupted_nodes"": [""Brest"", ""Manzhouli""], ""level"": ""r4""}}, ""candidates"": [""M2""], ""intensity"": 4, ""level"": ""r4""}",0.05767649841881775,0.017653896499146046,-0.017607423075222627,0.07316297601122923,1.95510295003718,3.831428571428546
M2,single,Corridor/link disruption,r4,4,7,0.6978581809747011,0.6978581809747011,0.22872334317641754,0.23702019925968126,504972.3487823885,0.04564288151466692,11568523.378533222,12291477646.243462,467.83142857142855,10126921244.164188,False,4455.0,0.9180010022541486,0.0,10126.921244164188,2.2731585284319165,0.0,11.854285714285709,0.9898387879874978,0.0,0.0,19.006379491183907,19.169900558888912,0,0.0,0.0,80,0,"{""candidate_params"": {""M2"": {""candidate"": ""C6"", ""capacity_factor"": 0.1, ""delay_spread"": 0.7, ""disrupted_nodes"": [""Brest"", ""Manzhouli""], ""level"": ""r4""}}, ""candidates"": [""M2""], ""intensity"": 4, ""level"": ""r4""}",0.04564288151466692,0.0,-0.04787193114364438,0.08199899774585162,2.2731585284319165,11.854285714285709
M2,single,Corridor/link disruption,r4,4,99,0.6477549942210705,0.6477549942210705,0.2600607855650577,0.34983828906017767,62174.03959480859,0.0054386516143321885,11494059.000007544,12926571709.37096,471.47714285714284,8532124379.966251,False,4455.0,0.9076038173898199,0.0,8532.124379966252,1.915179434335859,0.0,11.854285714285709,0.9598350052763382,0.0,0.0,19.349713542032987,19.51087781926617,0,0.0,0.0,80,0,"{""candidate_params"": {""M2"": {""candidate"": ""C6"", ""capacity_factor"": 0.1, ""delay_spread"": 0.7, ""disrupted_nodes"": [""Brest"", ""Manzhouli""], ""level"": ""r4""}}, ""candidates"": [""M2""], ""intensity"": 4, ""level"": ""r4""}",0.0054386516143321885,0.007792794718488357,-0.012196311776189048,0.06994949349682433,1.0571814652267792,11.854285714285709
M2,single,Corridor/link disruption,r4,4,1000,0.7000406992150398,0.7000406992150398,0.25462972508449233,0.25294293208936536,694129.0286492091,0.0629065183307938,11728423.20145866,13861972576.143192,467.98380952380955,4249186074.3309107,False,4455.0,0.9050985697624052,0.0,4149.186074330911,0.9313548988397106,0.0,4.9599999999999795,1.0022222222222221,2.0,0.0,21.794138174969703,21.9528436800465,0,0.0,0.0,80,0,"{""candidate_params"": {""M2"": {""candidate"": ""C6"", ""capacity_factor"": 0.1, ""delay_spread"": 0.7, ""disrupted_nodes"": [""Brest"", ""Khorgos""], ""level"": ""r4""}}, ""candidates"": [""M2""], ""intensity"": 4, ""level"": ""r4""}",0.0629065183307938,0.0003257176475858401,0.06372125527659388,0.09490143023759501,0.9313548988397106,4.9599999999999795
M2,single,Corridor/link disruption,r5,5,2026,0.6509950281649268,0.6509950281649268,0.2783389450056117,0.4206509539842872,1953779.5195791926,0.17537920774646357,13094093.954136727,13127231955.169088,467.83142857142855,158735650858.78116,False,4455.0,0.8283015338570895,0.0,25361.47621881608,5.692811721395304,38.22380952380951,41.21928571428572,45.333333333333336,1992.6666666666667,674.8168261326348,17.865202138200402,18.026033600326627,0,0.0,0.0,80,0,"{""candidate_params"": {""M2"": {""candidate"": ""C6"", ""capacity_factor"": 0.02, ""delay_spread"": 1.0, ""disrupted_nodes"": [""Brest"", ""Erenhot"", ""Khorgos""], ""level"": ""r5""}}, ""candidates"": [""M2""], ""intensity"": 5, ""level"": ""r5""}",0.17537920774646357,0.0,-0.035689686010711805,0.1716984661429103,5.692811721395304,41.21928571428572
M2,single,Corridor/link disruption,r5,5,7,0.7062530537621476,0.7062530537621476,0.1717335738901501,0.1638852925155504,144159.9776225891,0.013030172431521363,11207711.007373422,12528873433.89622,471.78583333333336,8857761904.761896,False,4455.0,0.8867751589973812,0.0,8607.761904761895,1.9321575543797744,0.8092857142856928,11.854285714285709,1.0053224870942132,5.0,0.0,19.25360173219815,19.415138059761375,0,0.0,0.0,80,0,"{""candidate_params"": {""M2"": {""candidate"": ""C6"", ""capacity_factor"": 0.02, ""delay_spread"": 1.0, ""disrupted_nodes"": [""Brest"", ""Malaszewicze"", ""Manzhouli""], ""level"": ""r5""}}, ""candidates"": [""M2""], ""intensity"": 5, ""level"": ""r5""}",0.013030172431521363,0.00845262742176171,-0.029482669953267194,0.11322484100261898,1.9321575543797744,11.854285714285709
M2,single,Corridor/link disruption,r5,5,99,0.6314223501805345,0.6314223501805345,0.2527985762138617,0.34954384342667955,-212945.79363272898,-0.01862735623828748,11218939.166780006,13673695177.964064,467.83142857142855,1174274805.7208986,False,4455.0,0.9758566388045983,0.0,1174.2748057208987,0.2635858149766327,0.0,0.0,0.9703568458992579,0.0,0.0,21.207643168978393,21.371038971003145,0,0.0,0.0,80,0,"{""candidate_params"": {""M2"": {""candidate"": ""C6"", ""capacity_factor"": 0.02, ""delay_spread"": 1.0, ""disrupted_nodes"": [""Alashankou"", ""Brest"", ""Manzhouli""], ""level"": ""r5""}}, ""candidates"": [""M2""], ""intensity"": 5, ""level"": ""r5""}",-0.01862735623828748,0.0,0.044896267325803,0.0016966720820459358,-0.5944121541324471,0.0
M2,single,Corridor/link disruption,r5,5,1000,0.6608160376582252,0.6608160376582252,0.39195319389780225,0.4893131510762524,1982334.1164017897,0.17965209965913623,13016628.289211242,12613776518.783007,467.83142857142855,110988444843.02983,False,4455.0,0.799411162569314,0.0,25588.444843029833,5.7437586628574255,12.52249999999998,41.21928571428572,38.05555555555556,1278.0,430.0,17.32796942209825,17.48803906608373,0,0.0,0.0,80,0,"{""candidate_params"": {""M2"": {""candidate"": ""C6"", ""capacity_factor"": 0.02, ""delay_spread"": 1.0, ""disrupted_nodes"": [""Erenhot"", ""Khorgos"", ""Malaszewicze""], ""level"": ""r5""}}, ""candidates"": [""M2""], ""intensity"": 5, ""level"": ""r5""}",0.17965209965913623,0.0,-0.03206112126998318,0.20058883743068623,5.7437586628574255,41.21928571428572
M1+M2,combination,Boundary bottleneck congestion + Corridor/link disruption,r3,3,2026,0.7145122241385926,0.7145122241385926,0.36049382716049383,0.5786756453423119,11569962.981222924,1.038567003578697,22710277.41578046,11492550518.844322,1194.61,267099184484.10165,False,4455.0,0.7396805552346882,0.0,143936.68448410166,32.309020086218105,39.12583333333333,64.30380952380949,4.139259259259259,2463.25,0.0,18.4712016438134,18.631417140830308,0,0.0,0.0,80,0,"{""candidate_params"": {""M1"": {""background_growth"": 0.25, ""bpr_alpha"": 0.15, ""bpr_beta"": 4.0, ""capacity_loss"": 0.25, ""cascade_background_factor"": 0.36, ""cascade_nodes"": [""Erenhot"", ""Malaszewicze""], ""max_bpr_delay_multiplier"": 19.518518518518523, ""max_utilisation"": 3.3333333333333335, ""mean_bpr_delay_multiplier"": 3.267814922036226, ""mean_utilisation"": 1.2664711934156376, ""mechanism"": ""M1_boundary_bottleneck_congestion"", ""node_params"": {""Alashankou"": {""base_background"": 500.0, ""base_capacity"": 900.0, ""bpr_delay_multiplier"": 1.303430818924396, ""effective_background"": 804.9999999999999, ""effective_capacity"": 675.0, ""utilisation"": 1.1925925925925924}, ""Altynkol"": {""base_background"": 350.0, ""base_capacity"": 700.0, ""bpr_delay_multiplier"": 1.1990809602962962, ""effective_background"": 563.5, ""effective_capacity"": 525.0, ""utilisation"": 1.0733333333333333}, ""Brest"": {""base_background"": 350.0, ""base_capacity"": 600.0, ""bpr_delay_multiplier"": 1.3688220568452216, ""effective_background"": 563.5, ""effective_capacity"": 450.0, ""utilisation"": 1.2522222222222221}, ""Dostyk"": {""base_background"": 450.0, ""base_capacity"": 800.0, ""bpr_delay_multiplier"": 1.3188892042246094, ""effective_background"": 724.5, ""effective_capacity"": 600.0, ""utilisation"": 1.2075}, ""Erenhot"": {""base_background"": 450.0, ""base_capacity"": 225.0, ""bpr_delay_multiplier"": 19.518518518518523, ""effective_background"": 562.5, ""effective_capacity"": 168.75, ""utilisation"": 3.3333333333333335}, ""Khorgos"": {""base_background"": 500.0, ""base_capacity"": 900.0, ""bpr_delay_multiplier"": 1.303430818924396, ""effective_background"": 804.9999999999999, ""effective_capacity"": 675.0, ""utilisation"": 1.1925925925925924}, ""Malaszewicze"": {""base_background"": 0.0, ""base_capacity"": 125.0, ""bpr_delay_multiplier"": 1.0, ""effective_background"": 0.0, ""effective_capacity"": 93.75, ""utilisation"": 0.0}, ""Manzhouli"": {""base_background"": 450.0, ""base_capacity"": 900.0, ""bpr_delay_multiplier"": 1.1990809602962962, ""effective_background"": 724.5, ""effective_capacity"": 675.0, ""utilisation"": 1.0733333333333333}, ""Zabaykalsk"": {""base_background"": 350.0, ""base_capacity"": 700.0, ""bpr_delay_multiplier"": 1.1990809602962962, ""effective_background"": 563.5, ""effective_capacity"": 525.0, ""utilisation"": 1.0733333333333333}}}, ""M2"": {""candidate"": ""C6"", ""capacity_factor"": 0.25, ""delay_spread"": 0.5, ""disrupted_nodes"": [""Erenhot"", ""Malaszewicze""], ""level"": ""r3""}}, ""candidates"": [""M1"", ""M2""], ""intensity"": 3, ""level"": ""r3""}",1.038567003578697,1.5535052308218467,-0.15577137379669498,0.26031944476531155,32.309020086218105,64.30380952380949
M1+M2,combination,Boundary bottleneck congestion + Corridor/link disruption,r3,3,7,0.7493009066218876,0.7493009066218876,0.2893500536651826,0.506430110743263,15395638.299508607,1.391563907294179,26459189.32925944,11878962469.460089,1250.61,378021157648.4773,False,4455.0,0.7173479861517066,0.0,217166.2899141336,48.74664195603448,53.44928571428568,755.97,4.474074074074074,3217.097354686873,0.0,18.510107955895364,18.672225313726813,0,0.0,0.0,80,0,"{""candidate_params"": {""M1"": {""background_growth"": 0.25, ""bpr_alpha"": 0.15, ""bpr_beta"": 4.0, ""capacity_loss"": 0.25, ""cascade_background_factor"": 0.36, ""cascade_nodes"": [""Erenhot"", ""Khorgos""], ""max_bpr_delay_multiplier"": 29.22514634738381, ""max_utilisation"": 3.7037037037037037, ""mean_bpr_delay_multiplier"": 6.370227758531716, ""mean_utilisation"": 1.5454835390946502, ""mechanism"": ""M1_boundary_bottleneck_congestion"", ""node_params"": {""Alashankou"": {""base_background"": 500.0, ""base_capacity"": 900.0, ""bpr_delay_multiplier"": 1.303430818924396, ""effective_background"": 804.9999999999999, ""effective_capacity"": 675.0, ""utilisation"": 1.1925925925925924}, ""Altynkol"": {""base_background"": 350.0, ""base_capacity"": 700.0, ""bpr_delay_multiplier"": 1.1990809602962962, ""effective_background"": 563.5, ""effective_capacity"": 525.0, ""utilisation"": 1.0733333333333333}, ""Brest"": {""base_background"": 350.0, ""base_capacity"": 600.0, ""bpr_delay_multiplier"": 1.3688220568452216, ""effective_background"": 563.5, ""effective_capacity"": 450.0, ""utilisation"": 1.2522222222222221}, ""Dostyk"": {""base_background"": 450.0, ""base_capacity"": 800.0, ""bpr_delay_multiplier"": 1.3188892042246094, ""effective_background"": 724.5, ""effective_capacity"": 600.0, ""utilisation"": 1.2075}, ""Erenhot"": {""base_background"": 450.0, ""base_capacity"": 225.0, ""bpr_delay_multiplier"": 19.518518518518523, ""effective_background"": 562.5, ""effective_capacity"": 168.75, ""utilisation"": 3.3333333333333335}, ""Khorgos"": {""base_background"": 500.0, ""base_capacity"": 225.0, ""bpr_delay_multiplier"": 29.22514634738381, ""effective_background"": 625.0, ""effective_capacity"": 168.75, ""utilisation"": 3.7037037037037037}, ""Malaszewicze"": {""base_background"": 0.0, ""base_capacity"": 500.0, ""bpr_delay_multiplier"": 1.0, ""effective_background"": 0.0, ""effective_capacity"": 375.0, ""utilisation"": 0.0}, ""Manzhouli"": {""base_background"": 450.0, ""base_capacity"": 900.0, ""bpr_delay_multiplier"": 1.1990809602962962, ""effective_background"": 724.5, ""effective_capacity"": 675.0, ""utilisation"": 1.0733333333333333}, ""Zabaykalsk"": {""base_background"": 350.0, ""base_capacity"": 700.0, ""bpr_delay_multiplier"": 1.1990809602962962, ""effective_background"": 563.5, ""effective_capacity"": 525.0, ""utilisation"": 1.0733333333333333}}}, ""M2"": {""candidate"": ""C6"", ""capacity_factor"": 0.25, ""delay_spread"": 0.5, ""disrupted_nodes"": [""Erenhot"", ""Khorgos""], ""level"": ""r3""}}, ""candidates"": [""M1"", ""M2""], ""intensity"": 3, ""level"": ""r3""}",1.391563907294179,1.6732064663095987,-0.0798263706299928,0.28265201384829364,48.74664195603448,755.97
M1+M2,combination,Boundary bottleneck congestion + Corridor/link disruption,r3,3,99,0.5610378643019776,0.5610378643019776,0.25281339046087803,0.4796468166701869,653346.9966731295,0.057151292104109935,12085231.957085865,10762261312.086102,467.98380952380955,82878073711.52373,False,4455.0,0.8208815458973001,0.0,22571.592230042246,5.066575135811952,18.814166666666665,39.12583333333333,2.381673525377229,1206.1296296296296,0.0,15.913609843235463,16.075169616844505,0,0.0,0.0,80,0,"{""candidate_params"": {""M1"": {""background_growth"": 0.25, ""bpr_alpha"": 0.15, ""bpr_beta"": 4.0, ""capacity_loss"": 0.25, ""cascade_background_factor"": 0.36, ""cascade_nodes"": [""Khorgos"", ""Manzhouli""], ""max_bpr_delay_multiplier"": 29.22514634738381, ""max_utilisation"": 3.7037037037037037, ""mean_bpr_delay_multiplier"": 6.370227758531716, ""mean_utilisation"": 1.5454835390946502, ""mechanism"": ""M1_boundary_bottleneck_congestion"", ""node_params"": {""Alashankou"": {""base_background"": 500.0, ""base_capacity"": 900.0, ""bpr_delay_multiplier"": 1.303430818924396, ""effective_background"": 804.9999999999999, ""effective_capacity"": 675.0, ""utilisation"": 1.1925925925925924}, ""Altynkol"": {""base_background"": 350.0, ""base_capacity"": 700.0, ""bpr_delay_multiplier"": 1.1990809602962962, ""effective_background"": 563.5, ""effective_capacity"": 525.0, ""utilisation"": 1.0733333333333333}, ""Brest"": {""base_background"": 350.0, ""base_capacity"": 600.0, ""bpr_delay_multiplier"": 1.3688220568452216, ""effective_background"": 563.5, ""effective_capacity"": 450.0, ""utilisation"": 1.2522222222222221}, ""Dostyk"": {""base_background"": 450.0, ""base_capacity"": 800.0, ""bpr_delay_multiplier"": 1.3188892042246094, ""effective_background"": 724.5, ""effective_capacity"": 600.0, ""utilisation"": 1.2075}, ""Erenhot"": {""base_background"": 450.0, ""base_capacity"": 900.0, ""bpr_delay_multiplier"": 1.1990809602962962, ""effective_background"": 724.5, ""effective_capacity"": 675.0, ""utilisation"": 1.0733333333333333}, ""Khorgos"": {""base_background"": 500.0, ""base_capacity"": 225.0, ""bpr_delay_multiplier"": 29.22514634738381, ""effective_background"": 625.0, ""effective_capacity"": 168.75, ""utilisation"": 3.7037037037037037}, ""Malaszewicze"": {""base_background"": 0.0, ""base_capacity"": 500.0, ""bpr_delay_multiplier"": 1.0, ""effective_background"": 0.0, ""effective_capacity"": 375.0, ""utilisation"": 0.0}, ""Manzhouli"": {""base_background"": 450.0, ""base_capacity"": 225.0, ""bpr_delay_multiplier"": 19.518518518518523, ""effective_background"": 562.5, ""effective_capacity"": 168.75, ""utilisation"": 3.3333333333333335}, ""Zabaykalsk"": {""base_background"": 350.0, ""base_capacity"": 700.0, ""bpr_delay_multiplier"": 1.1990809602962962, ""effective_background"": 563.5, ""effective_capacity"": 525.0, ""utilisation"": 1.0733333333333333}}}, ""M2"": {""candidate"": ""C6"", ""capacity_factor"": 0.25, ""delay_spread"": 0.5, ""disrupted_nodes"": [""Khorgos"", ""Manzhouli""], ""level"": ""r3""}}, ""candidates"": [""M1"", ""M2""], ""intensity"": 3, ""level"": ""r3""}",0.057151292104109935,0.0003257176475858401,-0.1775853910282904,0.1566717649893441,4.208577166702872,39.12583333333333
M1+M2,combination,Boundary bottleneck congestion + Corridor/link disruption,r3,3,1000,0.7129227899070264,0.7129227899070264,0.2366684430094424,0.3132607384225038,983378.9555351716,0.08912024096279758,12017673.128344623,11790743566.211388,473.15,84332824810.61343,False,4455.0,0.8217732884399551,0.0,19207.82481061343,4.311520720676415,11.854285714285709,39.12583333333333,2.2408550319155847,1302.5,0.0,19.748727582395077,19.912700991146266,0,0.0,0.0,80,0,"{""candidate_params"": {""M1"": {""background_growth"": 0.25, ""bpr_alpha"": 0.15, ""bpr_beta"": 4.0, ""capacity_loss"": 0.25, ""cascade_background_factor"": 0.36, ""cascade_nodes"": [""Alashankou"", ""Khorgos""], ""max_bpr_delay_multiplier"": 29.22514634738381, ""max_utilisation"": 3.7037037037037037, ""mean_bpr_delay_multiplier"": 7.4371475330025145, ""mean_utilisation"": 1.5733847736625515, ""mechanism"": ""M1_boundary_bottleneck_congestion"", ""node_params"": {""Alashankou"": {""base_background"": 500.0, ""base_capacity"": 225.0, ""bpr_delay_multiplier"": 29.22514634738381, ""effective_background"": 625.0, ""effective_capacity"": 168.75, ""utilisation"": 3.7037037037037037}, ""Altynkol"": {""base_background"": 350.0, ""base_capacity"": 700.0, ""bpr_delay_multiplier"": 1.1990809602962962, ""effective_background"": 563.5, ""effective_capacity"": 525.0, ""utilisation"": 1.0733333333333333}, ""Brest"": {""base_background"": 350.0, ""base_capacity"": 600.0, ""bpr_delay_multiplier"": 1.3688220568452216, ""effective_background"": 563.5, ""effective_capacity"": 450.0, ""utilisation"": 1.2522222222222221}, ""Dostyk"": {""base_background"": 450.0, ""base_capacity"": 800.0, ""bpr_delay_multiplier"": 1.3188892042246094, ""effective_background"": 724.5, ""effective_capacity"": 600.0, ""utilisation"": 1.2075}, ""Erenhot"": {""base_background"": 450.0, ""base_capacity"": 900.0, ""bpr_delay_multiplier"": 1.1990809602962962, ""effective_background"": 724.5, ""effective_capacity"": 675.0, ""utilisation"": 1.0733333333333333}, ""Khorgos"": {""base_background"": 500.0, ""base_capacity"": 225.0, ""bpr_delay_multiplier"": 29.22514634738381, ""effective_background"": 625.0, ""effective_capacity"": 168.75, ""utilisation"": 3.7037037037037037}, ""Malaszewicze"": {""base_background"": 0.0, ""base_capacity"": 500.0, ""bpr_delay_multiplier"": 1.0, ""effective_background"": 0.0, ""effective_capacity"": 375.0, ""utilisation"": 0.0}, ""Manzhouli"": {""base_background"": 450.0, ""base_capacity"": 900.0, ""bpr_delay_multiplier"": 1.1990809602962962, ""effective_background"": 724.5, ""effective_capacity"": 675.0, ""utilisation"": 1.0733333333333333}, ""Zabaykalsk"": {""base_background"": 350.0, ""base_capacity"": 700.0, ""bpr_delay_multiplier"": 1.1990809602962962, ""effective_background"": 563.5, ""effective_capacity"": 525.0, ""utilisation"": 1.0733333333333333}}}, ""M2"": {""candidate"": ""C6"", ""capacity_factor"": 0.25, ""delay_spread"": 0.5, ""disrupted_nodes"": [""Alashankou"", ""Khorgos""], ""level"": ""r3""}}, ""candidates"": [""M1"", ""M2""], ""intensity"": 3, ""level"": ""r3""}",0.08912024096279758,0.01136856376839033,-0.09521790798518728,0.1782267115600451,4.311520720676415,39.12583333333333
M1+M2,combination,Boundary bottleneck congestion + Corridor/link disruption,r5,5,2026,0.7181002719916811,0.7181002719916811,0.3878787878787879,0.5773288439955105,2236933004939.1353,200796.21792362636,2236944145253.57,11731789409.444818,207518833.535,3.93485425517541e+16,False,4455.0,0.6064983131266812,0.0,39348134625.90513,8832353.451381622,247.57333333333327,62346927.98583333,93.93939393939394,7720.516979431348,438.0,19.038380751851946,19.20512726996094,0,0.0,0.0,80,0,"{""candidate_params"": {""M1"": {""background_growth"": 0.6, ""bpr_alpha"": 0.15, ""bpr_beta"": 4.0, ""capacity_loss"": 0.45, ""cascade_background_factor"": 0.8999999999999999, ""cascade_nodes"": [""Brest"", ""Erenhot"", ""Khorgos""], ""max_bpr_delay_multiplier"": 7774414.304090236, ""max_utilisation"": 84.84848484848484, ""mean_bpr_delay_multiplier"": 2040767.8394987907, ""mean_utilisation"": 27.809343434343432, ""mechanism"": ""M1_boundary_bottleneck_congestion"", ""node_params"": {""Alashankou"": {""base_background"": 500.0, ""base_capacity"": 900.0, ""bpr_delay_multiplier"": 7.099728646593065, ""effective_background"": 1250.0, ""effective_capacity"": 495.00000000000006, ""utilisation"": 2.525252525252525}, ""Altynkol"": {""base_background"": 350.0, ""base_capacity"": 700.0, ""bpr_delay_multiplier"": 5.002031965029709, ""effective_background"": 875.0, ""effective_capacity"": 385.00000000000006, ""utilisation"": 2.2727272727272725}, ""Brest"": {""base_background"": 350.0, ""base_capacity"": 12.0, ""bpr_delay_multiplier"": 7774414.304090236, ""effective_background"": 560.0, ""effective_capacity"": 6.6000000000000005, ""utilisation"": 84.84848484848484}, ""Dostyk"": {""base_background"": 450.0, ""base_capacity"": 800.0, ""bpr_delay_multiplier"": 7.410481377578107, ""effective_background"": 1125.0, ""effective_capacity"": 440.00000000000006, ""utilisation"": 2.5568181818181817}, ""Erenhot"": {""base_background"": 450.0, ""base_capacity"": 18.0, ""bpr_delay_multiplier"": 4196435.669762992, ""effective_background"": 720.0, ""effective_capacity"": 9.9, ""utilisation"": 72.72727272727272}, ""Khorgos"": {""base_background"": 500.0, ""base_capacity"": 18.0, ""bpr_delay_multiplier"": 6396030.06532997, ""effective_background"": 800.0, ""effective_capacity"": 9.9, ""utilisation"": 80.8080808080808}, ""Malaszewicze"": {""base_background"": 0.0, ""base_capacity"": 500.0, ""bpr_delay_multiplier"": 1.0, ""effective_background"": 0.0, ""effective_capacity"": 275.0, ""utilisation"": 0.0}, ""Manzhouli"": {""base_background"": 450.0, ""base_capacity"": 900.0, ""bpr_delay_multiplier"": 5.002031965029709, ""effective_background"": 1125.0, ""effective_capacity"": 495.00000000000006, ""utilisation"": 2.2727272727272725}, ""Zabaykalsk"": {""base_background"": 350.0, ""base_capacity"": 700.0, ""bpr_delay_multiplier"": 5.002031965029709, ""effective_background"": 875.0, ""effective_capacity"": 385.00000000000006, ""utilisation"": 2.2727272727272725}}}, ""M2"": {""candidate"": ""C6"", ""capacity_factor"": 0.02, ""delay_spread"": 1.0, ""disrupted_nodes"": [""Brest"", ""Erenhot"", ""Khorgos""], ""level"": ""r5""}}, ""candidates"": [""M1"", ""M2""], ""intensity"": 5, ""level"": ""r5""}",200796.21792362636,443575.08501994004,-0.13819717913773863,0.39350168687331855,8832353.451381622,62346927.98583333
M1+M2,combination,Boundary bottleneck congestion + Corridor/link disruption,r5,5,7,0.6930542940112244,0.6930542940112244,0.24602794367640596,0.3524374810677389,1611618.6217616256,0.1456691994665949,12675169.651512459,10665947698.390663,471.47714285714284,120636012156.25763,False,4455.0,0.7838383838383839,0.0,29636.01215625764,6.652303514311479,38.22380952380951,41.21928571428572,4.383838383838383,1675.0,145.0,16.45427652588114,16.614639102946967,0,0.0,0.0,80,0,"{""candidate_params"": {""M1"": {""background_growth"": 0.6, ""bpr_alpha"": 0.15, ""bpr_beta"": 4.0, ""capacity_loss"": 0.45, ""cascade_background_factor"": 0.8999999999999999, ""cascade_nodes"": [""Brest"", ""Malaszewicze"", ""Manzhouli""], ""max_bpr_delay_multiplier"": 7774414.304090236, ""max_utilisation"": 84.84848484848484, ""mean_bpr_delay_multiplier"": 1330098.621098644, ""mean_utilisation"": 19.111251402918068, ""mechanism"": ""M1_boundary_bottleneck_congestion"", ""node_params"": {""Alashankou"": {""base_background"": 500.0, ""base_capacity"": 900.0, ""bpr_delay_multiplier"": 7.099728646593065, ""effective_background"": 1250.0, ""effective_capacity"": 495.00000000000006, ""utilisation"": 2.525252525252525}, ""Altynkol"": {""base_background"": 350.0, ""base_capacity"": 700.0, ""bpr_delay_multiplier"": 5.002031965029709, ""effective_background"": 875.0, ""effective_capacity"": 385.00000000000006, ""utilisation"": 2.2727272727272725}, ""Brest"": {""base_background"": 350.0, ""base_capacity"": 12.0, ""bpr_delay_multiplier"": 7774414.304090236, ""effective_background"": 560.0, ""effective_capacity"": 6.6000000000000005, ""utilisation"": 84.84848484848484}, ""Dostyk"": {""base_background"": 450.0, ""base_capacity"": 800.0, ""bpr_delay_multiplier"": 7.410481377578107, ""effective_background"": 1125.0, ""effective_capacity"": 440.00000000000006, ""utilisation"": 2.5568181818181817}, ""Erenhot"": {""base_background"": 450.0, ""base_capacity"": 900.0, ""bpr_delay_multiplier"": 5.002031965029709, ""effective_background"": 1125.0, ""effective_capacity"": 495.00000000000006, ""utilisation"": 2.2727272727272725}, ""Khorgos"": {""base_background"": 500.0, ""base_capacity"": 900.0, ""bpr_delay_multiplier"": 7.099728646593065, ""effective_background"": 1250.0, ""effective_capacity"": 495.00000000000006, ""utilisation"": 2.525252525252525}, ""Malaszewicze"": {""base_background"": 0.0, ""base_capacity"": 10.0, ""bpr_delay_multiplier"": 1.0, ""effective_background"": 0.0, ""effective_capacity"": 5.5, ""utilisation"": 0.0}, ""Manzhouli"": {""base_background"": 450.0, ""base_capacity"": 18.0, ""bpr_delay_multiplier"": 4196435.669762992, ""effective_background"": 720.0, ""effective_capacity"": 9.9, ""utilisation"": 72.72727272727272}, ""Zabaykalsk"": {""base_background"": 350.0, ""base_capacity"": 700.0, ""bpr_delay_multiplier"": 5.002031965029709, ""effective_background"": 875.0, ""effective_capacity"": 385.00000000000006, ""utilisation"": 2.2727272727272725}}}, ""M2"": {""candidate"": ""C6"", ""capacity_factor"": 0.02, ""delay_spread"": 1.0, ""disrupted_nodes"": [""Brest"", ""Malaszewicze"", ""Manzhouli""], ""level"": ""r5""}}, ""candidates"": [""M1"", ""M2""], ""intensity"": 5, ""level"": ""r5""}",0.1456691994665949,0.007792794718488357,-0.1737894761826879,0.21616161616161633,6.652303514311479,41.21928571428572
M1+M2,combination,Boundary bottleneck congestion + Corridor/link disruption,r5,5,99,0.6121416303888727,0.6121416303888727,0.2375787394237579,0.42128542497546184,1783670.8731612414,0.1560259641640799,13215555.833573977,10587073081.739729,471.47714285714284,159380539375.43463,False,4455.0,0.7706553210829554,0.0,37130.53937543463,8.334576739715967,49.835952380952335,59.053333333333285,4.121212121212121,2430.0,15.0,16.371581497136503,16.53247090894729,0,0.0,0.0,80,0,"{""candidate_params"": {""M1"": {""background_growth"": 0.6, ""bpr_alpha"": 0.15, ""bpr_beta"": 4.0, ""capacity_loss"": 0.45, ""cascade_background_factor"": 0.8999999999999999, ""cascade_nodes"": [""Alashankou"", ""Brest"", ""Manzhouli""], ""max_bpr_delay_multiplier"": 7774414.304090236, ""max_utilisation"": 84.84848484848484, ""mean_bpr_delay_multiplier"": 2040767.839498791, ""mean_utilisation"": 27.809343434343432, ""mechanism"": ""M1_boundary_bottleneck_congestion"", ""node_params"": {""Alashankou"": {""base_background"": 500.0, ""base_capacity"": 18.0, ""bpr_delay_multiplier"": 6396030.06532997, ""effective_background"": 800.0, ""effective_capacity"": 9.9, ""utilisation"": 80.8080808080808}, ""Altynkol"": {""base_background"": 350.0, ""base_capacity"": 700.0, ""bpr_delay_multiplier"": 5.002031965029709, ""effective_background"": 875.0, ""effective_capacity"": 385.00000000000006, ""utilisation"": 2.2727272727272725}, ""Brest"": {""base_background"": 350.0, ""base_capacity"": 12.0, ""bpr_delay_multiplier"": 7774414.304090236, ""effective_background"": 560.0, ""effective_capacity"": 6.6000000000000005, ""utilisation"": 84.84848484848484}, ""Dostyk"": {""base_background"": 450.0, ""base_capacity"": 800.0, ""bpr_delay_multiplier"": 7.410481377578107, ""effective_background"": 1125.0, ""effective_capacity"": 440.00000000000006, ""utilisation"": 2.5568181818181817}, ""Erenhot"": {""base_background"": 450.0, ""base_capacity"": 900.0, ""bpr_delay_multiplier"": 5.002031965029709, ""effective_background"": 1125.0, ""effective_capacity"": 495.00000000000006, ""utilisation"": 2.2727272727272725}, ""Khorgos"": {""base_background"": 500.0, ""base_capacity"": 900.0, ""bpr_delay_multiplier"": 7.099728646593065, ""effective_background"": 1250.0, ""effective_capacity"": 495.00000000000006, ""utilisation"": 2.525252525252525}, ""Malaszewicze"": {""base_background"": 0.0, ""base_capacity"": 500.0, ""bpr_delay_multiplier"": 1.0, ""effective_background"": 0.0, ""effective_capacity"": 275.0, ""utilisation"": 0.0}, ""Manzhouli"": {""base_background"": 450.0, ""base_capacity"": 18.0, ""bpr_delay_multiplier"": 4196435.669762992, ""effective_background"": 720.0, ""effective_capacity"": 9.9, ""utilisation"": 72.72727272727272}, ""Zabaykalsk"": {""base_background"": 350.0, ""base_capacity"": 700.0, ""bpr_delay_multiplier"": 5.002031965029709, ""effective_background"": 875.0, ""effective_capacity"": 385.00000000000006, ""utilisation"": 2.2727272727272725}}}, ""M2"": {""candidate"": ""C6"", ""capacity_factor"": 0.02, ""delay_spread"": 1.0, ""disrupted_nodes"": [""Alashankou"", ""Brest"", ""Manzhouli""], ""level"": ""r5""}}, ""candidates"": [""M1"", ""M2""], ""intensity"": 5, ""level"": ""r5""}",0.1560259641640799,0.007792794718488357,-0.19097266678556624,0.2068979898036888,7.476578770606887,59.053333333333285
M1+M2,combination,Boundary bottleneck congestion + Corridor/link disruption,r5,5,1000,0.6943944782911682,0.6943944782911682,0.3320205339651423,0.4503485875711375,2935503875928.532,266034.585443821,2935514910222.705,12258625368.525505,236492442.61,4.472574578652455e+16,False,4455.0,0.5879068751068065,0.0,44725337690.3993,10039357.506262468,43975125.860452116,60941401.56826588,93.93939393939394,7341.025128600824,820.8973765432099,17.978025617077947,18.161525450181216,0,0.0,0.0,80,0,"{""candidate_params"": {""M1"": {""background_growth"": 0.6, ""bpr_alpha"": 0.15, ""bpr_beta"": 4.0, ""capacity_loss"": 0.45, ""cascade_background_factor"": 0.8999999999999999, ""cascade_nodes"": [""Erenhot"", ""Khorgos"", ""Malaszewicze""], ""max_bpr_delay_multiplier"": 6396030.06532997, ""max_utilisation"": 80.8080808080808, ""mean_bpr_delay_multiplier"": 1176944.9628507972, ""mean_utilisation"": 18.676346801346803, ""mechanism"": ""M1_boundary_bottleneck_congestion"", ""node_params"": {""Alashankou"": {""base_background"": 500.0, ""base_capacity"": 900.0, ""bpr_delay_multiplier"": 7.099728646593065, ""effective_background"": 1250.0, ""effective_capacity"": 495.00000000000006, ""utilisation"": 2.525252525252525}, ""Altynkol"": {""base_background"": 350.0, ""base_capacity"": 700.0, ""bpr_delay_multiplier"": 5.002031965029709, ""effective_background"": 875.0, ""effective_capacity"": 385.00000000000006, ""utilisation"": 2.2727272727272725}, ""Brest"": {""base_background"": 350.0, ""base_capacity"": 600.0, ""bpr_delay_multiplier"": 8.41425829323791, ""effective_background"": 875.0, ""effective_capacity"": 330.0, ""utilisation"": 2.6515151515151514}, ""Dostyk"": {""base_background"": 450.0, ""base_capacity"": 800.0, ""bpr_delay_multiplier"": 7.410481377578107, ""effective_background"": 1125.0, ""effective_capacity"": 440.00000000000006, ""utilisation"": 2.5568181818181817}, ""Erenhot"": {""base_background"": 450.0, ""base_capacity"": 18.0, ""bpr_delay_multiplier"": 4196435.669762992, ""effective_background"": 720.0, ""effective_capacity"": 9.9, ""utilisation"": 72.72727272727272}, ""Khorgos"": {""base_background"": 500.0, ""base_capacity"": 18.0, ""bpr_delay_multiplier"": 6396030.06532997, ""effective_background"": 800.0, ""effective_capacity"": 9.9, ""utilisation"": 80.8080808080808}, ""Malaszewicze"": {""base_background"": 0.0, ""base_capacity"": 10.0, ""bpr_delay_multiplier"": 1.0, ""effective_background"": 0.0, ""effective_capacity"": 5.5, ""utilisation"": 0.0}, ""Manzhouli"": {""base_background"": 450.0, ""base_capacity"": 900.0, ""bpr_delay_multiplier"": 5.002031965029709, ""effective_background"": 1125.0, ""effective_capacity"": 495.00000000000006, ""utilisation"": 2.2727272727272725}, ""Zabaykalsk"": {""base_background"": 350.0, ""base_capacity"": 700.0, ""bpr_delay_multiplier"": 5.002031965029709, ""effective_background"": 875.0, ""effective_capacity"": 385.00000000000006, ""utilisation"": 2.2727272727272725}}}, ""M2"": {""candidate"": ""C6"", ""capacity_factor"": 0.02, ""delay_spread"": 1.0, ""disrupted_nodes"": [""Erenhot"", ""Khorgos"", ""Malaszewicze""], ""level"": ""r5""}}, ""candidates"": [""M1"", ""M2""], ""intensity"": 5, ""level"": ""r5""}",266034.585443821,505506.8136416659,-0.05931422866791642,0.4120931248931937,10039357.506262468,60941401.56826588
