generation,HV_mean,HV_std,IGD_plus_mean,IGD_plus_std,Spacing_mean,Spacing_std,FeasRatio_soft_mean,FeasRatio_soft_std,FeasRatio_strict_mean,FeasRatio_strict_std,MinCost_best,MinEmis_best,MinTime_best,MinCost_mean,MinCost_std,MinEmis_mean,MinEmis_std,MinTime_mean,MinTime_std,boost_triggered_best
0,0.0032559999999999998,0.006808587518714877,1.0087060724085513,0.08726913283922516,0.06194451727633178,0.028398928640296296,0.4043333333333333,0.016468825769380836,0.4043333333333333,0.016468825769380836,7642992.68458686,10416528347.01,423.65996699959874,7664761.033659498,55244.62382931464,10298883228.744999,172573161.4621988,422.0702246689534,4.942005547406151,0
1,0.0032559999999999998,0.006808587518714877,1.0087060724085513,0.08726913283922516,0.06194451727633178,0.028398928640296296,0.5956666666666667,0.03249102440161999,0.5956666666666667,0.03249102440161999,7642992.68458686,10416528347.01,409.3824239303079,7615079.8133939905,125727.46143527805,10289761343.192,174292773.53081673,420.6424703620244,6.183060501095844,0
2,0.0032559999999999998,0.006808587518714877,1.0087060724085513,0.08726913283922516,0.06194451727633178,0.028398928640296296,0.8663333333333334,0.04196427051671458,0.8663333333333334,0.04196427051671458,7550312.18314724,10333030115.164999,409.3824239303079,7583600.9260654645,127697.54529979937,10281411520.0075,169966122.1978015,417.76233688200074,6.139690101619532,0
3,0.0032559999999999998,0.006808587518714877,1.0087060724085513,0.08726913283922516,0.06194451727633178,0.028398928640296296,1.0,0.0,1.0,0.0,7550312.18314724,10333030115.164999,409.3824239303079,7565559.563409808,125569.80749463786,10236506601.142498,113634257.54971907,416.06738570862854,8.107353403035901,0
4,0.0032559999999999998,0.006808587518714877,1.0087060724085513,0.08726913283922516,0.06194451727633178,0.028398928640296296,1.0,0.0,1.0,0.0,7550312.18314724,10309097805.39,397.4150641386673,7554643.847234905,118683.73476632917,10181935106.937,172084494.26420313,414.64556905505697,9.50157431339155,0
5,0.014552,0.0108920749171129,0.8713984370106405,0.09267539128702307,0.07401642910545565,0.04308267504168422,1.0,0.0,1.0,0.0,7550312.18314724,10115972621.545,397.4150641386673,7535282.3113384815,102571.91806834172,10125573808.700499,158788401.5680825,412.1476330044519,8.483583045124554,0
6,0.014552,0.0108920749171129,0.8713984370106405,0.09267539128702307,0.07401642910545565,0.04308267504168422,1.0,0.0,1.0,0.0,7516721.5138970325,10115972621.545,389.57928765691156,7505264.520970261,95315.54571022504,9986575001.7915,184281299.95235246,410.36357338159894,10.52985785139658,0
7,0.014552,0.0108920749171129,0.8713984370106405,0.09267539128702307,0.07401642910545565,0.04308267504168422,1.0,0.0,1.0,0.0,7462198.3931818195,10023176431.63,389.57928765691156,7473344.08064439,88004.89854836675,9921986630.015999,205035783.14609474,408.95381085178406,9.881032142073924,0
8,0.014552,0.0108920749171129,0.8713984370106405,0.09267539128702307,0.07401642910545565,0.04308267504168422,1.0,0.0,1.0,0.0,7462198.3931818195,9854954683.15,389.57928765691156,7439290.222992185,87848.61364002207,9835130545.05,228370593.640889,406.56349111157044,9.330212089128024,0
9,0.014552,0.0108920749171129,0.8713984370106405,0.09267539128702307,0.07401642910545565,0.04308267504168422,1.0,0.0,1.0,0.0,7462198.3931818195,9854954683.15,389.57928765691156,7416610.60583022,83211.9554798042,9808518899.400997,187699942.40160134,406.0150773615457,8.752287085225717,0
10,0.058336,0.022623253170134482,0.6658357702278312,0.0868537256450463,0.06613535889455116,0.026339933024072996,1.0,0.0,1.0,0.0,7462198.3931818195,9842110489.759998,382.5178695258851,7397467.89237282,87611.60358379375,9736697186.314,160319149.06626198,404.8658812606233,9.858585921920133,0
11,0.058336,0.022623253170134482,0.6658357702278312,0.0868537256450463,0.06613535889455116,0.026339933024072996,1.0,0.0,1.0,0.0,7399293.747647112,9655667717.709997,378.0360269147801,7377627.688966947,83149.29531321496,9686400270.940998,161472319.5549897,401.49012332884865,9.901931764987848,0
12,0.058336,0.022623253170134482,0.6658357702278312,0.0868537256450463,0.06613535889455116,0.026339933024072996,1.0,0.0,1.0,0.0,7380665.304709575,9490554662.99,378.0360269147801,7340439.506368963,79541.43754939761,9591165403.789999,211729196.39762628,400.40464609557705,10.149658801456738,0
13,0.058336,0.022623253170134482,0.6658357702278312,0.0868537256450463,0.06613535889455116,0.026339933024072996,1.0,0.0,1.0,0.0,7370819.391761145,9490554662.99,378.0360269147801,7301555.446273436,61338.434876238614,9509612613.390997,189077764.19151634,399.90043082301656,10.044819813284773,0
14,0.058336,0.022623253170134482,0.6658357702278312,0.0868537256450463,0.06613535889455116,0.026339933024072996,1.0,0.0,1.0,0.0,7370819.391761145,9428786294.02,378.0360269147801,7285963.975166115,72034.19230120776,9469792205.008,180478055.28696397,399.0638436422738,9.929569121916817,0
15,0.115832,0.030159833156037184,0.5165712523627513,0.0685094912706573,0.050391319898052934,0.01186877378807896,1.0,0.0,1.0,0.0,7266576.642904578,9428786294.02,378.0360269147801,7257405.443770625,65254.98121541844,9419856654.190998,146339035.1431808,398.3035128021421,9.027944684330114,0
16,0.115832,0.030159833156037184,0.5165712523627513,0.0685094912706573,0.050391319898052934,0.01186877378807896,1.0,0.0,1.0,0.0,7266576.642904578,9428786294.02,376.487516218149,7244158.616384472,65534.11173373885,9360924023.276,123006439.97223257,397.1290535498238,8.510958260344063,0
17,0.115832,0.030159833156037184,0.5165712523627513,0.0685094912706573,0.050391319898052934,0.01186877378807896,1.0,0.0,1.0,0.0,7266576.642904578,9297988560.590002,376.487516218149,7224255.363935083,77226.23378121424,9288764564.464,139176451.1603555,396.97306109417775,8.430671432824072,0
18,0.115832,0.030159833156037184,0.5165712523627513,0.0685094912706573,0.050391319898052934,0.01186877378807896,1.0,0.0,1.0,0.0,7266576.642904578,9297988560.590002,374.01565171184967,7196782.208300081,85326.34496617843,9255291911.926,139797753.3424877,393.03215359166256,9.17817343350651,0
19,0.115832,0.030159833156037184,0.5165712523627513,0.0685094912706573,0.050391319898052934,0.01186877378807896,1.0,0.0,1.0,0.0,7205138.381469106,9294018457.64,374.01565171184967,7176562.148153725,74881.62386329293,9224722628.963,126914177.62343496,392.284502843068,8.536644071847077,0
20,0.177688,0.03531053123361358,0.39593210278336766,0.05877419193623546,0.04639913180748632,0.022670326075226427,1.0,0.0,1.0,0.0,7205138.381469106,9294018457.64,374.01565171184967,7159348.890179524,70009.38571634334,9202910428.157,114392329.65071309,392.0372067111988,8.49305415855858,0
21,0.177688,0.03531053123361358,0.39593210278336766,0.05877419193623546,0.04639913180748632,0.022670326075226427,1.0,0.0,1.0,0.0,7205138.381469106,9290066288.17,374.01565171184967,7144880.544017106,64928.75836116481,9188505011.991999,106155989.42673433,389.5557207627993,9.970929973894375,0
22,0.177688,0.03531053123361358,0.39593210278336766,0.05877419193623546,0.04639913180748632,0.022670326075226427,1.0,0.0,1.0,0.0,7202375.4894149685,9066585040.869999,374.01565171184967,7137030.514243813,65448.35419280266,9124546463.472998,99905453.9584383,389.2226902718844,10.009521946985208,0
23,0.177688,0.03531053123361358,0.39593210278336766,0.05877419193623546,0.04639913180748632,0.022670326075226427,1.0,0.0,1.0,0.0,7189604.6257515,9066585040.869999,372.6313457839512,7132744.6151501415,64748.669860237955,9096052822.643,110357212.68532792,388.99089844822146,10.147641310023587,0
24,0.177688,0.03531053123361358,0.39593210278336766,0.05877419193623546,0.04639913180748632,0.022670326075226427,1.0,0.0,1.0,0.0,7148022.225421124,9066585040.869999,372.6313457839512,7098900.270477404,48298.68139779627,9069852106.159,112351666.14257412,388.8133970633059,10.307472891640945,0
25,0.234314,0.03025324584238855,0.3028377456700919,0.04187636497559248,0.05147791126245954,0.03783817023767038,1.0,0.0,1.0,0.0,7148022.225421124,9039928432.07,371.26844193176146,7086514.497368786,43825.5052523533,9024260958.742,118399814.63009188,388.6483570284147,10.505870242130344,0
26,0.234314,0.03025324584238855,0.3028377456700919,0.04187636497559248,0.05147791126245954,0.03783817023767038,1.0,0.0,1.0,0.0,7108863.126043309,9039928432.07,358.80527804548893,7076986.518705837,41542.28821345729,9002440798.687,123116829.818498,387.38740711674166,12.938350946842037,0
27,0.234314,0.03025324584238855,0.3028377456700919,0.04187636497559248,0.05147791126245954,0.03783817023767038,1.0,0.0,1.0,0.0,7108863.126043309,8978611695.09,358.80527804548893,7067927.873596633,41860.171592820974,8962518222.474997,102688270.68803844,387.0281125090351,13.176202081606926,0
28,0.234314,0.03025324584238855,0.3028377456700919,0.04187636497559248,0.05147791126245954,0.03783817023767038,1.0,0.0,1.0,0.0,7088367.266774155,8919701058.89,358.80527804548893,7058034.326890865,44694.74141761315,8943399653.102,85061735.62370084,386.056712153194,14.56716585337379,0
29,0.234314,0.03025324584238855,0.3028377456700919,0.04187636497559248,0.05147791126245954,0.03783817023767038,1.0,0.0,1.0,0.0,7088367.266774155,8887860071.890001,358.80527804548893,7054726.489856288,47082.50202077413,8915073200.166666,79646669.04018639,384.1363979443378,14.303624346032462,0
30,0.276728,0.030296867428828353,0.2507222274161133,0.03519911197164925,0.040979369308237215,0.03217302675385094,1.0,0.0,1.0,0.0,7088367.266774155,8887860071.890001,358.80527804548893,7051859.1821912285,47613.38517016877,8899371840.57,80137309.94560812,383.4814027557055,14.513111592718664,0
31,0.276728,0.030296867428828353,0.2507222274161133,0.03519911197164925,0.040979369308237215,0.03217302675385094,1.0,0.0,1.0,0.0,7088367.266774155,8872329700.9,358.80527804548893,7047476.15617318,45533.16929289256,8883852528.151999,78400642.89413698,383.1853225042314,14.708616149986076,0
32,0.276728,0.030296867428828353,0.2507222274161133,0.03519911197164925,0.040979369308237215,0.03217302675385094,1.0,0.0,1.0,0.0,7062432.861694633,8872329700.9,358.80527804548893,7033942.374208292,43912.874532263566,8843017265.541,86101075.7679175,382.9817640066305,14.50291078259092,0
33,0.276728,0.030296867428828353,0.2507222274161133,0.03519911197164925,0.040979369308237215,0.03217302675385094,1.0,0.0,1.0,0.0,7046212.239887041,8872329700.9,357.9033359469199,7027319.878689051,47614.0033194357,8832780354.333,86569418.31321497,382.3503549898,14.963051014384419,0
34,0.276728,0.030296867428828353,0.2507222274161133,0.03519911197164925,0.040979369308237215,0.03217302675385094,1.0,0.0,1.0,0.0,7046212.239887041,8844210272.8,357.4789645912865,7012202.134020252,40239.7216880663,8806223108.064,105094531.05115701,382.21404073199005,15.085160684729193,0
35,0.323488,0.03154131664975323,0.20648869641883535,0.03244426836354873,0.02641438310878756,0.006113271885564714,1.0,0.0,1.0,0.0,7007864.026173598,8844210272.8,357.4789645912865,6993717.194910457,46816.082900642345,8744382806.630333,107098053.88416702,382.1187264984983,15.000807969543901,0
36,0.323488,0.03154131664975323,0.20648869641883535,0.03244426836354873,0.02641438310878756,0.006113271885564714,1.0,0.0,1.0,0.0,7007864.026173598,8788886645.14,357.4789645912865,6992354.005929327,47893.909347941066,8736083184.590332,104544928.76209475,381.81784355041026,15.116265755506648,0
37,0.323488,0.03154131664975323,0.20648869641883535,0.03244426836354873,0.02641438310878756,0.006113271885564714,1.0,0.0,1.0,0.0,7000959.713482236,8788886645.14,355.8710535493004,6979057.2135383915,41918.52475843217,8725745254.316334,117575361.699436,381.412724205622,15.439326641219619,0
38,0.323488,0.03154131664975323,0.20648869641883535,0.03244426836354873,0.02641438310878756,0.006113271885564714,1.0,0.0,1.0,0.0,6960964.363221678,8788886645.14,355.8710535493004,6974112.129573585,42284.995016895,8721794184.75433,119495295.6530144,380.8965330412067,15.71309042116421,0
39,0.323488,0.03154131664975323,0.20648869641883535,0.03244426836354873,0.02641438310878756,0.006113271885564714,1.0,0.0,1.0,0.0,6960964.363221678,8788886645.14,355.8710535493004,6969931.858800049,44828.343394445306,8720306277.61333,120587489.08274646,380.7941047607445,15.773161910700601,0
40,0.350634,0.031687422173474436,0.17941098481822734,0.02973400909414107,0.0210485700805204,0.004845956874994331,1.0,0.0,1.0,0.0,6960964.363221678,8757950579.08,355.8710535493004,6967607.314103012,45778.62234280235,8711627200.858334,116548292.95221712,379.88009657714804,16.519592584920115,0
41,0.350634,0.031687422173474436,0.17941098481822734,0.02973400909414107,0.0210485700805204,0.004845956874994331,1.0,0.0,1.0,0.0,6960964.363221678,8757950579.08,355.8710535493004,6965131.810316374,46678.93575633692,8689636873.330332,111007362.12109078,379.88009657714804,16.519592584920115,0
42,0.350634,0.031687422173474436,0.17941098481822734,0.02973400909414107,0.0210485700805204,0.004845956874994331,1.0,0.0,1.0,0.0,6960964.363221678,8757950579.08,355.8710535493004,6962723.826714031,43537.811177669566,8671463036.578331,110478155.32308426,379.1053418244407,17.162549144204462,0
43,0.350634,0.031687422173474436,0.17941098481822734,0.02973400909414107,0.0210485700805204,0.004845956874994331,1.0,0.0,1.0,0.0,6960964.363221678,8757950579.08,355.8710535493004,6958744.579818135,46158.22785474601,8670109247.578331,108891837.24358769,379.1053418244407,17.162549144204462,0
44,0.350634,0.031687422173474436,0.17941098481822734,0.02973400909414107,0.0210485700805204,0.004845956874994331,1.0,0.0,1.0,0.0,6944590.88454807,8757950579.08,355.8710535493004,6955450.725392443,45962.46098640556,8660763253.290997,116060366.37071532,378.03337248077514,18.47583681441481,0
45,0.371784,0.03181517348687572,0.16312298413654322,0.028218996161882295,0.016676939958982184,0.003532939700206769,1.0,0.0,1.0,0.0,6944590.88454807,8757950579.08,355.8710535493004,6951710.1256017,49022.777070818214,8645578654.542,107002333.47467035,377.8526444190379,18.552311234107933,0
46,0.371784,0.03181517348687572,0.16312298413654322,0.028218996161882295,0.016676939958982184,0.003532939700206769,1.0,0.0,1.0,0.0,6944590.88454807,8757950579.08,355.8710535493004,6950739.525421816,48940.08500640943,8641456361.23,106336830.00809631,377.372004008881,18.903125157875238,0
47,0.371784,0.03181517348687572,0.16312298413654322,0.028218996161882295,0.016676939958982184,0.003532939700206769,1.0,0.0,1.0,0.0,6944590.88454807,8757950579.08,355.8710535493004,6949306.731933625,47708.736348360966,8641456361.23,106336830.00809631,377.372004008881,18.903125157875238,0
48,0.371784,0.03181517348687572,0.16312298413654322,0.028218996161882295,0.016676939958982184,0.003532939700206769,1.0,0.0,1.0,0.0,6929746.871202633,8757950579.08,355.8710535493004,6940208.46510532,45917.78284517003,8632574108.714998,106805764.50209704,376.50197328485746,19.839776698522332,0
49,0.371784,0.03181517348687572,0.16312298413654322,0.028218996161882295,0.016676939958982184,0.003532939700206769,1.0,0.0,1.0,0.0,6929746.871202633,8757950579.08,355.8710535493004,6939846.743918993,45382.787498556594,8619810755.943998,95095199.12069815,376.50197328485746,19.839776698522332,0
50,0.38932,0.032454635416223676,0.14786020057673363,0.028742467826195096,0.02228563956372692,0.008578645128280148,1.0,0.0,1.0,0.0,6929746.871202633,8757950579.08,355.8710535493004,6934860.969055111,45415.673091125165,8601625523.348999,99352797.44102314,376.50197328485746,19.839776698522332,0
51,0.38932,0.032454635416223676,0.14786020057673363,0.028742467826195096,0.02228563956372692,0.008578645128280148,1.0,0.0,1.0,0.0,6929746.871202633,8757950579.08,355.8710535493004,6934321.341403909,44539.532349001136,8600809086.504,100605609.90823029,376.4514837701528,19.8641938825201,0
52,0.38932,0.032454635416223676,0.14786020057673363,0.028742467826195096,0.02228563956372692,0.008578645128280148,1.0,0.0,1.0,0.0,6929746.871202633,8757950579.08,355.8710535493004,6932940.651036386,44030.622898336886,8600809086.504,100605609.90823029,376.1026139795198,20.32066223456442,0
53,0.38932,0.032454635416223676,0.14786020057673363,0.028742467826195096,0.02228563956372692,0.008578645128280148,1.0,0.0,1.0,0.0,6929746.871202633,8757950579.08,355.8710535493004,6932522.45902876,43670.69660661844,8598329732.97,100603108.75774552,375.89681580358575,20.567109960533504,0
54,0.38932,0.032454635416223676,0.14786020057673363,0.028742467826195096,0.02228563956372692,0.008578645128280148,1.0,0.0,1.0,0.0,6929120.37685554,8757950579.08,355.8710535493004,6930587.520709449,43847.7241624129,8584116875.362999,98794587.8030037,375.89681580358575,20.567109960533504,0
55,0.399364,0.03440978093507717,0.13970521984913978,0.03009742760617513,0.015540046411995292,0.0032880799707276772,1.0,0.0,1.0,0.0,6925148.746225387,8757950579.08,355.8710535493004,6929988.533319518,43900.5419806412,8582689340.440999,98757379.09746668,375.38703762600346,20.851843051696367,0
56,0.399364,0.03440978093507717,0.13970521984913978,0.03009742760617513,0.015540046411995292,0.0032880799707276772,1.0,0.0,1.0,0.0,6909159.014211212,8707885386.0,355.8710535493004,6923421.6075490145,45778.99821610077,8576137203.733,88560821.85424007,375.38703762600346,20.851843051696367,0
57,0.399364,0.03440978093507717,0.13970521984913978,0.03009742760617513,0.015540046411995292,0.0032880799707276772,1.0,0.0,1.0,0.0,6909159.014211212,8707885386.0,355.8710535493004,6922825.505748537,46261.905970041356,8562214221.781,89917967.57713594,375.3701632645069,20.874948404678673,0
58,0.399364,0.03440978093507717,0.13970521984913978,0.03009742760617513,0.015540046411995292,0.0032880799707276772,1.0,0.0,1.0,0.0,6909159.014211212,8677769759.43,355.8710535493004,6922001.703521647,44844.33725133859,8548543731.6779995,93507064.27771217,375.3701632645069,20.874948404678673,0
59,0.399364,0.03440978093507717,0.13970521984913978,0.03009742760617513,0.015540046411995292,0.0032880799707276772,1.0,0.0,1.0,0.0,6909159.014211212,8677769759.43,355.8710535493004,6918880.790798348,42260.83664690052,8544318005.238001,98731519.61750211,375.3701632645069,20.874948404678673,0
60,0.41022,0.03564742459140632,0.13482519067591,0.03157757327215727,0.014557002187358925,0.003712108974122275,1.0,0.0,1.0,0.0,6909159.014211212,8677769759.43,355.8710535493004,6918251.486907767,42370.27750891346,8544254885.233,98746577.02787407,375.3701632645069,20.874948404678673,0
61,0.41022,0.03564742459140632,0.13482519067591,0.03157757327215727,0.014557002187358925,0.003712108974122275,1.0,0.0,1.0,0.0,6909159.014211212,8677769759.43,355.8710535493004,6918251.486907767,42370.27750891346,8540721212.944,99020982.80655661,375.3701632645069,20.874948404678673,0
62,0.41022,0.03564742459140632,0.13482519067591,0.03157757327215727,0.014557002187358925,0.003712108974122275,1.0,0.0,1.0,0.0,6909159.014211212,8677769759.43,355.8710535493004,6913939.139777374,44346.5175223992,8538279390.324,97552371.05442154,375.30361184052913,20.9199914807092,0
63,0.41022,0.03564742459140632,0.13482519067591,0.03157757327215727,0.014557002187358925,0.003712108974122275,1.0,0.0,1.0,0.0,6909159.014211212,8677769759.43,355.8710535493004,6910813.284353201,39423.28816221488,8533092346.053999,90497603.39632073,375.30361184052913,20.9199914807092,0
64,0.41022,0.03564742459140632,0.13482519067591,0.03157757327215727,0.014557002187358925,0.003712108974122275,1.0,0.0,1.0,0.0,6909159.014211212,8677769759.43,355.8710535493004,6910706.13543116,39466.50627722077,8529497695.233,91390169.64483766,375.30361184052913,20.9199914807092,0
65,0.41944799999999993,0.033283390692656296,0.12638389755743545,0.028056564019994786,0.012711532454594814,0.001933993836886729,1.0,0.0,1.0,0.0,6909159.014211212,8676860287.43,355.8710535493004,6910706.13543116,39466.50627722077,8527861130.633,89421067.08694965,375.2911673688577,20.907516916006635,0
66,0.41944799999999993,0.033283390692656296,0.12638389755743545,0.028056564019994786,0.012711532454594814,0.001933993836886729,1.0,0.0,1.0,0.0,6909159.014211212,8676860287.43,355.8710535493004,6910706.13543116,39466.50627722077,8527861130.633,89421067.08694965,375.2911673688577,20.907516916006635,0
67,0.41944799999999993,0.033283390692656296,0.12638389755743545,0.028056564019994786,0.012711532454594814,0.001933993836886729,1.0,0.0,1.0,0.0,6908284.588387701,8676860287.43,355.8710535493004,6907779.451275314,38056.67488979954,8523930993.4279995,91642883.7932282,375.2911673688577,20.907516916006635,0
68,0.41944799999999993,0.033283390692656296,0.12638389755743545,0.028056564019994786,0.012711532454594814,0.001933993836886729,1.0,0.0,1.0,0.0,6908284.588387701,8676860287.43,355.8710535493004,6907733.873668447,38066.59854623743,8522232320.453,93050248.6752,375.2911673688577,20.907516916006635,0
69,0.41944799999999993,0.033283390692656296,0.12638389755743545,0.028056564019994786,0.012711532454594814,0.001933993836886729,1.0,0.0,1.0,0.0,6892174.905740328,8676860287.43,355.8710535493004,6906122.905403711,38349.035525799605,8519468458.598,96248080.66599473,375.2785454745485,20.894925029917765,0
70,0.42636399999999997,0.03408385283385668,0.12180218551851349,0.029042372557794145,0.013075440939665922,0.0031256084855523806,1.0,0.0,1.0,0.0,6892174.905740328,8676860287.43,355.8710535493004,6904219.191417945,40094.120007853526,8509894899.368998,91816941.12206332,375.2785454745485,20.894925029917765,0
71,0.42636399999999997,0.03408385283385668,0.12180218551851349,0.029042372557794145,0.013075440939665922,0.0031256084855523806,1.0,0.0,1.0,0.0,6892174.905740328,8676860287.43,352.85084305712786,6903638.7312307255,40223.27402587173,8509894899.368998,91816941.12206332,374.9765244253312,21.192965450386936,0
72,0.42636399999999997,0.03408385283385668,0.12180218551851349,0.029042372557794145,0.013075440939665922,0.0031256084855523806,1.0,0.0,1.0,0.0,6892174.905740328,8676860287.43,352.85084305712786,6902408.313534615,39442.34118146958,8502759065.324999,97696341.79082246,374.9765244253312,21.192965450386936,0
73,0.42636399999999997,0.03408385283385668,0.12180218551851349,0.029042372557794145,0.013075440939665922,0.0031256084855523806,1.0,0.0,1.0,0.0,6892174.905740328,8676860287.43,352.85084305712786,6901344.381934615,39813.854132468114,8497907072.834997,96432948.53631559,374.9765244253312,21.192965450386936,0
74,0.42636399999999997,0.03408385283385668,0.12180218551851349,0.029042372557794145,0.013075440939665922,0.0031256084855523806,1.0,0.0,1.0,0.0,6863685.046556181,8676860287.43,352.85084305712786,6897730.929642685,40644.97623102561,8493251593.805998,100279817.55481975,374.9765244253312,21.192965450386936,0
75,0.433694,0.0352911411546864,0.11814743165215509,0.02965440609962421,0.01288339737483844,0.00300654494448566,1.0,0.0,1.0,0.0,6863685.046556181,8676860287.43,352.42516708729073,6897117.703901036,41097.41793010062,8488300945.604999,106739517.41618855,374.91039843730516,21.255911560274598,0
76,0.433694,0.0352911411546864,0.11814743165215509,0.02965440609962421,0.01288339737483844,0.00300654494448566,1.0,0.0,1.0,0.0,6863685.046556181,8676860287.43,352.42516708729073,6894340.330886019,39816.35066890844,8488300945.604999,106739517.41618855,374.91039843730516,21.255911560274598,0
77,0.433694,0.0352911411546864,0.11814743165215509,0.02965440609962421,0.01288339737483844,0.00300654494448566,1.0,0.0,1.0,0.0,6863685.046556181,8676860287.43,352.42516708729073,6893475.765258364,39823.774753888545,8486491714.873999,106578012.74814713,374.87500265136725,21.283619952156695,0
78,0.433694,0.0352911411546864,0.11814743165215509,0.02965440609962421,0.01288339737483844,0.00300654494448566,1.0,0.0,1.0,0.0,6863685.046556181,8672352287.43,352.42516708729073,6891873.668422143,38594.81231383936,8486040914.873999,105778379.08612384,374.82932706457825,21.31411518859106,0
79,0.433694,0.0352911411546864,0.11814743165215509,0.02965440609962421,0.01288339737483844,0.00300654494448566,1.0,0.0,1.0,0.0,6863685.046556181,8672352287.43,352.42516708729073,6891873.668422143,38594.81231383936,8483858663.747999,104508959.41972958,374.6309004369595,21.456251983256404,0
80,0.43879199999999996,0.03519932749357578,0.114234700435319,0.029539708450535076,0.013961754557134743,0.004575461778438924,1.0,0.0,1.0,0.0,6863685.046556181,8672352287.43,352.42516708729073,6890940.985707348,37615.81218312268,8483858663.747999,104508959.41972958,374.6309004369595,21.456251983256404,0
81,0.43879199999999996,0.03519932749357578,0.114234700435319,0.029539708450535076,0.013961754557134743,0.004575461778438924,1.0,0.0,1.0,0.0,6863685.046556181,8672352287.43,352.42516708729073,6890940.985707348,37615.81218312268,8483858663.747999,104508959.41972958,374.6309004369595,21.456251983256404,0
82,0.43879199999999996,0.03519932749357578,0.114234700435319,0.029539708450535076,0.013961754557134743,0.004575461778438924,1.0,0.0,1.0,0.0,6863685.046556181,8672352287.43,352.42516708729073,6888649.378780348,39249.7966340095,8479917329.4419985,105765563.46074322,374.6309004369595,21.456251983256404,0
83,0.43879199999999996,0.03519932749357578,0.114234700435319,0.029539708450535076,0.013961754557134743,0.004575461778438924,1.0,0.0,1.0,0.0,6863685.046556181,8672352287.43,352.42516708729073,6888481.531729052,39231.97854134775,8478908969.381998,106457419.36257675,374.6309004369595,21.456251983256404,0
84,0.43879199999999996,0.03519932749357578,0.114234700435319,0.029539708450535076,0.013961754557134743,0.004575461778438924,1.0,0.0,1.0,0.0,6863685.046556181,8672352287.43,352.42516708729073,6885723.959641144,39100.60182107461,8478743680.2319975,106536561.81079347,374.6309004369595,21.456251983256404,0
85,0.442972,0.03541097931433132,0.1117869367262831,0.029048461880804708,0.01192668772438966,0.003334097984727204,1.0,0.0,1.0,0.0,6863685.046556181,8672352287.43,352.42516708729073,6885467.27576187,39112.74552943907,8478743680.2319975,106536561.81079347,374.6309004369595,21.456251983256404,0
86,0.442972,0.03541097931433132,0.1117869367262831,0.029048461880804708,0.01192668772438966,0.003334097984727204,1.0,0.0,1.0,0.0,6863685.046556181,8672352287.43,352.42516708729073,6884379.0093711335,38127.95355264393,8476993194.991999,107785599.54287624,374.54214471448535,21.553866021466092,0
87,0.442972,0.03541097931433132,0.1117869367262831,0.029048461880804708,0.01192668772438966,0.003334097984727204,1.0,0.0,1.0,0.0,6863685.046556181,8640207141.88,352.42516708729073,6882248.351207614,38562.87955855325,8470176619.121999,107705195.5230465,374.54214471448535,21.553866021466092,0
88,0.442972,0.03541097931433132,0.1117869367262831,0.029048461880804708,0.01192668772438966,0.003334097984727204,1.0,0.0,1.0,0.0,6847458.154361334,8640207141.88,352.42516708729073,6878080.919516593,39800.33302416481,8470026940.5269985,107823149.94701917,374.54214471448535,21.553866021466092,0
89,0.442972,0.03541097931433132,0.1117869367262831,0.029048461880804708,0.01192668772438966,0.003334097984727204,1.0,0.0,1.0,0.0,6847458.154361334,8640207141.88,352.42516708729073,6876422.713768816,41398.9536167493,8470026940.5269985,107823149.94701917,374.54214471448535,21.553866021466092,0
90,0.449234,0.03621829046214081,0.10847026285848542,0.029199523049559716,0.012011985266010211,0.0030228776457058883,1.0,0.0,1.0,0.0,6847458.154361334,8640207141.88,352.42516708729073,6876422.713768816,41398.9536167493,8463597200.231999,108977844.90706497,374.54214471448535,21.553866021466092,0
91,0.449234,0.03621829046214081,0.10847026285848542,0.029199523049559716,0.012011985266010211,0.0030228776457058883,1.0,0.0,1.0,0.0,6847458.154361334,8640207141.88,352.42516708729073,6876422.713768816,41398.9536167493,8461530798.851,107549582.19021897,374.54214471448535,21.553866021466092,0
92,0.449234,0.03621829046214081,0.10847026285848542,0.029199523049559716,0.012011985266010211,0.0030228776457058883,1.0,0.0,1.0,0.0,6847458.154361334,8640207141.88,351.7320550109868,6876422.713768816,41398.9536167493,8461530798.851,107549582.19021897,374.2804873261651,21.778959369162692,0
93,0.449234,0.03621829046214081,0.10847026285848542,0.029199523049559716,0.012011985266010211,0.0030228776457058883,1.0,0.0,1.0,0.0,6847458.154361334,8632042773.43,351.7320550109868,6876422.713768816,41398.9536167493,8460714362.006,106212785.72671981,374.2804873261651,21.778959369162692,0
94,0.449234,0.03621829046214081,0.10847026285848542,0.029199523049559716,0.012011985266010211,0.0030228776457058883,1.0,0.0,1.0,0.0,6847458.154361334,8557272727.03,351.7320550109868,6874840.151428503,42986.834363791386,8446820017.455999,101835587.99975716,374.2420064349046,21.821256880410104,0
95,0.453286,0.036503117729859744,0.10561387327647657,0.029536220589095562,0.012035263781493326,0.002586373929435241,1.0,0.0,1.0,0.0,6847458.154361334,8557272727.03,351.7320550109868,6874840.151428503,42986.834363791386,8446820017.455999,101835587.99975716,374.2420064349046,21.821256880410104,0
96,0.453286,0.036503117729859744,0.10561387327647657,0.029536220589095562,0.012035263781493326,0.002586373929435241,1.0,0.0,1.0,0.0,6847458.154361334,8551815895.03,351.7320550109868,6873892.501223981,42299.61354333174,8446274334.256,101255234.62335724,374.2420064349046,21.821256880410104,0
97,0.453286,0.036503117729859744,0.10561387327647657,0.029536220589095562,0.012035263781493326,0.002586373929435241,1.0,0.0,1.0,0.0,6847458.154361334,8551815895.03,351.7320550109868,6872032.082174185,42916.73613348849,8446274334.256,101255234.62335724,374.1783340625561,21.892401941095894,0
98,0.453286,0.036503117729859744,0.10561387327647657,0.029536220589095562,0.012035263781493326,0.002586373929435241,1.0,0.0,1.0,0.0,6847458.154361334,8551815895.03,351.7320550109868,6872032.082174185,42916.73613348849,8441938496.914999,99994304.79958421,374.1783340625561,21.892401941095894,0
99,0.453286,0.036503117729859744,0.10561387327647657,0.029536220589095562,0.012035263781493326,0.002586373929435241,1.0,0.0,1.0,0.0,6847458.154361334,8551815895.03,351.7320550109868,6871833.734751497,43043.26241756029,8441938496.914999,99994304.79958421,374.10464224785903,21.954143246600996,0
100,0.4565619999999999,0.03753712343800467,0.10377179445858228,0.029803727584029282,0.011385403773804242,0.002690062105407438,1.0,0.0,1.0,0.0,6847458.154361334,8551815895.03,351.7320550109868,6871833.734751497,43043.26241756029,8438283466.076999,105800069.77786495,374.10464224785903,21.954143246600996,0
101,0.4565619999999999,0.03753712343800467,0.10377179445858228,0.029803727584029282,0.011385403773804242,0.002690062105407438,1.0,0.0,1.0,0.0,6847458.154361334,8545450772.03,351.7320550109868,6871143.263314526,42630.44161115134,8437646953.7769985,105132162.1637196,374.10464224785903,21.954143246600996,0
102,0.4565619999999999,0.03753712343800467,0.10377179445858228,0.029803727584029282,0.011385403773804242,0.002690062105407438,1.0,0.0,1.0,0.0,6847458.154361334,8545450772.03,351.7320550109868,6871143.263314526,42630.44161115134,8437338464.576999,104578038.08297727,374.10464224785903,21.954143246600996,0
103,0.4565619999999999,0.03753712343800467,0.10377179445858228,0.029803727584029282,0.011385403773804242,0.002690062105407438,1.0,0.0,1.0,0.0,6847458.154361334,8545450772.03,349.4698275895067,6871143.263314526,42630.44161115134,8434009861.590999,105437758.88243476,373.87841950571107,22.193858887566233,0
104,0.4565619999999999,0.03753712343800467,0.10377179445858228,0.029803727584029282,0.011385403773804242,0.002690062105407438,1.0,0.0,1.0,0.0,6847458.154361334,8490781304.889999,349.4698275895067,6871143.263314526,42630.44161115134,8428393236.282,100675643.4048753,373.87841950571107,22.193858887566233,0
105,0.45964799999999995,0.037708976331902726,0.1023996374199323,0.03008321305836041,0.010922581343514745,0.002120315140246515,1.0,0.0,1.0,0.0,6839511.0512032565,8490781304.889999,349.4698275895067,6869043.791792719,40196.38929820669,8428243557.686998,100651268.64910124,373.87841950571107,22.193858887566233,0
106,0.45964799999999995,0.037708976331902726,0.1023996374199323,0.03008321305836041,0.010922581343514745,0.002120315140246515,1.0,0.0,1.0,0.0,6839511.0512032565,8490781304.889999,349.4698275895067,6869043.791792719,40196.38929820669,8428093879.091998,100904539.9388798,373.87841950571107,22.193858887566233,0
107,0.45964799999999995,0.037708976331902726,0.1023996374199323,0.03008321305836041,0.010922581343514745,0.002120315140246515,1.0,0.0,1.0,0.0,6839511.0512032565,8490781304.889999,349.4698275895067,6868523.392451462,39155.554076793385,8427278222.011998,100818753.12345673,373.87841950571107,22.193858887566233,0
108,0.45964799999999995,0.037708976331902726,0.1023996374199323,0.03008321305836041,0.010922581343514745,0.002120315140246515,1.0,0.0,1.0,0.0,6839511.0512032565,8490781304.889999,349.4698275895067,6868523.392451462,39155.554076793385,8424540138.366999,103792752.00291914,371.6055034951794,20.96569968850789,0
109,0.45964799999999995,0.037708976331902726,0.1023996374199323,0.03008321305836041,0.010922581343514745,0.002120315140246515,1.0,0.0,1.0,0.0,6839511.0512032565,8490781304.889999,349.4698275895067,6868523.392451462,39155.554076793385,8422718832.186999,106833795.63123402,371.6055034951794,20.96569968850789,0
110,0.463784,0.0379306385920406,0.09701107716040176,0.029956078669255294,0.01024782264916592,0.0023832746562046586,1.0,0.0,1.0,0.0,6839511.0512032565,8490781304.889999,349.4698275895067,6868523.392451462,39155.554076793385,8422718832.186999,106833795.63123402,371.6055034951794,20.96569968850789,0
111,0.463784,0.0379306385920406,0.09701107716040176,0.029956078669255294,0.01024782264916592,0.0023832746562046586,1.0,0.0,1.0,0.0,6839511.0512032565,8490781304.889999,349.4698275895067,6866937.510373458,40222.07383790913,8417113896.6119995,102177986.3297909,371.6055034951794,20.96569968850789,0
112,0.463784,0.0379306385920406,0.09701107716040176,0.029956078669255294,0.01024782264916592,0.0023832746562046586,1.0,0.0,1.0,0.0,6839511.0512032565,8490781304.889999,349.4698275895067,6865400.790214777,41749.67970471742,8417113896.6119995,102177986.3297909,371.6055034951794,20.96569968850789,0
113,0.463784,0.0379306385920406,0.09701107716040176,0.029956078669255294,0.01024782264916592,0.0023832746562046586,1.0,0.0,1.0,0.0,6839511.0512032565,8490781304.889999,349.4698275895067,6865400.790214777,41749.67970471742,8416297459.766998,102468088.72849679,371.6055034951794,20.96569968850789,0
114,0.463784,0.0379306385920406,0.09701107716040176,0.029956078669255294,0.01024782264916592,0.0023832746562046586,1.0,0.0,1.0,0.0,6839511.0512032565,8490781304.889999,349.4698275895067,6865400.790214777,41749.67970471742,8416297459.766998,102468088.72849679,371.6055034951794,20.96569968850789,0
115,0.467312,0.03858360708902162,0.09521131287610243,0.030458799824764852,0.01070891451561046,0.0019047996725711487,1.0,0.0,1.0,0.0,6839511.0512032565,8490781304.889999,349.4698275895067,6864940.861499468,41902.383245016885,8415431540.705998,102410492.254516,371.26267629546396,20.96750345844907,0
116,0.467312,0.03858360708902162,0.09521131287610243,0.030458799824764852,0.01070891451561046,0.0019047996725711487,1.0,0.0,1.0,0.0,6839511.0512032565,8490781304.889999,349.4698275895067,6864940.861499468,41902.383245016885,8415408189.905998,102436582.22376709,371.26267629546396,20.96750345844907,0
117,0.467312,0.03858360708902162,0.09521131287610243,0.030458799824764852,0.01070891451561046,0.0019047996725711487,1.0,0.0,1.0,0.0,6839511.0512032565,8468226180.839999,349.4698275895067,6862281.882072702,36417.298975749676,8413152677.500998,100990244.1420396,371.26267629546396,20.96750345844907,0
118,0.467312,0.03858360708902162,0.09521131287610243,0.030458799824764852,0.01070891451561046,0.0019047996725711487,1.0,0.0,1.0,0.0,6839511.0512032565,8468226180.839999,349.4698275895067,6862281.882072702,36417.298975749676,8413152677.500998,100990244.1420396,370.7541261977571,21.06288476419065,0
119,0.467312,0.03858360708902162,0.09521131287610243,0.030458799824764852,0.01070891451561046,0.0019047996725711487,1.0,0.0,1.0,0.0,6839511.0512032565,8457689872.389999,349.4698275895067,6861160.697666998,35071.91253838721,8412099046.655998,100463756.49838217,370.1082529962157,21.34120542652296,0
120,0.47157800000000005,0.03873202339150384,0.09271596291955927,0.031502568043179066,0.010673931602774037,0.0017668235570722796,1.0,0.0,1.0,0.0,6839511.0512032565,8457689872.389999,349.4698275895067,6859288.377771946,34961.99340371969,8412099046.655998,100463756.49838217,370.1082529962157,21.34120542652296,0
121,0.47157800000000005,0.03873202339150384,0.09271596291955927,0.031502568043179066,0.010673931602774037,0.0017668235570722796,1.0,0.0,1.0,0.0,6839511.0512032565,8457689872.389999,349.4698275895067,6858364.366319247,34399.31158579099,8411202412.196999,100443988.12680128,370.1082529962157,21.34120542652296,0
122,0.47157800000000005,0.03873202339150384,0.09271596291955927,0.031502568043179066,0.010673931602774037,0.0017668235570722796,1.0,0.0,1.0,0.0,6839511.0512032565,8457689872.389999,349.4698275895067,6855479.181297216,33547.68614562044,8407547381.358998,98568811.56092152,370.0833554514089,21.355381117848946,0
123,0.47157800000000005,0.03873202339150384,0.09271596291955927,0.031502568043179066,0.010673931602774037,0.0017668235570722796,1.0,0.0,1.0,0.0,6839511.0512032565,8445100931.309999,349.4698275895067,6855479.181297216,33547.68614562044,8402846813.8899975,98433409.28475837,370.0833554514089,21.355381117848946,0
124,0.47157800000000005,0.03873202339150384,0.09271596291955927,0.031502568043179066,0.010673931602774037,0.0017668235570722796,1.0,0.0,1.0,0.0,6839511.0512032565,8445100931.309999,349.4698275895067,6855049.712791989,33357.52491968071,8402846813.8899975,98433409.28475837,370.0833554514089,21.355381117848946,0
125,0.4752120000000001,0.03810922219096055,0.09088799761693375,0.0318993607790883,0.011306692257459816,0.0020413154430050334,1.0,0.0,1.0,0.0,6839511.0512032565,8445100931.309999,348.2433571046565,6855049.712791989,33357.52491968071,8402846813.8899975,98433409.28475837,369.96070840292384,21.476593307071536,0
126,0.4752120000000001,0.03810922219096055,0.09088799761693375,0.0318993607790883,0.011306692257459816,0.0020413154430050334,1.0,0.0,1.0,0.0,6839511.0512032565,8445100931.309999,348.2433571046565,6855037.982531451,33343.967698113374,8401301196.489998,98978906.65467069,369.96070840292384,21.476593307071536,0
127,0.4752120000000001,0.03810922219096055,0.09088799761693375,0.0318993607790883,0.011306692257459816,0.0020413154430050334,1.0,0.0,1.0,0.0,6839511.0512032565,8445100931.309999,348.2433571046565,6855037.982531451,33343.967698113374,8400435277.428998,99377809.16632515,369.31331996728204,21.981392790283934,0
128,0.4752120000000001,0.03810922219096055,0.09088799761693375,0.0318993607790883,0.011306692257459816,0.0020413154430050334,1.0,0.0,1.0,0.0,6839511.0512032565,8445100931.309999,348.2433571046565,6855037.982531451,33343.967698113374,8400435277.428998,99377809.16632515,369.31331996728204,21.981392790283934,0
129,0.4752120000000001,0.03810922219096055,0.09088799761693375,0.0318993607790883,0.011306692257459816,0.0020413154430050334,1.0,0.0,1.0,0.0,6839511.0512032565,8445100931.309999,348.2433571046565,6855037.982531451,33343.967698113374,8399333639.428998,99057777.9810327,369.31331996728204,21.981392790283934,0
130,0.477038,0.0386063129034618,0.089759523583846,0.03252961048462824,0.011608320965769203,0.0021484822332967337,1.0,0.0,1.0,0.0,6839511.0512032565,8445100931.309999,348.2433571046565,6855037.982531451,33343.967698113374,8399333639.428998,99057777.9810327,369.31331996728204,21.981392790283934,0
131,0.477038,0.0386063129034618,0.089759523583846,0.03252961048462824,0.011608320965769203,0.0021484822332967337,1.0,0.0,1.0,0.0,6839511.0512032565,8445100931.309999,348.2433571046565,6855037.982531451,33343.967698113374,8399333639.428998,99057777.9810327,369.31331996728204,21.981392790283934,0
132,0.477038,0.0386063129034618,0.089759523583846,0.03252961048462824,0.011608320965769203,0.0021484822332967337,1.0,0.0,1.0,0.0,6839511.0512032565,8445100931.309999,348.2433571046565,6854407.885272344,33153.3975225642,8398271715.819998,99627124.52451679,369.31331996728204,21.981392790283934,0
133,0.477038,0.0386063129034618,0.089759523583846,0.03252961048462824,0.011608320965769203,0.0021484822332967337,1.0,0.0,1.0,0.0,6839511.0512032565,8445100931.309999,348.2433571046565,6854219.555086386,33213.29798296825,8389530116.184998,100727814.5543728,369.31331996728204,21.981392790283934,0
134,0.477038,0.0386063129034618,0.089759523583846,0.03252961048462824,0.011608320965769203,0.0021484822332967337,1.0,0.0,1.0,0.0,6839511.0512032565,8430312892.37,348.2433571046565,6854219.555086386,33213.29798296825,8386505694.890999,100850096.84709285,369.31331996728204,21.981392790283934,0
135,0.47885799999999995,0.03752287030598806,0.08855613571296597,0.03301487461279048,0.011966047639387033,0.0016081820330709716,1.0,0.0,1.0,0.0,6839511.0512032565,8430312892.37,348.2433571046565,6854219.555086386,33213.29798296825,8386480672.448499,100791108.0542642,369.31331996728204,21.981392790283934,0
136,0.47885799999999995,0.03752287030598806,0.08855613571296597,0.03301487461279048,0.011966047639387033,0.0016081820330709716,1.0,0.0,1.0,0.0,6839511.0512032565,8430312892.37,348.2433571046565,6854219.555086386,33213.29798296825,8386480672.448499,100791108.0542642,369.30960133597455,21.985205767204416,0
137,0.47885799999999995,0.03752287030598806,0.08855613571296597,0.03301487461279048,0.011966047639387033,0.0016081820330709716,1.0,0.0,1.0,0.0,6839511.0512032565,8430312892.37,348.2433571046565,6853537.676607357,33445.47542267951,8386480672.448499,100791108.0542642,369.30960133597455,21.985205767204416,0
138,0.47885799999999995,0.03752287030598806,0.08855613571296597,0.03301487461279048,0.011966047639387033,0.0016081820330709716,1.0,0.0,1.0,0.0,6839511.0512032565,8430312892.37,348.2433571046565,6852021.3766406,30067.997358809735,8386298863.448499,100363149.98917347,369.30960133597455,21.985205767204416,0
139,0.47885799999999995,0.03752287030598806,0.08855613571296597,0.03301487461279048,0.011966047639387033,0.0016081820330709716,1.0,0.0,1.0,0.0,6839511.0512032565,8430312892.37,348.2433571046565,6852021.3766406,30067.997358809735,8385483206.368498,100790447.00106627,369.30960133597455,21.985205767204416,0
140,0.48160600000000003,0.036433856836739095,0.08699275508785517,0.032573887807934396,0.012405552201992923,0.001810860040126364,1.0,0.0,1.0,0.0,6839511.0512032565,8430312892.37,348.2433571046565,6851239.667052602,31142.119918408254,8381756488.900999,97659117.51473783,369.30960133597455,21.985205767204416,0
141,0.48160600000000003,0.036433856836739095,0.08699275508785517,0.032573887807934396,0.012405552201992923,0.001810860040126364,1.0,0.0,1.0,0.0,6839511.0512032565,8430312892.37,348.2433571046565,6851239.667052602,31142.119918408254,8380890569.839999,98197426.96150768,369.30960133597455,21.985205767204416,0
142,0.48160600000000003,0.036433856836739095,0.08699275508785517,0.032573887807934396,0.012405552201992923,0.001810860040126364,1.0,0.0,1.0,0.0,6839511.0512032565,8430312892.37,348.2433571046565,6851218.379849041,31135.083404007117,8380890569.839999,98197426.96150768,369.30960133597455,21.985205767204416,0
143,0.48160600000000003,0.036433856836739095,0.08699275508785517,0.032573887807934396,0.012405552201992923,0.001810860040126364,1.0,0.0,1.0,0.0,6839511.0512032565,8430312892.37,348.2433571046565,6851037.769301338,30762.154992485062,8380890569.839999,98197426.96150768,369.30960133597455,21.985205767204416,0
144,0.48160600000000003,0.036433856836739095,0.08699275508785517,0.032573887807934396,0.012405552201992923,0.001810860040126364,1.0,0.0,1.0,0.0,6839511.0512032565,8430312892.37,348.2433571046565,6850442.613235074,31678.09397602174,8377288508.524999,96586579.29543369,369.30960133597455,21.985205767204416,0
145,0.483542,0.035785296924854486,0.08558395869538907,0.03261320390818409,0.011324823971317196,0.0021671958874663402,1.0,0.0,1.0,0.0,6839511.0512032565,8430312892.37,348.2433571046565,6850442.613235074,31678.09397602174,8375593212.529999,97022575.75437851,369.30960133597455,21.985205767204416,0
146,0.483542,0.035785296924854486,0.08558395869538907,0.03261320390818409,0.011324823971317196,0.0021671958874663402,1.0,0.0,1.0,0.0,6839511.0512032565,8430312892.37,348.2433571046565,6850442.613235074,31678.09397602174,8375593212.529999,97022575.75437851,369.1888436324954,22.075626817808025,0
147,0.483542,0.035785296924854486,0.08558395869538907,0.03261320390818409,0.011324823971317196,0.0021671958874663402,1.0,0.0,1.0,0.0,6839511.0512032565,8430312892.37,348.2433571046565,6850442.613235074,31678.09397602174,8374222537.852499,93786254.50473903,369.1888436324954,22.075626817808025,0
148,0.483542,0.035785296924854486,0.08558395869538907,0.03261320390818409,0.011324823971317196,0.0021671958874663402,1.0,0.0,1.0,0.0,6839511.0512032565,8430312892.37,348.2433571046565,6850442.613235074,31678.09397602174,8374222537.852499,93786254.50473903,369.1888436324954,22.075626817808025,0
149,0.483542,0.035785296924854486,0.08558395869538907,0.03261320390818409,0.011324823971317196,0.0021671958874663402,1.0,0.0,1.0,0.0,6839511.0512032565,8430312892.37,348.2433571046565,6850442.613235074,31678.09397602174,8374222537.852499,93786254.50473903,369.1888436324954,22.075626817808025,0
150,0.4848140000000001,0.036052508428679415,0.08485942946869687,0.03276284615850568,0.011328168303044107,0.002282347743464211,1.0,0.0,1.0,0.0,6839511.0512032565,8430312892.37,348.2433571046565,6849909.9015155975,31907.966613754546,8374222537.852499,93786254.50473903,368.96078469734965,22.25331866561704,0
151,0.4848140000000001,0.036052508428679415,0.08485942946869687,0.03276284615850568,0.011328168303044107,0.002282347743464211,1.0,0.0,1.0,0.0,6839511.0512032565,8430312892.37,348.2433571046565,6849077.164730074,32422.225936331466,8374222537.852499,93786254.50473903,368.96078469734965,22.25331866561704,0
152,0.4848140000000001,0.036052508428679415,0.08485942946869687,0.03276284615850568,0.011328168303044107,0.002282347743464211,1.0,0.0,1.0,0.0,6839511.0512032565,8424856060.37,348.2433571046565,6849077.164730074,32422.225936331466,8373676854.652499,93473666.54377078,368.6015687997763,22.572454894897984,0
153,0.4848140000000001,0.036052508428679415,0.08485942946869687,0.03276284615850568,0.011328168303044107,0.002282347743464211,1.0,0.0,1.0,0.0,6839511.0512032565,8424856060.37,348.2433571046565,6849077.164730074,32422.225936331466,8373676854.652499,93473666.54377078,368.6015687997763,22.572454894897984,0
154,0.4848140000000001,0.036052508428679415,0.08485942946869687,0.03276284615850568,0.011328168303044107,0.002282347743464211,1.0,0.0,1.0,0.0,6839511.0512032565,8424856060.37,348.2433571046565,6847935.534346606,31006.977296162448,8369535863.6414995,92992870.31168638,368.6015687997763,22.572454894897984,0
155,0.48716799999999993,0.03614817085275545,0.08377972299739947,0.032254665792456644,0.012089113604603918,0.002100431377340487,1.0,0.0,1.0,0.0,6839511.0512032565,8384474195.37,348.2433571046565,6847935.534346606,31006.977296162448,8365347998.546498,91372755.95062456,368.6015687997763,22.572454894897984,0
156,0.48716799999999993,0.03614817085275545,0.08377972299739947,0.032254665792456644,0.012089113604603918,0.002100431377340487,1.0,0.0,1.0,0.0,6839511.0512032565,8384474195.37,348.2433571046565,6847935.534346606,31006.977296162448,8365347998.546498,91372755.95062456,368.6015687997763,22.572454894897984,0
157,0.48716799999999993,0.03614817085275545,0.08377972299739947,0.032254665792456644,0.012089113604603918,0.002100431377340487,1.0,0.0,1.0,0.0,6839511.0512032565,8384474195.37,348.2433571046565,6847450.465644693,31785.671360083674,8362754652.789499,93509166.12949406,368.6015687997763,22.572454894897984,0
158,0.48716799999999993,0.03614817085275545,0.08377972299739947,0.032254665792456644,0.012089113604603918,0.002100431377340487,1.0,0.0,1.0,0.0,6839511.0512032565,8384474195.37,348.2433571046565,6846336.971644694,32979.48495029784,8362754652.789499,93509166.12949406,368.6015687997763,22.572454894897984,0
159,0.48716799999999993,0.03614817085275545,0.08377972299739947,0.032254665792456644,0.012089113604603918,0.002100431377340487,1.0,0.0,1.0,0.0,6839511.0512032565,8384474195.37,348.2433571046565,6846336.971644694,32979.48495029784,8362754652.789499,93509166.12949406,368.6015687997763,22.572454894897984,0
160,0.489218,0.03580400698245939,0.08295919487505127,0.032170801486939994,0.011772909457042877,0.0018471884843502646,1.0,0.0,1.0,0.0,6839511.0512032565,8384474195.37,348.2433571046565,6844794.633802663,32994.95325261054,8362754652.789499,93509166.12949406,368.57060518660745,22.602158239530386,0
161,0.489218,0.03580400698245939,0.08295919487505127,0.032170801486939994,0.011772909457042877,0.0018471884843502646,1.0,0.0,1.0,0.0,6839511.0512032565,8384474195.37,348.2433571046565,6844196.710482284,33935.10288390679,8361029055.5494995,94507797.46113224,368.57060518660745,22.602158239530386,0
162,0.489218,0.03580400698245939,0.08295919487505127,0.032170801486939994,0.011772909457042877,0.0018471884843502646,1.0,0.0,1.0,0.0,6839511.0512032565,8384474195.37,348.2433571046565,6844196.710482284,33935.10288390679,8359105456.749499,96417119.44470167,368.57060518660745,22.602158239530386,0
163,0.489218,0.03580400698245939,0.08295919487505127,0.032170801486939994,0.011772909457042877,0.0018471884843502646,1.0,0.0,1.0,0.0,6839511.0512032565,8347656508.669999,348.2433571046565,6844196.710482284,33935.10288390679,8355423688.079498,96080466.55157152,368.57060518660745,22.602158239530386,0
164,0.489218,0.03580400698245939,0.08295919487505127,0.032170801486939994,0.011772909457042877,0.0018471884843502646,1.0,0.0,1.0,0.0,6839511.0512032565,8346159722.719999,348.2433571046565,6842887.426692409,31367.155398383133,8355274009.484499,96093615.01632726,368.57060518660745,22.602158239530386,0
165,0.49166,0.03553140470063067,0.08177155638884845,0.03204298627687728,0.012079749999689134,0.0019017771447474238,1.0,0.0,1.0,0.0,6838940.691203256,8346159722.719999,348.2433571046565,6842830.39069241,31373.760782519825,8355274009.484499,96093615.01632726,368.57060518660745,22.602158239530386,0
166,0.49166,0.03553140470063067,0.08177155638884845,0.03204298627687728,0.012079749999689134,0.0019017771447474238,1.0,0.0,1.0,0.0,6838940.691203256,8329829767.719999,348.2433571046565,6842830.39069241,31373.760782519825,8353641013.984499,96372973.87845607,368.57060518660745,22.602158239530386,0
167,0.49166,0.03553140470063067,0.08177155638884845,0.03204298627687728,0.012079749999689134,0.0019017771447474238,1.0,0.0,1.0,0.0,6838940.691203256,8329829767.719999,348.2433571046565,6842830.39069241,31373.760782519825,8353641013.984499,96372973.87845607,368.57060518660745,22.602158239530386,0
168,0.49166,0.03553140470063067,0.08177155638884845,0.03204298627687728,0.012079749999689134,0.0019017771447474238,1.0,0.0,1.0,0.0,6838940.691203256,8329829767.719999,348.2433571046565,6842830.39069241,31373.760782519825,8353641013.984499,96372973.87845607,368.57060518660745,22.602158239530386,0
169,0.49166,0.03553140470063067,0.08177155638884845,0.03204298627687728,0.012079749999689134,0.0019017771447474238,1.0,0.0,1.0,0.0,6838940.691203256,8329829767.719999,348.2433571046565,6842830.39069241,31373.760782519825,8353641013.984499,96372973.87845607,368.57060518660745,22.602158239530386,0
170,0.49363,0.03583719213331312,0.08066500474399493,0.0323500008623644,0.011617667086891522,0.0014932345988135807,1.0,0.0,1.0,0.0,6838940.691203256,8329829767.719999,348.2433571046565,6839901.298780693,35689.31993811542,8352826529.139499,97227933.90766746,368.57060518660745,22.602158239530386,0
171,0.49363,0.03583719213331312,0.08066500474399493,0.0323500008623644,0.011617667086891522,0.0014932345988135807,1.0,0.0,1.0,0.0,6838940.691203256,8329829767.719999,348.2433571046565,6839626.641536417,35670.94635250802,8352826529.139499,97227933.90766746,368.57060518660745,22.602158239530386,0
172,0.49363,0.03583719213331312,0.08066500474399493,0.0323500008623644,0.011617667086891522,0.0014932345988135807,1.0,0.0,1.0,0.0,6838940.691203256,8329829767.719999,348.2433571046565,6839383.123646895,35256.79783592831,8352801226.3394985,97255356.93280984,368.57060518660745,22.602158239530386,0
173,0.49363,0.03583719213331312,0.08066500474399493,0.0323500008623644,0.011617667086891522,0.0014932345988135807,1.0,0.0,1.0,0.0,6838940.691203256,8329829767.719999,348.2433571046565,6839383.123646895,35256.79783592831,8352801226.3394985,97255356.93280984,368.57060518660745,22.602158239530386,0
174,0.49363,0.03583719213331312,0.08066500474399493,0.0323500008623644,0.011617667086891522,0.0014932345988135807,1.0,0.0,1.0,0.0,6838940.691203256,8329829767.719999,348.2433571046565,6839383.123646895,35256.79783592831,8352801226.3394985,97255356.93280984,368.4105262845197,22.679025188251742,0
175,0.494422,0.03561736144073562,0.07984627755787552,0.0323827126382649,0.012023483441478813,0.0010795471846238517,1.0,0.0,1.0,0.0,6838940.691203256,8329829767.719999,348.2433571046565,6839383.123646895,35256.79783592831,8350927835.8394985,98449470.06043957,368.4105262845197,22.679025188251742,0
176,0.494422,0.03561736144073562,0.07984627755787552,0.0323827126382649,0.012023483441478813,0.0010795471846238517,1.0,0.0,1.0,0.0,6838940.691203256,8329829767.719999,348.2433571046565,6839383.123646895,35256.79783592831,8350927835.8394985,98449470.06043957,368.25119698184466,22.76533617121246,0
177,0.494422,0.03561736144073562,0.07984627755787552,0.0323827126382649,0.012023483441478813,0.0010795471846238517,1.0,0.0,1.0,0.0,6838940.691203256,8329829767.719999,348.2433571046565,6839383.123646895,35256.79783592831,8350927835.8394985,98449470.06043957,368.0358078828818,22.976827020143062,0
178,0.494422,0.03561736144073562,0.07984627755787552,0.0323827126382649,0.012023483441478813,0.0010795471846238517,1.0,0.0,1.0,0.0,6838940.691203256,8329829767.719999,348.2433571046565,6839383.123646895,35256.79783592831,8350927835.8394985,98449470.06043957,368.0358078828818,22.976827020143062,0
179,0.494422,0.03561736144073562,0.07984627755787552,0.0323827126382649,0.012023483441478813,0.0010795471846238517,1.0,0.0,1.0,0.0,6838940.691203256,8329829767.719999,348.2433571046565,6839383.123646895,35256.79783592831,8350927835.8394985,98449470.06043957,368.0358078828818,22.976827020143062,0
180,0.495478,0.03561738502473195,0.07892828205307259,0.03222835216966607,0.01217448498640407,0.0019120498387043725,1.0,0.0,1.0,0.0,6838940.691203256,8329829767.719999,348.2433571046565,6839383.123646895,35256.79783592831,8350927835.8394985,98449470.06043957,368.0358078828818,22.976827020143062,0
181,0.495478,0.03561738502473195,0.07892828205307259,0.03222835216966607,0.01217448498640407,0.0019120498387043725,1.0,0.0,1.0,0.0,6838940.691203256,8329829767.719999,348.2433571046565,6839383.123646895,35256.79783592831,8350927835.8394985,98449470.06043957,368.01267140776287,23.00050882233676,0
182,0.495478,0.03561738502473195,0.07892828205307259,0.03222835216966607,0.01217448498640407,0.0019120498387043725,1.0,0.0,1.0,0.0,6838940.691203256,8329829767.719999,348.2433571046565,6839383.123646895,35256.79783592831,8350927835.8394985,98449470.06043957,368.01267140776287,23.00050882233676,0
183,0.495478,0.03561738502473195,0.07892828205307259,0.03222835216966607,0.01217448498640407,0.0019120498387043725,1.0,0.0,1.0,0.0,6838940.691203256,8329829767.719999,348.2433571046565,6839383.123646895,35256.79783592831,8350927835.8394985,98449470.06043957,368.01267140776287,23.00050882233676,0
184,0.495478,0.03561738502473195,0.07892828205307259,0.03222835216966607,0.01217448498640407,0.0019120498387043725,1.0,0.0,1.0,0.0,6838940.691203256,8329829767.719999,348.2433571046565,6838249.443831548,34025.32488393156,8350927835.8394985,98449470.06043957,368.01267140776287,23.00050882233676,0
185,0.496572,0.035021699787417516,0.07856675264239504,0.03212874584450666,0.011798184024187664,0.0024632553528338586,1.0,0.0,1.0,0.0,6838940.691203256,8329829767.719999,348.2433571046565,6838249.443831548,34025.32488393156,8350927835.8394985,98449470.06043957,368.01267140776287,23.00050882233676,0
186,0.496572,0.035021699787417516,0.07856675264239504,0.03212874584450666,0.011798184024187664,0.0024632553528338586,1.0,0.0,1.0,0.0,6838940.691203256,8329829767.719999,348.2433571046565,6837830.409419147,33993.28568027591,8350927835.8394985,98449470.06043957,368.01267140776287,23.00050882233676,0
187,0.496572,0.035021699787417516,0.07856675264239504,0.03212874584450666,0.011798184024187664,0.0024632553528338586,1.0,0.0,1.0,0.0,6838940.691203256,8329829767.719999,348.2433571046565,6837830.409419147,33993.28568027591,8350927835.8394985,98449470.06043957,368.01267140776287,23.00050882233676,0
188,0.496572,0.035021699787417516,0.07856675264239504,0.03212874584450666,0.011798184024187664,0.0024632553528338586,1.0,0.0,1.0,0.0,6838940.691203256,8329829767.719999,348.2433571046565,6837830.409419147,33993.28568027591,8350927835.8394985,98449470.06043957,368.01267140776287,23.00050882233676,0
189,0.496572,0.035021699787417516,0.07856675264239504,0.03212874584450666,0.011798184024187664,0.0024632553528338586,1.0,0.0,1.0,0.0,6838940.691203256,8329829767.719999,348.2433571046565,6837830.409419147,33993.28568027591,8350927835.8394985,98449470.06043957,368.01267140776287,23.00050882233676,0
190,0.4967279999999999,0.034967964996550784,0.07850543912622139,0.03233766268781017,0.011738917382239037,0.001978598696037352,1.0,0.0,1.0,0.0,6838940.691203256,8329829767.719999,348.2433571046565,6837830.409419147,33993.28568027591,8350927835.8394985,98449470.06043957,368.01267140776287,23.00050882233676,0
191,0.4967279999999999,0.034967964996550784,0.07850543912622139,0.03233766268781017,0.011738917382239037,0.001978598696037352,1.0,0.0,1.0,0.0,6838940.691203256,8329829767.719999,348.2433571046565,6837830.409419147,33993.28568027591,8350927835.8394985,98449470.06043957,368.01267140776287,23.00050882233676,0
192,0.4967279999999999,0.034967964996550784,0.07850543912622139,0.03233766268781017,0.011738917382239037,0.001978598696037352,1.0,0.0,1.0,0.0,6838940.691203256,8329829767.719999,348.2433571046565,6837830.409419147,33993.28568027591,8350927835.8394985,98449470.06043957,368.01267140776287,23.00050882233676,0
193,0.4967279999999999,0.034967964996550784,0.07850543912622139,0.03233766268781017,0.011738917382239037,0.001978598696037352,1.0,0.0,1.0,0.0,6838940.691203256,8329829767.719999,348.2433571046565,6837830.409419147,33993.28568027591,8350637664.434499,98661772.99407463,368.01267140776287,23.00050882233676,0
194,0.4967279999999999,0.034967964996550784,0.07850543912622139,0.03233766268781017,0.011738917382239037,0.001978598696037352,1.0,0.0,1.0,0.0,6838940.691203256,8329829767.719999,348.2433571046565,6837830.409419147,33993.28568027591,8350637664.434499,98661772.99407463,368.01267140776287,23.00050882233676,0
195,0.497218,0.03497038112460315,0.07819019388281478,0.03242142483115223,0.011639158082617163,0.0020526771000690764,1.0,0.0,1.0,0.0,6838940.691203256,8329829767.719999,348.2433571046565,6837830.409419147,33993.28568027591,8350637664.434499,98661772.99407463,368.01267140776287,23.00050882233676,0
196,0.497218,0.03497038112460315,0.07819019388281478,0.03242142483115223,0.011639158082617163,0.0020526771000690764,1.0,0.0,1.0,0.0,6838940.691203256,8329829767.719999,348.2433571046565,6837830.409419147,33993.28568027591,8350637664.434499,98661772.99407463,368.01267140776287,23.00050882233676,0
197,0.497218,0.03497038112460315,0.07819019388281478,0.03242142483115223,0.011639158082617163,0.0020526771000690764,1.0,0.0,1.0,0.0,6838940.691203256,8329829767.719999,348.2433571046565,6837830.409419147,33993.28568027591,8348861149.310499,97113143.07602377,368.01267140776287,23.00050882233676,0
198,0.497218,0.03497038112460315,0.07819019388281478,0.03242142483115223,0.011639158082617163,0.0020526771000690764,1.0,0.0,1.0,0.0,6838940.691203256,8329829767.719999,348.2433571046565,6837830.409419147,33993.28568027591,8348861149.310499,97113143.07602377,368.01267140776287,23.00050882233676,0
199,0.497218,0.03497038112460315,0.07819019388281478,0.03242142483115223,0.011639158082617163,0.0020526771000690764,1.0,0.0,1.0,0.0,6838940.691203256,8329829767.719999,348.2433571046565,6837830.409419147,33993.28568027591,8348861149.310499,97113143.07602377,368.01267140776287,23.00050882233676,0
200,0.497488,0.03483204294898593,0.07776728991242342,0.0325187977037864,0.011856429630358302,0.0016422897228374565,1.0,0.0,1.0,0.0,6838940.691203256,8329829767.719999,348.2433571046565,6837830.409419147,33993.28568027591,8348861149.310499,97113143.07602377,368.01267140776287,23.00050882233676,0
201,0.497488,0.03483204294898593,0.07776728991242342,0.0325187977037864,0.011856429630358302,0.0016422897228374565,1.0,0.0,1.0,0.0,6838940.691203256,8329829767.719999,348.2433571046565,6837830.409419147,33993.28568027591,8348861149.310499,97113143.07602377,368.01267140776287,23.00050882233676,0
202,0.497488,0.03483204294898593,0.07776728991242342,0.0325187977037864,0.011856429630358302,0.0016422897228374565,1.0,0.0,1.0,0.0,6838940.691203256,8329829767.719999,348.2433571046565,6837830.409419147,33993.28568027591,8348861149.310499,97113143.07602377,368.01267140776287,23.00050882233676,0
203,0.497488,0.03483204294898593,0.07776728991242342,0.0325187977037864,0.011856429630358302,0.0016422897228374565,1.0,0.0,1.0,0.0,6838940.691203256,8329829767.719999,348.2433571046565,6837830.409419147,33993.28568027591,8348861149.310499,97113143.07602377,368.01267140776287,23.00050882233676,0
204,0.497488,0.03483204294898593,0.07776728991242342,0.0325187977037864,0.011856429630358302,0.0016422897228374565,1.0,0.0,1.0,0.0,6838940.691203256,8329829767.719999,348.2433571046565,6837830.409419147,33993.28568027591,8348861149.310499,97113143.07602377,368.01267140776287,23.00050882233676,0
205,0.49807999999999997,0.035365443019987744,0.07768114752887491,0.03267113094790473,0.011839083380098226,0.002212652055649323,1.0,0.0,1.0,0.0,6838940.691203256,8329829767.719999,348.2433571046565,6837373.879498817,34011.27311760856,8348861149.310499,97113143.07602377,368.01267140776287,23.00050882233676,0
206,0.49807999999999997,0.035365443019987744,0.07768114752887491,0.03267113094790473,0.011839083380098226,0.002212652055649323,1.0,0.0,1.0,0.0,6838940.691203256,8329829767.719999,348.2433571046565,6837373.879498817,34011.27311760856,8348861149.310499,97113143.07602377,368.01267140776287,23.00050882233676,0
207,0.49807999999999997,0.035365443019987744,0.07768114752887491,0.03267113094790473,0.011839083380098226,0.002212652055649323,1.0,0.0,1.0,0.0,6838940.691203256,8329829767.719999,348.2433571046565,6837373.879498817,34011.27311760856,8348861149.310499,97113143.07602377,368.01267140776287,23.00050882233676,0
208,0.49807999999999997,0.035365443019987744,0.07768114752887491,0.03267113094790473,0.011839083380098226,0.002212652055649323,1.0,0.0,1.0,0.0,6838940.691203256,8329829767.719999,348.2433571046565,6837373.879498817,34011.27311760856,8348861149.310499,97113143.07602377,368.01267140776287,23.00050882233676,0
209,0.49807999999999997,0.035365443019987744,0.07768114752887491,0.03267113094790473,0.011839083380098226,0.002212652055649323,1.0,0.0,1.0,0.0,6838940.691203256,8329829767.719999,348.2433571046565,6837373.879498817,34011.27311760856,8348861149.310499,97113143.07602377,368.01267140776287,23.00050882233676,0
210,0.498114,0.035724566393449765,0.07715890781419639,0.03325099287399579,0.011712823399627837,0.0022622052709793334,1.0,0.0,1.0,0.0,6838940.691203256,8329829767.719999,348.2433571046565,6837373.879498817,34011.27311760856,8348861149.310499,97113143.07602377,368.01267140776287,23.00050882233676,0
211,0.498114,0.035724566393449765,0.07715890781419639,0.03325099287399579,0.011712823399627837,0.0022622052709793334,1.0,0.0,1.0,0.0,6838940.691203256,8329829767.719999,348.2433571046565,6837373.879498817,34011.27311760856,8348861149.310499,97113143.07602377,368.01267140776287,23.00050882233676,0
212,0.498114,0.035724566393449765,0.07715890781419639,0.03325099287399579,0.011712823399627837,0.0022622052709793334,1.0,0.0,1.0,0.0,6838940.691203256,8329829767.719999,348.2433571046565,6837373.879498817,34011.27311760856,8348861149.310499,97113143.07602377,368.01267140776287,23.00050882233676,0
213,0.498114,0.035724566393449765,0.07715890781419639,0.03325099287399579,0.011712823399627837,0.0022622052709793334,1.0,0.0,1.0,0.0,6838940.691203256,8329829767.719999,348.2433571046565,6837075.279738029,34127.41453087388,8341833978.0905,99438349.00270596,368.01267140776287,23.00050882233676,0
214,0.498114,0.035724566393449765,0.07715890781419639,0.03325099287399579,0.011712823399627837,0.0022622052709793334,1.0,0.0,1.0,0.0,6838940.691203256,8329829767.719999,348.2433571046565,6835918.114996532,33472.38289794686,8341833978.0905,99438349.00270596,368.01267140776287,23.00050882233676,0
215,0.49981,0.036532680438204915,0.07676338907322663,0.03380413397223458,0.011476518676064713,0.0023823601461005306,1.0,0.0,1.0,0.0,6838940.691203256,8329829767.719999,348.2433571046565,6835918.114996532,33472.38289794686,8341833978.0905,99438349.00270596,368.01267140776287,23.00050882233676,0
216,0.49981,0.036532680438204915,0.07676338907322663,0.03380413397223458,0.011476518676064713,0.0023823601461005306,1.0,0.0,1.0,0.0,6838940.691203256,8329829767.719999,348.2433571046565,6835918.114996532,33472.38289794686,8341833978.0905,99438349.00270596,368.01267140776287,23.00050882233676,0
217,0.49981,0.036532680438204915,0.07676338907322663,0.03380413397223458,0.011476518676064713,0.0023823601461005306,1.0,0.0,1.0,0.0,6838940.691203256,8329829767.719999,348.2433571046565,6835918.114996532,33472.38289794686,8339439793.4405,102144551.8422905,368.01267140776287,23.00050882233676,0
218,0.49981,0.036532680438204915,0.07676338907322663,0.03380413397223458,0.011476518676064713,0.0023823601461005306,1.0,0.0,1.0,0.0,6838940.691203256,8329829767.719999,348.2433571046565,6835918.114996532,33472.38289794686,8339439793.4405,102144551.8422905,368.01267140776287,23.00050882233676,0
219,0.49981,0.036532680438204915,0.07676338907322663,0.03380413397223458,0.011476518676064713,0.0023823601461005306,1.0,0.0,1.0,0.0,6838940.691203256,8329829767.719999,348.2433571046565,6835918.114996532,33472.38289794686,8339290114.8455,102236665.86984801,367.8912960348913,23.115430793274047,0
220,0.500224,0.03696814390796488,0.07672962374005451,0.03381767821307178,0.011964914811429759,0.0023832669782091727,1.0,0.0,1.0,0.0,6830559.450754685,8329829767.719999,348.2433571046565,6835079.990951675,33491.131609805816,8339290114.8455,102236665.86984801,367.8912960348913,23.115430793274047,0
221,0.500224,0.03696814390796488,0.07672962374005451,0.03381767821307178,0.011964914811429759,0.0023832669782091727,1.0,0.0,1.0,0.0,6830559.450754685,8329829767.719999,348.2433571046565,6835079.990951675,33491.131609805816,8339290114.8455,102236665.86984801,367.8912960348913,23.115430793274047,0
222,0.500224,0.03696814390796488,0.07672962374005451,0.03381767821307178,0.011964914811429759,0.0023832669782091727,1.0,0.0,1.0,0.0,6830559.450754685,8329829767.719999,348.2433571046565,6834544.907378199,33730.05511457205,8339290114.8455,102236665.86984801,367.326750132879,23.689799974576946,0
223,0.500224,0.03696814390796488,0.07672962374005451,0.03381767821307178,0.011964914811429759,0.0023832669782091727,1.0,0.0,1.0,0.0,6830559.450754685,8329829767.719999,348.2433571046565,6834544.907378199,33730.05511457205,8339290114.8455,102236665.86984801,367.326750132879,23.689799974576946,0
224,0.500224,0.03696814390796488,0.07672962374005451,0.03381767821307178,0.011964914811429759,0.0023832669782091727,1.0,0.0,1.0,0.0,6830559.450754685,8329829767.719999,348.2433571046565,6834544.907378199,33730.05511457205,8339290114.8455,102236665.86984801,367.326750132879,23.689799974576946,0
225,0.500664,0.03780886435744929,0.07640869154560347,0.034217692557926234,0.011425146002869303,0.0021331348771725924,1.0,0.0,1.0,0.0,6830559.450754685,8329829767.719999,348.2433571046565,6834544.907378199,33730.05511457205,8339290114.8455,102236665.86984801,367.326750132879,23.689799974576946,0
226,0.500664,0.03780886435744929,0.07640869154560347,0.034217692557926234,0.011425146002869303,0.0021331348771725924,1.0,0.0,1.0,0.0,6830559.450754685,8329829767.719999,348.2433571046565,6834544.907378199,33730.05511457205,8339290114.8455,102236665.86984801,367.326750132879,23.689799974576946,0
227,0.500664,0.03780886435744929,0.07640869154560347,0.034217692557926234,0.011425146002869303,0.0021331348771725924,1.0,0.0,1.0,0.0,6830559.450754685,8329829767.719999,348.2433571046565,6834544.907378199,33730.05511457205,8338903068.064501,101913735.82972044,367.326750132879,23.689799974576946,0
228,0.500664,0.03780886435744929,0.07640869154560347,0.034217692557926234,0.011425146002869303,0.0021331348771725924,1.0,0.0,1.0,0.0,6830559.450754685,8329829767.719999,348.2433571046565,6834544.907378199,33730.05511457205,8338753389.4695,102096917.58802654,367.326750132879,23.689799974576946,0
229,0.500664,0.03780886435744929,0.07640869154560347,0.034217692557926234,0.011425146002869303,0.0021331348771725924,1.0,0.0,1.0,0.0,6830559.450754685,8329829767.719999,348.2433571046565,6834544.907378199,33730.05511457205,8333815975.8485,102132801.13909516,367.326750132879,23.689799974576946,0
230,0.5022,0.038225780829173384,0.07579599778439824,0.03425496230013738,0.010930998319919763,0.0025132335656498223,1.0,0.0,1.0,0.0,6830559.450754685,8329829767.719999,348.2433571046565,6834119.3786118645,33973.047069280234,8333815975.8485,102132801.13909516,367.326750132879,23.689799974576946,0
231,0.5022,0.038225780829173384,0.07579599778439824,0.03425496230013738,0.010930998319919763,0.0025132335656498223,1.0,0.0,1.0,0.0,6830559.450754685,8329829767.719999,348.2433571046565,6834119.3786118645,33973.047069280234,8332689728.013499,102826891.67838362,367.326750132879,23.689799974576946,0
232,0.5022,0.038225780829173384,0.07579599778439824,0.03425496230013738,0.010930998319919763,0.0025132335656498223,1.0,0.0,1.0,0.0,6830559.450754685,8329829767.719999,348.2433571046565,6834119.3786118645,33973.047069280234,8332540049.4185,102859649.6476044,367.326750132879,23.689799974576946,0
233,0.5022,0.038225780829173384,0.07579599778439824,0.03425496230013738,0.010930998319919763,0.0025132335656498223,1.0,0.0,1.0,0.0,6830559.450754685,8329829767.719999,348.2433571046565,6834119.3786118645,33973.047069280234,8332540049.4185,102859649.6476044,367.326750132879,23.689799974576946,0
234,0.5022,0.038225780829173384,0.07579599778439824,0.03425496230013738,0.010930998319919763,0.0025132335656498223,1.0,0.0,1.0,0.0,6830559.450754685,8329829767.719999,348.2433571046565,6834119.3786118645,33973.047069280234,8332236617.4185,103025339.55146492,367.326750132879,23.689799974576946,0
235,0.503076,0.03822885276855689,0.07485788799733917,0.03442855680002416,0.010640589836886484,0.002138154387595779,1.0,0.0,1.0,0.0,6830559.450754685,8329829767.719999,348.2433571046565,6834119.3786118645,33973.047069280234,8332236617.4185,103025339.55146492,367.326750132879,23.689799974576946,0
236,0.503076,0.03822885276855689,0.07485788799733917,0.03442855680002416,0.010640589836886484,0.002138154387595779,1.0,0.0,1.0,0.0,6830559.450754685,8329829767.719999,348.2433571046565,6834119.3786118645,33973.047069280234,8330511020.178499,104282854.2640379,367.326750132879,23.689799974576946,0
237,0.503076,0.03822885276855689,0.07485788799733917,0.03442855680002416,0.010640589836886484,0.002138154387595779,1.0,0.0,1.0,0.0,6830559.450754685,8329829767.719999,348.2433571046565,6834119.3786118645,33973.047069280234,8328878024.678499,105267875.08557397,367.326750132879,23.689799974576946,0
238,0.503076,0.03822885276855689,0.07485788799733917,0.03442855680002416,0.010640589836886484,0.002138154387595779,1.0,0.0,1.0,0.0,6830559.450754685,8329829767.719999,348.2433571046565,6834119.3786118645,33973.047069280234,8328878024.678499,105267875.08557397,367.326750132879,23.689799974576946,0
239,0.503076,0.03822885276855689,0.07485788799733917,0.03442855680002416,0.010640589836886484,0.002138154387595779,1.0,0.0,1.0,0.0,6830559.450754685,8329829767.719999,348.2433571046565,6834119.3786118645,33973.047069280234,8328878024.678499,105267875.08557397,367.326750132879,23.689799974576946,0
240,0.5040380000000001,0.03824884359036232,0.07420148396427068,0.0341636228287917,0.011923325269386952,0.002906201222073551,1.0,0.0,1.0,0.0,6830559.450754685,8329829767.719999,348.2433571046565,6833852.366376765,33858.71137170358,8328878024.678499,105267875.08557397,367.3236017852024,23.692700688623535,0
241,0.5040380000000001,0.03824884359036232,0.07420148396427068,0.0341636228287917,0.011923325269386952,0.002906201222073551,1.0,0.0,1.0,0.0,6830559.450754685,8329829767.719999,348.2433571046565,6833330.7318260595,34216.18432551327,8328878024.678499,105267875.08557397,367.3186244860226,23.698239682409685,0
242,0.5040380000000001,0.03824884359036232,0.07420148396427068,0.0341636228287917,0.011923325269386952,0.002906201222073551,1.0,0.0,1.0,0.0,6830559.450754685,8329829767.719999,348.2433571046565,6833330.7318260595,34216.18432551327,8328878024.678499,105267875.08557397,367.3186244860226,23.698239682409685,0
243,0.5040380000000001,0.03824884359036232,0.07420148396427068,0.0341636228287917,0.011923325269386952,0.002906201222073551,1.0,0.0,1.0,0.0,6830559.450754685,8329829767.719999,348.2433571046565,6833330.7318260595,34216.18432551327,8328878024.678499,105267875.08557397,367.3186244860226,23.698239682409685,0
244,0.5040380000000001,0.03824884359036232,0.07420148396427068,0.0341636228287917,0.011923325269386952,0.002906201222073551,1.0,0.0,1.0,0.0,6830559.450754685,8329829767.719999,348.2433571046565,6833330.7318260595,34216.18432551327,8328878024.678499,105267875.08557397,367.2263204338743,23.789036573097878,0
245,0.5049720000000001,0.038682736407860296,0.07365000706889521,0.03416318876261736,0.011155994797502436,0.0024847377108196144,1.0,0.0,1.0,0.0,6830559.450754685,8329829767.719999,348.2433571046565,6833330.7318260595,34216.18432551327,8324318766.699499,105727991.95744902,367.06658381890196,23.939397491757816,0
246,0.5049720000000001,0.038682736407860296,0.07365000706889521,0.03416318876261736,0.011155994797502436,0.0024847377108196144,1.0,0.0,1.0,0.0,6830559.450754685,8329829767.719999,348.2433571046565,6833330.7318260595,34216.18432551327,8324318766.699499,105727991.95744902,367.06658381890196,23.939397491757816,0
247,0.5049720000000001,0.038682736407860296,0.07365000706889521,0.03416318876261736,0.011155994797502436,0.0024847377108196144,1.0,0.0,1.0,0.0,6830559.450754685,8329829767.719999,348.2433571046565,6833330.7318260595,34216.18432551327,8324318766.699499,105727991.95744902,367.06658381890196,23.939397491757816,0
248,0.5049720000000001,0.038682736407860296,0.07365000706889521,0.03416318876261736,0.011155994797502436,0.0024847377108196144,1.0,0.0,1.0,0.0,6830559.450754685,8329829767.719999,348.2433571046565,6831629.955543672,33907.12844916516,8322591340.2994995,107104442.65765883,367.06658381890196,23.939397491757816,0
249,0.5049720000000001,0.038682736407860296,0.07365000706889521,0.03416318876261736,0.011155994797502436,0.0024847377108196144,1.0,0.0,1.0,0.0,6830559.450754685,8329829767.719999,348.2433571046565,6830665.230409168,34071.89916696905,8322591340.2994995,107104442.65765883,367.06658381890196,23.939397491757816,0
250,0.5064300000000002,0.0383413283546619,0.07320035737052395,0.034067572452951465,0.011159958510284219,0.0019086572006443232,1.0,0.0,1.0,0.0,6830559.450754685,8329829767.719999,348.2433571046565,6830665.230409168,34071.89916696905,8322182384.370192,106911821.06626886,367.06658381890196,23.939397491757816,0
251,0.5064300000000002,0.0383413283546619,0.07320035737052395,0.034067572452951465,0.011159958510284219,0.0019086572006443232,1.0,0.0,1.0,0.0,6830559.450754685,8329829767.719999,348.2433571046565,6830665.230409168,34071.89916696905,8322182384.370192,106911821.06626886,367.06658381890196,23.939397491757816,0
252,0.5064300000000002,0.0383413283546619,0.07320035737052395,0.034067572452951465,0.011159958510284219,0.0019086572006443232,1.0,0.0,1.0,0.0,6830559.450754685,8329829767.719999,348.2433571046565,6830665.230409168,34071.89916696905,8322182384.370192,106911821.06626886,367.06658381890196,23.939397491757816,0
253,0.5064300000000002,0.0383413283546619,0.07320035737052395,0.034067572452951465,0.011159958510284219,0.0019086572006443232,1.0,0.0,1.0,0.0,6830559.450754685,8329829767.719999,348.2433571046565,6830553.673883433,34247.75941783336,8322182384.370192,106911821.06626886,367.06658381890196,23.939397491757816,0
254,0.5064300000000002,0.0383413283546619,0.07320035737052395,0.034067572452951465,0.011159958510284219,0.0019086572006443232,1.0,0.0,1.0,0.0,6830559.450754685,8329829767.719999,348.2433571046565,6830553.673883433,34247.75941783336,8322182384.370192,106911821.06626886,367.06658381890196,23.939397491757816,0
255,0.507222,0.0387068928745256,0.07278151961197162,0.034116651404724654,0.011852731780113878,0.0020697394197295954,1.0,0.0,1.0,0.0,6830559.450754685,8329829767.719999,348.2433571046565,6830553.673883433,34247.75941783336,8322182384.370192,106911821.06626886,367.06658381890196,23.939397491757816,0
256,0.507222,0.0387068928745256,0.07278151961197162,0.034116651404724654,0.011852731780113878,0.0020697394197295954,1.0,0.0,1.0,0.0,6830559.450754685,8329829767.719999,348.2433571046565,6830553.673883433,34247.75941783336,8322182384.370192,106911821.06626886,367.06658381890196,23.939397491757816,0
257,0.507222,0.0387068928745256,0.07278151961197162,0.034116651404724654,0.011852731780113878,0.0020697394197295954,1.0,0.0,1.0,0.0,6830559.450754685,8329829767.719999,348.2433571046565,6830553.673883433,34247.75941783336,8322182384.370192,106911821.06626886,367.06658381890196,23.939397491757816,0
258,0.507222,0.0387068928745256,0.07278151961197162,0.034116651404724654,0.011852731780113878,0.0020697394197295954,1.0,0.0,1.0,0.0,6830559.450754685,8329829767.719999,348.2433571046565,6830553.673883433,34247.75941783336,8322182384.370192,106911821.06626886,367.06658381890196,23.939397491757816,0
259,0.507222,0.0387068928745256,0.07278151961197162,0.034116651404724654,0.011852731780113878,0.0020697394197295954,1.0,0.0,1.0,0.0,6830559.450754685,8329829767.719999,348.2433571046565,6830553.673883433,34247.75941783336,8320751853.320192,107385303.69237103,367.06658381890196,23.939397491757816,0
260,0.507728,0.038632164008763466,0.07238062957979643,0.034386640708662396,0.0114583001402432,0.0018849985238901907,1.0,0.0,1.0,0.0,6830559.450754685,8329829767.719999,348.2433571046565,6830553.673883433,34247.75941783336,8319840772.925192,107774885.4222044,367.06658381890196,23.939397491757816,0
261,0.507728,0.038632164008763466,0.07238062957979643,0.034386640708662396,0.0114583001402432,0.0018849985238901907,1.0,0.0,1.0,0.0,6830559.450754685,8329829767.719999,348.2433571046565,6829511.852459125,34692.7489619536,8319840772.925192,107774885.4222044,367.06658381890196,23.939397491757816,0
262,0.507728,0.038632164008763466,0.07238062957979643,0.034386640708662396,0.0114583001402432,0.0018849985238901907,1.0,0.0,1.0,0.0,6824515.054494359,8329829767.719999,348.2433571046565,6828572.530939823,34652.71786028692,8319840772.925192,107774885.4222044,367.06658381890196,23.939397491757816,0
263,0.507728,0.038632164008763466,0.07238062957979643,0.034386640708662396,0.0114583001402432,0.0018849985238901907,1.0,0.0,1.0,0.0,6824515.054494359,8329829767.719999,348.2433571046565,6828572.530939823,34652.71786028692,8319840772.925192,107774885.4222044,365.1849410375299,22.321629178794073,0
264,0.507728,0.038632164008763466,0.07238062957979643,0.034386640708662396,0.0114583001402432,0.0018849985238901907,1.0,0.0,1.0,0.0,6824515.054494359,8329829767.719999,348.2433571046565,6828572.530939823,34652.71786028692,8319840772.925192,107774885.4222044,365.1849410375299,22.321629178794073,0
265,0.51065,0.03891035774700612,0.06922764440607936,0.033038154526575686,0.012320256106662403,0.0035806562667418714,1.0,0.0,1.0,0.0,6824515.054494359,8329829767.719999,348.2433571046565,6828572.530939823,34652.71786028692,8319840772.925192,107774885.4222044,365.12318246973297,22.29078209809404,0
266,0.51065,0.03891035774700612,0.06922764440607936,0.033038154526575686,0.012320256106662403,0.0035806562667418714,1.0,0.0,1.0,0.0,6824515.054494359,8329829767.719999,348.2433571046565,6826971.507054048,37303.82582818652,8315673869.779526,110834648.85160568,365.12318246973297,22.29078209809404,0
267,0.51065,0.03891035774700612,0.06922764440607936,0.033038154526575686,0.012320256106662403,0.0035806562667418714,1.0,0.0,1.0,0.0,6824515.054494359,8329829767.719999,348.2433571046565,6826971.507054048,37303.82582818652,8315673869.779526,110834648.85160568,365.073137191317,22.266885003203313,0
268,0.51065,0.03891035774700612,0.06922764440607936,0.033038154526575686,0.012320256106662403,0.0035806562667418714,1.0,0.0,1.0,0.0,6824515.054494359,8329829767.719999,348.2433571046565,6826971.507054048,37303.82582818652,8315673869.779526,110834648.85160568,365.073137191317,22.266885003203313,0
269,0.51065,0.03891035774700612,0.06922764440607936,0.033038154526575686,0.012320256106662403,0.0035806562667418714,1.0,0.0,1.0,0.0,6824515.054494359,8329829767.719999,348.2433571046565,6826971.507054048,37303.82582818652,8315673869.779526,110834648.85160568,365.073137191317,22.266885003203313,0
270,0.512036,0.039416224882654595,0.06881414524937315,0.03282939336952408,0.011178055047207714,0.002142087216205513,1.0,0.0,1.0,0.0,6824515.054494359,8304749812.609999,348.2433571046565,6826971.507054048,37303.82582818652,8313165874.268526,110769688.55435917,365.05796245136486,22.25983392793566,0
271,0.512036,0.039416224882654595,0.06881414524937315,0.03282939336952408,0.011178055047207714,0.002142087216205513,1.0,0.0,1.0,0.0,6824515.054494359,8304749812.609999,348.2433571046565,6826971.507054048,37303.82582818652,8313165874.268526,110769688.55435917,365.05796245136486,22.25983392793566,0
272,0.512036,0.039416224882654595,0.06881414524937315,0.03282939336952408,0.011178055047207714,0.002142087216205513,1.0,0.0,1.0,0.0,6824515.054494359,8304749812.609999,348.2433571046565,6826971.507054048,37303.82582818652,8313165874.268526,110769688.55435917,365.05796245136486,22.25983392793566,0
273,0.512036,0.039416224882654595,0.06881414524937315,0.03282939336952408,0.011178055047207714,0.002142087216205513,1.0,0.0,1.0,0.0,6824515.054494359,8304749812.609999,348.2433571046565,6826971.507054048,37303.82582818652,8313165874.268526,110769688.55435917,365.05796245136486,22.25983392793566,0
274,0.512036,0.039416224882654595,0.06881414524937315,0.03282939336952408,0.011178055047207714,0.002142087216205513,1.0,0.0,1.0,0.0,6824515.054494359,8304749812.609999,348.2433571046565,6826971.507054048,37303.82582818652,8313165874.268526,110769688.55435917,365.05796245136486,22.25983392793566,0
275,0.5124519999999999,0.04007212717089023,0.06838718870181755,0.032866502747811915,0.011937229072338502,0.001721716477719858,1.0,0.0,1.0,0.0,6824515.054494359,8304749812.609999,348.2433571046565,6826190.693009716,37778.61041908271,8313165874.268526,110769688.55435917,365.05796245136486,22.25983392793566,0
276,0.5124519999999999,0.04007212717089023,0.06838718870181755,0.032866502747811915,0.011937229072338502,0.001721716477719858,1.0,0.0,1.0,0.0,6824515.054494359,8304749812.609999,348.2433571046565,6826190.693009716,37778.61041908271,8311783050.114636,112044788.5019915,365.05796245136486,22.25983392793566,0
277,0.5124519999999999,0.04007212717089023,0.06838718870181755,0.032866502747811915,0.011937229072338502,0.001721716477719858,1.0,0.0,1.0,0.0,6824515.054494359,8304749812.609999,348.2433571046565,6826190.693009716,37778.61041908271,8311783050.114636,112044788.5019915,365.0292128016926,22.219211119226713,0
278,0.5124519999999999,0.04007212717089023,0.06838718870181755,0.032866502747811915,0.011937229072338502,0.001721716477719858,1.0,0.0,1.0,0.0,6824515.054494359,8304749812.609999,348.2433571046565,6826174.281438196,37807.30277921486,8311783050.114636,112044788.5019915,365.0292128016926,22.219211119226713,0
279,0.5124519999999999,0.04007212717089023,0.06838718870181755,0.032866502747811915,0.011937229072338502,0.001721716477719858,1.0,0.0,1.0,0.0,6824515.054494359,8304749812.609999,348.2433571046565,6826174.281438196,37807.30277921486,8311783050.114636,112044788.5019915,365.0292128016926,22.219211119226713,0
280,0.513096,0.040056289194082856,0.06805439635466384,0.03269474143276301,0.012084782193136436,0.0013561852060450514,1.0,0.0,1.0,0.0,6824515.054494359,8304749812.609999,348.2433571046565,6826174.281438196,37807.30277921486,8311783050.114636,112044788.5019915,365.0292128016926,22.219211119226713,0
281,0.513096,0.040056289194082856,0.06805439635466384,0.03269474143276301,0.012084782193136436,0.0013561852060450514,1.0,0.0,1.0,0.0,6824515.054494359,8304749812.609999,348.2433571046565,6826174.281438196,37807.30277921486,8311783050.114636,112044788.5019915,365.0292128016926,22.219211119226713,0
282,0.513096,0.040056289194082856,0.06805439635466384,0.03269474143276301,0.012084782193136436,0.0013561852060450514,1.0,0.0,1.0,0.0,6814484.424482362,8304749812.609999,348.2433571046565,6825171.2184369955,37970.725305352295,8311783050.114636,112044788.5019915,364.83443322460175,22.136401240067446,0
283,0.513096,0.040056289194082856,0.06805439635466384,0.03269474143276301,0.012084782193136436,0.0013561852060450514,1.0,0.0,1.0,0.0,6814484.424482362,8304749812.609999,348.2433571046565,6825171.2184369955,37970.725305352295,8311783050.114636,112044788.5019915,364.78955542006247,22.11946581881652,0
284,0.513096,0.040056289194082856,0.06805439635466384,0.03269474143276301,0.012084782193136436,0.0013561852060450514,1.0,0.0,1.0,0.0,6814484.424482362,8304749812.609999,348.2433571046565,6825171.2184369955,37970.725305352295,8311783050.114636,112044788.5019915,364.78955542006247,22.11946581881652,0
285,0.514138,0.04043845541066079,0.06674676989563733,0.033004154724928944,0.01188184903468772,0.0019053759699026588,1.0,0.0,1.0,0.0,6814484.424482362,8304749812.609999,348.2433571046565,6825171.2184369955,37970.725305352295,8311783050.114636,112044788.5019915,364.78955542006247,22.11946581881652,0
286,0.514138,0.04043845541066079,0.06674676989563733,0.033004154724928944,0.01188184903468772,0.0019053759699026588,1.0,0.0,1.0,0.0,6814484.424482362,8303253026.659999,348.2433571046565,6825171.2184369955,37970.725305352295,8311633371.519636,112055083.3911974,364.66786862850273,22.077611492115878,0
287,0.514138,0.04043845541066079,0.06674676989563733,0.033004154724928944,0.01188184903468772,0.0019053759699026588,1.0,0.0,1.0,0.0,6814484.424482362,8303253026.659999,348.2433571046565,6825171.2184369955,37970.725305352295,8311633371.519636,112055083.3911974,364.66786862850273,22.077611492115878,0
288,0.514138,0.04043845541066079,0.06674676989563733,0.033004154724928944,0.01188184903468772,0.0019053759699026588,1.0,0.0,1.0,0.0,6814484.424482362,8303253026.659999,348.2433571046565,6825171.2184369955,37970.725305352295,8311633371.519636,112055083.3911974,364.66786862850273,22.077611492115878,0
289,0.514138,0.04043845541066079,0.06674676989563733,0.033004154724928944,0.01188184903468772,0.0019053759699026588,1.0,0.0,1.0,0.0,6814484.424482362,8303253026.659999,348.2433571046565,6825171.2184369955,37970.725305352295,8311633371.519636,112055083.3911974,364.66786862850273,22.077611492115878,0
290,0.5147440000000001,0.040696049734587264,0.06626726490371364,0.03302357064578862,0.012108181138827686,0.0017238219852752895,1.0,0.0,1.0,0.0,6814484.424482362,8303253026.659999,348.2433571046565,6825171.2184369955,37970.725305352295,8311633371.519636,112055083.3911974,364.66786862850273,22.077611492115878,0
291,0.5147440000000001,0.040696049734587264,0.06626726490371364,0.03302357064578862,0.012108181138827686,0.0017238219852752895,1.0,0.0,1.0,0.0,6814484.424482362,8303253026.659999,348.2433571046565,6825086.4521705685,37869.631108209374,8311633371.519636,112055083.3911974,364.66786862850273,22.077611492115878,0
292,0.5147440000000001,0.040696049734587264,0.06626726490371364,0.03302357064578862,0.012108181138827686,0.0017238219852752895,1.0,0.0,1.0,0.0,6814484.424482362,8303253026.659999,348.2433571046565,6825086.4521705685,37869.631108209374,8311633371.519636,112055083.3911974,364.5474593980524,22.193613773757278,0
293,0.5147440000000001,0.040696049734587264,0.06626726490371364,0.03302357064578862,0.012108181138827686,0.0017238219852752895,1.0,0.0,1.0,0.0,6814484.424482362,8303253026.659999,348.2433571046565,6825086.4521705685,37869.631108209374,8311580496.686171,112002951.05284446,364.5474593980524,22.193613773757278,0
294,0.5147440000000001,0.040696049734587264,0.06626726490371364,0.03302357064578862,0.012108181138827686,0.0017238219852752895,1.0,0.0,1.0,0.0,6805477.392482363,8287244960.209999,348.2433571046565,6824185.74897057,38216.60525338146,8309087742.915751,111364594.81112678,364.5474593980524,22.193613773757278,0
295,0.516276,0.04112581165156501,0.06532517446241182,0.033454128130625246,0.011549317936822873,0.0023115374742605265,1.0,0.0,1.0,0.0,6805477.392482363,8287244960.209999,348.2433571046565,6824185.74897057,38216.60525338146,8309087742.915751,111364594.81112678,364.5474593980524,22.193613773757278,0
296,0.516276,0.04112581165156501,0.06532517446241182,0.033454128130625246,0.011549317936822873,0.0023115374742605265,1.0,0.0,1.0,0.0,6805477.392482363,8287244960.209999,348.2433571046565,6823865.91611346,38089.58314107607,8309087742.915751,111364594.81112678,364.5474593980524,22.193613773757278,0
297,0.516276,0.04112581165156501,0.06532517446241182,0.033454128130625246,0.011549317936822873,0.0023115374742605265,1.0,0.0,1.0,0.0,6805477.392482363,8287244960.209999,348.2433571046565,6823865.91611346,38089.58314107607,8309087742.915751,111364594.81112678,364.5474593980524,22.193613773757278,0
298,0.516276,0.04112581165156501,0.06532517446241182,0.033454128130625246,0.011549317936822873,0.0023115374742605265,1.0,0.0,1.0,0.0,6805477.392482363,8287244960.209999,348.2433571046565,6823865.91611346,38089.58314107607,8309087742.915751,111364594.81112678,364.5474593980524,22.193613773757278,0
299,0.516276,0.04112581165156501,0.06532517446241182,0.033454128130625246,0.011549317936822873,0.0023115374742605265,1.0,0.0,1.0,0.0,6805477.392482363,8287244960.209999,348.2433571046565,6823865.91611346,38089.58314107607,8309087742.915751,111364594.81112678,364.30428324878426,22.126901911698216,0
300,0.517202,0.04160830729553896,0.0642774141299139,0.034024426089698974,0.011628115853650312,0.001693531516568584,1.0,0.0,1.0,0.0,6805477.392482363,8287244960.209999,348.2433571046565,6823865.91611346,38089.58314107607,8309087742.915751,111364594.81112678,364.27044694698174,22.11951040819433,0
301,0.517202,0.04160830729553896,0.0642774141299139,0.034024426089698974,0.011628115853650312,0.001693531516568584,1.0,0.0,1.0,0.0,6805477.392482363,8287244960.209999,348.2433571046565,6823865.91611346,38089.58314107607,8309087742.915751,111364594.81112678,364.13090003000076,22.09392890656955,0
302,0.517202,0.04160830729553896,0.0642774141299139,0.034024426089698974,0.011628115853650312,0.001693531516568584,1.0,0.0,1.0,0.0,6805477.392482363,8287244960.209999,348.2433571046565,6823865.91611346,38089.58314107607,8308110342.549637,110488821.5016772,364.13090003000076,22.09392890656955,0
303,0.517202,0.04160830729553896,0.0642774141299139,0.034024426089698974,0.011628115853650312,0.001693531516568584,1.0,0.0,1.0,0.0,6805477.392482363,8287244960.209999,348.2433571046565,6823865.91611346,38089.58314107607,8308110342.549637,110488821.5016772,364.13090003000076,22.09392890656955,0
304,0.517202,0.04160830729553896,0.0642774141299139,0.034024426089698974,0.011628115853650312,0.001693531516568584,1.0,0.0,1.0,0.0,6805477.392482363,8287244960.209999,348.2433571046565,6823865.91611346,38089.58314107607,8308110342.549637,110488821.5016772,364.13090003000076,22.09392890656955,0
305,0.518416,0.04148274610003537,0.06339631852610042,0.034052857159783734,0.011225018071671186,0.0017851792987664756,1.0,0.0,1.0,0.0,6805477.392482363,8287244960.209999,348.2433571046565,6823865.91611346,38089.58314107607,8308110342.549637,110488821.5016772,364.13090003000076,22.09392890656955,0
306,0.518416,0.04148274610003537,0.06339631852610042,0.034052857159783734,0.011225018071671186,0.0017851792987664756,1.0,0.0,1.0,0.0,6805477.392482363,8287244960.209999,348.2433571046565,6823865.91611346,38089.58314107607,8304504363.532873,110332496.18486097,364.13090003000076,22.09392890656955,0
307,0.518416,0.04148274610003537,0.06339631852610042,0.034052857159783734,0.011225018071671186,0.0017851792987664756,1.0,0.0,1.0,0.0,6805477.392482363,8287244960.209999,348.2433571046565,6823865.91611346,38089.58314107607,8304218559.4136715,110490848.29037829,364.13090003000076,22.09392890656955,0
308,0.518416,0.04148274610003537,0.06339631852610042,0.034052857159783734,0.011225018071671186,0.0017851792987664756,1.0,0.0,1.0,0.0,6805477.392482363,8287244960.209999,348.2433571046565,6823755.034541716,38060.857707065436,8304218559.4136715,110490848.29037829,364.13090003000076,22.09392890656955,0
309,0.518416,0.04148274610003537,0.06339631852610042,0.034052857159783734,0.011225018071671186,0.0017851792987664756,1.0,0.0,1.0,0.0,6805477.392482363,8287244960.209999,348.2433571046565,6823755.034541716,38060.857707065436,8304218559.4136715,110490848.29037829,364.13090003000076,22.09392890656955,0
310,0.519526,0.04127048344761665,0.06277538780291445,0.03370716185531661,0.011899272760693289,0.0019161766919862841,1.0,0.0,1.0,0.0,6805477.392482363,8287244960.209999,348.2433571046565,6823755.034541716,38060.857707065436,8299671828.653671,115396005.33563384,364.13090003000076,22.09392890656955,0
311,0.519526,0.04127048344761665,0.06277538780291445,0.03370716185531661,0.011899272760693289,0.0019161766919862841,1.0,0.0,1.0,0.0,6805477.392482363,8287244960.209999,348.2433571046565,6823755.034541716,38060.857707065436,8299671828.653671,115396005.33563384,364.13090003000076,22.09392890656955,0
312,0.519526,0.04127048344761665,0.06277538780291445,0.03370716185531661,0.011899272760693289,0.0019161766919862841,1.0,0.0,1.0,0.0,6805477.392482363,8287244960.209999,348.2433571046565,6823755.034541716,38060.857707065436,8299671828.653671,115396005.33563384,364.13090003000076,22.09392890656955,0
313,0.519526,0.04127048344761665,0.06277538780291445,0.03370716185531661,0.011899272760693289,0.0019161766919862841,1.0,0.0,1.0,0.0,6805477.392482363,8287244960.209999,348.2433571046565,6823755.034541716,38060.857707065436,8299671828.653671,115396005.33563384,364.13090003000076,22.09392890656955,0
314,0.519526,0.04127048344761665,0.06277538780291445,0.03370716185531661,0.011899272760693289,0.0019161766919862841,1.0,0.0,1.0,0.0,6805477.392482363,8287244960.209999,348.2433571046565,6823094.604827099,37303.6787005472,8294797376.576671,111900496.70337103,364.13090003000076,22.09392890656955,0
315,0.520888,0.0408397661109855,0.062331258284929816,0.03369371080563919,0.012098504191664326,0.0022998593348163713,1.0,0.0,1.0,0.0,6805477.392482363,8287244960.209999,348.2433571046565,6823094.604827099,37303.6787005472,8294797376.576671,111900496.70337103,364.13090003000076,22.09392890656955,0
316,0.520888,0.0408397661109855,0.062331258284929816,0.03369371080563919,0.012098504191664326,0.0022998593348163713,1.0,0.0,1.0,0.0,6805477.392482363,8287244960.209999,348.2433571046565,6823094.604827099,37303.6787005472,8294797376.576671,111900496.70337103,364.13090003000076,22.09392890656955,0
317,0.520888,0.0408397661109855,0.062331258284929816,0.03369371080563919,0.012098504191664326,0.0022998593348163713,1.0,0.0,1.0,0.0,6805477.392482363,8287244960.209999,348.2433571046565,6823094.604827099,37303.6787005472,8294797376.576671,111900496.70337103,364.13090003000076,22.09392890656955,0
318,0.520888,0.0408397661109855,0.062331258284929816,0.03369371080563919,0.012098504191664326,0.0022998593348163713,1.0,0.0,1.0,0.0,6805477.392482363,8287244960.209999,348.2433571046565,6823094.604827099,37303.6787005472,8294797376.576671,111900496.70337103,364.13090003000076,22.09392890656955,0
319,0.520888,0.0408397661109855,0.062331258284929816,0.03369371080563919,0.012098504191664326,0.0022998593348163713,1.0,0.0,1.0,0.0,6805477.392482363,8287244960.209999,348.2433571046565,6823094.604827099,37303.6787005472,8294797376.576671,111900496.70337103,364.13090003000076,22.09392890656955,0
320,0.521054,0.04073266409161081,0.06206884413717798,0.033721957786342155,0.011724226862692382,0.0023626048604369534,1.0,0.0,1.0,0.0,6805477.392482363,8287244960.209999,348.2433571046565,6823081.667922512,37289.744335008145,8294797376.576671,111900496.70337103,364.13090003000076,22.09392890656955,0
321,0.521054,0.04073266409161081,0.06206884413717798,0.033721957786342155,0.011724226862692382,0.0023626048604369534,1.0,0.0,1.0,0.0,6805477.392482363,8287244960.209999,348.2433571046565,6823081.667922512,37289.744335008145,8294797376.576671,111900496.70337103,364.0643906166363,22.09456046722929,0
322,0.521054,0.04073266409161081,0.06206884413717798,0.033721957786342155,0.011724226862692382,0.0023626048604369534,1.0,0.0,1.0,0.0,6805477.392482363,8287244960.209999,348.2433571046565,6823081.667922512,37289.744335008145,8294797376.576671,111900496.70337103,364.0643906166363,22.09456046722929,0
323,0.521054,0.04073266409161081,0.06206884413717798,0.033721957786342155,0.011724226862692382,0.0023626048604369534,1.0,0.0,1.0,0.0,6805477.392482363,8287244960.209999,348.2433571046565,6823081.667922512,37289.744335008145,8294797376.576671,111900496.70337103,363.9453996607248,22.08176227319293,0
324,0.521054,0.04073266409161081,0.06206884413717798,0.033721957786342155,0.011724226862692382,0.0023626048604369534,1.0,0.0,1.0,0.0,6805477.392482363,8287244960.209999,348.2433571046565,6823043.650647161,37248.99970927362,8294797376.576671,111900496.70337103,363.9453996607248,22.08176227319293,0
325,0.521284,0.04057926938721297,0.06176692904901314,0.03369544712911405,0.012403071204859293,0.0022032515058801683,1.0,0.0,1.0,0.0,6805477.392482363,8287244960.209999,348.2433571046565,6823043.650647161,37248.99970927362,8294797376.576671,111900496.70337103,363.9453996607248,22.08176227319293,0
326,0.521284,0.04057926938721297,0.06176692904901314,0.03369544712911405,0.012403071204859293,0.0022032515058801683,1.0,0.0,1.0,0.0,6805477.392482363,8287244960.209999,348.2433571046565,6823043.650647161,37248.99970927362,8294797376.576671,111900496.70337103,363.9322723336189,22.08070335742198,0
327,0.521284,0.04057926938721297,0.06176692904901314,0.03369544712911405,0.012403071204859293,0.0022032515058801683,1.0,0.0,1.0,0.0,6805477.392482363,8276371837.209999,348.2433571046565,6823043.650647161,37248.99970927362,8293710064.27667,112021359.86150649,363.9322723336189,22.08070335742198,0
328,0.521284,0.04057926938721297,0.06176692904901314,0.03369544712911405,0.012403071204859293,0.0022032515058801683,1.0,0.0,1.0,0.0,6805477.392482363,8276371837.209999,348.2433571046565,6823043.650647161,37248.99970927362,8293710064.27667,112021359.86150649,363.9322723336189,22.08070335742198,0
329,0.521284,0.04057926938721297,0.06176692904901314,0.03369544712911405,0.012403071204859293,0.0022032515058801683,1.0,0.0,1.0,0.0,6805477.392482363,8276371837.209999,348.2433571046565,6823043.650647161,37248.99970927362,8293710064.27667,112021359.86150649,363.9322723336189,22.08070335742198,0
330,0.520994,0.04069357202310949,0.06143890699889172,0.03413743298887188,0.011986684974671754,0.0020464921013989483,1.0,0.0,1.0,0.0,6805477.392482363,8276371837.209999,348.2433571046565,6823043.650647161,37248.99970927362,8293710064.27667,112021359.86150649,363.9322723336189,22.08070335742198,0
331,0.520994,0.04069357202310949,0.06143890699889172,0.03413743298887188,0.011986684974671754,0.0020464921013989483,1.0,0.0,1.0,0.0,6805477.392482363,8276371837.209999,348.2433571046565,6823043.650647161,37248.99970927362,8293710064.27667,112021359.86150649,363.9322723336189,22.08070335742198,0
332,0.520994,0.04069357202310949,0.06143890699889172,0.03413743298887188,0.011986684974671754,0.0020464921013989483,1.0,0.0,1.0,0.0,6805477.392482363,8276371837.209999,347.2533218561974,6823009.449266041,37212.60529656901,8293710064.27667,112021359.86150649,363.833268808773,22.15292738798206,0
333,0.520994,0.04069357202310949,0.06143890699889172,0.03413743298887188,0.011986684974671754,0.0020464921013989483,1.0,0.0,1.0,0.0,6805477.392482363,8276371837.209999,347.2533218561974,6823009.449266041,37212.60529656901,8291845656.983671,112558660.40243125,363.833268808773,22.15292738798206,0
334,0.520994,0.04069357202310949,0.06143890699889172,0.03413743298887188,0.011986684974671754,0.0020464921013989483,1.0,0.0,1.0,0.0,6805477.392482363,8276371837.209999,347.2533218561974,6823009.449266041,37212.60529656901,8291845656.983671,112558660.40243125,363.4959978041159,22.148307839566495,0
335,0.52213,0.04099093289984993,0.060785568577700975,0.034529303326425724,0.011570880688395246,0.0021585557200218585,1.0,0.0,1.0,0.0,6805477.392482363,8276371837.209999,347.2533218561974,6823009.449266041,37212.60529656901,8291845656.983671,112558660.40243125,363.4959978041159,22.148307839566495,0
336,0.52213,0.04099093289984993,0.060785568577700975,0.034529303326425724,0.011570880688395246,0.0021585557200218585,1.0,0.0,1.0,0.0,6805477.392482363,8276371837.209999,347.2533218561974,6823009.449266041,37212.60529656901,8291845656.983671,112558660.40243125,363.4959978041159,22.148307839566495,0
337,0.52213,0.04099093289984993,0.060785568577700975,0.034529303326425724,0.011570880688395246,0.0021585557200218585,1.0,0.0,1.0,0.0,6805477.392482363,8276371837.209999,347.2533218561974,6823009.449266041,37212.60529656901,8290300039.583672,113211844.8997569,363.4959978041159,22.148307839566495,0
338,0.52213,0.04099093289984993,0.060785568577700975,0.034529303326425724,0.011570880688395246,0.0021585557200218585,1.0,0.0,1.0,0.0,6805477.392482363,8276371837.209999,347.2533218561974,6823004.158469386,37214.44399928027,8290300039.583672,113211844.8997569,363.4959978041159,22.148307839566495,0
339,0.52213,0.04099093289984993,0.060785568577700975,0.034529303326425724,0.011570880688395246,0.0021585557200218585,1.0,0.0,1.0,0.0,6805477.392482363,8276371837.209999,347.2533218561974,6823004.158469386,37214.44399928027,8290300039.583672,113211844.8997569,363.4959978041159,22.148307839566495,0
340,0.5230159999999999,0.041466664008574405,0.06001129467122697,0.03485304381251951,0.011501639036459205,0.0019758811918194935,1.0,0.0,1.0,0.0,6805477.392482363,8276371837.209999,347.2533218561974,6822931.982795705,37068.17115819616,8290300039.583672,113211844.8997569,363.4959978041159,22.148307839566495,0
341,0.5230159999999999,0.041466664008574405,0.06001129467122697,0.03485304381251951,0.011501639036459205,0.0019758811918194935,1.0,0.0,1.0,0.0,6805477.392482363,8276371837.209999,347.2533218561974,6822931.982795705,37068.17115819616,8290300039.583672,113211844.8997569,363.4959978041159,22.148307839566495,0
342,0.5230159999999999,0.041466664008574405,0.06001129467122697,0.03485304381251951,0.011501639036459205,0.0019758811918194935,1.0,0.0,1.0,0.0,6805477.392482363,8276371837.209999,347.2533218561974,6822931.982795705,37068.17115819616,8290300039.583672,113211844.8997569,363.2471548087438,22.174516876421517,0
343,0.5230159999999999,0.041466664008574405,0.06001129467122697,0.03485304381251951,0.011501639036459205,0.0019758811918194935,1.0,0.0,1.0,0.0,6785013.427138668,8266504430.349999,347.2533218561974,6820885.586261335,38512.03692676312,8289313298.897672,113371829.78222223,363.2471548087438,22.174516876421517,0
344,0.5230159999999999,0.041466664008574405,0.06001129467122697,0.03485304381251951,0.011501639036459205,0.0019758811918194935,1.0,0.0,1.0,0.0,6785013.427138668,8266504430.349999,347.2533218561974,6820731.338237224,38447.90238338637,8288926252.116672,113155501.33542524,363.2471548087438,22.174516876421517,0
345,0.524486,0.042547658972028043,0.059402448561358276,0.035214899605358695,0.011586985930925556,0.002185347425402359,1.0,0.0,1.0,0.0,6785013.427138668,8266504430.349999,347.2533218561974,6820731.338237224,38447.90238338637,8288926252.116672,113155501.33542524,363.1221296562802,22.19715144518134,0
346,0.524486,0.042547658972028043,0.059402448561358276,0.035214899605358695,0.011586985930925556,0.002185347425402359,1.0,0.0,1.0,0.0,6785013.427138668,8266504430.349999,347.2533218561974,6820731.338237224,38447.90238338637,8288926252.116672,113155501.33542524,363.1221296562802,22.19715144518134,0
347,0.524486,0.042547658972028043,0.059402448561358276,0.035214899605358695,0.011586985930925556,0.002185347425402359,1.0,0.0,1.0,0.0,6785013.427138668,8266504430.349999,347.2533218561974,6820731.338237224,38447.90238338637,8288926252.116672,113155501.33542524,363.1221296562802,22.19715144518134,0
348,0.524486,0.042547658972028043,0.059402448561358276,0.035214899605358695,0.011586985930925556,0.002185347425402359,1.0,0.0,1.0,0.0,6785013.427138668,8266504430.349999,347.2533218561974,6820731.338237224,38447.90238338637,8288496381.6135435,113491549.23877177,363.1221296562802,22.19715144518134,0
349,0.524486,0.042547658972028043,0.059402448561358276,0.035214899605358695,0.011586985930925556,0.002185347425402359,1.0,0.0,1.0,0.0,6785013.427138668,8266504430.349999,347.2533218561974,6820731.338237224,38447.90238338637,8288496381.6135435,113491549.23877177,363.1221296562802,22.19715144518134,0
350,0.5246820000000001,0.04317062654166602,0.05947278706263894,0.035358839875104006,0.011924168745318842,0.0026113156932975395,1.0,0.0,1.0,0.0,6785013.427138668,8266504430.349999,347.2533218561974,6820731.338237224,38447.90238338637,8288496381.6135435,113491549.23877177,363.1221296562802,22.19715144518134,0
351,0.5246820000000001,0.04317062654166602,0.05947278706263894,0.035358839875104006,0.011924168745318842,0.0026113156932975395,1.0,0.0,1.0,0.0,6785013.427138668,8266504430.349999,347.2533218561974,6820731.338237224,38447.90238338637,8288496381.6135435,113491549.23877177,363.1221296562802,22.19715144518134,0
352,0.5246820000000001,0.04317062654166602,0.05947278706263894,0.035358839875104006,0.011924168745318842,0.0026113156932975395,1.0,0.0,1.0,0.0,6785013.427138668,8266504430.349999,347.2533218561974,6820731.338237224,38447.90238338637,8288496381.6135435,113491549.23877177,363.1221296562802,22.19715144518134,0
353,0.5246820000000001,0.04317062654166602,0.05947278706263894,0.035358839875104006,0.011924168745318842,0.0026113156932975395,1.0,0.0,1.0,0.0,6776006.395138668,8266504430.349999,347.2533218561974,6819830.635037224,39368.57970031924,8288496381.6135435,113491549.23877177,363.05396548497947,22.26640576232879,0
354,0.5246820000000001,0.04317062654166602,0.05947278706263894,0.035358839875104006,0.011924168745318842,0.0026113156932975395,1.0,0.0,1.0,0.0,6776006.395138668,8266504430.349999,347.2533218561974,6819830.635037224,39368.57970031924,8288496381.6135435,113491549.23877177,362.7875293302329,22.372027793212613,0
355,0.525268,0.04305654347483087,0.05896136817752895,0.03532532551481758,0.012206647508188808,0.0020522115759287643,1.0,0.0,1.0,0.0,6776006.395138668,8266504430.349999,347.2533218561974,6819830.635037224,39368.57970031924,8288496381.6135435,113491549.23877177,362.7875293302329,22.372027793212613,0
356,0.525268,0.04305654347483087,0.05896136817752895,0.03532532551481758,0.012206647508188808,0.0020522115759287643,1.0,0.0,1.0,0.0,6776006.395138668,8266504430.349999,347.2533218561974,6819830.635037224,39368.57970031924,8288496381.6135435,113491549.23877177,362.7875293302329,22.372027793212613,0
357,0.525268,0.04305654347483087,0.05896136817752895,0.03532532551481758,0.012206647508188808,0.0020522115759287643,1.0,0.0,1.0,0.0,6776006.395138668,8172378407.709999,347.2533218561974,6819830.635037224,39368.57970031924,8279083779.349544,118708502.06090924,362.7875293302329,22.372027793212613,0
358,0.525268,0.04305654347483087,0.05896136817752895,0.03532532551481758,0.012206647508188808,0.0020522115759287643,1.0,0.0,1.0,0.0,6776006.395138668,8172378407.709999,347.2533218561974,6819830.635037224,39368.57970031924,8279083779.349544,118708502.06090924,362.7875293302329,22.372027793212613,0
359,0.525268,0.04305654347483087,0.05896136817752895,0.03532532551481758,0.012206647508188808,0.0020522115759287643,1.0,0.0,1.0,0.0,6776006.395138668,8172378407.709999,347.2533218561974,6819830.635037224,39368.57970031924,8279083779.349544,118708502.06090924,362.7875293302329,22.372027793212613,0
360,0.5262460000000001,0.04398793839224566,0.05866805534792284,0.03554151631655987,0.01160734383127882,0.002085902697672551,1.0,0.0,1.0,0.0,6776006.395138668,8172378407.709999,347.2533218561974,6819830.635037224,39368.57970031924,8279083779.349544,118708502.06090924,362.7875293302329,22.372027793212613,0
361,0.5262460000000001,0.04398793839224566,0.05866805534792284,0.03554151631655987,0.01160734383127882,0.002085902697672551,1.0,0.0,1.0,0.0,6776006.395138668,8172378407.709999,347.2533218561974,6819830.635037224,39368.57970031924,8279083779.349544,118708502.06090924,362.7751666867843,22.37440391470894,0
362,0.5262460000000001,0.04398793839224566,0.05866805534792284,0.03554151631655987,0.01160734383127882,0.002085902697672551,1.0,0.0,1.0,0.0,6776006.395138668,8172378407.709999,347.2533218561974,6819830.635037224,39368.57970031924,8279083779.349544,118708502.06090924,362.7751666867843,22.37440391470894,0
363,0.5262460000000001,0.04398793839224566,0.05866805534792284,0.03554151631655987,0.01160734383127882,0.002085902697672551,1.0,0.0,1.0,0.0,6776006.395138668,8172378407.709999,347.2533218561974,6819830.635037224,39368.57970031924,8279083779.349544,118708502.06090924,362.7751666867843,22.37440391470894,0
364,0.5262460000000001,0.04398793839224566,0.05866805534792284,0.03554151631655987,0.01160734383127882,0.002085902697672551,1.0,0.0,1.0,0.0,6776006.395138668,8172378407.709999,347.2533218561974,6819830.635037224,39368.57970031924,8279083779.349544,118708502.06090924,362.7751666867843,22.37440391470894,0
365,0.5270680000000001,0.044566039267585816,0.058372990937868886,0.03551504228209409,0.011566539296662823,0.0020209953350365443,1.0,0.0,1.0,0.0,6776006.395138668,8172378407.709999,347.2533218561974,6819830.635037224,39368.57970031924,8278934100.754544,118756405.50861129,362.7751666867843,22.37440391470894,0
366,0.5270680000000001,0.044566039267585816,0.058372990937868886,0.03551504228209409,0.011566539296662823,0.0020209953350365443,1.0,0.0,1.0,0.0,6776006.395138668,8172378407.709999,347.2533218561974,6819830.635037224,39368.57970031924,8278934100.754544,118756405.50861129,362.7751666867843,22.37440391470894,0
367,0.5270680000000001,0.044566039267585816,0.058372990937868886,0.03551504228209409,0.011566539296662823,0.0020209953350365443,1.0,0.0,1.0,0.0,6776006.395138668,8172378407.709999,347.2533218561974,6819830.635037224,39368.57970031924,8278934100.754544,118756405.50861129,362.7751666867843,22.37440391470894,0
368,0.5270680000000001,0.044566039267585816,0.058372990937868886,0.03551504228209409,0.011566539296662823,0.0020209953350365443,1.0,0.0,1.0,0.0,6776006.395138668,8166921575.709999,347.2533218561974,6819830.635037224,39368.57970031924,8278388417.554544,119256258.04894313,362.7751666867843,22.37440391470894,0
369,0.5270680000000001,0.044566039267585816,0.058372990937868886,0.03551504228209409,0.011566539296662823,0.0020209953350365443,1.0,0.0,1.0,0.0,6776006.395138668,8166921575.709999,347.2533218561974,6819830.635037224,39368.57970031924,8278388417.554544,119256258.04894313,362.7751666867843,22.37440391470894,0
370,0.5266299999999999,0.04399012366429537,0.058431229151780485,0.03530913242384893,0.011766720203153438,0.0023463907439968974,1.0,0.0,1.0,0.0,6776006.395138668,8166921575.709999,347.2533218561974,6819830.635037224,39368.57970031924,8278388417.554544,119256258.04894313,362.7751666867843,22.37440391470894,0
371,0.5266299999999999,0.04399012366429537,0.058431229151780485,0.03530913242384893,0.011766720203153438,0.0023463907439968974,1.0,0.0,1.0,0.0,6776006.395138668,8166921575.709999,347.2533218561974,6819830.635037224,39368.57970031924,8278388417.554544,119256258.04894313,362.7751666867843,22.37440391470894,0
372,0.5266299999999999,0.04399012366429537,0.058431229151780485,0.03530913242384893,0.011766720203153438,0.0023463907439968974,1.0,0.0,1.0,0.0,6776006.395138668,8166921575.709999,347.2533218561974,6819830.635037224,39368.57970031924,8278388417.554544,119256258.04894313,362.7751666867843,22.37440391470894,0
373,0.5266299999999999,0.04399012366429537,0.058431229151780485,0.03530913242384893,0.011766720203153438,0.0023463907439968974,1.0,0.0,1.0,0.0,6776006.395138668,8166921575.709999,347.2533218561974,6819830.635037224,39368.57970031924,8278388417.554544,119256258.04894313,362.7751666867843,22.37440391470894,0
374,0.5266299999999999,0.04399012366429537,0.058431229151780485,0.03530913242384893,0.011766720203153438,0.0023463907439968974,1.0,0.0,1.0,0.0,6776006.395138668,8166921575.709999,347.2533218561974,6819830.635037224,39368.57970031924,8278388417.554544,119256258.04894313,362.71540182712897,22.38675378355567,0
375,0.526762,0.04347489983887254,0.058186470045230275,0.03548464874579421,0.011804462758818293,0.002210527852336757,1.0,0.0,1.0,0.0,6776006.395138668,8166921575.709999,347.2533218561974,6819830.635037224,39368.57970031924,8278118274.874184,119225764.4278293,362.41440792326665,22.53856231332875,0
376,0.526762,0.04347489983887254,0.058186470045230275,0.03548464874579421,0.011804462758818293,0.002210527852336757,1.0,0.0,1.0,0.0,6776006.395138668,8166921575.709999,347.2533218561974,6819830.635037224,39368.57970031924,8278118274.874184,119225764.4278293,362.41440792326665,22.53856231332875,0
377,0.526762,0.04347489983887254,0.058186470045230275,0.03548464874579421,0.011804462758818293,0.002210527852336757,1.0,0.0,1.0,0.0,6776006.395138668,8166921575.709999,347.2533218561974,6819830.635037224,39368.57970031924,8278118274.874184,119225764.4278293,362.41440792326665,22.53856231332875,0
378,0.526762,0.04347489983887254,0.058186470045230275,0.03548464874579421,0.011804462758818293,0.002210527852336757,1.0,0.0,1.0,0.0,6776006.395138668,8166921575.709999,347.2533218561974,6819230.383517223,39712.908475508644,8278118274.874184,119225764.4278293,362.41440792326665,22.53856231332875,0
379,0.526762,0.04347489983887254,0.058186470045230275,0.03548464874579421,0.011804462758818293,0.002210527852336757,1.0,0.0,1.0,0.0,6776006.395138668,8166921575.709999,347.2533218561974,6819230.383517223,39712.908475508644,8276572657.474184,120894192.71175641,362.41440792326665,22.53856231332875,0
380,0.5280320000000001,0.04423264423477303,0.057509804916731785,0.03598261199294826,0.011634139496811528,0.0022027451380232134,1.0,0.0,1.0,0.0,6776006.395138668,8166921575.709999,347.2533218561974,6819230.383517223,39712.908475508644,8276572657.474184,120894192.71175641,362.41440792326665,22.53856231332875,0
381,0.5280320000000001,0.04423264423477303,0.057509804916731785,0.03598261199294826,0.011634139496811528,0.0022027451380232134,1.0,0.0,1.0,0.0,6776006.395138668,8166921575.709999,347.2533218561974,6819230.383517223,39712.908475508644,8276572657.474184,120894192.71175641,362.41440792326665,22.53856231332875,0
382,0.5280320000000001,0.04423264423477303,0.057509804916731785,0.03598261199294826,0.011634139496811528,0.0022027451380232134,1.0,0.0,1.0,0.0,6776006.395138668,8166921575.709999,347.2533218561974,6819230.383517223,39712.908475508644,8276572657.474184,120894192.71175641,362.41440792326665,22.53856231332875,0
383,0.5280320000000001,0.04423264423477303,0.057509804916731785,0.03598261199294826,0.011634139496811528,0.0022027451380232134,1.0,0.0,1.0,0.0,6776006.395138668,8166921575.709999,347.2533218561974,6819230.383517223,39712.908475508644,8276572657.474184,120894192.71175641,362.41440792326665,22.53856231332875,0
384,0.5280320000000001,0.04423264423477303,0.057509804916731785,0.03598261199294826,0.011634139496811528,0.0022027451380232134,1.0,0.0,1.0,0.0,6776006.395138668,8166921575.709999,347.2533218561974,6819230.383517223,39712.908475508644,8276572657.474184,120894192.71175641,362.41440792326665,22.53856231332875,0
385,0.5283100000000001,0.044368591818988355,0.05734446407444917,0.03620661801049312,0.011540067319713201,0.002316814341267479,1.0,0.0,1.0,0.0,6776006.395138668,8166921575.709999,347.2533218561974,6819230.383517223,39712.908475508644,8276572657.474184,120894192.71175641,362.41440792326665,22.53856231332875,0
386,0.5283100000000001,0.044368591818988355,0.05734446407444917,0.03620661801049312,0.011540067319713201,0.002316814341267479,1.0,0.0,1.0,0.0,6776006.395138668,8166921575.709999,347.2533218561974,6819230.383517223,39712.908475508644,8268563046.076683,115311570.9079771,362.41440792326665,22.53856231332875,0
387,0.5283100000000001,0.044368591818988355,0.05734446407444917,0.03620661801049312,0.011540067319713201,0.002316814341267479,1.0,0.0,1.0,0.0,6776006.395138668,8166921575.709999,347.2533218561974,6819230.383517223,39712.908475508644,8268563046.076683,115311570.9079771,362.41440792326665,22.53856231332875,0
388,0.5283100000000001,0.044368591818988355,0.05734446407444917,0.03620661801049312,0.011540067319713201,0.002316814341267479,1.0,0.0,1.0,0.0,6776006.395138668,8166921575.709999,347.2533218561974,6819048.1957211,39354.24170997177,8268563046.076683,115311570.9079771,362.41440792326665,22.53856231332875,0
389,0.5283100000000001,0.044368591818988355,0.05734446407444917,0.03620661801049312,0.011540067319713201,0.002316814341267479,1.0,0.0,1.0,0.0,6776006.395138668,8166921575.709999,347.2533218561974,6819048.1957211,39354.24170997177,8268563046.076683,115311570.9079771,362.41440792326665,22.53856231332875,0
390,0.529146,0.04400713037679235,0.05703799489917111,0.03637762922283387,0.012813981747212022,0.00241543531122362,1.0,0.0,1.0,0.0,6776006.395138668,8166921575.709999,347.2533218561974,6819048.1957211,39354.24170997177,8268563046.076683,115311570.9079771,362.41440792326665,22.53856231332875,0
391,0.529146,0.04400713037679235,0.05703799489917111,0.03637762922283387,0.012813981747212022,0.00241543531122362,1.0,0.0,1.0,0.0,6776006.395138668,8166921575.709999,347.2533218561974,6819048.1957211,39354.24170997177,8268563046.076683,115311570.9079771,362.4048106097693,22.546982316752004,0
392,0.529146,0.04400713037679235,0.05703799489917111,0.03637762922283387,0.012813981747212022,0.00241543531122362,1.0,0.0,1.0,0.0,6776006.395138668,8166921575.709999,347.2533218561974,6819048.1957211,39354.24170997177,8268563046.076683,115311570.9079771,362.3785052011691,22.56190225437407,0
393,0.529146,0.04400713037679235,0.05703799489917111,0.03637762922283387,0.012813981747212022,0.00241543531122362,1.0,0.0,1.0,0.0,6776006.395138668,8166921575.709999,347.2533218561974,6819048.1957211,39354.24170997177,8268563046.076683,115311570.9079771,362.3785052011691,22.56190225437407,0
394,0.529146,0.04400713037679235,0.05703799489917111,0.03637762922283387,0.012813981747212022,0.00241543531122362,1.0,0.0,1.0,0.0,6776006.395138668,8166921575.709999,347.2533218561974,6819048.1957211,39354.24170997177,8268563046.076683,115311570.9079771,362.3785052011691,22.56190225437407,0
395,0.5294420000000001,0.04408498016331639,0.056488658869572383,0.036681238223031244,0.011406139682776609,0.0024404336168521693,1.0,0.0,1.0,0.0,6776006.395138668,8166921575.709999,347.2533218561974,6819048.1957211,39354.24170997177,8268563046.076683,115311570.9079771,362.3785052011691,22.56190225437407,0
396,0.5294420000000001,0.04408498016331639,0.056488658869572383,0.036681238223031244,0.011406139682776609,0.0024404336168521693,1.0,0.0,1.0,0.0,6776006.395138668,8166921575.709999,347.2533218561974,6819048.1957211,39354.24170997177,8268563046.076683,115311570.9079771,362.3785052011691,22.56190225437407,0
397,0.5294420000000001,0.04408498016331639,0.056488658869572383,0.036681238223031244,0.011406139682776609,0.0024404336168521693,1.0,0.0,1.0,0.0,6776006.395138668,8166921575.709999,347.2533218561974,6819048.1957211,39354.24170997177,8268563046.076683,115311570.9079771,362.3785052011691,22.56190225437407,0
398,0.5294420000000001,0.04408498016331639,0.056488658869572383,0.036681238223031244,0.011406139682776609,0.0024404336168521693,1.0,0.0,1.0,0.0,6776006.395138668,8166921575.709999,347.2533218561974,6819048.1957211,39354.24170997177,8268563046.076683,115311570.9079771,362.3785052011691,22.56190225437407,0
399,0.5294420000000001,0.04408498016331639,0.056488658869572383,0.036681238223031244,0.011406139682776609,0.0024404336168521693,1.0,0.0,1.0,0.0,6776006.395138668,8166921575.709999,347.2533218561974,6819048.1957211,39354.24170997177,8268563046.076683,115311570.9079771,362.3785052011691,22.56190225437407,0
400,0.529946,0.044305550938906056,0.05640260232642631,0.036589446169511146,0.011236746544180215,0.0018438754529955534,1.0,0.0,1.0,0.0,6776006.395138668,8166921575.709999,347.2533218561974,6819048.1957211,39354.24170997177,8268563046.076683,115311570.9079771,362.3785052011691,22.56190225437407,0
401,0.529946,0.044305550938906056,0.05640260232642631,0.036589446169511146,0.011236746544180215,0.0018438754529955534,1.0,0.0,1.0,0.0,6776006.395138668,8166921575.709999,347.2533218561974,6819048.1957211,39354.24170997177,8268563046.076683,115311570.9079771,362.3785052011691,22.56190225437407,0
402,0.529946,0.044305550938906056,0.05640260232642631,0.036589446169511146,0.011236746544180215,0.0018438754529955534,1.0,0.0,1.0,0.0,6776006.395138668,8166921575.709999,347.2533218561974,6819048.1957211,39354.24170997177,8268563046.076683,115311570.9079771,362.3785052011691,22.56190225437407,0
403,0.529946,0.044305550938906056,0.05640260232642631,0.036589446169511146,0.011236746544180215,0.0018438754529955534,1.0,0.0,1.0,0.0,6776006.395138668,8166921575.709999,347.2533218561974,6819048.1957211,39354.24170997177,8268563046.076683,115311570.9079771,362.3785052011691,22.56190225437407,0
404,0.529946,0.044305550938906056,0.05640260232642631,0.036589446169511146,0.011236746544180215,0.0018438754529955534,1.0,0.0,1.0,0.0,6776006.395138668,8166921575.709999,347.2533218561974,6819048.1957211,39354.24170997177,8268563046.076683,115311570.9079771,362.3785052011691,22.56190225437407,0
405,0.530108,0.04416880002897973,0.05618856949470362,0.036960362863139536,0.011391929671731575,0.001885929471815076,1.0,0.0,1.0,0.0,6776006.395138668,8166921575.709999,347.2533218561974,6819048.1957211,39354.24170997177,8268563046.076683,115311570.9079771,362.3785052011691,22.56190225437407,0
406,0.530108,0.04416880002897973,0.05618856949470362,0.036960362863139536,0.011391929671731575,0.001885929471815076,1.0,0.0,1.0,0.0,6776006.395138668,8165424789.759999,347.2533218561974,6819048.1957211,39354.24170997177,8268413367.481684,115444303.12214664,362.3785052011691,22.56190225437407,0
407,0.530108,0.04416880002897973,0.05618856949470362,0.036960362863139536,0.011391929671731575,0.001885929471815076,1.0,0.0,1.0,0.0,6776006.395138668,8165424789.759999,347.2533218561974,6819048.1957211,39354.24170997177,8268413367.481684,115444303.12214664,362.3785052011691,22.56190225437407,0
408,0.530108,0.04416880002897973,0.05618856949470362,0.036960362863139536,0.011391929671731575,0.001885929471815076,1.0,0.0,1.0,0.0,6776006.395138668,8165424789.759999,347.2533218561974,6819048.1957211,39354.24170997177,8268413367.481684,115444303.12214664,362.3785052011691,22.56190225437407,0
409,0.530108,0.04416880002897973,0.05618856949470362,0.036960362863139536,0.011391929671731575,0.001885929471815076,1.0,0.0,1.0,0.0,6776006.395138668,8165424789.759999,347.2533218561974,6819048.1957211,39354.24170997177,8268413367.481684,115444303.12214664,362.3785052011691,22.56190225437407,0
410,0.5303939999999999,0.04415994841482494,0.05610328724326426,0.036823824277803535,0.012210928213067422,0.002359680024806327,1.0,0.0,1.0,0.0,6776006.395138668,8165424789.759999,347.2533218561974,6819048.1957211,39354.24170997177,8268413367.481684,115444303.12214664,362.3785052011691,22.56190225437407,0
411,0.5303939999999999,0.04415994841482494,0.05610328724326426,0.036823824277803535,0.012210928213067422,0.002359680024806327,1.0,0.0,1.0,0.0,6776006.395138668,8165424789.759999,347.2533218561974,6819048.1957211,39354.24170997177,8268413367.481684,115444303.12214664,362.3785052011691,22.56190225437407,0
412,0.5303939999999999,0.04415994841482494,0.05610328724326426,0.036823824277803535,0.012210928213067422,0.002359680024806327,1.0,0.0,1.0,0.0,6776006.395138668,8165424789.759999,347.2533218561974,6819048.1957211,39354.24170997177,8268413367.481684,115444303.12214664,362.3785052011691,22.56190225437407,0
413,0.5303939999999999,0.04415994841482494,0.05610328724326426,0.036823824277803535,0.012210928213067422,0.002359680024806327,1.0,0.0,1.0,0.0,6776006.395138668,8165424789.759999,347.2533218561974,6819048.1957211,39354.24170997177,8268413367.481684,115444303.12214664,362.3785052011691,22.56190225437407,0
414,0.5303939999999999,0.04415994841482494,0.05610328724326426,0.036823824277803535,0.012210928213067422,0.002359680024806327,1.0,0.0,1.0,0.0,6776006.395138668,8165424789.759999,347.2533218561974,6819048.1957211,39354.24170997177,8268413367.481684,115444303.12214664,362.3785052011691,22.56190225437407,0
415,0.529794,0.04343518578295711,0.0556789420446032,0.03647124635371493,0.012543811345249605,0.0029812272902227477,1.0,0.0,1.0,0.0,6776006.395138668,8165424789.759999,347.2533218561974,6819048.1957211,39354.24170997177,8268413367.481684,115444303.12214664,362.3785052011691,22.56190225437407,0
416,0.529794,0.04343518578295711,0.0556789420446032,0.03647124635371493,0.012543811345249605,0.0029812272902227477,1.0,0.0,1.0,0.0,6776006.395138668,8165424789.759999,347.2533218561974,6819027.446565732,39313.66799916667,8268413367.481684,115444303.12214664,362.3785052011691,22.56190225437407,0
417,0.529794,0.04343518578295711,0.0556789420446032,0.03647124635371493,0.012543811345249605,0.0029812272902227477,1.0,0.0,1.0,0.0,6776006.395138668,8165424789.759999,347.2533218561974,6819027.446565732,39313.66799916667,8268413367.481684,115444303.12214664,362.3785052011691,22.56190225437407,0
418,0.529794,0.04343518578295711,0.0556789420446032,0.03647124635371493,0.012543811345249605,0.0029812272902227477,1.0,0.0,1.0,0.0,6776006.395138668,8165424789.759999,347.2533218561974,6818864.696647662,39246.22726424549,8265807658.854685,108761268.65458468,362.3785052011691,22.56190225437407,0
419,0.529794,0.04343518578295711,0.0556789420446032,0.03647124635371493,0.012543811345249605,0.0029812272902227477,1.0,0.0,1.0,0.0,6776006.395138668,8165424789.759999,347.2533218561974,6818864.696647662,39246.22726424549,8265807658.854685,108761268.65458468,362.3785052011691,22.56190225437407,0
420,0.531138,0.04343230452094385,0.055203374983912576,0.036204669168726715,0.012330190363791294,0.0029089156202310434,1.0,0.0,1.0,0.0,6776006.395138668,8165424789.759999,347.2533218561974,6818864.696647662,39246.22726424549,8265807658.854685,108761268.65458468,362.3785052011691,22.56190225437407,0
421,0.531138,0.04343230452094385,0.055203374983912576,0.036204669168726715,0.012330190363791294,0.0029089156202310434,1.0,0.0,1.0,0.0,6776006.395138668,8165424789.759999,347.2533218561974,6818864.696647662,39246.22726424549,8265807658.854685,108761268.65458468,362.3785052011691,22.56190225437407,0
422,0.531138,0.04343230452094385,0.055203374983912576,0.036204669168726715,0.012330190363791294,0.0029089156202310434,1.0,0.0,1.0,0.0,6776006.395138668,8165424789.759999,347.2533218561974,6818864.696647662,39246.22726424549,8265450105.269808,108868813.88523605,362.3785052011691,22.56190225437407,0
423,0.531138,0.04343230452094385,0.055203374983912576,0.036204669168726715,0.012330190363791294,0.0029089156202310434,1.0,0.0,1.0,0.0,6776006.395138668,8165424789.759999,347.2533218561974,6818864.696647662,39246.22726424549,8265450105.269808,108868813.88523605,362.3785052011691,22.56190225437407,0
424,0.531138,0.04343230452094385,0.055203374983912576,0.036204669168726715,0.012330190363791294,0.0029089156202310434,1.0,0.0,1.0,0.0,6776006.395138668,8165424789.759999,347.2533218561974,6817247.5264969645,37719.45634420353,8265450105.269808,108868813.88523605,362.3785052011691,22.56190225437407,0
425,0.531726,0.04239557811847834,0.05481807375260496,0.035947139897573095,0.011782221768642295,0.0018294468627986099,1.0,0.0,1.0,0.0,6776006.395138668,8165424789.759999,347.2533218561974,6817247.5264969645,37719.45634420353,8263244058.585806,108829370.6628752,362.3785052011691,22.56190225437407,0
426,0.531726,0.04239557811847834,0.05481807375260496,0.035947139897573095,0.011782221768642295,0.0018294468627986099,1.0,0.0,1.0,0.0,6776006.395138668,8165424789.759999,347.2533218561974,6817247.5264969645,37719.45634420353,8263244058.585806,108829370.6628752,362.3785052011691,22.56190225437407,0
427,0.531726,0.04239557811847834,0.05481807375260496,0.035947139897573095,0.011782221768642295,0.0018294468627986099,1.0,0.0,1.0,0.0,6776006.395138668,8165424789.759999,347.2533218561974,6817247.5264969645,37719.45634420353,8263244058.585806,108829370.6628752,362.3785052011691,22.56190225437407,0
428,0.531726,0.04239557811847834,0.05481807375260496,0.035947139897573095,0.011782221768642295,0.0018294468627986099,1.0,0.0,1.0,0.0,6776006.395138668,8165424789.759999,347.2533218561974,6817179.774381192,37732.93418301564,8263244058.585806,108829370.6628752,362.3785052011691,22.56190225437407,0
429,0.531726,0.04239557811847834,0.05481807375260496,0.035947139897573095,0.011782221768642295,0.0018294468627986099,1.0,0.0,1.0,0.0,6776006.395138668,8165424789.759999,347.2533218561974,6817179.774381192,37732.93418301564,8263244058.585806,108829370.6628752,362.3785052011691,22.56190225437407,0
430,0.53205,0.04198905119194764,0.05447658521353579,0.03551095923721509,0.012182813792345148,0.0021134527559703684,1.0,0.0,1.0,0.0,6776006.395138668,8165424789.759999,347.2533218561974,6817179.774381192,37732.93418301564,8263244058.585806,108829370.6628752,362.3785052011691,22.56190225437407,0
431,0.53205,0.04198905119194764,0.05447658521353579,0.03551095923721509,0.012182813792345148,0.0021134527559703684,1.0,0.0,1.0,0.0,6776006.395138668,8165424789.759999,347.2533218561974,6817179.774381192,37732.93418301564,8263244058.585806,108829370.6628752,362.3785052011691,22.56190225437407,0
432,0.53205,0.04198905119194764,0.05447658521353579,0.03551095923721509,0.012182813792345148,0.0021134527559703684,1.0,0.0,1.0,0.0,6776006.395138668,8165424789.759999,347.2533218561974,6816982.034830277,37584.6914079083,8263078769.435806,108713526.94077629,362.3785052011691,22.56190225437407,0
433,0.53205,0.04198905119194764,0.05447658521353579,0.03551095923721509,0.012182813792345148,0.0021134527559703684,1.0,0.0,1.0,0.0,6776006.395138668,8165424789.759999,347.2533218561974,6816982.034830277,37584.6914079083,8262178783.447805,106478713.06516035,362.3785052011691,22.56190225437407,0
434,0.53205,0.04198905119194764,0.05447658521353579,0.03551095923721509,0.012182813792345148,0.0021134527559703684,1.0,0.0,1.0,0.0,6776006.395138668,8165424789.759999,347.2533218561974,6816982.034830277,37584.6914079083,8262178783.447805,106478713.06516035,362.3785052011691,22.56190225437407,0
435,0.532784,0.04150120171754068,0.05431242876353241,0.035295887852310144,0.011757580842379706,0.0021530730440885017,1.0,0.0,1.0,0.0,6776006.395138668,8165424789.759999,347.2533218561974,6816982.034830277,37584.6914079083,8262178783.447805,106478713.06516035,362.3785052011691,22.56190225437407,0
436,0.532784,0.04150120171754068,0.05431242876353241,0.035295887852310144,0.011757580842379706,0.0021530730440885017,1.0,0.0,1.0,0.0,6776006.395138668,8165424789.759999,347.2533218561974,6816982.034830277,37584.6914079083,8261867660.12114,106228845.23734877,362.3785052011691,22.56190225437407,0
437,0.532784,0.04150120171754068,0.05431242876353241,0.035295887852310144,0.011757580842379706,0.0021530730440885017,1.0,0.0,1.0,0.0,6776006.395138668,8165424789.759999,347.2533218561974,6816982.034830277,37584.6914079083,8261781630.80114,106015598.00357145,362.3785052011691,22.56190225437407,0
438,0.532784,0.04150120171754068,0.05431242876353241,0.035295887852310144,0.011757580842379706,0.0021530730440885017,1.0,0.0,1.0,0.0,6776006.395138668,8165424789.759999,347.2533218561974,6816982.034830277,37584.6914079083,8261781630.80114,106015598.00357145,362.3785052011691,22.56190225437407,0
439,0.532784,0.04150120171754068,0.05431242876353241,0.035295887852310144,0.011757580842379706,0.0021530730440885017,1.0,0.0,1.0,0.0,6776006.395138668,8165424789.759999,347.2533218561974,6816882.21935177,37606.093664127926,8261781630.80114,106015598.00357145,362.3785052011691,22.56190225437407,0
440,0.532848,0.041015838111636824,0.054072663201887715,0.035005383122093,0.012054937560673551,0.002598096149951875,1.0,0.0,1.0,0.0,6776006.395138668,8165424789.759999,347.2533218561974,6816727.97132766,37536.98700432143,8261781630.80114,106015598.00357145,362.3785052011691,22.56190225437407,0
441,0.532848,0.041015838111636824,0.054072663201887715,0.035005383122093,0.012054937560673551,0.002598096149951875,1.0,0.0,1.0,0.0,6776006.395138668,8165424789.759999,347.2533218561974,6816727.97132766,37536.98700432143,8258206223.914139,97345180.4915079,362.3785052011691,22.56190225437407,0
442,0.532848,0.041015838111636824,0.054072663201887715,0.035005383122093,0.012054937560673551,0.002598096149951875,1.0,0.0,1.0,0.0,6776006.395138668,8165424789.759999,347.2533218561974,6816727.97132766,37536.98700432143,8258206223.914139,97345180.4915079,362.3785052011691,22.56190225437407,0
443,0.532848,0.041015838111636824,0.054072663201887715,0.035005383122093,0.012054937560673551,0.002598096149951875,1.0,0.0,1.0,0.0,6776006.395138668,8165424789.759999,347.2533218561974,6816727.97132766,37536.98700432143,8249216587.807139,90462159.0849276,362.2779644277153,22.584213418131526,0
444,0.532848,0.041015838111636824,0.054072663201887715,0.035005383122093,0.012054937560673551,0.002598096149951875,1.0,0.0,1.0,0.0,6776006.395138668,8165424789.759999,347.2533218561974,6816727.97132766,37536.98700432143,8248829541.02614,90055107.88911031,362.2779644277153,22.584213418131526,0
445,0.5339579999999999,0.039919346136929636,0.053679965381749996,0.03502429453534243,0.012319198639890866,0.0025173600434407624,1.0,0.0,1.0,0.0,6776006.395138668,8165424789.759999,347.2533218561974,6816727.97132766,37536.98700432143,8248829541.02614,90055107.88911031,362.2779644277153,22.584213418131526,0
446,0.5339579999999999,0.039919346136929636,0.053679965381749996,0.03502429453534243,0.012319198639890866,0.0025173600434407624,1.0,0.0,1.0,0.0,6774747.784044674,8165424789.759999,347.2533218561974,6816299.041414572,37546.1299887127,8248829541.02614,90055107.88911031,362.2779644277153,22.584213418131526,0
447,0.5339579999999999,0.039919346136929636,0.053679965381749996,0.03502429453534243,0.012319198639890866,0.0025173600434407624,1.0,0.0,1.0,0.0,6774747.784044674,8165424789.759999,347.2533218561974,6816299.041414572,37546.1299887127,8248679862.43114,89711025.0028378,362.2779644277153,22.584213418131526,0
448,0.5339579999999999,0.039919346136929636,0.053679965381749996,0.03502429453534243,0.012319198639890866,0.0025173600434407624,1.0,0.0,1.0,0.0,6774747.784044674,8165424789.759999,347.2533218561974,6816299.041414572,37546.1299887127,8248679862.43114,89711025.0028378,362.2779644277153,22.584213418131526,0
449,0.5339579999999999,0.039919346136929636,0.053679965381749996,0.03502429453534243,0.012319198639890866,0.0025173600434407624,1.0,0.0,1.0,0.0,6774747.784044674,8165424789.759999,347.2533218561974,6816268.278820008,37481.00924095531,8248679862.43114,89711025.0028378,362.2779644277153,22.584213418131526,0
450,0.534526,0.04022258176696268,0.05346420469612121,0.035103786233611343,0.012516018672132765,0.0027133844039173628,1.0,0.0,1.0,0.0,6774747.784044674,8165424789.759999,347.2533218561974,6816268.278820008,37481.00924095531,8248679862.43114,89711025.0028378,362.2779644277153,22.584213418131526,0
451,0.534526,0.04022258176696268,0.05346420469612121,0.035103786233611343,0.012516018672132765,0.0027133844039173628,1.0,0.0,1.0,0.0,6774747.784044674,8165424789.759999,347.2533218561974,6816268.278820008,37481.00924095531,8248679862.43114,89711025.0028378,362.2779644277153,22.584213418131526,0
452,0.534526,0.04022258176696268,0.05346420469612121,0.035103786233611343,0.012516018672132765,0.0027133844039173628,1.0,0.0,1.0,0.0,6774747.784044674,8165424789.759999,347.2533218561974,6816268.278820008,37481.00924095531,8248679862.43114,89711025.0028378,362.2779644277153,22.584213418131526,0
453,0.534526,0.04022258176696268,0.05346420469612121,0.035103786233611343,0.012516018672132765,0.0027133844039173628,1.0,0.0,1.0,0.0,6774747.784044674,8165424789.759999,347.2533218561974,6816268.278820008,37481.00924095531,8248679862.43114,89711025.0028378,362.2779644277153,22.584213418131526,0
454,0.534526,0.04022258176696268,0.05346420469612121,0.035103786233611343,0.012516018672132765,0.0027133844039173628,1.0,0.0,1.0,0.0,6774747.784044674,8165424789.759999,347.2533218561974,6816268.278820008,37481.00924095531,8248679862.43114,89711025.0028378,362.2779644277153,22.584213418131526,0
455,0.5348759999999999,0.04017850151511376,0.05320151342795022,0.035092770997116614,0.012190131305154242,0.0025951287683429803,1.0,0.0,1.0,0.0,6774747.784044674,8165424789.759999,347.2533218561974,6816268.278820008,37481.00924095531,8248679862.43114,89711025.0028378,362.2779644277153,22.584213418131526,0
456,0.5348759999999999,0.04017850151511376,0.05320151342795022,0.035092770997116614,0.012190131305154242,0.0025951287683429803,1.0,0.0,1.0,0.0,6774747.784044674,8165424789.759999,347.2533218561974,6815987.850917311,36892.72159803238,8248679862.43114,89711025.0028378,362.2779644277153,22.584213418131526,0
457,0.5348759999999999,0.04017850151511376,0.05320151342795022,0.035092770997116614,0.012190131305154242,0.0025951287683429803,1.0,0.0,1.0,0.0,6774747.784044674,8165424789.759999,347.2533218561974,6815987.850917311,36892.72159803238,8248679862.43114,89711025.0028378,362.2779644277153,22.584213418131526,0
458,0.5348759999999999,0.04017850151511376,0.05320151342795022,0.035092770997116614,0.012190131305154242,0.0025951287683429803,1.0,0.0,1.0,0.0,6774747.784044674,8165424789.759999,347.2533218561974,6815987.850917311,36892.72159803238,8248679862.43114,89711025.0028378,362.2779644277153,22.584213418131526,0
459,0.5348759999999999,0.04017850151511376,0.05320151342795022,0.035092770997116614,0.012190131305154242,0.0025951287683429803,1.0,0.0,1.0,0.0,6774747.784044674,8165424789.759999,347.2533218561974,6815987.850917311,36892.72159803238,8248679862.43114,89711025.0028378,362.2779644277153,22.584213418131526,0
460,0.535028,0.040034664179932865,0.053195209379647876,0.03508034104141124,0.013015771768884785,0.002010042535379794,1.0,0.0,1.0,0.0,6774747.784044674,8165424789.759999,347.2533218561974,6815987.850917311,36892.72159803238,8248679862.43114,89711025.0028378,362.2779644277153,22.584213418131526,0
461,0.535028,0.040034664179932865,0.053195209379647876,0.03508034104141124,0.013015771768884785,0.002010042535379794,1.0,0.0,1.0,0.0,6774747.784044674,8165424789.759999,347.2533218561974,6815987.850917311,36892.72159803238,8248679862.43114,89711025.0028378,362.2779644277153,22.584213418131526,0
462,0.535028,0.040034664179932865,0.053195209379647876,0.03508034104141124,0.013015771768884785,0.002010042535379794,1.0,0.0,1.0,0.0,6774747.784044674,8165424789.759999,347.2533218561974,6815987.850917311,36892.72159803238,8248679862.43114,89711025.0028378,362.2779644277153,22.584213418131526,0
463,0.535028,0.040034664179932865,0.053195209379647876,0.03508034104141124,0.013015771768884785,0.002010042535379794,1.0,0.0,1.0,0.0,6774747.784044674,8165424789.759999,347.2533218561974,6815987.850917311,36892.72159803238,8248679862.43114,89711025.0028378,362.2779644277153,22.584213418131526,0
464,0.535028,0.040034664179932865,0.053195209379647876,0.03508034104141124,0.013015771768884785,0.002010042535379794,1.0,0.0,1.0,0.0,6774747.784044674,8165424789.759999,347.2533218561974,6815987.850917311,36892.72159803238,8248679862.43114,89711025.0028378,362.2779644277153,22.584213418131526,0
465,0.5355860000000001,0.039815477442823675,0.052983663148715755,0.03490282897255344,0.01239374570093038,0.002121647560155212,1.0,0.0,1.0,0.0,6774747.784044674,8165424789.759999,347.2533218561974,6815639.904402119,36639.366948340634,8248679862.43114,89711025.0028378,362.2779644277153,22.584213418131526,0
466,0.5355860000000001,0.039815477442823675,0.052983663148715755,0.03490282897255344,0.01239374570093038,0.002121647560155212,1.0,0.0,1.0,0.0,6774747.784044674,8165424789.759999,347.2533218561974,6815639.904402119,36639.366948340634,8248679862.43114,89711025.0028378,362.2779644277153,22.584213418131526,0
467,0.5355860000000001,0.039815477442823675,0.052983663148715755,0.03490282897255344,0.01239374570093038,0.002121647560155212,1.0,0.0,1.0,0.0,6774747.784044674,8153051765.9,347.2533218561974,6815639.904402119,36639.366948340634,8247442560.04514,90927826.66452886,362.2779644277153,22.584213418131526,0
468,0.5355860000000001,0.039815477442823675,0.052983663148715755,0.03490282897255344,0.01239374570093038,0.002121647560155212,1.0,0.0,1.0,0.0,6774747.784044674,8153051765.9,347.2533218561974,6815639.904402119,36639.366948340634,8247442560.04514,90927826.66452886,362.2779644277153,22.584213418131526,0
469,0.5355860000000001,0.039815477442823675,0.052983663148715755,0.03490282897255344,0.01239374570093038,0.002121647560155212,1.0,0.0,1.0,0.0,6774747.784044674,8153051765.9,347.2533218561974,6815639.904402119,36639.366948340634,8247442560.04514,90927826.66452886,362.2779644277153,22.584213418131526,0
470,0.5359399999999999,0.03987872916731424,0.052999178130615665,0.03486229415223348,0.0126538671083574,0.0023784499972209945,1.0,0.0,1.0,0.0,6774747.784044674,8153051765.9,347.2533218561974,6815639.904402119,36639.366948340634,8247442560.04514,90927826.66452886,362.2004802021548,22.64989392342237,0
471,0.5359399999999999,0.03987872916731424,0.052999178130615665,0.03486229415223348,0.0126538671083574,0.0023784499972209945,1.0,0.0,1.0,0.0,6774747.784044674,8153051765.9,347.2533218561974,6815639.904402119,36639.366948340634,8247292881.450139,90941012.90491061,362.2004802021548,22.64989392342237,0
472,0.5359399999999999,0.03987872916731424,0.052999178130615665,0.03486229415223348,0.0126538671083574,0.0023784499972209945,1.0,0.0,1.0,0.0,6774747.784044674,8153051765.9,347.2533218561974,6815639.904402119,36639.366948340634,8247292881.450139,90941012.90491061,362.2004802021548,22.64989392342237,0
473,0.5359399999999999,0.03987872916731424,0.052999178130615665,0.03486229415223348,0.0126538671083574,0.0023784499972209945,1.0,0.0,1.0,0.0,6774747.784044674,8153051765.9,347.2533218561974,6815472.193187724,36527.27717305705,8247292881.450139,90941012.90491061,362.2004802021548,22.64989392342237,0
474,0.5359399999999999,0.03987872916731424,0.052999178130615665,0.03486229415223348,0.0126538671083574,0.0023784499972209945,1.0,0.0,1.0,0.0,6774747.784044674,8153051765.9,347.2533218561974,6815472.193187724,36527.27717305705,8247292881.450139,90941012.90491061,362.2004802021548,22.64989392342237,0
475,0.53607,0.03948358266419094,0.05278205664457345,0.03480521465128302,0.012281794730645992,0.002344151939826241,1.0,0.0,1.0,0.0,6774747.784044674,8153051765.9,347.2533218561974,6815472.193187724,36527.27717305705,8247292881.450139,90941012.90491061,362.2004802021548,22.64989392342237,0
476,0.53607,0.03948358266419094,0.05278205664457345,0.03480521465128302,0.012281794730645992,0.002344151939826241,1.0,0.0,1.0,0.0,6774747.784044674,8153051765.9,347.2533218561974,6815472.193187724,36527.27717305705,8245747264.050138,87469073.59038797,362.2004802021548,22.64989392342237,0
477,0.53607,0.03948358266419094,0.05278205664457345,0.03480521465128302,0.012281794730645992,0.002344151939826241,1.0,0.0,1.0,0.0,6774747.784044674,8153051765.9,347.2533218561974,6815472.193187724,36527.27717305705,8245747264.050138,87469073.59038797,362.2004802021548,22.64989392342237,0
478,0.53607,0.03948358266419094,0.05278205664457345,0.03480521465128302,0.012281794730645992,0.002344151939826241,1.0,0.0,1.0,0.0,6774747.784044674,8153051765.9,347.2533218561974,6815472.193187724,36527.27717305705,8245747264.050138,87469073.59038797,362.2004802021548,22.64989392342237,0
479,0.53607,0.03948358266419094,0.05278205664457345,0.03480521465128302,0.012281794730645992,0.002344151939826241,1.0,0.0,1.0,0.0,6774747.784044674,8153051765.9,347.2533218561974,6815472.193187724,36527.27717305705,8245747264.050138,87469073.59038797,362.2004802021548,22.64989392342237,0
480,0.536314,0.03926854522388115,0.05264346617025315,0.03488856533395416,0.011895424665259212,0.002379403689546508,1.0,0.0,1.0,0.0,6774747.784044674,8153051765.9,347.2533218561974,6815472.193187724,36527.27717305705,8245747264.050138,87469073.59038797,362.2004802021548,22.64989392342237,0
481,0.536314,0.03926854522388115,0.05264346617025315,0.03488856533395416,0.011895424665259212,0.002379403689546508,1.0,0.0,1.0,0.0,6774747.784044674,8153051765.9,347.2533218561974,6815472.193187724,36527.27717305705,8245747264.050138,87469073.59038797,362.2004802021548,22.64989392342237,0
482,0.536314,0.03926854522388115,0.05264346617025315,0.03488856533395416,0.011895424665259212,0.002379403689546508,1.0,0.0,1.0,0.0,6774747.784044674,8153051765.9,347.2533218561974,6815286.610854392,36136.87670121316,8245597585.455139,87305343.98945957,362.2004802021548,22.64989392342237,0
483,0.536314,0.03926854522388115,0.05264346617025315,0.03488856533395416,0.011895424665259212,0.002379403689546508,1.0,0.0,1.0,0.0,6774747.784044674,8153051765.9,347.2533218561974,6815286.610854392,36136.87670121316,8245597585.455139,87305343.98945957,362.2004802021548,22.64989392342237,0
484,0.536314,0.03926854522388115,0.05264346617025315,0.03488856533395416,0.011895424665259212,0.002379403689546508,1.0,0.0,1.0,0.0,6774747.784044674,8153051765.9,347.2533218561974,6815286.610854392,36136.87670121316,8245597585.455139,87305343.98945957,362.2004802021548,22.64989392342237,0
485,0.5362199999999999,0.03857934058534438,0.05263348410103978,0.0348014900286581,0.011952595185861503,0.002326550412002437,1.0,0.0,1.0,0.0,6774747.784044674,8153051765.9,347.2533218561974,6815286.610854392,36136.87670121316,8245597585.455139,87305343.98945957,362.2004802021548,22.64989392342237,0
486,0.5362199999999999,0.03857934058534438,0.05263348410103978,0.0348014900286581,0.011952595185861503,0.002326550412002437,1.0,0.0,1.0,0.0,6774747.784044674,8153051765.9,347.2533218561974,6815286.610854392,36136.87670121316,8245597585.455139,87305343.98945957,359.4970199585525,19.85681593977045,0
487,0.5362199999999999,0.03857934058534438,0.05263348410103978,0.0348014900286581,0.011952595185861503,0.002326550412002437,1.0,0.0,1.0,0.0,6774747.784044674,8153051765.9,347.2533218561974,6815286.610854392,36136.87670121316,8245597585.455139,87305343.98945957,359.4970199585525,19.85681593977045,0
488,0.5362199999999999,0.03857934058534438,0.05263348410103978,0.0348014900286581,0.011952595185861503,0.002326550412002437,1.0,0.0,1.0,0.0,6774747.784044674,8153051765.9,347.2533218561974,6815286.610854392,36136.87670121316,8245597585.455139,87305343.98945957,359.4970199585525,19.85681593977045,0
489,0.5362199999999999,0.03857934058534438,0.05263348410103978,0.0348014900286581,0.011952595185861503,0.002326550412002437,1.0,0.0,1.0,0.0,6774747.784044674,8153051765.9,347.2533218561974,6815286.610854392,36136.87670121316,8245597585.455139,87305343.98945957,359.4970199585525,19.85681593977045,0
490,0.5392399999999999,0.03688879938409489,0.04880848460980738,0.03200187483300738,0.012804158337866491,0.0022335209007853874,1.0,0.0,1.0,0.0,6774747.784044674,8153051765.9,347.2533218561974,6815286.610854392,36136.87670121316,8245597585.455139,87305343.98945957,359.4970199585525,19.85681593977045,0
491,0.5392399999999999,0.03688879938409489,0.04880848460980738,0.03200187483300738,0.012804158337866491,0.0022335209007853874,1.0,0.0,1.0,0.0,6774747.784044674,8153051765.9,347.2533218561974,6815286.610854392,36136.87670121316,8245597585.455139,87305343.98945957,359.3838746012425,19.803849264254858,0
492,0.5392399999999999,0.03688879938409489,0.04880848460980738,0.03200187483300738,0.012804158337866491,0.0022335209007853874,1.0,0.0,1.0,0.0,6774747.784044674,8153051765.9,347.2533218561974,6815286.610854392,36136.87670121316,8245597585.455139,87305343.98945957,358.98551363730064,19.662914929788705,0
493,0.5392399999999999,0.03688879938409489,0.04880848460980738,0.03200187483300738,0.012804158337866491,0.0022335209007853874,1.0,0.0,1.0,0.0,6774747.784044674,8153051765.9,347.2533218561974,6815286.610854392,36136.87670121316,8245597585.455139,87305343.98945957,358.98551363730064,19.662914929788705,0
494,0.5392399999999999,0.03688879938409489,0.04880848460980738,0.03200187483300738,0.012804158337866491,0.0022335209007853874,1.0,0.0,1.0,0.0,6774747.784044674,8153051765.9,347.2533218561974,6815286.610854392,36136.87670121316,8245597585.455139,87305343.98945957,358.98551363730064,19.662914929788705,0
495,0.53928,0.0358654340556475,0.04836050288335673,0.03155527682868916,0.01260448708724092,0.002473980712556876,1.0,0.0,1.0,0.0,6774747.784044674,8153051765.9,347.2533218561974,6815286.610854392,36136.87670121316,8245597585.455139,87305343.98945957,358.98551363730064,19.662914929788705,0
496,0.53928,0.0358654340556475,0.04836050288335673,0.03155527682868916,0.01260448708724092,0.002473980712556876,1.0,0.0,1.0,0.0,6774747.784044674,8151554979.95,347.2533218561974,6815124.507062179,35988.77073822797,8245447906.86014,87465015.74196592,358.98551363730064,19.662914929788705,0
497,0.53928,0.0358654340556475,0.04836050288335673,0.03155527682868916,0.01260448708724092,0.002473980712556876,1.0,0.0,1.0,0.0,6774747.784044674,8151554979.95,347.2533218561974,6815124.507062179,35988.77073822797,8245447906.86014,87465015.74196592,358.98551363730064,19.662914929788705,0
498,0.53928,0.0358654340556475,0.04836050288335673,0.03155527682868916,0.01260448708724092,0.002473980712556876,1.0,0.0,1.0,0.0,6774747.784044674,8151554979.95,347.2533218561974,6815124.507062179,35988.77073822797,8245447906.86014,87465015.74196592,358.98551363730064,19.662914929788705,0
499,0.53928,0.0358654340556475,0.04836050288335673,0.03155527682868916,0.01260448708724092,0.002473980712556876,1.0,0.0,1.0,0.0,6774747.784044674,8151554979.95,347.2533218561974,6815124.507062179,35988.77073822797,8245447906.86014,87465015.74196592,358.98551363730064,19.662914929788705,0
